date,Agric,Food,Soda,Beer,Smoke,Toys,Fun,Books,Hshld,Clths,Hlth,MedEq,Drugs,Chems,Rubbr,Txtls,BldMt,Cnstr,Steel,FabPr,Mach,ElcEq,Autos,Aero,Ships,Guns,Gold,Mines,Coal,Oil,Util,Telcm,PerSv,BusSv,Comps,Chips,LabEq,Paper,Boxes,Trans,Whlsl,Rtail,Meals,Banks,Insur,RlEst,Fin,Other
1926-07-31,2.36,0.09,,-5.19,1.29,8.65,2.49,50.21,-0.49,8.08,,5.33,0.9,8.16,,0.5,2.48,-8.21,4.06,,5.44,3.18,14.56,-0.65,1.13,,,5.64,1.48,-1.35,7.04,0.83,,5.91,3.63,1.33,1.35,,7.7,1.93,-23.79,0.08,1.88,4.61,-0.54,2.9,-5.77,5.2
1926-08-31,2.23,2.71,,27.03,6.52,16.81,-0.76,42.98,-3.58,-2.5,,3.84,4.27,5.47,,7.83,4.61,7.37,2.18,,2.07,2.1,4.25,-6.59,1.72,,,0.55,0.94,3.64,-1.7,2.17,,1.51,3.69,-4.7,6.89,,-2.37,4.85,5.39,-0.76,-0.13,10.71,2.57,5.31,0.32,6.76
1926-09-30,-0.57,1.59,,4.02,1.26,8.33,6.48,-4.91,0.72,-0.5,,4.04,-0.26,5.42,,2.3,-0.12,-12.05,0.16,,0.36,-0.57,5.02,-7.09,2.88,,,1.76,0.3,-3.59,2.05,2.42,,0.83,4.2,-6.05,-0.63,,-5.54,0.1,-7.87,0.25,-0.56,-1.8,0.72,-3.06,-4.83,-3.58
1926-10-31,-0.46,-3.67,,-3.31,1.07,-1.4,-5.09,5.37,-4.66,0.12,,3.47,-1.77,-4.75,,0.99,-4.42,-8.59,-3.85,,0.95,-5.73,-8.11,-13.36,-5.45,,,-3.2,2.24,-1.04,-3.27,-0.11,,1.83,-2.47,-3.92,0.21,,-5.08,-2.63,-15.38,-2.19,-4.11,-11.93,-4.28,-5.75,-0.95,-8.47
1926-11-30,6.75,6.26,,7.29,4.56,0.0,1.83,-6.62,-0.53,1.87,,4.41,5.76,5.18,,3.19,2.2,2.25,4.21,,3.35,5.08,-0.65,6.56,7.89,,,8.46,-0.48,0.05,4.4,1.63,,0.78,3.28,1.31,4.25,,3.85,1.61,4.67,6.54,4.33,-2.02,3.58,2.21,5.13,4.16
1926-12-31,-3.28,0.18,,-4.09,2.55,2.48,2.16,-3.29,2.56,0.47,,-3.33,1.15,5.54,,5.88,3.63,0.76,3.39,,5.02,-2.49,10.5,9.17,2.38,,,1.85,1.43,2.94,-0.18,1.99,,5.16,4.37,-0.5,10.14,,-4.63,3.67,9.65,0.57,1.51,-2.45,3.26,7.95,-1.59,-2.44
1927-01-31,-3.66,-0.16,,0.59,-0.33,1.73,1.88,1.21,4.07,-0.92,,5.45,4.96,0.23,,-1.46,-1.83,-3.55,-0.38,,1.19,-1.02,-0.82,-2.29,-0.59,,,4.17,-3.07,1.67,-1.79,1.88,,5.86,0.73,1.48,-3.01,,-2.49,1.41,-17.93,-2.69,1.66,-5.37,-0.82,-1.56,-3.07,-4.13
1927-02-28,7.65,3.66,,12.83,1.49,-6.22,2.43,10.31,4.56,2.78,,5.19,0.69,9.69,,7.64,4.07,8.01,3.67,,7.87,4.3,9.62,-3.92,4.72,,,5.2,5.64,1.12,4.54,3.97,,5.86,6.82,5.82,3.68,,5.45,5.19,3.49,3.49,6.73,8.3,0.66,4.3,1.98,0.27
1927-03-31,-0.6,2.76,,-13.56,5.59,-8.89,1.89,-7.83,-0.08,0.91,,1.24,0.93,6.16,,-5.39,3.43,5.21,1.48,,-2.23,0.41,1.56,0.0,-1.79,,,4.56,5.38,-7.03,0.37,5.62,,-4.0,6.01,-12.3,6.26,,-9.66,0.95,-20.47,-0.3,-3.45,-8.09,7.34,-4.3,-1.41,2.28
1927-04-30,5.39,2.11,,2.86,4.44,-0.41,-4.05,3.77,1.43,5.95,,-0.37,3.68,2.94,,0.47,-0.73,-8.67,-0.34,,1.82,6.29,2.9,-11.48,-0.61,,,2.92,1.1,-5.79,1.71,-2.07,,0.76,4.73,8.82,1.43,,4.9,0.78,-10.75,4.38,7.06,-5.99,3.09,0.69,8.18,4.71
1927-05-31,4.12,6.62,,11.62,12.13,-5.03,0.61,-1.48,10.5,3.38,,5.91,3.6,3.85,,14.11,7.92,-10.44,3.22,,8.75,8.23,5.56,32.15,10.78,,,0.25,3.11,4.96,9.23,3.35,,16.71,5.58,-0.2,5.63,,5.39,7.03,-4.01,2.25,4.69,8.69,12.58,4.34,10.56,1.63
1927-06-30,-3.42,-1.95,,10.05,-2.69,-3.52,-8.13,-6.0,-3.03,1.19,,3.67,-0.4,-1.74,,1.47,-4.41,-13.86,-3.52,,-2.29,3.5,-3.39,14.49,-4.17,,,-1.96,-3.35,-3.13,-3.58,-2.16,,1.56,-1.96,2.01,5.41,,5.42,-2.06,-4.18,-0.7,1.32,-10.57,0.85,3.59,0.04,-3.82
1927-07-31,6.05,4.83,,4.52,4.39,2.64,0.93,-0.53,5.49,6.21,,11.44,9.34,17.72,,4.82,6.91,-0.8,10.35,,9.61,14.69,13.73,-2.78,12.21,,,8.74,2.19,2.92,5.5,3.73,1.77,2.37,4.8,14.15,6.89,,12.02,6.03,11.11,10.13,4.68,3.34,13.37,3.91,0.75,6.81
1927-08-31,1.99,2.4,,-3.98,3.83,7.57,6.03,0.66,0.5,1.19,,-2.28,1.09,2.1,,0.49,-1.11,-2.11,4.36,,0.89,7.06,7.37,30.33,3.62,,,1.17,2.43,-0.26,3.26,0.43,2.86,7.99,7.3,-11.41,0.75,,3.76,-1.66,-2.58,7.69,0.55,5.04,0.11,2.16,3.07,5.92
1927-09-30,7.38,5.78,,7.01,4.64,0.33,4.78,1.13,2.53,4.67,,8.74,4.7,5.97,,2.15,4.95,-0.99,2.96,,5.3,0.12,6.27,17.65,3.49,,,6.75,1.47,3.48,8.29,6.55,-1.39,7.19,4.94,9.7,3.01,,3.37,4.3,5.6,7.6,5.96,4.59,8.17,-0.51,6.46,0.43
1927-10-31,-5.8,-1.75,,-0.81,-0.12,-1.27,0.47,-3.34,-1.83,10.93,,2.04,6.13,-7.47,,-2.67,-4.83,-0.12,-7.84,,-5.21,-8.24,-4.55,-18.33,-6.49,,,-3.17,-5.56,-1.74,-4.35,-2.09,2.82,4.57,0.42,-3.35,-7.6,,0.14,-4.63,-21.78,-5.04,-1.75,2.61,10.75,-4.25,-0.53,-4.76
1927-11-30,6.51,7.31,,10.29,6.48,-3.31,4.52,8.27,2.71,-0.45,,1.19,4.44,9.04,,5.77,6.01,-1.3,12.46,,11.54,11.3,6.75,19.41,7.95,,,8.24,7.7,3.89,6.33,2.83,-4.55,9.74,6.28,25.52,8.86,,16.93,3.9,-1.3,12.14,3.0,11.7,7.09,9.77,7.46,12.54
1927-12-31,-0.82,4.44,,12.72,1.06,-7.83,4.18,3.95,10.35,0.24,,-0.22,-0.55,-0.23,,2.68,-0.44,7.65,5.87,,2.93,1.2,7.69,40.56,2.07,,,13.29,-3.33,0.06,2.24,1.33,-5.11,-3.39,11.28,-4.69,-3.42,,1.04,0.08,11.45,-0.66,-1.58,10.41,20.46,0.97,2.77,1.07
1928-01-31,-1.89,3.39,,0.64,-2.68,-1.56,-0.24,2.91,3.67,6.64,,3.34,2.5,-1.08,,-1.06,1.38,8.29,-2.42,,-1.24,-1.01,-3.15,1.53,4.26,,,-1.45,-3.81,-1.71,5.88,0.29,0.0,4.32,3.6,-0.64,-0.11,,1.51,-1.23,-0.95,-0.85,-1.58,-2.29,-0.78,1.72,6.05,-3.38
1928-02-29,0.43,-3.58,,-5.22,-5.44,-6.91,-0.26,-0.46,-0.03,-2.45,,-1.85,-3.93,0.73,,-4.99,1.47,3.03,-2.74,,-2.74,-1.46,0.95,-9.82,-4.47,,,-7.58,-1.33,-0.08,-0.77,-0.3,-5.49,-3.05,3.19,-0.31,1.6,,0.86,-1.33,-8.29,-1.04,-2.6,-2.9,-1.65,2.0,-6.63,-2.69
1928-03-31,1.73,5.78,,14.47,2.35,35.16,6.23,10.0,10.03,4.01,,10.14,9.87,13.23,,7.76,6.83,3.75,6.28,,6.38,26.21,27.87,24.83,6.09,,,7.44,5.22,5.65,6.65,1.97,5.6,-0.35,0.93,12.83,3.26,,11.08,5.65,8.12,8.66,3.49,22.76,7.69,2.45,12.14,8.85
1928-04-30,-0.28,3.24,,4.87,-5.89,-2.06,6.36,2.79,3.59,9.92,,5.67,0.8,-0.26,,-4.85,2.91,2.68,1.43,,3.48,2.44,1.09,61.83,0.61,,,-0.58,1.94,16.4,10.96,3.13,7.27,13.75,2.04,-0.53,1.69,,-0.25,4.46,-5.85,0.0,0.47,10.92,4.85,24.38,10.05,10.95
1928-05-31,-0.78,2.02,,5.48,-0.07,10.22,0.88,11.19,-2.52,-0.93,,5.0,11.4,2.98,,-5.23,-1.93,19.82,5.52,,4.78,1.76,5.91,19.88,-2.62,,,1.16,0.49,-5.79,1.5,6.57,-2.28,9.64,0.48,4.32,6.15,,6.13,-0.42,7.95,3.45,14.13,-1.27,0.75,3.3,3.2,-0.78
1928-06-30,-2.14,-4.27,,-4.21,-4.22,-11.05,-4.27,-9.55,-6.67,-7.18,,-1.81,-3.73,-2.99,,-10.59,-3.76,-4.88,-5.84,,-3.17,-5.67,-4.13,-11.69,-5.61,,,-3.56,-6.08,-3.92,-3.44,-5.21,-8.02,-8.37,-2.57,-5.01,-3.03,,-5.74,-3.98,-7.41,-3.4,-2.79,-1.91,-10.78,-6.6,-14.8,-11.95
1928-07-31,-0.29,1.28,,0.72,3.35,10.16,0.73,3.46,0.62,0.53,,-1.28,3.63,1.83,,-3.71,2.11,-2.71,2.74,,0.41,-1.01,1.32,5.54,-2.32,,,-1.26,-1.03,1.18,-1.23,-1.28,-4.15,-2.77,5.55,6.12,5.04,,4.34,-0.32,0.4,5.73,-0.6,0.13,-0.47,-0.52,2.19,-0.8
1928-08-31,1.68,8.8,,12.4,3.81,1.89,10.27,-0.1,9.62,0.19,,8.42,16.73,8.89,,1.37,4.57,-0.32,9.64,,7.6,12.3,9.15,14.22,4.97,,,8.19,1.84,2.45,6.48,4.55,-9.73,13.15,5.81,1.69,1.08,,12.73,4.02,4.06,13.72,12.38,4.94,5.86,4.83,4.71,12.84
1928-09-30,-0.9,2.14,,0.26,-0.39,20.69,10.11,1.2,10.48,-1.14,,7.08,-3.58,3.8,,4.17,5.51,-0.22,5.59,,3.82,0.28,8.23,5.99,-1.25,,,3.06,-1.07,5.75,3.79,0.14,2.94,-1.62,8.05,3.58,-3.58,,-1.62,0.3,1.05,0.16,-0.02,7.5,-2.24,-1.3,2.19,-4.06
1928-10-31,4.73,-1.2,,4.05,3.45,-10.54,-0.24,5.26,8.15,-3.56,,-0.65,0.28,5.23,,6.0,6.05,1.92,6.51,,2.13,2.11,-0.04,-5.95,-0.66,,,3.4,-1.7,2.26,-1.91,2.97,-6.67,7.09,1.23,1.46,0.98,,-5.47,-1.35,18.56,6.1,-2.2,0.96,3.64,-1.86,0.89,-5.21
1928-11-30,1.64,7.28,,5.7,6.81,7.83,10.64,3.99,16.58,2.54,,2.57,5.86,12.39,,9.15,9.63,0.71,14.91,,15.8,23.5,4.72,43.44,5.77,,,15.11,6.32,17.9,22.01,6.68,-3.68,9.02,11.31,13.62,4.44,,5.11,9.29,11.95,15.54,9.55,11.11,7.7,8.05,13.19,3.76
1928-12-31,-1.29,0.92,,-3.84,-1.41,-7.1,-0.04,1.61,-3.58,-0.33,,-1.67,-0.08,2.34,,-5.88,1.1,1.96,3.92,,3.34,7.14,-0.02,0.53,1.51,,,1.99,-0.59,-4.56,1.54,-0.36,-9.78,-4.14,17.62,3.35,-1.61,,1.79,0.24,-3.85,-1.23,-3.08,1.1,-0.41,-1.7,2.29,-12.6
1929-01-31,11.79,2.32,,9.58,3.31,4.52,10.75,4.15,6.63,-1.88,,4.6,3.05,22.89,,-1.28,8.15,0.87,7.8,,12.18,12.79,0.97,1.72,0.73,,,8.48,1.74,-8.09,13.3,13.38,-12.65,0.94,3.09,12.54,0.55,,5.58,4.7,-4.95,-3.97,-0.12,16.92,2.39,15.6,3.0,1.21
1929-02-28,6.42,-2.92,,-4.06,-4.34,-6.08,1.73,-5.59,-6.92,-4.07,,2.38,-0.71,-0.19,,2.36,-3.75,9.1,8.83,,1.21,-1.84,0.45,2.01,0.73,,,8.44,0.74,-0.22,-1.99,-1.15,7.59,4.08,1.64,-0.16,1.56,,6.26,-1.42,-3.19,-2.5,0.16,4.22,-5.25,5.67,2.33,-6.25
1929-03-31,-11.02,-3.66,,-2.9,-4.25,-7.72,-10.0,-5.93,-7.69,-5.65,,1.37,-2.47,-3.38,,-7.3,-6.33,-0.24,-0.09,,-4.19,5.67,-1.34,-6.98,2.09,,,4.02,-6.53,12.19,-3.18,4.32,-12.82,-4.64,6.7,-0.93,-3.18,,1.52,-2.86,-9.57,-5.14,-3.55,1.39,-4.59,-3.64,0.19,-7.41
1929-04-30,-6.44,5.17,,13.74,-2.37,-2.87,0.93,-0.64,0.56,4.14,,1.64,1.43,3.77,,2.75,3.25,17.63,1.15,,4.23,1.06,-1.23,6.95,-1.49,,,-5.78,-2.2,0.89,5.02,3.39,-2.94,2.94,7.0,5.44,0.42,,7.91,1.34,3.54,3.56,10.37,7.23,1.4,3.34,-0.12,-10.73
1929-05-31,-6.68,-4.88,,-11.0,-0.24,-16.79,-8.41,6.81,-10.38,-6.61,,-10.14,-7.11,-7.02,,-13.88,-6.94,-6.38,-12.42,,-9.69,0.83,-15.26,-13.02,-6.74,,,-10.99,-4.99,-5.62,4.68,-8.77,-12.88,-5.02,0.18,-1.47,-3.48,,-8.2,2.51,-6.54,-8.87,-2.92,-10.31,-2.29,-8.42,-2.51,-13.22
1929-06-30,-2.06,9.39,,12.52,-0.14,5.83,7.06,7.11,14.73,5.61,,9.97,2.71,19.97,,2.49,5.01,3.47,10.71,,15.26,19.27,6.86,14.3,10.16,,,2.41,2.19,1.08,23.48,13.8,21.74,14.87,13.21,7.8,5.83,,12.59,6.02,-2.97,9.25,19.14,6.61,0.67,6.45,12.51,5.08
1929-07-31,3.02,5.06,,1.59,2.05,-6.83,-1.79,-0.69,6.52,-3.99,,1.09,3.35,5.11,,-3.66,5.78,-2.57,3.47,,5.54,10.1,-3.94,6.29,3.88,,,-2.37,19.94,-0.86,9.17,13.68,28.57,1.68,6.34,-2.43,6.82,-8.51,7.03,8.3,-3.03,1.06,1.83,0.53,10.65,-1.66,13.95,4.49
1929-08-31,1.3,4.47,,9.79,8.19,-2.32,6.91,0.14,3.53,0.96,,-1.85,5.56,11.82,,0.24,2.92,0.49,11.82,,10.32,13.38,2.07,-1.11,4.39,,,8.92,5.26,11.75,9.01,10.98,-10.56,0.32,6.98,-3.68,15.12,10.7,9.46,8.34,-5.79,8.19,4.72,5.09,11.68,5.82,3.48,-2.99
1929-09-30,1.24,-2.62,,-2.26,-7.51,1.42,-1.85,-1.03,6.78,-4.16,,-6.37,-7.35,-6.8,,-3.28,-3.04,-1.45,-8.97,,-5.77,-11.48,-9.01,-23.24,-0.01,,,-4.82,-2.06,-3.1,0.92,-1.38,-2.48,20.9,16.8,-8.67,3.03,-7.56,-4.55,-7.72,-0.66,-5.63,-3.24,-1.99,-9.52,-5.53,-4.87,-0.18
1929-10-31,-0.67,-15.93,,-26.42,2.31,-17.65,-19.83,-9.36,-34.06,-11.58,,-15.64,-19.13,-24.69,,-22.54,-17.25,-8.37,-15.57,,-22.56,-30.22,-28.16,-40.34,-12.62,,,-13.04,-8.05,-10.29,-29.72,-15.39,-28.66,-16.62,-27.35,-15.44,-5.66,-18.18,-15.12,-8.1,-23.29,-24.16,-19.6,-33.29,-22.04,-9.76,-35.92,-32.63
1929-11-30,-7.36,-10.02,,-11.85,-6.16,-23.1,-14.98,0.11,-12.84,-7.47,,-8.15,-7.71,-16.04,,-14.5,-10.93,-2.01,-13.82,,-13.86,-18.35,-17.68,-30.02,-3.29,,,-15.0,-3.15,-6.58,-15.37,-9.47,-39.29,-12.09,-28.16,-15.06,-15.11,-15.56,-13.84,-7.77,-6.67,-12.47,-10.28,-22.57,-17.76,3.7,-17.54,-15.24
1929-12-31,-4.94,0.38,,2.04,2.69,-5.24,-7.74,2.39,1.07,3.69,,0.55,1.34,6.35,,-6.34,-1.75,9.97,-0.44,,3.27,12.83,3.99,14.47,0.35,,,-1.82,-5.63,-0.88,8.16,1.06,0.0,-17.04,8.14,-5.79,1.43,-3.95,-0.26,0.02,-2.36,-6.48,3.76,1.46,-4.25,-7.93,5.05,-8.66
1930-01-31,-0.86,5.84,,-8.76,8.62,-12.76,26.63,1.81,10.33,3.57,,4.49,1.65,8.18,,10.47,7.48,0.3,5.69,,8.44,10.95,6.39,0.98,2.8,,,6.08,0.37,-0.82,8.51,1.2,26.47,-14.91,9.43,11.3,9.15,50.0,7.09,3.85,4.72,4.44,11.74,18.72,15.74,2.08,8.91,31.67
1930-02-28,-8.47,0.95,,1.15,5.56,21.21,17.14,5.93,-8.9,-0.31,,4.55,1.2,2.46,,5.73,0.33,7.36,0.09,,4.73,7.83,3.6,24.61,1.22,,,-0.95,4.5,-5.06,8.65,7.06,-25.58,36.22,4.1,-1.31,12.65,-7.76,8.6,2.05,-4.62,-5.36,0.16,9.85,2.57,-4.74,10.71,-1.87
1930-03-31,-0.37,1.15,,-8.26,4.3,27.54,15.37,2.18,-0.16,7.5,,6.99,6.06,10.3,,-2.67,3.64,2.14,5.54,,5.22,9.16,12.69,28.1,-1.8,,,1.77,1.0,19.21,9.85,8.88,-1.56,-3.06,0.27,3.17,9.25,7.67,6.13,3.96,-4.91,-2.74,4.91,4.63,11.01,7.54,9.21,6.26
1930-04-30,3.92,3.2,,-11.37,-2.89,-21.68,5.8,2.09,-1.58,-1.01,,-9.23,1.67,-5.31,,-9.92,-5.97,8.16,-13.29,,6.23,2.97,-8.64,-5.48,-7.02,,,-13.64,-8.46,7.31,3.31,-4.52,33.33,1.75,-6.64,-21.4,5.4,-21.61,-2.24,-7.13,4.67,2.58,2.44,-9.1,-9.54,-2.32,-1.51,-3.24
1930-05-31,-3.09,2.33,,-0.45,1.81,0.35,-3.69,-1.07,-7.45,-4.17,,-5.28,-0.28,-2.34,,-5.77,-1.46,1.43,0.16,,-5.93,-4.9,5.11,-8.35,-4.53,,,5.4,-2.01,-3.82,-1.28,0.4,-15.48,-12.11,-1.08,-11.56,-2.81,-21.11,0.02,-0.44,-8.32,0.07,-1.86,-6.23,-4.14,-2.17,-7.07,-8.14
1930-06-30,-4.82,-12.18,,-29.19,-8.84,-16.98,-24.67,-10.37,-24.61,-12.53,,-14.84,-11.0,-17.77,,-18.27,-19.48,-4.2,-12.45,,-16.84,-20.07,-22.72,-28.49,-13.06,,,-8.0,-11.64,-15.7,-19.3,-8.32,-32.39,-11.3,-20.09,-32.07,-15.94,-62.08,-16.53,-9.91,-24.1,-16.1,-17.25,-20.72,-13.24,-19.07,-25.57,-18.05
1930-07-31,1.17,3.42,,1.58,2.93,13.21,2.49,1.58,5.84,3.23,,12.63,4.97,5.45,14.16,5.38,8.54,4.26,3.42,,3.03,3.99,11.83,7.36,3.56,,,3.66,-1.46,5.52,4.08,1.27,10.42,6.63,3.51,20.14,3.47,9.8,7.5,3.22,-1.3,2.78,2.79,6.7,4.25,-1.39,5.41,5.67
1930-08-31,1.24,1.67,,9.24,4.69,6.0,3.62,-3.14,0.63,-2.88,,1.21,9.56,4.35,-4.06,-1.45,-2.54,-3.24,-2.46,,0.98,1.63,-2.23,-0.78,0.91,,,-13.14,2.4,-3.4,1.19,1.74,-5.66,3.94,3.48,-3.7,6.23,3.57,-1.47,0.31,-7.71,5.45,1.78,0.81,-0.83,-7.86,3.96,0.87
1930-09-30,-11.7,-9.98,,-12.28,-8.82,-10.17,-18.63,1.98,-10.56,-3.52,,-6.55,-9.31,-14.17,-28.8,-13.07,-16.84,-11.35,-13.83,,-16.62,-20.12,-16.49,-30.6,-11.2,,,-9.27,-5.89,-16.0,-11.94,-5.3,4.0,-10.59,-11.05,-17.74,-11.15,-27.59,-12.75,-8.44,-9.72,-10.83,-14.06,-12.53,-11.81,-16.37,-21.36,-12.81
1930-10-31,-16.08,-3.91,,-1.3,-4.77,-4.56,-9.03,-8.37,-4.64,-5.0,,-2.28,-4.91,-12.33,-10.11,-3.71,-12.86,-21.42,-8.03,,-10.76,-18.64,-11.23,-17.03,-9.59,,,-10.6,-11.58,-8.25,-8.29,-4.12,-13.46,-5.07,-14.58,-10.0,-12.04,-13.1,-3.05,-6.73,-6.0,-8.61,-10.38,-3.74,-10.44,-16.85,-18.56,-16.58
1930-11-30,2.7,0.9,,3.54,-0.91,-8.13,-6.37,-2.61,-1.85,1.5,,-4.59,-2.71,0.09,10.62,-4.51,-1.93,-6.86,-1.04,,-0.62,-3.61,5.87,-6.77,7.1,,,4.53,-9.62,-3.42,-8.76,-3.27,7.78,-5.71,-4.02,7.7,-1.58,-15.07,0.3,-5.44,2.75,3.01,-2.46,-7.22,-1.68,-10.2,-10.75,-1.58
1930-12-31,-22.43,-3.47,,-11.58,-3.13,-3.64,-15.78,-5.58,-6.15,-7.51,,-2.99,-7.96,-4.72,-16.28,-6.01,-12.53,-12.22,-8.93,,-9.55,-12.05,-1.58,-15.92,-13.68,,,-8.4,-8.86,-12.71,-3.68,-3.79,-13.4,-0.64,0.62,-12.23,-11.98,-24.19,-5.74,-7.97,-4.02,-13.87,-8.18,2.89,-10.24,-17.62,-15.0,-11.77
1931-01-31,15.81,4.9,,6.81,6.36,-1.67,17.07,1.2,8.77,-0.21,,9.92,7.78,-0.7,16.67,13.38,7.84,-3.02,3.09,,5.65,5.05,7.06,22.44,7.79,,,6.99,14.25,5.4,5.61,4.79,45.24,6.38,6.77,0.48,5.61,34.04,2.8,11.68,4.87,7.23,7.02,3.33,14.15,5.54,25.81,18.09
1931-02-28,13.17,6.63,,16.75,6.94,7.21,8.48,1.79,6.22,2.82,,1.76,9.51,13.58,23.24,15.44,14.28,14.61,14.56,,11.81,25.06,17.34,28.17,5.6,,,14.16,-0.56,6.34,15.31,5.95,31.15,2.02,14.7,17.77,14.01,74.6,12.63,2.27,-2.05,15.34,11.12,15.56,6.54,24.44,20.52,13.06
1931-03-31,-10.38,-1.98,,-26.68,0.18,-7.06,-5.69,-0.84,-3.74,1.38,,-0.08,2.27,-7.27,9.41,-3.1,-7.55,0.35,-7.88,,-8.27,-8.0,-4.19,-10.2,-7.16,,,-6.76,-12.89,-14.64,-2.86,-3.61,72.5,-2.96,-7.66,-4.53,-6.96,-16.36,-0.32,-10.48,-3.19,-3.33,-5.52,-11.51,-4.73,-18.44,-7.73,20.85
1931-04-30,-2.16,-8.92,,-20.88,2.67,-12.7,-27.99,-8.03,-4.26,-8.27,,-6.43,-2.93,-12.85,-20.36,-12.14,-13.83,-13.32,-16.97,,-15.79,-14.65,-7.74,-12.42,-18.31,,,-12.85,-10.01,-13.99,-9.04,-4.25,-17.39,-7.72,-10.1,-22.82,-4.45,-25.0,-8.17,-7.3,-4.39,-4.49,-12.7,-12.12,-8.82,-20.97,-17.97,-17.88
1931-05-31,-6.76,-12.64,,-9.66,-11.21,-5.74,-24.77,-9.42,-10.95,-0.52,,-18.72,-8.35,-12.01,-8.98,-7.56,-15.25,-18.31,-20.91,,-19.12,-11.47,-16.13,-12.47,-18.48,,,-8.58,-18.65,-11.79,-11.17,-8.94,-15.79,-40.27,-17.87,-18.37,-16.56,-21.74,-15.09,-17.25,-15.2,-2.87,-6.23,-5.18,-15.96,-21.75,-21.15,-7.05
1931-06-30,8.48,10.77,,10.21,12.64,6.38,23.88,-0.87,7.67,12.11,,12.41,9.14,19.52,12.26,8.41,15.12,13.83,19.54,,12.39,18.61,15.15,24.26,20.18,,,7.04,22.28,17.18,10.93,10.32,29.17,9.38,23.67,17.24,15.85,11.11,15.41,16.21,2.92,8.04,4.98,19.2,18.88,18.38,27.46,14.67
1931-07-31,0.17,-4.32,,-9.96,-3.49,-15.75,-8.42,-1.58,-1.73,-3.31,,-6.39,4.25,-6.34,-11.78,-5.62,-9.32,-13.84,-15.18,,-12.17,-10.34,-2.39,-10.7,-8.28,,,-8.13,-16.36,-2.99,-5.41,-4.87,-6.32,-5.39,-13.36,-6.51,-8.53,-13.33,-12.71,-10.52,-8.11,-1.21,-8.2,-16.15,-8.02,-9.89,-8.25,7.5
1931-08-31,-3.69,1.94,,13.82,-3.54,-2.6,7.55,-5.35,-1.04,-2.5,,5.52,-0.45,1.47,-5.41,0.31,-3.36,-0.53,0.55,,-1.75,3.8,-2.78,5.02,-7.35,,,2.57,-2.89,10.02,0.0,0.82,0.65,-4.24,2.28,-1.73,4.89,1.92,1.01,-6.88,1.37,3.16,1.1,4.68,-0.6,6.36,-0.18,1.46
1931-09-30,-36.08,-28.34,,-25.17,-21.78,-26.55,-43.28,-20.48,-34.97,-8.33,,-26.73,-30.1,-30.89,-32.39,-21.61,-31.32,-35.4,-27.17,,-33.41,-34.56,-34.93,-40.54,-25.31,,,-31.77,-31.37,-30.5,-29.6,-21.7,-26.04,-22.35,-34.86,-42.26,-28.89,-39.62,-23.69,-20.93,-26.27,-30.57,-27.31,-34.71,-45.81,-36.6,-39.89,-24.4
1931-10-31,-6.8,11.91,,25.26,6.08,7.8,19.61,-22.16,16.36,-2.47,,16.81,10.28,5.33,4.17,2.77,4.59,3.74,1.88,,9.07,11.87,12.28,13.07,13.25,,,17.04,2.9,15.49,10.48,4.34,5.75,5.08,10.48,8.78,9.55,-15.62,11.74,-2.83,7.42,14.36,11.11,27.14,28.95,8.76,7.75,3.71
1931-11-30,-9.25,-2.76,,-10.66,-6.17,-9.25,-31.52,-9.38,-7.74,-1.31,,-8.99,-1.66,-5.1,-0.8,-10.14,-7.45,-16.87,-9.49,,-7.32,-15.87,-3.9,-3.71,-17.49,,,-13.69,-17.63,-8.43,-4.81,-6.86,-10.7,-6.05,-5.33,-2.84,-11.93,-11.11,-9.99,-21.56,-17.78,-9.35,-14.57,5.87,-10.58,-14.15,-13.03,-4.19
1931-12-31,-16.24,-10.45,,-7.83,-6.34,-35.89,-29.89,-22.73,-9.18,-14.22,,-4.07,-4.1,-6.3,-12.5,-6.61,-17.87,-16.9,-25.7,,-17.61,-14.22,-8.26,-13.98,-18.32,,,-7.53,-22.85,-18.84,-13.25,-8.0,-4.92,-19.17,-10.0,-20.72,-12.45,-25.0,-12.12,-15.02,-30.54,-15.32,-13.43,-23.46,-13.17,-23.04,-22.48,-13.91
1932-01-31,-12.46,-1.08,,-5.97,8.17,-14.43,18.96,-6.21,1.35,4.8,,0.94,-3.28,-5.86,0.0,1.01,-1.02,2.55,3.16,,1.64,-14.22,-7.87,9.69,13.91,,,5.69,5.81,-5.18,-2.53,-4.04,0.18,0.06,-4.14,0.09,-3.34,27.78,-0.73,8.07,-0.34,1.14,-3.86,19.0,-1.15,1.18,3.06,6.95
1932-02-29,25.93,6.75,,17.8,3.94,10.45,6.04,-0.68,2.93,1.11,,-10.12,4.17,8.88,-1.19,3.12,11.0,5.4,4.88,,-1.38,8.59,1.95,-3.37,4.58,,,-3.03,-3.55,9.12,7.08,11.63,3.74,-0.61,3.58,-2.79,-1.73,-4.35,11.78,-4.2,7.47,3.97,7.43,15.31,7.34,7.61,15.22,4.81
1932-03-31,-12.81,-6.96,,-11.29,-4.92,-7.32,-23.17,-12.69,-16.73,-2.37,,-1.64,-7.27,-11.68,-11.11,-3.98,-14.79,-9.78,-16.49,,-12.62,-17.28,-22.15,-29.7,-16.96,,,-5.85,-16.84,-0.67,-10.4,-10.13,-8.81,-2.57,-8.31,-19.07,-5.14,6.82,-8.37,-18.01,-19.72,-8.62,-7.31,-17.43,-12.57,-0.31,-16.7,-15.2
1932-04-30,-15.7,-13.14,,-9.82,-9.91,-2.87,-25.15,-12.72,-8.67,-5.54,,-20.48,-19.65,-33.37,-30.56,-12.21,-15.46,-19.08,-19.46,,-20.28,-22.97,-28.57,-13.5,-16.13,,,-14.87,-17.97,-14.17,-15.65,-12.39,-31.72,-10.97,-19.82,-25.16,-33.22,-44.68,-29.25,-24.73,-11.21,-15.26,-19.76,-15.19,-42.22,-14.25,-14.57,-13.51
1932-05-31,-36.45,-21.94,,-25.3,-21.75,-43.34,-44.28,-24.22,-21.02,-3.41,,-25.4,-36.27,-10.2,-19.6,-23.15,-18.11,-20.12,-22.7,,-21.31,-33.74,-18.64,-28.65,-23.22,,,-11.16,-21.47,-4.92,-27.29,-10.81,-15.25,-12.72,-12.67,-14.43,-18.46,-38.46,-15.65,-34.74,-25.97,-29.55,-26.11,-31.41,-34.14,-52.54,-29.21,-13.75
1932-06-30,8.98,-0.72,,19.26,5.8,-9.51,12.59,-26.73,-15.69,-5.02,,21.68,8.8,-5.07,-7.69,-4.4,4.4,-5.94,2.04,,-5.79,10.12,-7.44,8.54,10.15,,,-10.21,-3.43,6.15,1.46,-9.71,8.44,-19.47,-0.09,-3.98,1.4,-56.25,-3.52,-2.17,-6.96,-0.39,-0.21,15.01,22.55,-8.1,2.68,-0.8
1932-07-31,91.34,28.38,,19.6,24.68,57.8,66.6,43.58,34.86,-21.0,,16.25,31.83,29.14,41.67,30.31,35.61,27.73,62.13,,43.69,55.49,44.6,41.17,47.45,,,46.12,56.22,33.52,29.42,16.7,11.75,32.78,23.99,36.7,13.1,42.86,21.47,61.41,16.36,27.37,25.4,34.45,62.04,26.47,54.21,28.25
1932-08-31,22.49,24.33,,40.15,17.66,13.8,69.37,33.11,26.43,27.22,,25.6,38.02,36.38,98.43,62.01,34.59,60.96,59.1,,52.13,50.01,48.57,72.37,32.55,,,29.6,125.43,17.29,43.55,28.17,30.37,16.61,37.7,62.68,25.42,300.0,43.26,65.4,71.08,33.1,24.5,30.01,39.52,47.67,67.25,24.14
1932-09-30,-18.93,-0.41,,-3.05,0.11,5.6,-10.78,4.27,0.24,1.28,,-1.98,-13.58,5.75,-24.0,-12.75,3.96,-8.2,-10.04,,-4.14,-6.01,5.77,26.26,1.01,,,-5.68,-5.9,-10.59,-4.65,0.31,-16.07,-2.82,-6.67,-5.69,-1.01,-35.0,-3.0,-2.58,14.99,3.0,1.34,-1.48,-7.33,-8.36,-7.48,-4.81
1932-10-31,-19.37,-8.98,,-12.67,-13.98,-17.12,-26.33,-21.89,-10.94,-8.71,,-14.39,-19.33,-16.15,-15.79,-12.99,-14.6,-23.74,-15.82,,-22.38,-21.31,-24.62,-21.25,-21.28,,,-7.13,-21.24,-3.0,-10.83,-8.13,-17.57,-10.87,-15.65,-30.53,-5.07,0.0,-3.93,-19.61,-20.16,-12.54,-14.21,-3.1,-25.34,-10.13,-17.77,-6.03
1932-11-30,13.61,-7.48,,-5.26,-8.51,7.02,-11.32,-1.73,-5.33,-4.22,,-0.7,6.5,-1.71,-16.87,-9.63,-5.76,-7.96,-22.5,,-6.64,-9.38,-3.07,-10.02,-4.61,,,2.32,-19.43,-4.03,-3.62,-1.13,0.86,-4.6,-6.64,3.08,-3.88,0.0,-2.83,-9.57,-10.38,-5.54,-6.6,-14.98,9.55,-12.33,-3.28,-8.13
1932-12-31,13.99,6.86,,6.51,0.82,-22.0,-12.14,-13.7,1.58,-1.62,,-9.01,9.73,13.07,1.92,-6.88,2.15,-8.9,-8.31,,2.75,7.35,5.26,20.43,-3.83,,,-1.55,-7.25,0.34,9.15,3.68,-14.3,-1.79,3.82,-1.86,12.27,-38.46,9.36,5.9,-10.07,5.12,3.66,3.93,5.76,-17.3,10.63,-4.98
1933-01-31,18.92,-0.31,,-15.51,11.41,-10.89,-24.88,-0.57,-7.35,10.58,,2.11,-1.62,4.16,7.55,-3.06,-1.61,4.03,2.64,,6.69,0.33,0.83,-1.78,21.33,,,-0.18,9.49,-3.27,-4.4,0.31,-3.83,8.16,2.22,-3.18,6.85,-6.25,10.52,14.36,-6.3,-2.65,9.09,30.57,8.37,9.88,-2.72,-3.66
1933-02-28,-10.22,-9.65,,-11.59,-8.55,-9.17,-20.06,-19.85,-21.21,-4.5,,-18.56,-9.77,-16.46,-20.7,-6.46,-15.65,-26.55,-17.04,,-23.37,-22.44,-25.06,-27.02,-11.0,,,-8.18,-23.41,-13.02,-19.91,-7.77,-25.66,-13.0,-15.25,-18.05,-12.82,-26.67,-12.78,-16.4,-7.8,-18.19,-18.24,-21.59,-22.86,-27.87,-19.35,-2.2
1933-03-31,28.11,11.11,,25.52,7.86,50.51,-19.19,15.63,11.59,8.87,,7.95,-4.82,5.04,13.64,2.55,13.84,-0.55,14.62,,23.92,7.17,9.61,9.38,15.39,,,8.76,9.67,3.63,-13.05,-6.2,-3.61,4.38,12.64,2.71,3.89,81.82,6.75,6.98,0.07,8.87,0.69,6.43,-16.78,5.14,-7.61,-1.71
1933-04-30,42.64,32.71,,29.02,33.05,12.18,79.46,55.08,58.4,41.4,,22.12,39.52,46.65,84.0,52.97,39.98,37.21,83.9,,48.68,59.58,81.9,44.44,50.36,,,26.38,35.74,39.47,25.69,13.22,4.84,12.62,42.4,50.31,24.4,0.0,43.49,27.91,46.26,43.52,9.89,41.79,75.11,49.12,38.54,35.23
1933-05-31,13.31,11.05,,87.61,9.24,75.27,47.87,18.43,17.95,26.03,,11.95,25.29,28.83,46.96,39.45,42.41,60.62,23.34,,30.53,18.94,25.26,23.66,26.54,,,32.74,31.69,17.07,19.3,17.37,84.67,20.26,22.54,48.98,20.0,230.0,14.18,32.59,57.49,16.66,24.89,25.32,30.36,46.83,25.14,45.33
1933-06-30,19.8,12.77,,35.17,4.81,30.88,18.06,34.08,6.35,2.44,,9.15,10.55,11.75,-1.49,20.44,22.13,12.03,10.93,,14.62,10.11,19.73,7.33,26.36,,,12.63,25.03,11.77,15.59,10.5,-6.3,8.21,18.97,0.08,6.72,9.09,5.23,13.81,49.9,15.69,11.59,18.13,14.59,39.13,18.69,22.59
1933-07-31,-9.05,-8.09,,-14.97,-2.1,-26.85,-5.05,-24.39,-9.19,-4.33,,-12.46,-19.91,-9.18,-26.52,-15.68,-14.61,-19.49,-10.17,,-20.08,-11.36,-6.8,-13.39,-17.76,,,-8.79,-24.33,-11.61,-13.49,-4.36,-15.95,-7.43,-13.75,11.2,-7.88,-4.17,-5.56,-4.48,-13.0,-13.4,-16.16,-18.56,-5.05,-26.32,-12.3,3.91
1933-08-31,19.43,8.06,,33.2,10.19,9.95,31.1,28.89,11.27,5.83,,-2.14,-0.19,21.04,45.57,10.92,15.13,6.64,11.58,,19.74,13.47,20.06,23.13,24.33,,,17.15,16.81,19.15,-1.24,4.53,14.94,-2.2,12.91,8.47,9.87,-17.39,10.78,15.66,12.52,7.0,8.03,22.92,8.41,16.09,7.2,17.21
1933-09-30,-12.43,-8.45,,-5.8,-3.73,-10.36,-7.84,-25.71,-12.17,-12.07,,-2.13,-1.24,-7.74,-5.71,-10.22,-13.66,-30.16,-9.11,,-15.74,-19.3,-15.22,-20.14,-11.7,,,5.6,-20.24,-2.17,-19.76,-3.7,-16.57,-13.69,-14.72,-9.56,-7.56,-17.54,-4.16,-20.12,-21.77,-8.49,-12.01,-2.85,-15.21,-21.44,-19.63,-12.73
1933-10-31,-1.36,-8.78,,-3.63,-11.6,-31.02,-11.35,-4.88,-6.46,-3.68,,-8.22,-5.75,-4.69,-15.15,-9.85,-6.59,-8.22,-12.91,,-5.37,-10.89,-10.26,-13.24,-13.65,,,-4.57,-17.87,-4.53,-7.52,-7.18,-10.75,-9.82,-6.07,-12.79,-7.19,-36.17,-2.6,-12.65,-7.18,-7.63,-16.76,-11.58,-5.41,-9.07,-14.77,-5.66
1933-11-30,11.3,5.47,,-7.19,4.47,14.91,4.16,-3.92,7.53,9.66,,7.49,9.69,15.61,4.61,2.98,10.97,0.58,11.93,,13.38,12.21,25.72,17.46,10.2,,,0.05,8.04,14.86,-2.44,5.63,-1.16,5.09,18.51,13.1,10.39,-3.33,10.68,6.4,7.39,14.76,6.31,5.52,0.63,11.1,7.84,9.65
1933-12-31,-6.7,-2.93,,-1.49,-4.91,-11.61,-3.7,2.29,-4.33,-1.78,,-21.46,-10.6,6.75,16.38,6.19,3.84,-2.65,5.29,,2.25,0.38,9.6,1.44,11.32,,,-1.17,-3.47,-1.16,1.06,-3.8,-15.86,0.95,1.28,26.46,4.33,24.14,3.15,6.86,-15.99,4.86,0.31,11.78,0.25,10.74,2.36,5.69
1934-01-31,9.73,10.34,,15.35,6.53,28.63,15.86,26.54,10.47,16.14,,30.28,15.38,4.65,18.52,23.21,15.76,36.47,12.93,,18.64,17.33,13.09,50.86,13.05,,,2.28,26.05,8.39,20.54,5.97,66.5,12.93,12.79,40.79,10.34,16.67,4.22,20.79,38.31,16.91,30.55,30.35,32.74,44.14,20.58,11.84
1934-02-28,-0.82,-7.12,,-12.45,-3.2,-1.14,10.24,-1.44,0.41,-3.46,,-7.52,-3.13,-2.71,1.9,1.33,-6.6,-6.68,-1.96,,-4.11,-8.19,-2.51,-19.25,-3.06,,,2.86,-0.03,-3.46,-1.75,2.12,-0.35,3.7,-4.48,-2.98,1.26,2.38,2.18,-3.15,5.37,3.0,5.59,10.61,-2.28,-15.51,-4.28,6.53
1934-03-31,6.13,1.94,,2.84,-0.58,-2.91,5.07,10.97,-6.1,-1.95,,0.83,-0.81,-0.94,-2.48,0.82,-1.38,-3.85,-1.16,,-0.42,6.47,-0.35,1.58,0.06,,,4.67,-6.61,-1.21,-1.81,1.26,5.17,-3.43,-4.49,-3.41,-3.35,30.23,-1.46,0.04,2.32,2.28,7.74,4.48,2.09,-2.31,-0.7,-1.38
1934-04-30,8.15,2.69,,-1.15,4.1,19.79,-4.86,9.71,-0.12,-1.55,,-0.83,9.0,-3.22,1.91,-2.4,-1.0,-7.63,-4.51,,-4.05,-4.41,-6.56,-8.68,0.83,,,-2.93,-1.79,-1.99,-3.76,-1.25,-0.76,5.58,-0.85,-0.39,7.2,8.93,3.02,-1.39,2.25,-1.17,-6.15,2.54,3.05,-8.33,-2.73,-1.94
1934-05-31,-2.86,-4.39,,-17.58,1.42,-11.77,-2.1,-8.33,-6.07,-5.19,,-4.22,0.06,-7.05,-11.31,-12.09,-10.44,-15.01,-12.7,,-13.2,-8.12,-13.14,-9.25,-14.15,,,1.15,-9.06,-4.52,-7.79,-4.3,-7.92,-3.75,-7.84,-10.92,2.82,-22.95,-7.63,-8.98,-9.37,-7.83,-13.64,-9.37,-5.8,-6.8,-8.69,-7.01
1934-06-30,3.51,3.72,,-2.82,5.16,-14.2,-13.47,-1.35,6.29,2.33,,1.52,2.08,4.41,-2.86,2.03,5.25,2.47,6.3,,2.5,1.41,-2.88,-5.45,-2.61,,,3.64,3.5,1.15,4.32,1.27,10.06,2.12,8.57,5.53,3.05,-25.53,4.38,3.31,-3.04,2.58,-2.79,10.56,3.93,-7.59,4.13,8.11
1934-07-31,-7.75,-5.28,,-24.35,-0.87,-20.14,-25.15,-17.38,-8.86,-8.54,,-4.92,-1.6,-5.14,-8.82,-17.83,-16.3,-27.49,-16.26,,-18.29,-14.21,-14.34,-18.99,-16.46,,,-10.58,-23.12,-9.45,-17.26,-4.35,-23.82,-9.28,-12.76,-13.52,-0.51,-20.0,-3.22,-19.54,-15.94,-8.09,-16.61,-8.29,-11.31,-26.59,-17.96,-5.82
1934-08-31,10.68,3.75,,14.28,3.63,2.64,22.69,3.39,7.55,1.79,,-3.05,-3.07,6.2,12.02,5.8,10.64,12.24,8.82,,10.65,7.17,11.2,8.18,0.04,,,9.91,8.53,6.07,2.03,2.56,8.07,-30.64,7.31,14.46,2.84,25.0,4.97,3.1,9.75,4.6,8.21,9.52,0.85,8.58,5.16,6.14
1934-09-30,2.14,-2.04,,-1.76,2.65,-8.93,10.64,-0.77,-3.23,1.77,,4.6,0.45,0.81,0.36,4.31,-2.31,-0.26,-4.29,,2.66,-0.82,0.58,-6.48,-0.16,,,-3.6,4.02,-2.45,1.61,1.79,-7.09,0.41,-0.08,2.98,1.01,-25.71,1.58,0.45,0.47,2.69,-2.52,0.19,2.43,-2.87,-4.57,-0.56
1934-10-31,-5.82,-0.42,,3.21,2.86,-7.78,-4.92,-1.54,6.21,2.63,,5.72,-1.33,0.36,5.45,-4.39,3.59,-15.0,-6.01,,1.82,-4.72,-2.49,-4.16,5.09,,,-6.52,-0.45,-4.77,-7.6,-1.44,2.6,46.63,6.52,1.54,5.76,0.0,1.47,-3.3,7.93,1.63,-3.31,8.16,9.05,-10.35,-2.7,2.88
1934-11-30,2.54,7.72,,20.09,9.05,27.45,13.13,18.39,12.16,6.5,,8.79,3.56,8.7,16.55,15.68,15.08,9.01,13.09,,21.73,15.58,17.7,29.57,17.28,,,-0.99,5.34,7.06,-0.29,-1.73,0.42,3.97,13.24,16.29,6.4,115.38,7.91,5.75,11.67,9.68,10.51,13.35,12.96,17.11,4.66,14.93
1934-12-31,5.57,-0.57,,2.1,-2.9,-13.83,-0.31,0.78,0.65,3.43,,0.03,0.68,-0.33,2.99,-4.48,1.13,-10.69,4.16,,8.37,5.45,3.56,4.74,-0.6,,,2.31,1.17,0.67,-8.64,-0.6,20.42,-29.67,0.31,-1.09,1.33,10.71,4.45,-0.3,3.47,-1.21,4.27,4.16,-1.93,2.41,0.93,-1.3
1935-01-31,-3.41,-0.02,,-8.29,-2.18,0.28,-7.74,-5.42,1.65,-0.95,,1.04,-1.06,-1.4,-7.56,-2.04,-2.99,-8.28,-5.76,,-0.83,2.66,-8.97,-5.59,-1.3,,,-5.49,-7.6,-4.31,-3.17,-0.46,-11.59,-6.34,-2.7,-8.26,0.45,-22.58,1.32,-7.61,-10.68,-5.31,-5.04,1.09,-5.59,-5.57,-8.48,-5.46
1935-02-28,11.15,1.96,,1.72,0.79,-11.35,-4.48,-2.06,5.83,-1.01,,-0.06,4.78,-0.04,-3.15,-5.35,-3.65,-17.57,-6.78,,0.55,-2.24,-3.65,-7.67,-8.97,,,-1.16,-9.42,-3.26,-12.19,1.04,-9.37,2.97,2.07,5.64,7.44,-33.33,5.88,-6.79,-2.34,-0.59,-2.91,3.39,0.62,-13.88,-5.63,-2.14
1935-03-31,2.05,-5.13,,-0.96,-5.92,-1.55,-4.69,-5.92,-6.93,-2.76,,-0.74,-3.4,-3.04,-7.57,-9.71,-7.12,4.06,-4.14,,-7.61,-6.16,-6.29,-6.88,-9.32,,,3.87,-11.24,-3.67,12.36,-0.72,-15.08,3.57,-2.32,9.61,-0.11,3.12,-2.33,-9.26,-8.06,-4.31,-4.36,-1.64,-7.71,-13.92,0.64,-4.61
1935-04-30,4.89,4.42,,-3.71,9.02,2.67,10.13,8.86,5.9,4.6,,-4.97,4.05,8.73,8.19,6.15,10.67,18.09,14.29,,9.93,9.09,5.42,14.75,-7.89,,,9.13,8.22,15.62,11.15,9.13,15.95,6.1,8.82,13.17,15.24,3.03,3.99,9.7,2.9,7.12,-3.76,3.45,8.21,13.62,7.55,8.04
1935-05-31,-0.99,0.42,,-1.62,2.18,8.57,12.72,2.46,-0.98,2.07,,4.02,-4.87,3.07,-4.7,1.46,3.17,11.7,-0.32,,2.86,3.7,2.72,-8.07,8.43,,,3.91,-7.23,3.68,13.77,8.38,-4.84,6.53,0.58,2.35,1.09,82.35,2.58,2.52,-1.71,2.62,1.06,3.08,8.31,22.1,6.5,5.7
1935-06-30,2.19,7.17,,10.82,4.4,-9.43,9.92,-0.58,3.05,2.08,,5.95,3.88,6.24,2.1,7.36,8.13,2.78,2.77,,12.01,9.1,10.04,6.52,8.19,,,-0.16,4.66,1.45,9.13,5.32,3.41,6.91,7.56,10.63,6.31,-6.45,10.57,7.59,0.96,6.35,4.52,6.18,9.4,-12.66,7.84,5.08
1935-07-31,-15.26,1.56,,2.1,7.59,-5.49,3.97,3.24,7.9,4.27,,-11.84,4.81,4.97,6.85,9.69,12.19,27.94,18.57,,15.56,14.1,18.65,13.75,16.61,,,0.06,6.73,0.05,9.23,5.74,37.84,75.71,1.85,11.78,0.68,10.34,5.76,8.95,0.61,7.61,2.87,4.23,8.4,18.19,10.38,3.92
1935-08-31,-1.4,-3.65,,9.71,-0.1,25.77,12.85,-3.72,1.58,-0.99,,5.3,-0.21,5.12,5.16,1.2,0.97,10.63,6.53,,2.29,4.64,8.77,8.82,-7.67,,,5.61,2.27,-1.96,7.23,4.07,3.87,-37.33,1.05,-1.63,0.17,0.0,-2.98,1.03,13.21,2.94,5.5,3.2,-0.51,10.33,9.08,-0.19
1935-09-30,-5.16,1.67,,7.99,1.53,8.9,10.27,-1.02,0.25,0.15,,-1.99,1.4,7.02,10.49,15.55,3.08,-11.82,4.12,,5.86,8.41,10.93,5.26,-12.06,,,-0.04,-0.1,-3.39,-2.04,4.27,0.11,3.33,5.81,9.44,6.63,50.0,2.5,1.05,3.29,-0.67,2.71,-1.92,1.94,-5.11,-2.79,2.72
1935-10-31,2.91,6.29,,16.07,1.58,2.02,3.74,9.42,0.52,3.22,,5.41,6.03,3.99,10.34,7.13,12.79,50.09,5.77,,8.23,8.06,13.67,-0.3,12.96,,,-0.9,-4.41,13.82,14.16,3.11,-0.16,56.83,13.55,18.99,6.24,-25.0,4.39,-0.87,5.33,1.11,5.82,-6.37,4.1,29.17,17.55,6.11
1935-11-30,-0.6,2.29,,-2.42,-0.52,47.16,13.43,10.87,-3.05,2.27,,1.19,1.79,2.41,16.44,1.45,5.78,-5.58,7.35,,5.36,8.43,3.57,15.5,11.94,,,9.9,11.48,2.68,0.83,9.72,20.6,10.91,3.35,8.02,-3.31,-15.38,0.79,14.7,11.8,2.58,16.52,4.87,1.52,17.25,19.39,8.0
1935-12-31,-1.76,4.62,,-1.4,-0.34,-6.25,2.28,0.99,4.72,2.38,,0.85,2.49,1.13,5.7,3.67,8.65,26.6,4.59,,3.78,4.48,6.26,22.4,5.78,,,7.19,-1.33,14.3,5.63,-0.14,-1.95,0.88,4.14,3.37,-1.83,22.73,-4.31,3.04,0.42,-1.09,1.69,-2.73,2.52,26.76,9.19,0.59
1936-01-31,14.49,2.35,,-6.62,3.34,0.01,13.77,2.23,2.15,4.05,,4.83,3.34,5.46,-1.24,9.18,6.97,17.67,6.76,,8.29,7.41,4.1,3.15,13.8,,,10.25,8.23,14.18,12.54,4.17,-0.14,13.15,4.7,23.24,1.04,40.12,-5.8,15.59,7.76,-3.31,18.53,4.66,2.46,11.84,8.06,0.12
1936-02-29,-3.78,3.16,,9.13,-3.29,16.27,1.84,-2.17,-1.15,4.35,,8.32,3.02,2.95,3.35,0.76,6.05,-5.98,10.45,,6.61,-0.88,3.97,4.02,9.67,,,2.97,9.0,1.13,-6.6,6.57,6.39,-2.73,5.21,-1.75,1.74,3.96,-0.37,4.69,-2.56,0.91,6.25,-1.78,-1.54,1.28,-0.39,-5.67
1936-03-31,0.32,-1.41,,-0.72,-4.09,-1.34,-5.52,2.56,3.0,-1.36,,0.13,3.84,2.85,-0.41,1.6,-1.1,10.22,1.84,,7.79,-0.55,10.27,9.33,-7.26,,,-4.09,-5.99,1.76,0.65,-3.43,-2.3,0.33,-2.99,1.96,5.79,-5.08,0.91,-3.14,-0.95,1.12,3.97,3.59,-4.89,-13.2,-3.63,1.72
1936-04-30,-4.41,-4.58,,-10.11,-2.55,-13.83,-11.82,-11.4,-10.44,-5.93,,-14.44,-8.72,-6.52,2.48,-11.14,-11.37,-11.27,-10.89,,-10.74,-9.4,-9.87,-14.95,-10.52,,,-5.46,-14.28,-10.17,-8.35,-5.63,-5.29,-5.64,-7.76,-2.39,-6.84,-25.0,-1.81,-7.47,-11.85,-5.03,-11.37,6.03,-10.79,-25.36,-11.84,-9.21
1936-05-31,11.69,5.63,,-1.98,4.72,-3.73,-1.38,-0.97,-1.94,1.6,,3.9,4.88,6.42,11.7,3.02,4.45,11.02,6.62,,8.11,6.78,4.11,11.7,12.47,,,3.75,2.77,-0.62,9.53,6.46,18.1,3.77,0.65,3.01,3.03,19.05,3.07,6.61,8.43,6.7,5.79,30.43,8.22,11.49,6.07,-2.51
1936-06-30,0.72,3.22,,-4.56,2.67,-2.06,3.99,-3.7,5.9,-0.5,,-2.46,1.6,3.7,-7.66,0.49,0.22,0.08,-1.12,,1.59,0.86,6.81,-6.14,1.87,,,-2.96,-2.03,1.78,3.62,2.43,7.49,-4.53,-0.88,1.81,5.77,-7.0,0.45,2.07,3.02,5.39,1.48,-5.06,5.7,-0.15,8.31,-3.7
1936-07-31,8.3,1.88,,6.89,3.05,13.18,13.31,7.78,2.14,1.22,,-12.2,5.39,9.06,10.67,8.02,9.94,6.55,10.55,,1.47,14.5,5.04,17.97,6.35,,,5.69,8.31,4.7,11.59,2.44,29.2,-20.5,5.86,13.12,6.35,29.03,-1.69,12.38,9.42,6.26,9.68,8.43,-2.51,1.1,8.39,-2.83
1936-08-31,-2.97,1.39,,8.83,0.0,8.78,8.0,4.61,2.06,-1.89,,1.07,-1.58,-1.4,-4.67,0.84,1.82,-3.37,6.3,,1.06,4.25,-0.4,-1.92,7.49,,,2.5,5.03,-0.75,-1.02,1.76,6.58,5.64,-3.47,4.67,-1.67,-2.5,-2.8,2.07,3.95,2.48,2.3,1.76,-0.55,7.39,-0.64,2.05
1936-09-30,-7.37,-0.91,,1.63,-0.78,28.96,2.95,2.8,2.87,0.45,,2.05,0.72,1.89,6.06,6.11,-0.42,-2.12,1.32,,4.05,-2.42,3.24,6.26,6.13,,,-2.57,4.51,1.0,-2.05,0.31,22.7,-0.41,6.41,3.45,-3.56,2.14,1.98,0.78,3.53,2.56,8.56,9.06,-3.28,-9.37,-0.46,1.96
1936-10-31,5.9,4.21,,2.79,1.26,4.74,8.23,4.43,12.35,2.53,,4.14,3.76,5.6,-1.43,8.29,6.79,8.13,12.61,,8.15,6.6,5.22,-3.46,1.29,,,22.72,-0.36,12.4,5.73,5.09,19.54,0.77,5.03,7.39,1.33,-4.6,3.81,6.63,7.03,11.43,4.9,-2.07,6.58,16.81,9.92,3.08
1936-11-30,6.9,4.36,,7.95,3.24,12.21,12.54,2.02,2.84,4.05,,5.46,3.29,4.8,7.57,11.71,8.31,22.77,4.66,,5.73,5.57,-0.98,7.55,7.59,,,2.98,4.16,1.45,-2.84,3.87,5.52,4.34,5.97,2.23,5.39,11.4,3.13,-3.8,17.42,10.94,9.86,3.01,9.55,42.3,6.49,6.99
1936-12-31,0.25,-0.78,,-5.96,-2.87,3.34,4.34,-2.85,3.93,1.62,,-5.3,-1.93,-2.22,2.74,-0.8,1.01,16.78,4.51,,5.13,3.25,-7.39,2.59,9.71,,,1.59,0.0,9.2,-1.63,-0.42,-5.47,3.07,4.1,-0.8,-1.95,25.2,-0.94,-2.11,-1.81,-8.32,-4.86,-5.84,-0.83,15.17,-1.71,5.36
1937-01-31,0.06,2.7,,1.47,2.65,1.53,3.43,3.03,12.52,0.44,,15.87,3.01,1.69,-5.33,5.02,8.15,4.58,6.21,,4.31,12.23,7.3,5.76,4.45,,,0.05,2.3,2.41,2.61,-0.85,7.62,0.65,0.93,6.35,-4.0,2.52,-0.9,1.22,4.91,-0.02,0.86,-0.79,0.52,12.27,0.85,6.62
1937-02-28,-0.82,2.51,,6.67,-1.89,-0.82,1.14,-1.68,-2.07,1.72,,6.13,-4.14,-0.71,-2.49,-1.12,-2.85,-3.66,10.79,,-0.32,-2.32,-0.18,-0.17,0.32,,,11.85,0.27,1.36,-4.21,-3.06,8.7,3.96,2.61,-1.17,0.82,13.5,-2.24,5.97,-4.01,3.05,4.68,-5.49,0.59,-4.81,2.24,6.68
1937-03-31,6.43,1.88,,4.12,-6.76,2.11,0.95,-6.74,-0.38,-2.23,,-5.11,-5.03,-2.25,-6.2,-4.55,0.47,-13.07,5.81,,-0.48,-4.87,-3.06,-3.51,-4.95,,,6.13,6.46,3.49,-6.32,-2.1,3.1,-7.23,-6.02,5.51,-2.31,-9.19,3.57,5.18,3.8,-2.75,-4.45,-1.88,-6.52,-13.75,-3.74,-1.96
1937-04-30,-5.19,-7.47,,-9.07,-4.14,-15.35,-4.59,-11.24,-1.58,-3.32,,-1.98,-3.38,-4.64,-6.61,-8.45,-9.74,-10.1,-15.32,,-3.56,-7.67,-8.0,-14.22,-9.08,,,-15.52,-10.39,-5.25,-7.48,-5.25,-9.86,-9.98,-8.28,-8.74,-6.1,-0.6,-7.36,-4.82,-10.12,-7.1,-12.47,-2.61,-6.58,-17.32,-8.79,-8.06
1937-05-31,-0.87,-0.2,,-0.26,0.02,4.25,-0.85,-12.88,-3.5,-0.51,,-2.16,1.85,2.37,11.25,-3.18,1.93,-13.58,0.73,,1.14,-0.98,-2.18,-3.99,0.06,,,-1.38,-1.98,-0.2,-5.3,1.53,2.72,-2.77,0.94,3.25,12.18,-2.05,0.86,-3.85,-0.98,-4.75,2.29,2.93,-0.46,-5.2,-6.97,0.18
1937-06-30,-4.83,-2.93,,-7.05,-1.79,-15.34,-7.69,-11.96,-4.32,-6.31,,-8.5,-3.94,-3.04,-3.03,-6.21,-7.55,-9.04,-2.22,,-3.4,-0.55,-10.69,-1.53,-9.06,,,-5.36,-9.8,-2.61,-5.27,1.42,-11.01,-4.41,-6.98,-8.83,1.04,4.01,-5.09,-11.58,0.3,-1.46,-7.38,-4.23,0.71,-9.58,-6.43,-3.07
1937-07-31,0.47,3.7,,7.94,7.16,6.33,14.69,-0.11,8.75,6.59,,5.89,4.05,5.03,5.47,10.08,11.36,29.72,12.81,,9.76,9.6,12.97,10.89,3.9,,,9.94,2.65,8.48,19.33,3.27,-1.64,8.17,12.74,16.59,4.35,3.97,10.15,4.38,8.12,10.5,5.9,4.19,7.04,19.63,25.89,2.68
1937-08-31,-7.48,-1.97,,-2.39,-2.19,-5.56,-2.21,-2.88,-5.53,-3.58,,-6.34,1.49,-2.73,8.15,-4.16,-4.52,-14.57,-5.73,,-4.19,-6.43,-2.54,-8.15,-5.76,,,-3.49,-0.54,-6.65,-10.2,-2.54,-1.62,-1.92,-3.03,-2.64,3.33,-2.3,-2.51,-7.0,-4.04,-4.28,-4.38,-2.98,0.46,-9.2,-24.34,-0.88
1937-09-30,-4.44,-11.15,,-11.36,-3.86,-26.63,-15.5,-20.86,-13.51,-9.97,,-9.94,-10.85,-9.49,-16.67,-20.51,-19.61,-26.77,-24.8,,-15.62,-15.81,-12.74,-22.85,-24.98,,,-17.87,-16.79,-13.1,-11.76,-2.1,-20.38,-10.58,-12.14,-21.31,-4.87,-25.36,-10.28,-16.15,-20.26,-14.0,-14.68,-10.95,-16.91,-25.2,-16.49,-18.01
1937-10-31,-9.94,-7.27,,-9.9,-4.41,-7.94,-10.71,-15.48,-7.01,-11.12,,-2.99,-3.57,-11.93,-5.0,-13.66,-14.13,-8.8,-17.22,,-17.08,-7.01,-13.22,-7.18,-14.21,,,3.36,-13.45,-6.9,-4.8,-5.36,-23.88,-5.95,-8.73,-20.37,-4.0,-14.06,-5.85,-14.19,-6.75,-6.9,-6.0,-7.87,-4.38,-9.99,-9.49,-8.58
1937-11-30,-9.42,-5.04,,-3.25,-4.77,-17.52,-19.53,-12.95,-8.27,-12.97,,-7.5,-5.02,-9.72,-18.83,-15.32,-5.52,9.35,-8.42,,-12.83,-1.94,-16.06,-7.31,-4.8,,,-1.6,-10.38,-11.57,2.96,-3.59,-14.55,-4.44,-11.95,-12.65,-8.64,3.61,-12.15,-7.13,-9.65,-14.64,-6.45,-9.73,-7.61,0.0,-5.47,-7.02
1937-12-31,6.28,-3.02,,-7.4,-0.73,-8.39,-12.42,-9.18,-5.42,-3.78,,-20.2,-1.54,0.88,-13.26,-10.3,-9.43,18.12,-1.85,,-4.31,-3.33,-16.33,23.41,-0.81,,,-1.22,-11.05,-1.16,-10.73,-1.55,-17.86,-4.44,-5.26,-1.89,6.29,-9.4,-13.56,-8.56,-17.02,-6.48,-9.38,-11.21,0.01,-19.08,-5.67,-13.36
1938-01-31,8.87,3.5,,-1.44,0.16,0.37,5.22,11.21,4.42,7.56,,5.39,3.44,-1.67,4.14,9.19,-6.23,-14.57,-0.88,,-3.03,-3.57,12.03,-5.04,-4.69,,,8.19,0.86,0.47,-5.72,-2.43,4.6,2.86,4.17,-13.47,-0.93,-1.63,8.82,-2.08,5.73,6.09,0.65,3.04,2.12,-1.5,-3.09,-0.84
1938-02-28,2.87,4.51,,9.31,1.6,3.09,2.71,-0.89,3.84,2.22,,-0.97,9.0,7.82,5.83,5.96,12.52,5.68,7.57,,11.67,4.35,3.78,4.84,13.81,,,-2.65,1.78,9.54,3.63,-2.32,0.78,2.85,8.83,21.15,-1.42,8.94,9.31,7.29,6.89,9.6,8.42,8.36,11.06,4.2,4.47,5.36
1938-03-31,-20.44,-16.24,,-24.68,-12.56,-32.04,-31.5,-27.81,-21.54,-17.76,,-20.88,-14.31,-22.58,-17.65,-26.0,-26.52,-35.77,-30.32,,-26.31,-30.99,-27.46,-22.9,-34.42,,,-24.15,-33.13,-25.44,-19.66,-17.67,-34.85,-8.61,-19.03,-23.55,-21.41,-28.13,-18.13,-35.32,-23.94,-22.32,-23.71,-23.31,-29.86,-26.08,-26.15,-25.07
1938-04-30,18.82,13.11,,12.08,10.39,34.01,22.76,21.4,18.27,10.67,,17.66,11.63,6.91,5.36,12.23,21.73,33.23,16.23,,14.93,17.17,14.77,34.06,18.59,,,16.22,18.32,16.3,14.78,13.47,13.16,5.93,10.93,14.09,20.9,23.16,11.86,11.9,13.82,16.4,15.85,14.37,21.13,15.74,17.52,16.64
1938-05-31,0.04,-0.32,,-3.24,1.64,-11.24,-7.29,-10.92,-1.83,-5.72,,0.94,1.73,-3.65,-8.34,-7.29,-9.5,-7.06,-10.75,,-9.36,-3.49,-6.95,-4.78,-8.73,,,-3.18,-8.56,-5.89,2.15,0.83,-2.02,32.0,-1.68,-2.48,-2.2,-10.04,-1.54,-4.7,-4.14,-3.92,-2.44,-1.22,-1.5,1.05,-9.23,-8.62
1938-06-30,10.64,12.94,,18.01,11.36,32.45,31.08,31.87,14.13,14.77,,18.41,9.8,30.02,19.4,37.48,41.25,35.51,41.33,,34.26,31.05,36.02,13.51,39.37,,,19.27,28.91,21.98,16.95,12.57,46.97,7.9,17.96,38.58,18.69,47.89,20.06,27.2,27.03,24.15,16.33,24.46,31.65,21.25,27.22,34.11
1938-07-31,-0.64,5.13,,11.7,7.69,5.06,4.01,12.16,9.51,12.81,,8.06,5.72,6.11,12.81,16.63,8.38,8.9,6.52,,5.1,4.77,20.4,9.92,7.83,,,9.62,10.48,7.33,0.67,1.28,20.68,11.54,13.29,4.44,4.42,12.85,3.43,11.63,8.6,8.99,13.21,16.9,1.78,6.84,4.09,10.63
1938-08-31,-9.07,-4.47,,-4.98,-2.17,-7.53,3.37,-5.46,-0.49,-4.61,,-3.72,0.51,0.38,-9.87,-6.96,1.71,-9.37,-3.4,,-5.28,-0.45,5.77,-4.79,-7.69,,,-1.59,-5.4,-8.88,-5.53,0.28,3.75,-11.04,-3.59,4.45,-3.25,-2.7,-4.39,-5.33,-5.45,-2.38,-3.37,0.63,-4.7,-10.02,-8.46,0.91
1938-09-30,4.37,-0.26,,-0.92,1.34,9.19,-1.32,-3.57,0.71,2.32,,-3.13,0.11,2.71,-0.93,-1.08,1.38,0.63,2.17,,0.83,2.24,0.65,-0.93,-2.53,,,-1.89,-4.27,0.87,1.25,0.92,-9.42,-0.68,-1.28,-4.51,2.51,7.31,-0.27,-1.64,-0.01,0.11,-1.35,1.03,1.89,-1.39,-1.62,2.85
1938-10-31,4.77,5.24,,16.47,3.77,33.98,12.92,6.95,9.74,3.15,,14.8,5.31,6.87,2.19,9.48,8.52,67.4,14.05,,8.01,12.18,7.08,29.45,20.12,,,4.93,8.15,-1.49,21.09,3.56,7.73,9.84,5.92,9.67,4.02,13.15,8.4,14.19,8.76,8.21,6.8,10.38,5.05,9.09,10.01,4.21
1938-11-30,-8.95,-2.64,,2.54,-1.21,0.04,-2.01,-6.82,-3.33,-5.26,,-0.12,1.49,-0.31,-0.55,-5.87,-3.99,-17.84,-0.87,,-4.5,-5.91,-1.57,7.36,0.8,,,-2.05,-2.97,-0.14,-7.02,0.65,-4.4,-6.24,0.63,-7.28,-0.55,-3.19,-5.37,-1.93,4.75,-0.53,1.41,4.81,-0.2,-8.33,-8.83,5.69
1938-12-31,15.05,2.58,,-4.57,2.9,3.95,-0.75,-1.57,1.22,-0.02,,-1.7,0.95,5.67,-0.31,2.21,5.36,20.07,4.66,,3.71,2.99,2.2,13.45,15.46,,,1.72,0.62,4.98,3.95,2.58,-3.18,-1.9,2.49,7.75,3.5,8.44,4.83,12.15,3.99,0.91,-0.95,-1.54,2.64,5.62,-1.14,12.7
1939-01-31,1.3,-2.01,,-8.93,-1.83,-14.55,-12.26,-0.56,-1.21,3.51,,-3.3,-0.88,-6.56,-5.0,-5.5,-10.79,-13.48,-12.9,,-9.59,-7.91,-8.4,-10.48,-12.29,,,-4.88,-10.49,-6.27,1.21,1.81,-8.94,-12.8,-6.09,-13.37,-5.82,-14.47,-7.3,-11.25,-9.61,-3.0,-6.66,-7.37,-3.23,-10.01,-5.28,-11.67
1939-02-28,8.3,3.43,,8.66,-0.35,13.33,3.26,-2.74,2.24,3.18,,0.93,3.83,1.07,2.01,2.5,3.07,4.76,4.47,,6.4,3.86,7.41,3.23,5.23,,,-1.82,5.08,-1.23,8.79,3.53,8.62,5.93,1.4,3.86,-1.29,2.07,0.94,8.01,1.22,6.27,5.6,5.87,2.53,-1.12,2.97,0.59
1939-03-31,-3.13,-5.68,,-14.44,-4.15,-14.68,-21.48,-19.75,-6.34,-7.11,,-4.76,-4.35,-8.11,-5.88,-14.87,-20.91,-36.23,-21.2,,-17.26,-17.94,-17.82,-20.22,-28.94,,,-9.5,-18.28,-8.27,-13.66,-2.31,-9.44,-21.46,-11.44,-22.24,-3.09,-23.07,-11.28,-17.9,-10.94,-9.52,-14.47,-11.16,-10.03,-10.79,-13.95,-20.04
1939-04-30,6.49,1.23,,-1.96,-0.74,4.88,1.4,6.13,1.27,-0.57,,2.19,0.96,-1.72,-4.51,-1.61,-1.05,2.63,-2.92,,-1.0,-0.53,0.58,5.59,0.38,,,0.0,-1.06,-1.06,3.03,2.75,0.61,3.34,-4.13,-0.64,-10.91,-6.38,0.42,-2.19,0.38,-0.15,1.0,-5.04,-0.58,0.27,-2.33,-1.18
1939-05-31,6.15,6.32,,6.32,4.04,24.7,13.56,6.75,6.34,2.73,,7.0,5.45,6.28,9.87,8.48,11.11,16.55,7.56,,9.2,7.19,8.16,8.48,9.9,,,2.28,6.25,2.55,6.6,5.56,5.14,9.57,6.63,9.09,14.9,7.3,4.93,9.52,6.45,11.58,3.81,10.36,11.7,-2.08,5.96,10.56
1939-06-30,-2.06,-3.18,,-4.97,-0.09,-5.33,-11.9,-4.93,-1.02,0.54,,-4.62,1.27,-2.69,-0.67,-4.49,-9.11,-16.37,-9.88,,-8.77,-9.0,-6.57,-9.9,-11.06,,,-3.95,-10.16,-5.93,-3.55,-3.84,-10.49,-11.66,-6.8,-15.23,-3.77,-15.07,-3.21,-9.69,1.69,-2.7,-5.66,-3.85,0.66,-23.85,-9.43,-11.36
1939-07-31,8.09,6.95,,4.25,3.79,19.48,16.66,7.99,8.88,7.73,,4.11,3.05,10.42,7.43,16.55,13.46,23.5,18.78,,11.25,16.25,17.15,11.85,14.53,,,10.75,10.45,2.9,12.72,6.51,20.22,3.28,11.32,13.95,7.7,14.98,8.54,13.33,7.57,8.8,1.75,10.84,7.41,0.5,13.92,20.36
1939-08-31,-9.37,-7.38,,-9.2,-6.56,4.55,-16.66,-14.62,-5.82,-7.2,,-12.29,-5.24,-2.46,-1.89,-10.77,-11.91,-16.78,-8.63,,-10.48,-8.38,-7.01,-13.96,-8.72,,,-6.12,-6.01,-3.9,-6.04,-4.19,-23.23,-4.75,-11.88,-15.28,-3.07,-11.66,-3.17,-11.15,-9.77,-7.25,-11.69,-9.49,-10.51,-7.31,-8.49,-8.38
1939-09-30,18.88,5.01,,3.67,-3.03,5.56,-15.4,37.97,4.84,25.26,,9.43,6.99,17.18,15.58,25.68,11.72,28.41,44.04,,35.06,18.5,24.41,38.7,63.37,,,13.62,92.58,25.05,3.6,2.36,5.75,21.8,2.21,19.82,-5.44,22.25,25.52,41.55,4.31,1.56,2.01,5.25,10.68,11.44,24.98,-0.89
1939-10-31,-0.62,3.0,,5.01,5.81,26.62,14.93,-4.41,3.73,-3.52,,7.0,0.01,-3.06,-3.37,1.06,2.77,2.79,-4.82,,-5.27,-3.0,-1.91,13.29,-8.39,,,2.24,-10.2,-3.86,2.12,3.05,0.71,0.28,6.07,-5.12,4.5,4.86,-3.65,-4.51,2.28,5.84,4.67,2.04,3.12,-11.16,-4.28,4.09
1939-11-30,-4.27,-0.63,,-3.65,1.76,5.11,-9.87,-20.02,-0.12,-0.73,,-2.0,1.32,-2.75,-4.24,-5.89,-4.71,-17.07,-9.66,,-7.62,-3.23,-3.34,-8.29,-13.79,,,-3.6,-21.36,-6.02,-1.5,0.97,-13.61,-7.62,-3.36,-9.71,1.54,-5.66,-3.77,-7.04,-2.15,-2.32,-2.43,1.5,1.42,-0.39,-4.25,-2.45
1939-12-31,4.79,2.77,,-0.6,4.84,-4.15,4.11,6.21,4.11,-2.64,,-0.88,3.92,4.57,0.63,2.87,1.86,3.32,2.17,,5.78,4.69,3.95,8.53,3.22,,,-0.51,0.14,-0.09,2.95,2.89,-12.56,1.81,0.12,0.15,2.07,8.46,5.47,3.23,-8.51,3.23,-1.23,2.52,8.7,1.8,-14.17,1.23
1940-01-31,-4.13,2.07,,1.63,2.32,6.63,0.73,1.05,3.3,1.2,,1.41,-1.88,-2.72,0.0,0.06,-1.31,-9.38,-9.43,,-6.16,-4.97,-4.28,-2.68,-12.45,,,-1.89,-4.19,-2.17,-0.05,-0.12,-0.47,2.8,-0.5,-1.64,-3.82,-3.61,-0.26,-4.59,-2.33,-0.97,1.47,2.15,-0.26,9.75,-2.85,4.5
1940-02-29,-4.17,0.84,,2.89,1.81,9.04,-1.14,-0.44,1.5,1.06,,-0.59,1.56,2.68,5.62,0.12,-2.25,-3.0,5.31,,0.92,-0.07,2.23,2.97,0.89,,,0.23,5.16,0.92,-1.25,1.04,8.13,3.73,3.31,-1.62,-5.76,2.05,3.18,1.46,4.1,2.48,3.06,0.32,0.53,-1.38,0.33,2.01
1940-03-31,1.79,2.43,,4.44,0.63,10.95,0.22,2.43,0.3,-1.59,,4.28,1.84,2.43,-2.1,1.38,1.21,1.89,0.69,,3.29,4.37,3.43,2.82,0.34,,,1.74,2.1,1.71,1.75,1.16,-2.73,3.46,-1.92,3.14,1.17,-1.09,-0.58,3.24,4.98,3.05,6.75,1.89,-1.42,8.4,6.59,2.97
1940-04-30,3.77,1.59,,-0.83,2.15,-3.3,-7.97,2.19,1.37,2.93,,-0.13,-0.32,0.72,5.2,-2.01,-0.71,-6.12,0.7,,0.17,-2.24,-0.78,-0.21,-0.53,,,-1.25,1.81,0.16,-1.34,0.33,-1.67,1.61,-4.34,5.69,3.63,16.37,6.3,-0.07,-2.02,-0.13,0.8,0.18,0.46,-22.54,-3.2,-1.46
1940-05-31,-19.39,-22.16,,-28.17,-17.82,-29.76,-32.29,-34.81,-22.63,-20.57,,-16.08,-21.43,-19.34,-22.66,-27.93,-29.12,-38.04,-22.62,,-23.96,-21.29,-26.25,-17.35,-24.05,,,-20.42,-28.25,-24.63,-20.01,-14.13,-28.7,-30.31,-20.27,-24.46,-18.47,-36.04,-25.06,-23.76,-30.74,-24.43,-23.74,-29.57,-23.7,-27.27,-22.36,-33.71
1940-06-30,-3.01,5.33,,4.34,5.96,5.04,7.05,8.32,11.29,10.64,,-1.63,5.14,3.83,-3.44,7.29,6.04,36.91,4.0,,6.32,5.66,8.37,-10.63,10.49,,,0.64,15.4,5.6,17.47,8.76,0.64,4.24,-1.25,-3.58,-4.55,2.03,6.87,12.41,12.26,9.07,4.55,1.26,12.59,0.0,9.33,11.37
1940-07-31,1.2,0.56,,10.24,-1.64,13.27,-0.19,3.95,4.71,-4.67,,0.47,-0.55,2.93,13.83,5.38,9.73,-3.8,4.23,,5.71,6.08,5.83,5.86,2.81,,,0.31,1.84,3.21,0.08,1.97,-4.61,8.05,2.67,9.28,1.04,8.23,2.75,4.12,0.78,4.46,2.49,4.37,7.3,5.32,3.68,6.42
1940-08-31,1.09,1.12,,1.71,1.24,7.21,2.63,-3.32,-4.05,2.26,,-1.44,-2.31,2.68,5.61,5.19,5.17,-0.29,2.77,,1.56,2.59,7.36,6.21,1.53,,,1.12,3.17,1.41,-1.05,-0.36,16.13,0.66,2.82,8.09,6.97,3.28,1.7,3.65,-1.09,2.97,-0.1,4.5,-1.33,-6.53,1.56,5.13
1940-09-30,6.16,1.88,,4.34,2.39,7.66,2.62,1.49,5.05,3.3,,2.59,4.68,3.23,2.0,6.07,4.02,1.96,5.55,,6.94,3.84,2.93,-0.15,8.53,,,5.94,6.78,-2.36,-2.19,1.67,11.3,2.4,8.03,5.83,3.04,1.12,1.47,2.54,12.48,3.22,3.86,-1.01,1.39,58.71,-1.04,7.3
1940-10-31,3.51,-1.29,,-1.11,-3.24,4.35,10.88,6.05,-8.93,0.0,,1.95,-3.14,-0.57,0.0,4.01,2.28,12.43,12.83,,8.69,1.94,4.34,5.19,6.33,,,4.4,1.45,6.36,3.83,1.61,5.9,3.13,3.23,9.69,3.38,1.1,-0.88,4.9,0.12,0.06,1.55,2.22,8.15,-4.8,11.94,-0.61
1940-11-30,2.1,-0.88,,7.33,-2.52,1.04,9.27,-1.36,0.21,-0.21,,1.86,-1.97,-5.11,5.2,-0.46,-2.4,-10.32,1.7,,0.32,-4.34,-0.65,2.89,1.46,,,6.98,-2.29,0.84,-13.11,0.6,8.26,-2.29,-2.29,-7.69,4.73,-3.42,-3.92,-2.86,-6.42,-2.27,6.73,4.43,3.19,-28.99,-7.44,-0.96
1940-12-31,0.28,0.9,,-0.03,0.6,-4.29,9.81,-3.19,2.49,-0.17,,-0.29,-0.23,1.93,-1.94,-2.6,-1.84,-0.05,1.62,,0.89,0.07,-3.13,-0.64,1.66,,,0.08,13.74,2.23,1.77,2.05,-3.14,-0.36,2.63,-4.03,-2.45,0.27,-0.44,1.02,-8.41,0.57,-3.29,-5.13,-2.04,18.33,-1.0,-3.04
1941-01-31,-7.8,-1.01,,-2.88,1.16,-2.84,-1.87,3.12,-2.39,3.97,,8.5,-2.52,-6.79,1.32,-2.46,-5.6,-9.91,-9.95,,-6.1,-2.7,-9.54,-6.75,-6.98,,,-2.02,-8.84,-2.06,-2.18,-2.1,-2.32,-0.71,-0.16,1.98,-4.32,-4.52,-2.44,-1.5,1.34,-3.75,0.86,-0.62,-2.07,13.0,-1.78,3.83
1941-02-28,-0.44,-2.81,,-3.75,-2.33,-0.58,0.65,-0.7,-4.64,-2.95,,-3.33,-4.76,-2.39,-0.67,-0.99,-2.46,-3.8,-1.53,,-2.57,-0.24,1.52,-0.55,-2.68,,,-1.11,-1.81,-0.68,-1.19,-2.23,-8.84,-1.4,-0.53,1.01,-0.75,-1.76,-0.95,0.1,-4.56,-2.52,-2.21,1.57,-2.54,-11.51,-2.72,-2.82
1941-03-31,2.33,2.25,,0.8,-2.76,6.63,1.02,4.75,4.75,0.41,,3.25,1.73,1.71,5.33,3.6,-1.91,-0.48,-0.55,,0.38,-0.79,-1.53,0.1,3.42,,,1.63,1.39,3.77,-3.34,1.77,3.33,0.01,3.28,-2.06,3.46,-3.58,1.32,2.68,-1.12,1.21,3.03,-2.09,6.47,25.01,-0.9,-2.33
1941-04-30,-3.06,-4.13,,-8.71,-3.85,-10.17,-2.52,-2.64,-4.44,-1.76,,-1.43,-5.36,-3.77,-9.18,-8.11,-5.01,-14.0,-7.43,,-7.57,-9.32,-10.41,-4.78,-8.22,,,-6.21,-3.41,1.45,-9.63,-6.35,-1.1,-5.15,-7.34,-1.67,-8.7,-12.7,-6.96,-2.9,-1.35,-5.35,-1.24,-7.69,-5.75,-28.4,-8.07,-8.5
1941-05-31,-4.64,-0.54,,6.03,-3.01,1.89,-5.11,-2.35,-1.54,-1.31,,3.03,-1.63,3.66,7.71,-0.61,-0.25,-0.66,6.03,,4.36,-0.96,0.38,4.42,8.41,,,3.02,-0.67,5.51,-4.47,0.4,-3.95,-0.56,3.68,-0.6,-1.42,2.76,-1.82,-1.44,-3.13,2.36,0.58,-7.19,3.06,-3.91,1.96,-0.49
1941-06-30,10.79,3.83,,8.82,10.15,7.89,9.49,-3.16,12.06,3.13,,2.69,6.88,6.74,3.96,5.92,6.85,4.12,5.63,,6.05,11.83,3.63,5.22,6.07,,,6.0,17.65,5.1,3.9,5.03,18.54,5.82,5.52,0.68,11.93,8.4,6.41,3.82,8.05,5.05,4.89,2.82,8.22,18.61,2.88,13.69
1941-07-31,8.26,6.21,,12.56,2.67,-6.16,15.43,5.0,4.34,8.45,,16.0,7.75,5.92,1.59,9.6,6.55,32.7,7.57,,8.56,0.28,4.68,9.58,5.73,,,7.6,22.86,10.95,5.33,-0.38,7.49,5.31,6.29,7.75,4.19,16.08,8.82,6.76,19.0,4.58,5.54,3.55,11.62,12.35,10.2,6.03
1941-08-31,1.32,1.36,,11.29,-0.74,1.25,13.55,-2.45,0.74,-0.26,,-1.45,0.14,-0.6,0.31,-0.51,0.36,-5.4,-1.54,,-0.11,1.38,2.39,1.83,-2.87,,,0.11,-1.95,-3.47,-2.05,1.06,-1.87,-1.89,-1.95,1.22,0.18,-0.27,-2.29,-0.67,2.2,2.4,2.0,-0.83,2.1,0.83,0.41,2.61
1941-09-30,4.42,2.84,,-1.12,0.46,-6.92,-0.09,-4.99,-1.47,0.57,,-0.48,-0.2,-2.09,-7.94,-0.8,-1.63,-11.68,-5.09,,-2.79,-2.02,3.92,-3.01,-5.31,,,-3.34,-5.87,-0.6,-2.85,0.25,-1.84,-0.23,1.14,-2.13,3.06,-2.45,1.15,-3.59,-3.37,0.51,-2.52,0.31,1.65,-10.96,0.21,1.07
1941-10-31,-4.25,-4.66,,-1.33,-13.06,-11.56,-1.61,-9.52,-3.68,-3.86,,-2.5,-3.77,-6.35,-0.69,-4.16,-11.08,-10.48,-5.82,,-7.35,-12.42,-7.88,-4.0,-7.99,,,-7.49,-5.99,2.28,-9.73,-2.72,-5.14,-7.52,-2.81,-6.27,-6.91,-7.62,-6.38,-2.63,-8.77,-5.2,-2.27,-6.0,-5.07,-20.69,-6.75,-3.41
1941-11-30,5.73,-1.18,,0.67,-9.72,9.19,2.18,-5.56,-3.91,-1.05,,-0.56,-3.05,0.6,6.06,-2.92,-0.5,2.01,-2.29,,-3.1,-2.36,-3.49,1.61,-3.74,,,0.62,-1.79,3.19,-6.73,-4.03,-8.78,-3.59,-1.2,-10.15,-0.66,-6.76,-8.58,-2.24,0.49,-4.64,-1.63,-1.8,-3.55,-20.66,-2.27,-4.58
1941-12-31,-1.07,-5.53,,-6.38,-0.95,-24.63,-1.98,-15.55,-6.89,-1.01,,-8.3,-1.34,0.79,-17.81,-7.12,0.15,-13.64,6.85,,0.88,0.5,-12.93,0.26,2.47,,,-2.37,-4.02,-11.19,-7.51,-8.63,-24.92,-15.72,-6.36,-1.34,6.3,-0.92,-13.29,-5.88,-5.62,-9.91,-6.67,-16.9,0.56,3.3,-1.0,-10.16
1942-01-31,-9.87,0.48,,5.66,6.8,4.95,5.34,16.55,-3.63,10.79,,9.43,-3.46,-8.0,9.58,6.9,2.9,3.84,0.27,,4.23,2.5,6.41,-6.48,4.95,,,6.08,3.36,-1.68,4.05,-1.37,22.63,13.86,-1.37,9.97,-3.62,4.43,6.62,12.35,1.8,0.58,3.4,9.87,-5.28,6.57,10.67,10.9
1942-02-28,-17.73,-5.81,,-1.69,-4.32,-4.69,1.32,4.82,-4.69,-2.13,,-1.29,-5.58,-4.97,2.71,-0.74,-1.3,-4.73,-0.49,,-2.58,-2.82,5.45,1.18,-1.0,,,-2.1,-0.65,-5.91,-2.48,-0.57,4.05,-3.92,-2.06,4.29,-2.07,-2.04,-0.79,-2.65,4.24,-2.04,-0.17,1.76,-1.52,1.1,-0.27,-4.03
1942-03-31,3.87,-8.09,,-4.71,-13.2,-8.08,-4.11,1.11,-2.22,-2.6,,1.96,-5.86,-8.2,-4.55,-3.54,-3.8,-7.73,-4.53,,-6.31,-6.39,1.47,-1.88,-4.53,,,-11.21,-3.17,-8.31,-12.2,-6.95,-4.84,-2.25,-2.61,1.78,-9.5,-5.1,-4.64,-9.59,-1.18,-7.25,-1.69,-3.71,-9.72,-0.8,-6.86,-3.86
1942-04-30,-6.54,-2.1,,-6.8,-5.42,-7.69,-5.57,-6.88,1.65,-9.7,,-2.91,-4.51,-1.86,3.97,-5.88,-4.07,-4.59,-7.36,,-4.98,-4.0,-4.17,-11.4,-8.84,,,-4.49,-6.94,-3.54,-3.46,-7.32,-2.7,0.3,-0.28,-4.44,-4.72,-6.86,-3.2,-0.94,-7.4,-5.92,-3.76,1.5,-5.96,-2.0,-1.25,-1.63
1942-05-31,4.6,7.87,,9.86,13.18,11.31,9.37,1.92,0.63,2.35,,2.04,15.36,4.68,0.7,6.7,5.93,6.44,-2.93,,3.94,8.43,10.48,-4.47,-2.35,,,5.1,-0.68,6.9,8.39,7.72,5.8,4.48,4.56,6.69,8.56,1.87,4.97,0.88,5.04,12.09,0.59,11.06,11.17,2.2,2.22,4.6
1942-06-30,0.45,4.76,,2.79,2.12,8.74,3.04,6.34,3.93,2.97,,3.77,2.82,4.95,0.78,1.78,2.33,2.89,3.48,,3.66,2.86,1.6,0.99,-2.54,,,3.91,1.53,4.46,1.66,-2.31,-2.77,5.69,8.75,-0.34,8.57,3.92,2.54,1.18,1.31,2.57,1.19,1.68,1.77,-0.48,1.88,2.56
1942-07-31,5.0,1.72,,7.35,1.96,2.51,9.26,6.01,4.71,3.8,,6.14,1.43,1.0,10.77,5.59,3.57,4.52,3.8,,3.26,1.33,2.35,4.48,6.48,,,4.87,6.82,6.05,-0.47,4.48,-0.14,3.71,3.85,7.75,1.35,5.59,-0.52,7.37,10.77,4.74,12.21,5.45,6.06,0.38,5.15,1.49
1942-08-31,-0.51,1.88,,7.4,-2.42,3.92,-0.09,1.27,0.93,1.3,,14.35,1.96,0.99,2.08,2.91,-0.12,-4.98,1.4,,-0.21,1.81,2.64,5.84,4.16,,,-0.17,0.46,3.59,0.81,2.49,-1.16,4.89,1.58,4.16,-4.39,-1.78,1.57,3.72,2.81,1.69,2.9,2.85,-0.21,-4.47,2.38,-0.92
1942-09-30,-1.28,0.88,,4.95,-3.52,-3.37,4.17,4.99,1.8,1.77,,0.63,0.24,4.74,7.64,3.63,3.33,12.57,1.44,,3.6,5.31,2.86,4.51,2.55,,,1.12,4.9,2.35,5.86,2.07,8.26,-0.92,0.87,6.87,8.14,2.19,0.8,4.26,1.81,0.62,1.68,2.16,2.4,9.71,1.95,5.13
1942-10-31,3.71,4.5,,-0.64,5.45,7.46,6.77,28.85,7.06,2.29,,9.26,3.91,6.63,2.9,5.63,6.28,19.42,6.81,,7.52,7.1,6.07,7.18,7.34,,,9.88,5.79,9.66,15.19,6.19,7.64,4.56,6.19,10.69,2.52,7.45,4.97,8.66,4.37,0.44,4.77,2.68,5.39,-10.95,21.78,0.33
1942-11-30,12.13,4.32,,0.22,-1.28,-3.7,-1.69,0.06,-0.87,-1.71,,1.01,1.6,0.66,2.82,3.2,2.35,3.13,-7.06,,-1.21,0.96,-0.39,-10.8,-7.68,,,-2.15,-7.25,0.99,-1.32,2.63,9.25,0.39,3.86,2.8,4.73,1.25,0.8,-3.73,1.9,6.82,4.28,13.07,-0.56,4.45,-6.62,7.07
1942-12-31,7.81,3.37,,4.9,6.27,0.98,7.99,6.0,-0.42,7.97,,5.31,8.87,6.1,5.73,5.79,6.7,5.79,3.7,,8.19,6.71,8.99,1.76,5.26,,,5.44,1.54,7.58,4.36,0.35,2.81,-1.26,5.27,7.2,4.71,21.78,2.66,3.55,9.36,2.68,-2.77,1.43,7.65,-9.34,9.06,2.16
1943-01-31,2.1,8.72,,7.49,12.27,12.62,1.86,21.48,6.64,6.66,,15.14,1.91,4.59,10.84,8.94,6.28,23.05,9.43,,5.48,11.92,5.11,10.33,12.39,,,8.5,10.55,6.37,14.73,3.78,9.57,12.11,7.04,4.22,4.35,4.05,12.09,7.26,4.06,6.88,15.37,2.81,-0.69,23.73,16.63,8.79
1943-02-28,0.97,4.4,,5.57,0.33,12.08,11.3,22.11,8.74,7.53,,-2.2,3.94,2.29,8.14,7.33,7.12,22.9,5.95,,7.91,4.64,7.81,8.23,10.54,,,4.79,11.4,7.9,7.96,8.81,5.28,14.74,5.17,3.13,-3.21,4.29,4.01,10.62,11.49,2.87,4.17,6.59,4.62,58.77,14.12,0.58
1943-03-31,-1.39,4.58,,9.66,2.98,10.94,25.28,11.23,2.57,5.02,,14.45,4.1,2.63,3.06,10.13,7.15,8.11,8.38,,7.06,7.55,5.97,9.49,11.02,,,8.81,15.2,6.94,4.7,0.64,33.11,14.13,5.96,13.82,7.49,8.48,4.56,9.23,12.61,8.57,9.34,11.68,5.31,-9.57,10.64,6.57
1943-04-30,-7.96,1.24,,9.76,1.13,-4.23,1.65,20.63,1.08,-2.11,,9.54,0.98,-0.8,9.41,1.06,-1.41,5.5,-4.02,,-0.83,1.36,0.9,1.1,-2.88,,,-1.53,12.59,0.85,4.03,4.16,1.57,1.18,-0.42,7.9,0.78,-3.83,-0.62,3.45,7.76,1.61,8.6,-3.4,4.44,-0.84,5.09,0.35
1943-05-31,16.1,6.39,,3.21,6.34,7.73,11.93,25.01,4.69,4.39,,8.41,5.86,6.88,6.79,2.51,7.07,5.11,3.36,,3.32,6.13,6.28,1.08,15.5,,,1.52,3.95,5.72,4.55,4.57,15.55,8.27,9.15,4.29,4.62,15.59,5.6,4.95,3.72,7.66,4.53,15.37,-0.97,33.45,6.71,7.85
1943-06-30,6.61,1.09,,4.19,1.96,-0.35,0.18,-4.84,-0.05,4.89,,1.06,-0.76,0.12,-2.15,6.4,4.61,-0.58,-0.83,,4.95,3.34,5.1,-3.35,-1.59,,,-3.88,-6.66,1.28,4.2,2.28,9.53,2.94,2.47,0.79,-1.63,1.52,3.37,-0.45,15.52,5.37,1.96,1.22,3.75,-0.74,-2.92,1.01
1943-07-31,-8.89,0.41,,-6.66,-3.94,-2.08,-6.7,-8.97,-3.19,0.41,,-8.94,-2.99,-6.54,,-8.22,-8.12,-12.95,-5.25,,-7.97,-8.66,-9.56,-12.22,-12.93,,,-2.6,-10.17,-2.79,-0.5,-0.18,10.96,-5.21,-4.84,-11.34,-2.26,-5.93,-5.42,-5.88,-9.4,-3.11,4.17,-2.36,-3.97,-12.35,-6.3,-7.82
1943-08-31,3.31,0.39,,2.83,1.05,0.71,1.65,11.07,0.95,-0.87,,-2.14,0.39,0.66,,3.71,0.36,-1.52,0.26,,1.92,0.76,3.7,-0.87,1.09,,,1.49,2.64,1.07,1.84,0.91,15.61,-2.08,2.37,2.11,-2.78,1.34,-1.56,1.5,2.6,3.83,-0.52,0.56,4.42,-1.1,-0.26,5.6
1943-09-30,4.01,1.89,,0.96,2.19,1.43,3.22,3.31,5.3,1.88,,7.07,3.86,2.4,,5.33,5.37,3.18,1.72,,2.43,5.76,1.69,0.37,1.51,,,0.83,4.31,1.38,3.87,1.45,-4.08,5.28,3.33,6.0,4.16,-1.5,5.55,2.55,5.56,2.11,0.11,2.82,1.03,-3.72,0.82,2.82
1943-10-31,-1.12,-0.22,,13.6,-2.11,-5.99,-2.86,-0.5,-1.08,-2.0,,1.88,0.52,-2.19,,-0.4,-2.07,3.43,1.09,,-1.22,-4.04,-1.29,-0.66,3.81,,,-3.47,0.31,-2.08,0.57,0.73,-2.55,-0.31,-2.43,-0.07,-1.92,-1.33,0.47,-0.3,2.26,-2.59,1.25,-2.05,-1.05,6.82,0.24,-0.36
1943-11-30,-3.53,-4.27,,-1.85,-6.16,-9.36,-9.83,-15.57,-2.7,-1.88,,-3.59,-3.96,-5.01,,-4.86,-5.68,-10.71,-7.27,,-7.26,-6.87,-5.71,-13.29,-7.94,,,-4.28,-11.9,-6.92,-8.4,-1.74,-3.1,-5.69,-5.22,-7.68,-5.25,-7.06,-6.96,-9.1,-8.72,-4.43,-2.72,-3.26,-11.81,-9.26,-8.83,-4.92
1943-12-31,8.47,5.27,,12.48,6.21,14.29,11.14,16.75,5.13,3.8,,13.42,3.43,3.28,,8.29,7.07,6.9,4.23,,11.52,8.05,8.46,9.26,13.78,,,3.62,10.01,7.34,7.43,3.15,10.52,7.94,6.94,14.26,7.98,6.24,6.68,7.26,11.13,6.87,2.64,6.48,12.28,19.26,7.93,5.51
1944-01-31,4.9,3.25,,1.19,6.66,8.82,1.63,0.99,2.23,2.53,,0.57,0.27,0.38,,3.47,2.58,8.35,3.14,,2.05,0.84,0.86,3.71,5.45,,,3.49,5.76,0.42,-0.32,0.86,13.88,4.95,1.06,-0.62,-0.62,1.1,2.83,6.31,-0.37,0.76,2.22,2.89,-4.92,3.07,2.39,1.96
1944-02-29,-0.9,-0.15,,-5.41,-1.2,2.7,-1.02,-2.35,-2.66,2.31,,-3.49,-2.6,-0.75,,0.86,-1.79,-2.37,0.04,,-0.27,-2.99,3.72,3.31,0.71,,,-0.9,4.65,0.06,1.51,0.88,9.01,1.19,-1.56,0.8,1.01,-0.84,-0.28,3.92,1.86,1.0,2.03,-1.15,-0.35,-11.08,2.47,0.54
1944-03-31,-0.75,2.33,,13.1,2.39,-2.0,6.71,7.16,1.23,1.58,,3.26,2.41,2.51,,5.62,3.82,1.81,1.44,,1.46,3.32,5.24,-0.57,1.11,,,0.05,6.64,1.82,1.78,0.74,-3.43,2.78,5.76,8.33,3.33,3.0,3.98,2.5,4.84,2.14,7.36,4.92,3.49,11.26,1.9,0.47
1944-04-30,-0.89,-2.61,,-3.52,-0.61,-3.74,-3.99,-4.91,-1.73,-1.77,,-2.43,-2.36,-1.78,,0.37,-0.61,-6.04,-2.22,,-2.85,-1.22,-1.2,-4.55,-3.4,,,-2.79,-4.61,-1.33,-0.88,-0.57,-3.5,-0.78,-1.21,-3.77,-5.55,6.02,-1.55,-2.0,-4.98,-0.85,-2.82,-4.78,-1.12,-2.56,-2.05,-2.91
1944-05-31,7.65,5.17,,4.56,5.22,11.31,6.26,13.84,6.47,3.64,,5.07,5.72,4.17,,6.42,6.64,6.1,4.48,,7.34,3.22,8.22,2.52,9.29,,,2.35,9.01,4.95,2.78,2.81,7.17,6.12,3.39,10.98,4.6,9.88,8.73,4.59,8.73,4.99,3.94,4.23,1.97,5.04,4.17,10.87
1944-06-30,4.77,4.71,,-5.03,8.3,14.47,9.57,26.11,5.25,6.43,,3.85,3.85,5.74,,10.32,9.43,26.48,9.7,,7.18,8.43,8.79,7.88,7.11,,,10.2,3.16,0.51,4.92,3.27,11.42,10.65,7.11,4.76,3.97,4.7,4.75,3.56,1.91,5.86,10.98,8.15,0.78,11.9,12.57,8.32
1944-07-31,-2.09,0.24,,0.32,-0.51,-7.87,-4.25,-3.17,-0.72,-0.87,,1.45,-1.39,-2.32,-4.65,-3.36,-2.66,-7.16,-2.07,,-1.78,-1.77,-4.78,-2.08,0.05,,,-2.4,6.61,-1.3,0.2,-0.37,7.51,1.25,-1.14,-3.62,-2.5,-4.88,-0.17,0.31,1.2,-0.14,-0.73,0.97,1.11,-7.45,-5.09,-3.84
1944-08-31,3.51,2.07,,0.47,2.59,9.76,-1.16,16.29,1.84,2.26,,-3.67,1.01,0.67,4.89,5.67,3.63,8.13,1.86,,3.67,1.74,3.75,5.22,4.89,,,-1.13,-2.8,-1.94,3.66,0.67,0.45,3.49,4.0,3.13,0.6,4.8,2.54,0.33,1.94,3.2,2.14,1.87,0.97,15.61,2.16,5.34
1944-09-30,4.0,0.99,,2.18,-4.61,-3.93,1.68,-1.9,1.31,1.7,,3.45,0.27,0.1,-2.16,-0.24,-1.32,-0.39,1.15,,-0.12,-0.7,0.46,9.94,1.85,,,0.2,-3.28,-1.36,-1.52,0.28,-3.26,-0.42,-0.48,-0.23,-0.6,-3.08,-0.99,-0.08,8.0,1.59,3.09,0.7,1.11,-4.88,-1.43,-0.93
1944-10-31,-1.81,0.22,,0.78,-0.32,-4.09,-0.91,-3.41,-0.62,0.03,,-1.82,1.26,0.44,3.41,0.65,-1.3,-0.18,-0.26,,-1.64,0.89,-2.51,1.42,-1.81,,,-0.86,0.0,1.89,1.34,0.76,4.75,-0.05,-1.54,3.06,2.74,-6.06,-0.42,1.5,2.15,0.38,-0.74,-2.44,5.41,1.97,-0.62,-2.89
1944-11-30,-2.8,1.63,,7.29,-0.23,12.2,7.35,5.11,-0.3,-0.98,,4.96,0.28,-0.67,3.99,4.09,1.48,3.29,1.1,,1.96,1.62,2.31,3.15,4.25,,,5.02,1.62,2.65,-0.4,0.69,4.5,1.42,1.69,4.56,0.74,1.77,1.34,4.99,1.97,2.78,4.83,-0.99,-0.25,-4.56,3.28,1.28
1944-12-31,6.16,2.14,,3.0,0.51,11.54,7.89,-0.92,4.14,1.45,,5.72,1.48,2.06,6.54,3.7,3.78,12.2,7.01,,4.57,5.0,4.17,5.84,6.49,,,3.76,13.34,5.06,3.12,0.71,1.42,3.91,2.64,1.65,5.79,4.12,2.07,11.31,4.64,2.0,6.0,0.19,-2.32,31.35,7.37,7.75
1945-01-31,2.52,2.74,,2.48,2.51,-2.46,-3.3,8.89,1.85,0.22,,9.12,0.06,2.53,5.42,3.39,4.97,5.64,2.61,,3.45,0.8,1.45,0.38,0.69,,,7.61,0.5,4.97,5.69,-2.12,8.94,8.86,1.58,4.31,-1.69,3.24,3.24,-1.27,0.07,-0.05,6.15,5.54,2.69,11.59,1.92,0.61
1945-02-28,1.66,2.49,,9.33,6.54,12.12,6.28,5.04,4.44,5.11,,1.33,4.43,5.57,1.02,4.4,7.54,15.4,9.1,,5.57,7.83,7.84,9.32,8.58,,,6.18,3.02,7.37,6.12,2.84,0.58,7.97,5.22,3.28,2.57,6.0,6.15,8.62,5.25,4.51,4.97,2.87,8.25,1.44,12.09,3.42
1945-03-31,0.43,-2.97,,-1.54,-3.52,-2.73,-3.58,-9.81,-4.56,-3.01,,-2.0,-1.82,-3.45,-1.37,-3.95,-4.9,-13.89,-5.46,,-5.17,-4.04,-6.23,-7.43,-4.44,,,-5.03,-5.69,-5.25,-3.11,-0.11,-3.17,-8.55,-4.35,-7.2,-1.41,-6.83,-4.5,-3.04,-5.23,-1.13,-5.7,0.05,-3.83,-7.73,-7.6,-5.96
1945-04-30,7.68,5.66,,15.74,7.71,8.88,3.69,22.24,3.74,5.34,,5.29,6.4,8.21,8.33,8.56,7.99,11.91,9.47,,10.69,9.06,11.02,5.28,7.26,,,6.17,6.26,6.91,10.12,2.51,-4.09,9.4,6.04,11.57,4.27,7.05,8.09,10.77,5.54,7.29,5.63,5.55,6.87,1.98,6.58,11.16
1945-05-31,1.72,2.32,,-0.59,2.45,-4.72,7.59,0.46,7.06,4.47,,0.93,4.32,-0.22,-1.27,4.38,2.23,-1.35,-0.44,,0.94,1.69,0.55,2.47,-0.93,,,2.27,7.61,-0.95,1.89,3.76,-2.74,9.64,5.78,-1.13,-1.23,3.26,5.26,3.46,5.4,6.29,9.1,-0.49,1.53,2.57,2.0,0.32
1945-06-30,0.07,-0.05,,6.44,0.35,-2.73,-0.72,14.43,-2.62,0.68,,-0.59,-4.9,-2.42,-6.23,4.78,-1.71,12.05,2.14,,-0.66,-2.28,-1.34,13.56,1.27,,,2.05,4.75,-0.56,5.16,2.65,3.4,0.93,-1.5,-0.95,-0.34,1.67,-2.92,5.83,7.0,-3.51,-5.17,2.17,-4.87,1.14,9.4,-2.53
1945-07-31,3.34,-1.44,,-7.92,-0.19,-5.95,-4.2,-1.47,-2.08,-0.68,,-1.4,-1.65,-2.54,0.7,-4.65,-2.67,-3.94,-2.38,,-3.54,-1.25,-1.37,-7.61,-3.22,,,-4.32,-1.55,-3.25,-0.34,2.18,0.18,-2.1,-1.65,-2.49,-4.3,-6.7,-1.62,-6.55,-1.2,-0.04,-0.11,-4.0,1.53,0.37,-4.9,-5.16
1945-08-31,4.3,6.44,,5.02,10.76,13.59,8.47,14.8,7.07,5.34,,1.87,10.08,9.48,1.76,13.71,11.95,7.42,6.78,,8.9,10.95,9.87,3.29,10.71,,,2.33,-3.92,2.3,1.03,1.74,4.43,6.98,6.69,7.93,7.01,9.42,9.54,0.01,7.77,8.39,2.51,17.88,2.6,1.18,3.58,15.31
1945-09-30,1.01,7.99,,14.8,1.26,7.82,9.57,12.73,1.6,3.71,,9.76,6.16,6.72,6.55,8.55,7.29,14.31,8.03,,4.47,2.19,2.64,4.28,3.85,,,5.72,10.72,1.9,6.59,1.9,14.16,9.78,3.45,9.91,9.19,10.96,4.67,6.9,2.9,5.59,17.85,-2.68,2.58,28.68,5.41,7.49
1945-10-31,4.78,6.59,,39.22,0.33,11.8,12.06,15.21,5.47,6.63,,4.24,6.87,-0.35,0.32,1.57,0.29,4.64,4.8,,2.7,-2.01,0.6,5.53,1.95,,,6.83,6.43,6.3,6.19,2.36,3.89,4.31,4.92,3.7,10.77,1.13,3.4,4.29,3.97,6.14,2.78,-1.99,5.3,7.36,17.61,-0.58
1945-11-30,-0.62,3.48,,4.13,3.0,6.82,17.66,-3.13,3.64,4.04,,13.35,8.07,3.22,7.14,12.67,3.94,28.59,6.8,,6.49,2.38,2.48,7.61,4.25,,,12.51,5.41,8.42,4.81,3.39,17.6,12.37,6.55,2.19,0.25,8.56,4.15,8.43,8.95,6.65,12.73,1.81,0.41,15.0,8.85,-0.47
1945-12-31,0.13,0.03,,19.48,-1.91,-4.55,6.34,-0.06,3.73,0.83,,5.36,1.1,2.3,1.85,3.61,1.51,-5.93,0.45,,0.8,2.76,2.16,4.59,3.7,,,-3.28,3.11,-0.28,-1.09,0.48,4.28,-1.2,0.9,-0.42,4.56,-0.01,0.74,-1.28,2.44,3.36,12.79,3.61,2.1,12.07,5.9,2.37
1946-01-31,2.83,5.59,,0.51,0.59,9.95,14.3,11.2,4.51,14.55,,9.81,7.51,5.45,9.7,8.8,8.38,15.06,13.39,,5.6,6.29,7.12,8.9,8.64,,,7.36,9.77,-0.15,10.93,1.91,-1.76,3.12,4.11,3.84,10.33,9.92,2.21,6.16,15.26,10.97,1.58,3.71,8.93,27.51,9.53,3.54
1946-02-28,-3.09,-3.93,,-6.54,-5.22,-9.59,-0.07,-5.74,-8.49,-8.52,,-5.68,-4.15,-4.41,-3.03,-5.81,-2.71,-12.36,-7.62,,-8.03,-7.81,-9.0,-6.85,-7.74,,,-4.28,-0.96,-4.72,-5.74,-2.82,-0.78,-6.96,-2.6,-4.38,-10.72,-5.36,-6.12,-7.09,-6.81,-4.17,-0.48,-4.05,-7.73,-9.79,-9.99,-5.06
1946-03-31,14.43,4.4,,8.91,8.57,5.34,12.77,2.36,7.07,6.91,,4.55,15.78,7.21,6.61,8.01,5.89,3.34,3.55,,5.02,-0.61,1.98,0.08,2.73,,,-0.6,-1.44,11.17,6.29,1.17,1.56,9.72,5.09,12.35,10.48,8.61,8.75,3.88,6.21,11.9,4.25,6.54,3.48,3.16,5.82,7.69
1946-04-30,13.69,1.74,,0.25,3.89,16.51,8.93,15.28,6.6,4.68,,11.01,15.07,5.63,-0.81,8.73,4.8,8.15,3.91,,3.73,-1.03,1.39,-6.73,3.5,,,4.26,5.68,8.8,4.34,1.59,21.66,14.75,8.61,4.56,5.72,12.88,6.6,-0.36,4.62,7.17,13.71,2.39,-4.04,-0.25,1.66,3.61
1946-05-31,3.25,1.64,,7.85,3.3,-3.04,-4.52,-4.18,0.86,8.62,,9.13,5.27,4.36,4.09,9.48,5.39,-2.78,6.77,,7.01,5.88,4.42,4.68,4.28,,,3.2,4.97,3.68,3.04,2.82,9.51,7.24,7.42,4.77,-0.27,5.56,4.07,5.11,7.1,1.62,-0.97,3.1,-0.87,7.69,5.98,6.2
1946-06-30,6.66,-4.2,,2.42,-4.76,-10.02,-4.28,-13.25,-4.2,-7.15,,-6.83,-5.38,-3.0,-6.32,-4.98,-4.61,-7.57,-2.33,,-4.82,-5.1,-5.94,-6.5,-4.79,,,-5.42,-5.21,-3.14,-2.8,0.29,-5.18,-4.5,-2.87,-7.67,-8.3,-5.3,-3.1,-2.69,-1.59,-8.08,-6.25,0.5,-0.96,-6.92,-5.48,-7.27
1946-07-31,-3.59,-0.5,,3.43,-0.75,-6.37,-1.26,-5.55,-1.32,-1.9,,-5.07,-3.05,-2.49,-6.79,-4.13,-5.67,-1.72,-2.62,,-5.52,-3.76,-4.31,-2.42,-5.96,,,-5.63,0.05,-0.07,-3.63,-0.08,0.62,-4.88,-1.52,-6.46,-2.9,-2.89,-2.0,-5.77,-2.89,-2.87,-1.27,-3.73,0.0,-7.8,-6.31,-4.14
1946-08-31,0.06,-5.16,,-6.46,-3.99,-5.92,-5.6,-13.01,-4.74,-7.96,,-5.25,-3.08,-6.53,-5.3,-7.79,-6.72,-11.89,-7.58,,-8.99,-8.04,-9.96,-3.65,-6.61,,,-6.81,-3.09,-5.67,-5.37,-7.0,-6.94,-10.39,-8.15,-4.88,-0.4,-10.5,-4.31,-7.06,-7.2,-4.77,-4.0,-7.74,-0.43,-12.01,-7.32,-4.09
1946-09-30,-8.35,-8.87,,-17.07,-11.17,-12.37,-12.57,-13.93,-9.33,-11.83,,-12.23,-6.53,-8.87,-11.45,-13.4,-8.92,-10.6,-11.99,,-12.24,-10.79,-14.37,-10.28,-13.2,,,-8.03,-11.61,-7.99,-8.97,-4.75,-14.88,-10.95,-8.04,-12.71,-7.27,-9.69,-11.18,-16.48,-7.62,-6.67,-14.87,-14.31,-7.74,-16.36,-14.86,-12.85
1946-10-31,-0.64,0.35,,-3.83,4.69,0.41,-3.34,0.74,-1.92,3.49,,-2.59,-0.03,-3.67,0.85,-4.92,-1.7,3.71,1.45,,-3.5,-3.95,-3.28,-8.66,-0.17,,,1.18,0.28,-0.67,1.42,-5.13,-3.95,-3.11,-0.81,3.57,-1.64,-4.24,-0.24,0.21,-2.12,-2.26,-0.39,2.05,-8.49,-6.82,-1.17,-2.71
1946-11-30,0.58,-0.49,,-8.87,0.55,-0.96,1.2,-8.66,-0.2,-2.44,,4.2,1.44,3.67,-2.17,-1.06,1.36,0.0,2.15,,-1.03,-5.2,-1.72,-5.05,-0.3,,,1.43,-0.87,0.58,0.8,1.79,-9.33,5.32,-0.99,10.16,6.1,3.85,5.71,-0.75,-2.78,-5.29,6.84,-0.26,3.41,-3.43,-0.66,3.0
1946-12-31,12.04,3.28,,1.52,4.24,4.31,-1.4,6.65,9.69,-1.81,,9.31,7.05,6.89,5.5,5.65,9.63,-1.71,5.1,,7.17,4.88,5.96,4.13,4.82,,,-0.2,2.89,4.42,6.09,3.82,-2.26,1.58,5.35,6.13,3.24,20.76,6.18,2.2,1.87,4.31,-1.5,11.5,10.13,-0.07,5.26,9.95
1947-01-31,-8.42,1.19,,-8.2,2.0,6.67,-3.22,-0.64,-1.8,5.43,,-3.88,-5.46,-0.45,3.35,3.38,0.96,4.42,1.01,,3.4,7.34,10.46,2.47,7.31,,,3.26,3.49,-0.71,-0.14,1.03,0.95,2.94,4.3,1.76,0.42,-6.1,0.01,0.17,-0.36,0.75,0.54,1.5,2.65,-0.77,3.08,1.8
1947-02-28,5.54,0.57,,-2.19,-4.55,-1.34,-5.09,-3.03,0.89,-0.24,,-0.74,-4.52,-0.41,-0.62,3.87,-3.77,-0.89,-0.93,,-0.37,-2.94,1.73,-1.22,-0.64,,,1.92,-0.13,-2.75,-0.9,-2.05,-0.41,-0.36,-3.79,-5.12,3.99,-2.05,2.06,-0.59,-1.26,-0.37,0.47,-4.12,0.59,4.31,-3.39,-1.13
1947-03-31,1.66,-1.52,,-6.16,-2.89,-1.16,-3.95,-1.54,-3.79,0.16,,7.9,-2.15,-0.23,-4.55,-6.72,-2.92,-3.35,-1.74,,0.05,-4.0,-2.78,-2.74,-2.84,,,-2.84,4.73,2.26,-2.79,-2.15,1.99,-3.26,-0.67,-4.37,2.24,-4.34,-3.63,-3.63,-2.7,-2.15,-4.72,-1.04,-4.24,-10.19,-2.54,-3.17
1947-04-30,-3.2,-5.45,,-11.29,-8.21,-10.05,-7.54,-13.93,-3.63,-6.35,,-11.97,-8.25,-3.94,-4.25,-8.51,-5.59,-13.83,-6.56,,-7.67,-4.99,-4.54,-10.14,-6.85,,,-4.62,-5.46,-0.36,-3.76,-0.22,-6.13,-8.33,-8.09,-4.63,-2.72,-11.82,-4.69,-6.29,-5.46,-8.11,-9.34,-6.72,-7.3,-7.54,-5.79,-8.14
1947-05-31,-1.62,-0.55,,-3.76,3.54,2.82,1.61,-5.05,-1.95,-4.45,,-5.11,-2.4,-0.33,-3.17,-2.91,-3.63,-6.72,-2.45,,-1.55,0.45,-2.64,-8.76,-1.91,,,-1.46,-5.1,2.67,-2.48,-1.1,-1.58,-7.53,1.23,-9.37,-2.72,-4.53,-1.2,-3.14,-3.84,-0.07,-4.86,1.23,-3.59,-1.74,-1.78,-5.53
1947-06-30,12.25,5.14,,8.4,5.53,5.5,2.09,12.55,1.67,9.57,,6.89,3.93,8.04,3.04,9.54,6.23,5.69,2.28,,8.96,4.65,6.04,1.07,4.28,,,1.08,11.2,7.72,3.95,-3.19,0.19,4.06,3.74,12.92,0.03,14.28,6.27,2.43,7.71,10.11,7.9,8.05,15.56,5.57,3.0,3.28
1947-07-31,5.7,4.93,,2.09,3.48,3.85,5.51,2.67,9.73,2.95,,2.39,2.63,1.51,0.49,8.69,3.1,7.56,7.29,,3.68,6.91,4.71,2.42,4.19,,,5.34,17.14,3.68,2.51,0.81,10.66,5.23,5.68,0.91,6.05,4.92,3.23,7.48,5.38,4.52,6.81,1.9,-4.39,8.35,5.83,8.34
1947-08-31,-4.11,-0.98,,-3.7,-2.5,11.27,-11.89,2.56,-0.08,0.82,,-9.96,-3.21,-0.6,-3.7,-0.04,-2.69,-3.36,-0.61,,-2.35,-3.68,-1.09,3.48,-0.96,,,-2.05,0.75,-2.35,0.24,0.36,-0.79,-2.81,-3.69,-0.65,-7.35,1.65,-0.44,-2.34,-1.37,-3.65,-6.85,2.63,-5.07,-6.16,-3.29,0.36
1947-09-30,4.36,-1.03,,11.81,-0.69,-3.66,-0.75,-2.63,1.87,-2.16,,-8.02,-2.12,-0.95,-1.24,2.01,0.8,-2.07,0.55,,2.74,1.23,0.46,5.11,-1.11,,,-1.9,11.85,-2.95,-1.33,0.83,-0.23,-1.53,-0.44,2.25,2.52,0.64,2.67,-1.31,-0.11,-3.05,0.87,1.0,4.96,-3.57,-1.03,2.51
1947-10-31,4.42,2.37,,-4.64,-1.57,-4.68,-0.79,4.16,5.56,2.95,,8.93,0.53,1.16,9.38,3.47,3.76,4.22,5.62,,4.39,1.58,2.66,0.02,1.54,,,0.78,2.62,5.29,0.15,0.21,3.46,2.7,4.81,1.35,-1.25,1.17,3.09,0.52,1.59,3.18,0.21,1.06,0.57,5.38,6.16,5.54
1947-11-30,-1.84,-2.64,,-1.93,0.86,-3.76,-2.4,-7.57,-2.95,-0.74,,-2.74,-3.1,-0.75,1.45,-0.74,-2.1,-9.32,-0.16,,-0.75,-1.76,-2.75,-0.41,-2.39,,,1.83,4.47,-0.44,-7.63,-2.57,-1.37,-3.39,0.44,-1.91,3.02,-1.0,-4.22,-2.88,-2.27,-2.45,-1.2,-6.81,7.55,-6.02,-0.14,-1.21
1947-12-31,-1.12,0.19,,-1.11,1.09,-5.73,-6.63,-2.1,0.89,3.62,,-6.17,4.02,1.92,-2.84,4.94,2.67,9.34,3.75,,3.28,3.31,2.48,-0.6,3.38,,,-4.87,4.43,9.43,1.18,0.44,-4.25,1.3,3.34,-4.55,-0.25,4.75,2.88,8.3,0.13,0.4,5.87,-0.07,3.66,10.4,0.79,0.92
1948-01-31,-6.17,-2.56,,-3.18,-1.61,-4.98,-5.51,-5.94,-3.5,-1.4,,-4.99,-8.53,-4.46,-3.85,-2.93,-5.96,7.57,-4.1,,-3.43,-4.04,-5.15,8.04,-3.56,,,1.65,-1.12,-7.55,-0.22,0.1,-0.96,-1.05,-7.17,-3.17,-9.37,-6.95,-5.57,-0.38,-2.62,-3.36,-5.26,-0.8,-0.2,-7.1,-1.94,-6.4
1948-02-29,-2.99,-7.19,,-8.48,-2.48,-5.67,-6.21,-6.92,-4.06,-7.76,,-9.68,-2.98,-5.6,-2.04,-7.3,-5.76,-4.67,-5.04,,-5.96,-5.04,-5.66,-3.83,-6.36,,,-1.92,-5.43,-2.9,-3.59,-1.06,-6.47,-3.85,0.31,-11.3,-3.76,-9.23,-4.76,-3.75,-6.57,-3.68,-1.48,-1.85,-8.55,-9.19,-6.9,4.1
1948-03-31,13.03,5.69,,11.29,-1.71,6.34,27.27,9.57,3.22,6.36,,13.25,5.77,8.22,4.75,9.09,7.99,1.93,12.89,,9.48,11.92,7.29,20.32,11.69,,,8.12,10.58,9.94,6.76,1.97,-1.4,2.64,7.12,15.96,12.93,11.19,8.12,8.72,7.58,6.81,0.02,2.39,7.73,9.55,14.16,7.7
1948-04-30,1.6,1.34,,-0.81,-0.68,4.26,-3.41,6.77,4.12,2.43,,3.81,1.99,2.54,7.7,5.42,-0.35,6.91,2.33,,3.57,-1.58,0.93,3.59,1.04,,,4.74,4.75,11.36,1.51,2.65,-0.18,6.54,3.34,-5.05,-1.08,4.54,6.5,3.6,9.9,4.94,-4.27,5.16,2.51,-0.33,4.55,-0.26
1948-05-31,0.27,4.24,,12.72,2.68,11.73,6.63,10.34,6.08,4.39,,8.31,6.66,7.8,3.62,12.08,9.76,11.09,8.11,,7.94,17.02,14.35,2.97,4.29,,,4.2,11.08,6.0,5.75,2.49,6.79,6.56,8.3,7.04,3.43,16.54,9.01,6.17,2.99,8.94,9.78,8.81,15.47,17.64,8.28,7.58
1948-06-30,-2.78,-1.1,,-5.57,-1.39,-7.91,-10.64,-2.14,-1.34,-2.15,,3.55,-2.73,0.45,-0.96,-3.76,-4.15,13.39,0.18,,-1.51,-0.67,0.53,-4.55,-3.42,,,-0.71,1.41,3.53,2.49,0.43,-1.01,3.0,-1.82,-6.72,-3.27,-0.05,-3.82,0.43,1.27,-1.45,-3.9,3.16,-6.69,-10.9,0.12,0.67
1948-07-31,-0.7,-3.51,,-3.7,4.37,-10.12,-7.35,-1.68,-1.72,-1.32,,-7.64,-3.92,-5.76,-8.49,-2.54,-6.3,-9.06,-3.9,,-7.26,-7.36,-4.58,1.7,-5.32,,,-3.26,-2.98,-7.26,-4.14,-1.65,-5.35,-7.78,-5.66,-7.47,-4.34,-3.99,-4.37,-4.57,-5.07,-7.94,-4.07,-5.01,-5.78,-7.5,-6.4,-2.58
1948-08-31,1.86,-0.51,,0.11,1.9,4.81,5.69,-0.99,-0.3,-1.86,,-2.04,-1.88,-0.33,-0.06,-1.4,1.47,4.16,1.64,,-1.53,1.24,1.14,-0.07,1.19,,,-0.18,0.02,-2.07,0.1,0.06,-0.2,2.48,6.14,9.25,5.85,0.18,0.38,2.18,-4.42,3.02,-1.16,-2.66,1.45,0.32,0.02,2.9
1948-09-30,-4.14,-4.48,,-1.23,-3.16,-9.42,-7.25,-8.94,-3.44,-1.51,,5.07,-3.89,-1.84,-5.97,-5.46,-4.01,-5.75,-2.19,,-4.56,-2.36,-3.51,-0.79,-3.17,,,-2.59,-5.55,-4.45,-0.92,-0.23,-4.55,-4.11,-5.54,-5.97,-3.07,-6.71,-3.93,-3.98,-2.78,-0.78,-2.72,-0.65,7.52,1.44,-4.95,-2.9
1948-10-31,7.16,3.38,,5.3,3.45,6.94,1.97,0.34,3.97,1.77,,12.79,4.4,7.11,0.89,2.89,7.56,14.32,8.4,,5.99,7.79,7.8,3.84,0.73,,,4.38,7.36,9.24,4.45,1.11,4.18,1.95,6.06,5.48,4.24,6.76,5.13,4.96,4.69,4.14,2.47,3.91,5.62,3.59,8.74,3.79
1948-11-30,-5.57,-6.25,,-7.87,-2.9,-12.72,-3.11,-15.73,-6.07,-6.69,,-9.11,-5.37,-8.51,-10.96,-10.04,-7.93,-18.71,-12.69,,-10.91,-11.81,-12.28,-13.29,-14.23,,,-6.81,-4.82,-12.36,-9.09,-2.06,-5.33,-7.08,-7.64,-9.22,-0.59,-12.45,-10.18,-12.79,-5.83,-5.8,-6.19,-5.99,-4.25,-6.09,-13.61,-8.51
1948-12-31,0.46,1.23,,0.78,0.79,-0.52,6.5,-2.69,0.03,0.15,,6.22,4.36,7.5,-1.12,-1.67,1.91,2.83,2.0,,2.13,6.92,3.96,3.68,0.92,,,-0.12,-2.06,4.88,2.66,1.09,-0.69,-1.27,3.93,5.39,7.06,3.61,5.0,1.98,0.8,1.53,1.36,7.2,8.1,0.64,4.07,-0.66
1949-01-31,1.74,3.88,,2.39,4.81,3.85,1.49,0.33,0.26,4.25,,-0.29,5.12,-0.26,6.71,2.46,0.73,0.1,0.8,,-1.53,-3.0,2.68,1.99,0.78,,,1.63,-4.73,-3.82,4.76,-1.27,3.68,6.61,3.02,1.0,-0.41,-3.43,0.76,0.28,3.09,1.08,-0.03,1.41,-4.89,-5.16,-1.2,1.87
1949-02-28,-0.52,-2.65,,-1.7,0.38,-4.75,2.09,-10.92,-8.55,-4.59,,0.49,-1.08,-2.18,-1.04,-1.91,-2.77,-4.09,-5.91,,-3.55,-5.84,-3.55,0.66,-5.43,,,0.97,-8.15,-4.23,0.67,-0.3,-6.41,-4.59,-3.91,-0.33,0.74,-5.09,-0.07,-5.72,-3.87,-2.22,1.17,-1.68,1.48,0.45,-0.91,-2.55
1949-03-31,2.57,4.67,,5.79,0.94,4.64,3.79,12.84,9.19,3.89,,4.17,5.65,2.88,6.41,-2.28,4.11,10.13,1.38,,5.71,5.71,3.55,7.5,6.96,,,4.22,5.26,6.09,3.8,1.36,3.47,6.58,4.74,6.23,7.42,1.96,3.32,4.21,2.66,4.53,2.5,7.61,2.36,12.11,9.97,3.29
1949-04-30,-5.37,-1.44,,-2.06,0.23,-0.76,-0.02,0.96,-1.2,-2.42,,3.18,-0.07,-2.39,-5.11,-3.84,-3.87,1.79,-4.95,,-3.97,-4.11,-4.01,-6.19,-3.49,,,1.09,-8.2,1.45,1.22,-1.65,2.5,1.23,-0.79,-0.36,-6.09,-8.68,-3.4,-2.86,-1.66,-1.68,0.4,0.89,-0.78,-0.67,-1.33,-7.81
1949-05-31,-6.17,-0.64,,-1.03,2.91,-3.89,-2.32,-4.45,-0.43,-1.13,,-6.94,-1.35,-0.99,-4.88,-1.34,-3.25,-6.5,-6.63,,-3.08,-5.93,-3.06,-4.85,-8.47,,,-1.25,-0.9,-5.75,-0.59,-2.17,-2.04,-1.45,0.39,-6.12,-9.69,-4.78,-3.53,-3.38,-5.37,0.48,-0.22,0.84,-2.31,-1.18,-5.19,-0.09
1949-06-30,6.35,-0.36,,3.34,0.0,-6.64,1.33,0.37,-0.99,3.43,,-3.17,2.72,0.69,-1.91,4.91,1.27,4.97,-1.29,,3.0,0.23,1.03,-1.08,0.43,,,-2.18,0.13,-1.2,-1.01,1.13,3.91,-0.22,-2.74,1.65,3.06,-4.35,0.07,-2.1,2.11,2.96,0.25,-0.38,-1.58,-2.71,-0.45,-1.21
1949-07-31,3.41,5.59,,7.29,3.1,5.22,0.66,5.9,8.96,3.88,,12.83,5.34,4.6,5.51,5.9,7.31,8.11,7.86,,5.07,7.08,9.14,2.53,4.87,,,3.3,6.51,6.24,4.72,2.41,10.0,2.44,9.27,7.55,3.13,11.35,5.49,3.99,4.4,5.21,4.24,6.63,4.17,2.05,7.19,9.78
1949-08-31,3.01,4.7,,4.5,3.51,2.24,-0.13,4.62,4.11,2.76,,14.82,-1.35,3.21,4.84,2.17,2.45,1.18,-0.31,,2.66,0.87,1.82,0.24,0.52,,,2.44,2.95,5.54,3.68,0.97,2.7,5.66,-0.45,1.2,1.77,0.74,5.95,0.73,3.31,1.47,-1.32,2.18,0.81,6.52,3.94,0.07
1949-09-30,0.25,2.64,,5.67,2.69,3.48,1.35,4.56,3.17,4.31,,3.68,1.64,4.93,0.04,2.77,2.83,10.85,3.56,,3.28,3.52,2.38,5.43,1.73,,,1.7,3.51,3.02,4.06,1.21,7.85,2.67,4.19,6.12,2.94,3.19,4.73,2.8,4.49,2.16,2.1,4.14,6.8,5.05,8.64,4.94
1949-10-31,4.6,1.88,,2.83,-1.4,2.73,3.72,2.6,8.96,4.18,,4.21,3.27,4.16,6.36,1.39,3.39,1.88,5.09,,2.95,2.66,7.2,4.44,2.13,,,3.72,-0.65,3.78,1.31,1.88,3.96,1.86,7.96,6.61,1.65,8.68,4.6,0.88,0.98,0.62,2.22,4.45,6.94,6.61,2.63,1.38
1949-11-30,2.6,1.82,,4.51,2.17,2.61,0.21,-5.56,3.91,-0.69,,4.73,4.81,5.04,-0.26,0.68,4.39,3.28,2.65,,-0.38,4.04,4.57,-0.03,-1.14,,,-0.07,4.01,-2.97,3.28,1.67,0.39,-0.07,0.52,4.08,8.11,1.17,2.74,0.89,1.1,2.18,3.16,4.05,0.78,5.09,2.82,3.86
1949-12-31,5.47,5.92,,4.35,2.46,16.18,9.95,6.61,5.84,4.94,,14.99,7.93,5.88,0.5,7.05,7.05,16.07,6.33,,5.88,9.34,8.83,9.06,4.91,,,1.66,-2.48,1.16,3.25,1.58,5.0,7.64,13.82,3.64,3.63,7.86,8.69,8.22,4.32,4.81,5.52,3.34,10.58,1.9,7.48,2.89
1950-01-31,3.6,1.41,,3.65,-0.85,1.62,-0.85,3.23,2.56,0.08,,1.17,1.05,0.93,10.17,3.21,-0.33,5.99,3.69,,1.64,5.44,1.66,5.3,4.85,,,4.19,3.55,-0.72,3.75,1.86,-0.22,2.59,4.25,11.27,0.26,3.13,3.56,4.69,0.91,0.38,1.64,2.29,-1.65,-2.4,2.85,2.37
1950-02-28,3.03,1.49,,-1.07,1.42,5.76,-8.32,0.89,4.14,-5.04,,2.96,1.78,0.97,4.89,-4.57,1.71,1.04,3.38,,0.37,4.37,3.71,8.7,1.51,,,-0.51,-3.04,-0.49,2.4,0.66,-2.73,-3.25,0.64,7.64,2.8,3.29,-0.54,1.69,1.61,2.42,2.05,5.23,1.24,0.47,2.54,5.08
1950-03-31,0.63,0.1,,-0.29,-0.66,-6.68,-1.15,-5.33,-0.33,-0.46,,0.21,-3.34,3.58,-7.24,-4.79,0.97,-1.45,-1.52,,-1.12,4.07,1.59,-3.09,-3.56,,,-2.25,0.96,4.92,0.56,4.6,4.02,-1.55,2.82,-1.11,-4.15,-2.74,2.51,-0.81,-0.51,-0.17,-1.89,-0.63,1.37,-5.28,0.2,3.56
1950-04-30,0.43,-0.46,,2.7,-2.83,0.53,3.71,3.71,8.05,1.51,,-4.74,6.95,9.42,6.36,7.51,4.41,4.16,7.59,,2.75,6.71,10.4,16.01,2.08,,,4.13,-3.29,3.34,0.94,2.37,-1.59,1.8,-1.34,14.6,3.35,9.63,7.49,1.06,-0.4,-0.35,6.4,-0.93,-9.29,7.17,3.88,-1.1
1950-05-31,6.88,1.71,,-0.19,0.49,5.23,-5.15,-1.15,5.23,6.51,,15.17,2.57,7.46,0.9,3.28,4.41,0.92,6.16,,4.12,0.35,6.97,-3.81,3.91,,,2.69,7.96,8.79,1.83,1.97,15.47,1.66,1.77,-2.13,-2.04,3.64,7.43,0.28,5.26,3.03,-0.22,2.71,11.91,2.56,4.01,5.05
1950-06-30,-4.5,-7.01,,-2.17,-4.49,-9.9,-5.82,-7.81,-8.49,-5.33,,-8.63,-3.58,-6.7,-9.26,-4.9,-8.56,-13.17,-4.17,,-5.87,-7.8,-3.95,-3.05,-8.38,,,-6.24,-7.65,-4.38,-7.69,-4.34,-7.79,-6.1,-9.69,-5.59,-6.94,-4.66,-11.06,-6.37,-7.35,-4.29,-4.45,-10.2,-4.77,-11.21,-6.31,-8.26
1950-07-31,-6.85,-1.75,,6.02,-1.9,-4.14,5.85,-5.31,-2.17,5.94,,-0.6,-7.79,-3.8,2.45,16.88,-7.2,-3.65,12.15,,4.94,-1.59,-1.1,15.92,20.1,,,3.35,20.59,8.64,-5.23,-1.33,4.68,-3.91,-6.86,-4.56,-2.66,-3.61,0.88,16.19,3.81,-1.2,-0.35,-12.66,-8.95,0.6,2.71,-10.24
1950-08-31,18.32,3.44,,3.18,0.34,5.54,2.58,12.68,10.79,3.53,,1.96,3.92,7.75,3.13,2.8,6.68,7.19,4.75,,4.59,3.9,8.89,-3.13,-0.46,,,8.39,4.94,4.33,3.45,2.56,5.17,5.48,8.73,3.93,6.93,5.41,11.0,0.05,11.82,3.98,5.14,6.12,5.45,8.31,2.13,5.75
1950-09-30,2.52,4.05,,10.13,4.77,7.45,11.33,20.01,3.46,5.96,,10.55,5.56,4.21,6.77,4.53,8.67,6.41,3.23,,7.09,4.68,8.41,-1.85,1.89,,,9.37,3.21,3.54,4.53,-0.48,2.37,9.22,4.75,6.82,6.57,12.89,6.05,4.26,5.26,8.75,6.51,11.57,11.19,5.56,4.56,6.99
1950-10-31,-0.33,-0.45,,-1.19,0.15,-0.98,-6.41,0.89,-0.84,-0.26,,-2.54,-1.66,-0.85,-0.25,-0.47,-1.55,-6.31,4.0,,-0.77,-1.39,0.4,-0.02,5.99,,,-1.96,-2.67,0.34,-0.75,0.21,-2.0,-1.21,0.03,-4.75,-3.32,-3.89,0.36,-0.76,-3.65,1.12,-1.78,-5.52,3.78,5.22,1.01,0.3
1950-11-30,-5.02,0.13,,3.17,-1.76,-2.24,-1.21,-4.44,1.05,3.34,,12.12,3.61,7.66,7.34,2.25,4.49,1.93,5.26,,3.14,0.52,-2.11,8.58,2.78,,,7.5,4.91,5.35,-1.19,-0.24,-2.27,-0.02,1.66,7.95,12.49,7.48,6.94,4.17,3.6,0.99,1.55,0.14,2.87,4.48,5.17,-0.51
1950-12-31,-1.68,1.94,,6.41,-1.38,2.2,0.93,3.16,1.61,6.4,,9.32,5.6,6.2,3.57,12.49,2.97,6.73,7.65,,10.02,5.08,2.32,13.07,8.36,,,8.73,13.85,8.61,3.61,1.9,2.56,2.09,2.93,3.35,0.66,4.81,6.25,15.96,4.15,2.71,3.8,-3.9,6.06,4.88,11.47,2.86
1951-01-31,14.16,3.11,,8.75,3.72,10.93,4.13,6.85,7.65,2.22,,3.97,2.96,4.32,6.77,3.72,8.06,10.18,8.48,,6.39,10.44,9.01,1.92,5.18,,,6.13,4.02,6.34,5.05,1.87,2.78,8.89,7.21,4.7,-2.21,8.7,5.08,8.2,5.26,3.49,7.62,4.84,-8.11,13.89,4.44,10.84
1951-02-28,2.6,1.67,,-3.4,-0.79,0.5,5.05,-1.64,1.5,2.46,,-5.13,2.53,2.64,4.39,2.65,3.05,10.03,-2.34,,1.71,1.3,2.95,3.08,-0.62,,,0.2,0.26,0.97,3.13,4.11,0.63,0.74,-0.81,7.11,0.14,3.2,1.72,-2.29,-1.53,3.42,2.7,5.71,2.86,-3.13,-0.57,0.68
1951-03-31,0.6,-1.57,,-4.75,-1.58,-2.72,-5.95,-3.3,-3.19,-4.94,,-2.8,2.38,-1.76,-2.49,-9.32,0.82,-7.47,-5.16,,-4.53,-0.3,0.91,-8.57,-6.77,,,-4.17,-6.03,-2.31,-1.4,-1.09,-1.02,-3.22,-1.72,-0.97,-2.57,-3.39,-1.85,-3.67,0.49,-2.24,-3.78,1.72,2.59,-1.75,-1.36,0.27
1951-04-30,1.12,0.31,,5.03,-0.59,3.47,1.26,2.21,1.38,1.11,,5.96,11.05,8.3,4.92,2.25,3.86,2.76,6.57,,4.68,2.9,4.33,5.36,5.73,,,6.14,-2.52,11.04,0.22,0.84,-0.27,2.6,2.94,8.24,3.46,6.08,8.99,3.6,0.12,0.41,-1.57,1.05,0.48,-1.37,7.99,2.92
1951-05-31,0.16,-1.37,,-0.14,-2.13,-1.48,-4.75,-7.01,-2.08,-2.25,,-0.16,1.8,-0.32,-1.19,-0.63,-4.32,-0.26,-3.77,,-2.58,-3.39,-5.03,-3.3,-1.71,,,-3.09,-0.66,-3.08,-0.04,-0.4,1.16,-4.03,-0.04,-3.75,-3.65,-0.98,-2.96,-3.92,7.54,-1.79,-5.4,-0.11,-1.14,0.64,-2.95,-0.88
1951-06-30,-3.98,-3.36,,-2.56,-3.68,-5.05,0.54,-7.89,-8.44,-2.6,,1.02,0.81,-0.69,-0.13,-5.32,-2.11,-7.49,-8.23,,-4.93,-1.68,-6.67,-8.94,-8.5,,,-4.7,-0.2,1.11,-0.42,-0.19,-2.81,0.15,-2.27,5.11,-2.26,2.82,-2.16,-7.89,-7.29,-2.43,-5.04,-0.37,2.29,-0.61,-0.99,-2.15
1951-07-31,2.47,3.26,,5.26,3.07,4.04,7.61,2.67,7.34,1.06,,8.44,15.27,8.14,8.02,2.36,7.46,3.65,9.7,,6.59,5.02,4.36,10.69,8.55,,,6.79,5.23,11.46,5.31,2.8,0.01,1.08,7.25,5.08,6.47,1.23,6.97,8.5,11.44,2.37,3.81,7.18,2.15,-0.56,6.6,3.87
1951-08-31,6.71,3.01,,2.73,3.45,4.36,6.37,4.81,2.54,3.08,,4.71,-2.18,2.34,5.76,4.24,4.95,1.2,9.85,,4.73,7.29,7.18,4.99,2.08,,,9.83,8.03,5.74,2.13,2.64,0.86,3.15,4.24,1.03,3.58,5.79,3.57,1.46,3.38,2.6,5.23,3.16,1.76,3.49,5.99,1.62
1951-09-30,-6.32,0.06,,4.06,0.27,5.97,10.17,-2.27,0.37,-2.38,,-2.8,-1.7,-1.29,1.44,-2.25,0.96,9.67,1.3,,1.85,3.54,2.52,4.64,2.39,,,5.99,5.15,-0.85,1.33,-0.06,1.08,0.17,-0.61,-1.18,9.69,7.91,-1.64,3.62,16.97,2.6,-0.33,0.85,3.89,-1.85,0.61,-0.33
1951-10-31,-7.53,-2.9,,-3.57,-2.36,-2.58,-3.69,-0.67,-2.76,-0.71,,-9.87,-5.47,-7.57,-2.76,-3.31,-1.96,-1.06,-1.5,,-2.37,-6.44,-2.03,-1.71,-1.33,,,-5.12,-1.56,1.21,0.7,-1.08,0.93,0.22,-4.06,-6.21,-9.33,-3.14,-3.46,-4.11,-9.47,-2.71,0.51,1.06,-5.98,3.72,-3.12,-8.39
1951-11-30,-0.39,-0.03,,-1.67,0.33,1.51,-0.4,1.15,-0.61,-0.77,,-5.37,0.13,0.12,3.6,1.1,-0.52,-0.4,1.21,,1.71,1.92,1.52,-2.6,-0.22,,,2.07,4.12,-0.84,1.66,0.5,0.38,2.58,0.37,1.57,8.89,2.37,1.6,2.21,0.97,1.58,1.75,5.05,-4.83,5.13,4.79,2.3
1951-12-31,5.57,1.87,,2.72,0.82,-0.21,-2.33,-1.78,2.4,1.25,,1.42,5.59,8.37,1.67,1.36,3.2,3.71,0.44,,3.79,4.81,3.54,1.95,0.26,,,-1.73,-0.77,4.8,3.28,0.87,0.93,-1.72,6.1,9.03,2.83,5.42,3.2,1.67,-0.66,-0.26,0.6,3.45,9.48,-1.88,7.72,3.92
1952-01-31,-0.99,1.05,,-4.04,5.21,4.69,-0.78,1.13,0.49,1.33,,1.32,0.57,-3.33,0.8,-5.12,0.08,2.97,3.04,,0.7,-1.09,-1.31,4.47,1.48,,,4.78,4.97,6.62,3.08,0.18,6.82,-1.73,-2.87,-6.22,-1.29,-3.74,0.93,3.72,0.48,-0.61,3.61,-0.12,2.69,2.45,5.29,2.12
1952-02-29,-5.52,-0.62,,-3.36,-2.65,0.02,0.08,1.01,-0.33,-3.72,,-10.37,-3.55,-3.4,-5.35,-3.66,-2.08,3.19,-6.18,,-2.53,-3.86,-0.27,-4.49,-2.28,,,-5.08,1.3,-3.49,0.69,-0.62,-4.19,-3.45,-3.74,-1.28,-0.75,-4.64,-2.16,-1.68,-3.27,-3.82,0.07,2.61,-4.59,-0.62,-1.02,-5.6
1952-03-31,5.56,0.91,,-0.19,1.87,-1.06,1.03,3.22,2.2,2.97,,2.6,0.21,3.33,3.45,4.0,3.41,3.44,1.86,,3.16,7.75,8.85,1.06,1.93,,,2.0,0.38,8.84,2.23,1.27,-0.63,3.73,1.65,4.26,-0.69,1.49,2.52,8.35,-0.96,2.79,5.04,4.47,3.55,7.38,3.5,3.42
1952-04-30,-2.64,-1.92,,-9.32,-3.83,-5.04,-6.0,0.0,-5.4,-3.25,,-8.61,-5.16,-7.28,-4.87,-5.09,-4.01,-1.11,-7.82,,-4.46,-3.78,-3.87,-6.52,-0.38,,,-5.79,-8.03,-7.65,-1.8,-0.75,-2.66,-4.17,-2.03,-4.88,-2.89,-9.28,-5.52,-3.39,-5.88,-1.6,-1.55,2.23,-0.63,-3.95,-5.05,-3.37
1952-05-31,4.8,2.11,,1.74,-0.47,5.27,-9.5,4.08,-0.48,1.82,,6.74,2.07,6.66,-0.94,5.04,3.73,3.8,2.53,,2.91,3.07,4.16,7.35,2.14,,,2.43,4.87,3.5,2.99,1.03,-0.34,1.74,3.7,4.45,0.82,0.93,2.88,4.4,3.64,2.56,1.33,1.73,4.77,3.7,2.71,1.33
1952-06-30,1.59,2.37,,2.65,3.72,3.98,0.61,-1.28,2.32,2.69,,1.66,-1.25,3.97,0.07,5.69,1.82,6.83,5.76,,1.86,6.67,6.21,7.3,2.78,,,4.25,2.11,5.5,1.1,2.07,-0.28,2.43,6.37,7.44,1.17,3.8,4.53,5.08,2.5,3.1,1.12,3.15,4.62,4.2,1.49,-1.18
1952-07-31,-3.15,1.01,,5.66,-0.81,0.11,-1.51,3.58,2.06,3.09,,-3.62,-4.49,1.27,3.14,-1.88,1.21,0.75,3.3,,3.89,1.44,2.41,0.44,1.17,,,1.55,0.51,-1.04,2.03,0.25,-3.42,1.01,0.4,-2.27,3.82,4.66,3.65,0.69,-0.77,2.18,-0.54,5.15,0.02,1.96,1.11,4.62
1952-08-31,3.85,1.04,,0.07,1.53,6.7,5.01,-2.41,0.08,-1.64,,3.15,-0.99,-1.6,2.77,-0.21,-1.06,2.19,-2.36,,-2.05,-0.07,1.53,1.21,-1.34,,,0.3,-0.88,-2.7,1.82,0.89,-2.74,0.53,-0.66,1.29,-0.73,0.36,-1.43,-0.34,-1.85,-0.26,3.82,-1.0,0.44,11.54,-2.29,1.16
1952-09-30,-6.37,-1.08,,-12.61,-0.61,-2.88,-1.15,-0.85,-0.9,-1.04,,-1.59,-4.42,-1.7,-4.24,-5.59,-1.62,-6.3,-3.86,,-1.7,2.27,-0.95,-1.78,-1.3,,,-2.49,0.53,-4.37,0.33,-0.35,-0.21,-1.01,-1.26,-4.1,-0.26,-6.17,-0.25,-1.9,-4.3,-0.57,1.21,1.1,1.57,3.9,-1.13,0.89
1952-10-31,-4.88,-1.27,,-2.36,7.19,-0.93,-7.18,0.11,0.99,-3.18,,-5.25,-0.9,-2.08,-2.44,-7.16,-2.11,0.31,-1.56,,-2.0,-0.59,1.31,1.74,-1.18,,,-4.98,-2.13,0.41,0.34,0.92,2.88,0.41,-0.5,4.04,-5.49,0.37,-1.8,0.54,1.36,-1.27,-0.58,-2.38,-3.03,-2.65,-4.29,-5.76
1952-11-30,2.75,5.04,,9.68,8.3,5.39,9.47,6.52,5.26,7.32,,4.7,7.56,10.14,7.46,5.83,7.34,3.13,7.85,,7.29,10.55,7.56,5.14,6.74,,,6.17,9.74,1.98,5.09,4.07,-2.93,1.64,5.65,13.71,5.98,5.58,8.57,7.47,4.31,4.65,0.11,8.86,8.95,4.95,6.4,8.36
1952-12-31,1.86,1.52,,-0.46,0.42,4.86,6.96,2.13,1.17,0.57,,1.03,-2.32,1.68,-0.65,4.25,2.76,1.9,4.23,,2.36,2.53,7.06,3.24,0.69,,,2.12,-1.81,4.64,2.01,0.88,-1.94,2.55,5.68,4.7,1.66,-0.54,3.24,3.76,2.09,1.24,5.13,1.75,-0.41,7.84,8.16,0.34
1953-01-31,-1.05,3.09,,0.3,4.74,1.94,0.12,2.9,0.63,0.48,,-6.01,-5.01,0.2,2.18,-2.77,1.01,-0.48,1.42,,-0.16,-3.34,-0.44,7.82,4.08,,,-0.26,2.03,-3.06,0.92,1.0,1.75,2.93,-0.24,-1.76,0.05,-0.64,-1.42,1.75,-0.19,0.86,3.38,1.0,1.98,3.48,-1.77,2.29
1953-02-28,-5.54,1.32,,0.21,5.26,2.1,4.43,7.38,-0.67,3.71,,3.43,1.9,-2.63,-0.16,1.64,0.04,0.32,-0.39,,-0.7,0.34,-1.18,1.47,1.93,,,3.31,-0.59,0.35,0.51,-0.4,0.12,1.26,1.19,-4.79,2.05,-4.04,1.63,-1.15,-1.55,-0.09,2.96,0.2,-2.48,0.24,0.23,-2.06
1953-03-31,4.04,-0.96,,-1.57,-4.47,7.07,4.52,-0.68,-0.58,-1.99,,1.08,-0.32,0.06,-0.96,-4.92,-0.26,-1.64,-4.74,,-0.72,-1.65,-4.55,-5.72,-1.58,,,-3.96,-6.62,-0.47,0.15,-0.44,4.41,0.28,0.4,5.28,0.39,-5.75,-0.77,-2.4,-1.72,-0.47,1.3,-1.21,-1.04,2.64,3.34,2.8
1953-04-30,-3.54,-0.28,,-3.73,4.5,-2.64,-2.52,0.73,-3.3,-1.26,,-4.92,-5.4,-3.34,-0.99,-2.78,-2.07,-2.81,-2.04,,-1.77,0.81,-2.06,-4.23,-3.86,,,-2.06,-6.81,-5.16,-2.96,-1.04,0.45,-4.13,-4.66,-3.11,0.96,-3.45,-2.0,-2.91,-3.29,-0.67,-0.9,-3.34,-3.26,-1.42,-6.27,-1.49
1953-05-31,-0.42,0.41,,0.8,-0.17,3.66,-0.84,-1.04,0.08,0.56,,0.65,-0.14,0.0,1.82,-0.39,0.05,1.44,0.02,,-0.4,0.99,-0.27,2.69,3.72,,,-1.81,-0.35,1.85,-0.14,0.37,9.62,1.59,3.22,4.69,-2.08,-0.94,1.44,2.76,0.24,1.57,-0.11,1.44,-5.55,2.99,2.0,2.3
1953-06-30,2.46,-1.93,,-0.93,1.36,-5.39,-1.07,-4.64,-4.72,-1.53,,-1.23,-3.59,-1.26,1.24,-0.37,-4.47,-4.61,-2.8,,-4.16,-1.87,-2.99,-3.01,-3.99,,,-3.98,-3.45,-0.03,-2.82,0.51,2.85,-2.08,-2.9,-4.48,-0.58,-4.03,-0.59,-1.26,-6.16,-1.95,-3.39,-3.66,-0.97,-3.06,-2.93,-2.19
1953-07-31,1.4,2.56,,3.66,4.68,3.14,3.17,-1.51,5.61,0.16,,6.57,3.26,2.75,1.98,1.36,2.41,1.82,3.35,,0.62,2.42,0.6,-0.32,0.65,,,1.16,0.41,3.98,3.41,0.94,-0.9,0.37,2.27,2.45,1.74,0.79,3.53,1.47,0.19,2.09,1.32,0.42,0.75,1.97,2.39,0.25
1953-08-31,-3.04,-2.62,,-2.5,-5.69,-6.22,-6.41,-8.2,-3.74,-1.21,,2.31,-0.28,-2.79,-1.04,-5.25,-4.3,-4.08,-8.1,,-6.44,-6.03,-6.64,-2.24,-5.13,,,-6.77,-7.16,-6.43,-0.36,-0.84,-0.59,-2.12,-1.33,-3.84,-0.69,-7.09,-5.22,-8.73,0.22,-2.43,-8.62,-0.28,-1.18,-2.41,-6.33,-1.08
1953-09-30,-3.92,0.46,,-2.69,3.67,-1.13,-3.18,2.73,-1.57,-1.66,,-1.1,0.65,1.8,-1.28,-2.3,0.83,1.88,-0.47,,0.43,5.03,-0.39,3.96,-4.01,,,-0.72,-3.46,-1.9,1.64,1.78,0.1,-0.48,-1.74,4.31,2.36,0.55,3.98,-1.69,-2.04,0.24,-0.56,2.03,3.26,-5.19,-1.95,-0.95
1953-10-31,-5.79,1.88,,3.08,-1.95,4.63,2.12,11.31,6.53,1.92,,4.41,2.4,4.51,11.99,0.37,6.08,4.33,8.27,,4.33,8.61,8.02,6.04,5.34,,,3.37,1.54,5.69,4.47,1.39,5.41,1.12,1.2,8.96,8.32,6.81,7.01,3.62,1.31,0.85,0.22,5.37,-0.42,11.24,5.36,1.0
1953-11-30,-0.52,3.23,,4.62,-7.95,4.18,12.1,2.54,4.41,0.63,,7.65,8.08,4.77,1.07,-0.82,4.38,3.6,2.05,,3.08,6.9,0.85,5.61,3.94,,,-0.57,3.22,1.98,3.0,2.27,3.17,0.96,1.8,3.1,0.55,0.59,7.14,2.0,1.62,3.53,2.22,4.65,8.16,-2.15,2.18,5.37
1953-12-31,-0.02,1.36,,-1.45,-4.57,-2.22,3.59,-0.41,-0.19,-1.2,,-3.38,-1.05,0.83,7.47,-3.2,1.55,-3.93,-0.87,,-0.24,-0.69,-0.76,3.14,-0.89,,,-3.54,-4.69,0.5,0.69,0.53,5.2,4.71,5.8,0.51,1.36,-3.29,1.33,-3.76,-0.51,1.33,-0.89,1.84,-0.62,1.69,-1.24,3.69
1954-01-31,8.09,3.7,,6.54,2.07,3.53,3.21,8.51,4.15,2.8,,4.0,5.88,1.04,8.58,7.73,6.39,6.39,7.56,,8.09,7.15,5.65,8.26,7.37,,,8.19,9.49,8.63,3.32,1.89,-0.83,1.07,6.27,3.78,6.95,15.45,3.79,7.93,7.66,3.09,6.13,5.45,-1.51,5.62,4.94,3.48
1954-02-28,0.67,-0.04,,-0.25,-3.44,-1.06,3.31,5.96,-0.4,1.93,,0.26,-0.25,0.09,-1.43,1.76,2.29,-0.34,0.31,,2.5,5.5,1.53,7.18,3.12,,,4.32,-6.81,2.92,1.59,2.58,-0.12,1.99,4.37,2.66,4.02,-0.78,1.54,0.96,2.99,0.29,1.31,0.98,4.89,1.91,0.95,4.33
1954-03-31,1.76,2.96,,-3.51,0.28,2.87,5.13,1.74,5.14,1.77,,-1.63,0.55,4.54,1.07,-2.75,1.69,3.27,6.08,,1.75,7.13,3.74,16.25,3.57,,,3.42,0.8,4.31,2.96,1.72,4.04,2.8,17.58,10.38,5.65,1.74,6.41,-0.27,-0.76,0.46,-2.22,4.93,3.47,-0.63,5.67,1.8
1954-04-30,3.91,0.82,,-0.49,4.03,4.88,0.04,7.32,3.86,-0.46,,-3.62,1.86,6.65,12.47,-5.34,3.69,4.58,6.59,,5.37,12.45,3.57,0.0,1.31,,,3.08,-1.99,6.22,1.25,1.96,0.14,2.75,1.6,4.49,3.75,3.47,8.07,1.76,1.41,1.59,1.99,3.71,6.93,-0.65,6.83,0.73
1954-05-31,-6.93,2.2,,5.81,-0.48,0.36,4.3,3.97,6.18,4.03,,8.41,0.72,3.6,-0.59,12.96,3.15,3.37,6.99,,4.67,-3.45,4.3,7.4,6.09,,,7.56,8.21,2.95,2.64,1.23,5.43,0.96,6.02,4.71,6.17,6.71,2.65,5.36,0.95,2.96,7.25,-0.04,0.41,-0.84,3.62,0.96
1954-06-30,11.5,2.41,,-2.23,-9.29,0.36,1.32,3.01,5.32,2.23,,3.46,-3.28,3.79,-2.22,2.62,5.71,2.8,1.41,,2.21,13.08,1.63,4.08,2.7,,,-0.78,3.49,-5.95,1.29,0.55,3.5,1.93,3.86,9.63,0.65,8.35,5.51,1.22,5.09,2.4,8.86,3.37,4.32,4.29,1.28,1.04
1954-07-31,-0.96,5.98,,9.08,8.07,9.03,7.29,5.26,1.97,6.88,,-2.48,9.78,2.28,-0.47,8.47,5.62,5.84,7.96,,5.07,-1.33,10.2,15.97,7.04,,,5.43,0.95,4.21,5.42,4.36,1.61,4.19,2.4,1.7,-0.7,9.26,5.63,6.64,5.95,4.12,9.74,10.46,7.88,13.2,3.72,4.42
1954-08-31,-2.98,-3.05,,0.18,-1.38,-5.55,8.83,-0.03,2.29,-3.98,,-1.68,-2.69,-3.41,-2.1,-4.24,-3.41,-7.03,-6.36,,-2.99,-5.24,-3.71,2.83,-2.18,,,-4.3,3.68,0.53,-1.73,-1.42,0.8,-0.24,-3.84,-5.49,-2.36,-1.69,-4.6,-4.14,-1.41,-0.2,11.92,0.69,-3.13,-2.99,-0.34,0.66
1954-09-30,4.79,3.42,,2.24,5.65,4.04,6.13,4.49,5.53,2.65,,5.7,2.44,7.26,0.94,5.07,6.25,-1.19,7.67,,5.71,7.35,13.82,2.89,3.04,,,8.71,7.62,10.04,2.01,2.5,9.75,0.68,6.12,-0.15,3.62,8.75,5.37,3.75,1.78,4.97,9.23,4.37,0.13,6.3,2.73,7.18
1954-10-31,-0.5,-2.56,,-1.21,-2.66,-5.93,-5.84,-3.62,-1.17,-0.24,,0.71,-1.94,-4.39,-1.24,-1.75,2.7,-1.05,0.26,,1.7,-2.77,-0.41,0.72,-0.85,,,-1.14,-5.28,-1.96,-3.81,-0.85,1.84,0.04,3.04,-2.18,-5.35,3.93,-0.53,2.66,-2.99,-2.52,-1.32,0.78,-7.46,2.97,-1.76,2.42
1954-11-30,7.96,6.22,,6.87,2.99,5.19,9.11,5.89,7.67,3.96,,11.78,12.72,14.85,8.47,10.28,15.1,5.37,15.49,,9.8,9.85,5.72,9.26,10.97,,,11.35,20.43,7.99,5.68,3.43,4.97,3.45,18.43,20.88,22.39,14.04,11.85,11.72,8.19,8.45,4.24,9.75,10.52,1.98,12.12,5.5
1954-12-31,5.3,2.22,,8.29,7.51,6.48,11.01,3.55,2.91,4.91,,1.96,6.73,3.74,5.38,7.41,2.26,10.91,12.27,,6.2,4.24,7.67,17.57,8.33,,,3.76,10.2,6.44,3.54,1.58,8.13,6.8,-0.84,1.07,4.07,3.33,5.59,12.12,5.28,2.01,14.14,2.62,9.02,12.0,8.95,2.71
1955-01-31,-5.69,0.86,,-3.98,1.33,2.97,-2.33,-1.16,-1.12,1.66,,-4.32,-2.7,-2.76,6.34,1.46,0.16,-0.67,3.4,,0.01,4.4,0.77,9.07,7.95,,,3.29,-3.45,0.44,1.46,0.8,2.24,1.1,3.24,-2.9,0.79,0.4,-4.1,0.85,-1.42,1.85,3.86,0.21,-1.24,7.01,0.43,-3.03
1955-02-28,3.75,1.61,,1.64,-0.91,11.59,0.19,5.53,4.47,2.78,,-2.8,3.59,4.51,12.84,1.41,3.12,4.24,4.43,,4.22,4.52,-0.99,2.72,6.34,,,-0.05,7.4,2.38,3.64,3.99,9.76,3.2,4.47,5.47,3.49,8.29,4.52,5.78,0.66,1.29,1.91,-0.17,0.16,-8.66,5.46,4.06
1955-03-31,-0.76,-0.2,,-2.14,-0.15,-1.5,-3.47,-3.89,-1.95,1.1,,1.13,6.71,-1.1,-2.0,-5.26,0.72,-2.6,2.97,,0.52,-3.2,0.11,-7.37,9.94,,,8.79,0.23,-0.24,-0.74,-0.19,-4.44,-2.96,4.85,-0.89,0.99,6.4,0.67,0.0,-2.38,-1.36,-0.79,-0.12,4.18,1.24,1.38,-2.2
1955-04-30,4.26,4.2,,-1.41,8.79,3.36,6.61,0.59,2.2,0.03,,3.73,-0.42,8.05,-2.66,2.64,5.04,-0.01,2.67,,1.67,4.25,5.38,-6.88,-8.77,,,-0.09,-2.14,0.58,2.56,1.97,-3.79,0.4,6.07,6.61,10.05,-1.12,5.1,6.19,2.28,1.79,8.19,-0.6,-0.58,-2.55,-2.56,11.34
1955-05-31,3.47,-0.52,,2.96,-2.16,-5.3,2.12,-3.8,0.12,0.71,,6.6,2.8,5.37,-0.69,0.19,2.32,-0.46,2.09,,-0.95,-0.39,-0.65,-0.38,-1.12,,,6.0,8.66,-0.69,-0.15,1.29,-5.01,2.56,-1.69,10.29,2.65,5.28,3.64,0.6,0.33,3.25,0.46,5.91,-2.37,-3.19,0.34,-4.24
1955-06-30,1.92,2.82,,3.4,-1.29,1.77,4.04,8.45,2.36,3.25,,6.48,-0.52,12.28,1.95,5.82,4.0,0.01,12.46,,4.82,3.2,9.47,-1.62,2.62,,,0.55,9.6,11.22,1.67,0.69,0.43,3.59,3.9,-2.65,-0.07,17.89,11.28,1.71,0.54,4.7,0.34,-0.99,5.32,4.2,8.79,-2.01
1955-07-31,-3.29,1.27,,0.53,7.3,0.02,-0.13,-0.31,1.9,3.29,,-0.24,0.17,-2.05,6.42,2.88,0.11,0.43,0.47,,-0.39,-3.03,17.46,-1.44,-2.93,,,-4.37,-2.67,2.82,3.68,2.61,2.55,1.02,-0.21,-9.33,-2.76,-9.81,-3.2,-1.43,2.95,1.97,5.14,-0.42,-3.07,0.28,-0.44,-3.45
1955-08-31,0.0,-1.27,,-0.27,1.67,0.81,-1.5,-4.3,1.41,-0.61,,-5.0,0.76,2.47,16.16,-1.46,1.14,2.8,6.24,,0.27,2.1,-3.34,9.53,1.58,,,6.42,5.79,-1.15,0.05,-2.44,1.87,-0.59,-4.06,3.78,2.5,0.99,-0.88,-0.57,-1.6,1.85,-1.83,2.0,-1.65,-3.52,0.43,-0.02
1955-09-30,-4.41,-2.84,,-0.81,3.23,-7.41,-4.81,-2.25,-3.09,0.21,,-8.36,-2.61,-2.64,0.57,-1.38,0.58,-1.83,0.67,,-0.15,-5.81,9.22,-2.44,-2.99,,,-3.8,-3.78,-0.35,-2.68,1.09,1.92,1.63,-2.62,-2.91,0.8,-1.67,-0.11,-1.78,-4.41,3.87,-3.67,-3.61,-4.35,0.13,-4.21,-1.54
1955-10-31,-1.94,-0.01,,-6.03,-0.37,-5.25,-2.84,0.87,-2.2,-1.31,,-3.54,1.27,-2.41,-3.11,-1.38,-2.94,4.57,-5.47,,-1.93,-6.19,-4.91,4.83,-1.53,,,-4.92,0.84,-1.0,-0.94,-1.15,-1.53,1.22,-4.42,-2.7,-2.45,-0.48,-2.8,-2.97,1.75,-2.7,-4.11,0.19,-3.6,-7.4,-1.73,0.08
1955-11-30,2.22,3.75,,3.26,3.82,5.77,2.0,9.62,3.2,0.35,,8.62,6.06,7.57,7.16,3.26,5.7,3.69,8.89,,9.11,12.25,9.42,11.82,10.85,,,10.55,11.01,8.6,3.4,1.63,1.38,2.75,7.06,7.61,6.06,4.09,7.96,10.86,1.46,6.31,1.3,0.2,15.18,6.93,4.52,-0.06
1955-12-31,0.2,1.0,,2.1,1.71,2.7,-2.56,5.06,-0.09,1.33,,6.23,6.23,2.32,2.25,0.6,2.58,2.82,2.08,,4.04,6.41,-2.95,8.21,6.31,,,-2.18,7.96,3.65,-0.12,0.87,3.4,-2.08,4.23,7.63,-2.26,8.16,3.29,-1.84,2.66,-0.99,4.45,1.94,0.69,2.88,2.66,2.13
1956-01-31,-2.76,-2.11,,0.37,0.21,-5.25,-5.44,-0.58,-3.54,-1.77,,-12.56,-5.88,-4.62,-7.01,-1.31,-4.56,0.15,-3.89,,-4.15,-5.71,-6.95,-6.84,-5.55,,,-2.67,5.86,0.49,-0.34,1.87,4.48,-2.39,-3.64,-7.89,-4.41,-0.02,-4.76,-2.28,-0.49,-4.69,-3.86,-4.26,-3.73,-0.74,-2.91,-0.04
1956-02-29,3.65,2.24,,0.07,-3.24,3.67,9.17,6.79,6.76,1.3,,11.48,7.98,4.03,1.52,0.34,5.36,-5.17,4.85,,5.6,6.11,5.42,4.63,1.9,,,6.86,12.1,4.2,1.94,0.16,1.22,2.53,5.45,11.06,7.13,4.81,7.76,2.37,5.85,2.66,-0.27,2.71,3.73,6.31,4.3,4.85
1956-03-31,0.41,1.88,,4.71,1.63,7.6,-1.36,3.95,4.27,0.26,,5.26,7.46,5.66,6.32,-0.49,11.97,1.1,9.94,,4.38,8.65,4.61,-0.68,3.27,,,1.67,9.41,11.46,3.77,1.43,9.26,1.47,17.45,15.34,6.42,11.94,10.85,7.0,2.39,0.28,2.77,3.06,8.26,24.76,6.88,9.84
1956-04-30,-2.91,-0.05,,2.18,7.05,5.27,2.29,3.93,-0.7,-1.63,,-6.48,3.66,-0.78,-2.12,-3.4,0.01,-0.21,3.63,,2.88,-2.56,-5.01,3.45,-0.4,,,-1.79,-6.25,3.73,-2.18,-0.88,-6.8,0.38,5.1,-4.05,5.88,-3.04,2.23,1.66,0.39,-1.95,-0.72,-1.13,-8.25,-8.06,3.95,-4.77
1956-05-31,-2.55,-2.73,,-3.86,-4.08,-2.95,-3.78,3.85,-6.0,-3.83,,1.86,-1.51,-5.9,-2.6,-5.79,-3.57,-2.27,-9.45,,-2.77,-7.56,-4.81,-5.65,-3.58,,,-7.22,-3.19,-6.44,-0.73,-1.06,-5.46,-2.2,0.32,-3.13,-5.52,-5.07,-4.12,-5.58,-2.75,-4.71,2.71,-2.83,-3.22,-6.9,-8.05,-2.49
1956-06-30,0.6,0.46,,1.88,0.66,1.49,1.05,5.9,0.85,1.44,,6.0,3.39,4.14,6.07,-0.58,4.52,4.41,4.99,,6.33,5.19,7.41,4.15,3.18,,,-0.13,10.4,2.65,2.36,1.28,5.4,0.59,12.1,11.84,4.88,-0.68,4.43,1.59,0.56,2.31,1.92,4.44,-2.66,1.3,-0.03,2.71
1956-07-31,1.0,2.6,,0.44,1.82,-0.22,1.49,7.14,3.12,0.34,,-0.33,3.41,2.74,0.54,0.53,5.62,7.35,10.87,,8.69,5.33,4.59,4.51,8.99,,,0.97,2.25,6.09,5.24,2.65,-1.52,0.55,4.68,6.79,5.76,12.05,4.54,2.16,3.54,4.71,4.61,2.35,2.62,7.19,2.63,-1.77
1956-08-31,0.79,-1.92,,1.89,-2.14,5.8,0.17,4.26,2.0,-0.99,,-4.82,-2.93,-3.68,-2.47,-2.62,-3.89,-3.84,-1.89,,-3.57,-3.04,0.47,8.5,-1.48,,,3.68,-5.87,-5.29,-2.49,-1.39,11.03,2.3,-5.03,-6.13,-2.4,-7.42,-7.47,-5.27,-0.35,-2.83,-2.72,-0.39,-5.99,-5.4,-3.73,-4.25
1956-09-30,-4.39,-3.22,,-1.73,-4.17,2.64,-4.3,-9.32,-4.23,-3.57,,-4.17,-3.66,-6.75,6.61,-1.96,-6.29,-4.12,-4.65,,-3.14,-6.88,-2.37,-4.96,-4.26,,,-4.88,-2.09,-5.86,-3.87,-2.82,-6.08,-1.27,-6.84,-6.45,-7.02,-13.22,-9.38,-4.08,-1.69,-4.58,-4.5,-5.1,-3.46,-0.87,-4.56,1.11
1956-10-31,-0.95,-0.27,,-2.0,2.72,7.09,-0.89,3.53,-2.08,0.17,,-3.02,0.89,0.83,2.02,1.62,-1.48,2.08,0.68,,3.43,3.33,-0.14,4.46,1.96,,,-0.86,8.03,0.42,1.13,-1.4,1.12,1.61,3.22,2.9,3.05,-4.74,1.65,1.98,2.32,1.28,1.54,-1.69,4.46,1.64,1.48,-6.06
1956-11-30,-1.3,-0.06,,-1.67,-1.08,8.87,-2.74,-1.03,-1.6,-1.0,,3.91,-1.79,-3.31,-2.58,-1.58,-3.59,5.86,2.39,,1.94,-1.38,-3.43,2.91,8.31,,,1.13,5.28,5.29,0.41,1.53,0.32,0.5,3.79,8.41,2.66,-4.89,-2.64,-0.49,3.0,-2.49,0.57,1.38,-3.17,0.5,3.17,-1.56
1956-12-31,1.16,0.9,,5.67,2.41,-0.22,4.67,-4.63,5.52,1.25,,3.03,6.34,5.27,7.31,-0.97,5.42,6.14,4.03,,6.64,3.81,2.27,3.71,4.26,,,2.37,-1.01,4.19,1.82,2.58,2.19,1.04,8.48,0.61,0.83,5.31,1.69,1.99,3.65,-0.7,0.08,1.17,3.47,4.47,0.85,4.54
1957-01-31,4.44,1.07,,-0.13,4.59,-4.47,3.78,3.02,-4.04,1.34,,-2.03,-2.29,-5.64,-1.22,2.32,-4.58,0.75,-9.56,,-2.0,-7.77,-6.46,-3.37,1.79,,,0.76,-4.94,-4.11,2.63,2.9,2.89,1.47,-3.49,-8.84,1.57,-6.07,-2.75,-2.19,4.92,-1.7,0.84,0.76,4.55,6.58,1.16,-4.91
1957-02-28,-2.06,-1.21,,1.37,-1.13,-0.56,-2.89,1.72,-2.44,0.47,,4.34,-0.75,-1.91,1.89,-7.3,-1.49,-1.7,-4.14,,-2.16,0.49,-2.1,-9.12,-0.9,,,1.19,-6.92,-2.2,-0.3,0.33,-0.03,-1.59,-1.81,5.0,-5.33,-1.37,-1.12,-4.25,1.09,-1.08,-5.06,1.14,7.24,-3.19,-3.93,-0.3
1957-03-31,5.78,1.14,,1.82,1.11,4.33,2.13,1.98,5.12,1.75,,4.48,8.57,2.54,5.55,2.2,1.7,4.78,2.22,,1.89,5.38,0.66,-0.78,0.98,,,5.08,1.33,3.19,1.69,1.52,3.42,0.96,3.94,9.28,2.09,-2.69,1.09,0.99,0.43,2.1,2.57,4.78,-2.55,-0.78,4.46,4.47
1957-04-30,1.37,1.73,,1.69,0.49,3.23,2.46,12.21,-0.48,-1.76,,1.64,5.76,5.48,-2.92,0.02,0.9,7.91,4.41,,2.92,7.84,7.99,-0.11,6.05,,,-0.7,-1.77,7.06,3.16,0.44,0.11,0.77,8.72,7.93,10.63,-3.65,0.98,2.53,0.72,0.09,3.31,3.41,5.78,4.1,7.28,0.5
1957-05-31,-0.53,1.07,,4.24,-0.89,6.89,3.29,8.31,-0.87,0.77,,0.55,5.16,3.54,2.06,4.81,5.46,2.1,2.18,,2.55,4.46,1.69,0.06,-1.24,,,-0.62,5.43,7.67,2.25,1.04,-0.46,-0.44,8.06,4.79,7.84,6.31,4.95,0.71,3.7,2.51,0.74,2.82,-1.65,5.17,4.03,-1.85
1957-06-30,2.43,-0.84,,0.88,-1.57,1.75,0.01,3.71,0.04,-1.64,,0.48,6.96,-0.11,0.34,-1.85,0.24,-4.19,1.36,,-2.33,2.82,0.27,-6.06,-4.77,,,0.02,-2.47,-1.74,-5.12,-2.11,1.49,-0.39,9.16,7.07,7.81,-0.73,4.55,0.41,-0.03,-2.07,-0.81,-3.35,-2.62,-3.99,-5.32,0.55
1957-07-31,-4.12,2.37,,-1.66,-0.48,5.88,0.05,0.89,4.86,-1.3,,9.93,2.06,1.61,-0.59,-0.59,1.66,1.57,-0.32,,-1.86,1.14,3.73,-5.27,-0.03,,,0.9,-1.09,1.03,0.01,-0.24,0.19,-0.25,0.97,5.07,-0.48,1.91,-0.7,2.2,0.11,3.13,1.17,0.17,-5.03,0.28,-0.1,-0.59
1957-08-31,2.72,-2.36,,-4.0,2.91,-7.75,-3.82,-5.88,-2.08,-3.16,,-6.94,-2.66,-6.68,-5.98,-7.02,-7.06,-6.06,-7.02,,-5.69,-6.52,-3.43,-0.8,-2.57,,,-5.97,-6.97,-5.74,-2.58,-0.12,3.65,-0.7,-6.9,-11.64,-8.03,-15.05,-5.57,-6.82,-9.17,-2.27,-3.65,-0.33,-6.37,-3.42,-4.86,-3.98
1957-09-30,-5.69,-1.34,,-5.23,5.36,-6.47,-5.13,0.1,-1.76,-2.26,,-1.47,-3.16,-6.51,-3.83,-5.42,-5.12,-6.18,-8.76,,-7.29,-6.69,-7.39,-9.81,-9.5,,,-10.03,-9.4,-7.96,-1.74,-2.25,3.25,-0.49,-4.69,-8.77,-7.94,0.25,-4.34,-7.8,-4.1,0.73,-2.56,-0.67,-4.1,-4.98,-6.92,-3.21
1957-10-31,-4.91,-1.66,,-2.1,0.99,-5.03,-11.51,-10.35,-2.87,-3.58,,-2.42,-0.55,-3.49,-3.72,-7.76,-3.85,-7.1,-7.62,,-6.43,-2.3,-3.41,-4.66,-2.58,,,-6.71,-4.72,-5.78,-0.7,-2.1,-1.56,-1.44,-2.61,-7.11,4.85,-8.4,-3.65,-7.28,-8.5,-3.63,-8.3,-1.34,-2.99,-11.09,-10.07,-4.18
1957-11-30,1.44,3.62,,5.26,3.89,5.15,3.81,1.67,3.79,-1.65,,5.62,8.86,4.94,2.02,2.58,4.59,11.65,-1.0,,-1.63,8.19,-3.94,16.13,5.1,,,-3.18,-1.46,2.48,4.4,1.49,5.23,0.41,3.97,11.77,2.58,8.92,6.55,-1.86,2.18,1.71,-2.77,6.08,4.36,0.51,2.7,-1.84
1957-12-31,-7.59,2.0,,-2.95,3.18,-3.16,-4.87,-2.77,2.9,-2.5,,1.22,-0.61,-3.26,-5.06,-7.43,-2.62,-8.81,-8.86,,-7.44,-4.72,-6.52,-6.3,-4.81,,,-7.28,-7.85,-6.97,2.56,1.26,-1.35,3.15,-0.93,-9.13,0.86,-5.11,-2.88,-6.62,-3.53,-1.62,-1.74,0.38,10.5,-5.75,-4.77,0.52
1958-01-31,9.72,6.68,,7.31,5.98,10.23,9.86,7.53,2.37,8.53,,8.61,-1.1,3.39,8.97,16.24,6.31,19.32,8.56,,10.66,3.51,3.64,4.25,7.33,,,8.73,9.06,1.49,6.06,4.26,3.95,2.58,5.53,0.24,4.26,10.33,4.66,13.01,4.63,7.67,11.81,7.84,2.36,4.94,11.48,4.33
1958-02-28,10.19,2.66,,2.89,0.34,-1.25,-0.32,-6.06,2.36,1.81,,-1.41,5.48,-3.78,-0.29,-1.68,-0.7,-3.92,0.41,,-3.4,-3.74,-2.23,-2.63,-0.86,,,-3.33,-2.71,-4.66,1.29,0.66,3.78,0.36,2.01,-2.22,-0.4,-5.37,-1.83,-3.57,0.43,1.46,-0.04,3.91,5.25,-0.85,-2.68,3.59
1958-03-31,4.66,3.83,,2.96,6.33,5.61,0.53,5.4,4.33,3.33,,9.78,8.05,-0.31,2.02,2.36,2.99,7.84,2.05,,3.93,0.91,2.52,0.67,-0.18,,,8.6,1.08,8.02,2.07,1.17,5.3,0.57,5.19,6.38,2.73,3.94,3.33,0.47,3.82,4.08,7.63,2.43,0.68,9.85,4.94,9.96
1958-04-30,7.39,2.88,,3.68,4.54,-1.93,3.79,5.25,2.14,2.9,,1.81,6.94,0.85,-3.82,5.12,1.36,-1.79,1.37,,2.77,-1.51,4.36,5.57,0.28,,,0.97,4.76,5.15,4.95,2.7,0.14,2.61,1.42,-0.54,2.26,0.58,1.74,7.19,0.84,3.16,1.72,1.46,2.77,8.02,2.5,-0.87
1958-05-31,0.78,3.25,,3.44,0.57,1.2,7.26,2.53,-0.5,3.09,,-2.48,1.74,1.66,-0.44,5.14,2.03,0.11,6.86,,3.07,2.27,4.2,6.41,3.01,,,4.53,6.32,0.25,1.45,2.11,3.92,3.71,0.97,5.69,-1.72,-0.03,4.97,4.04,2.71,3.69,8.48,3.31,-2.25,18.03,1.74,2.44
1958-06-30,5.52,2.62,,3.07,3.98,7.84,4.19,0.75,3.88,-4.27,,-1.99,3.96,3.05,3.12,0.17,2.7,1.86,0.93,,3.12,1.66,3.06,2.06,0.9,,,3.62,2.44,4.97,2.19,1.67,3.39,0.13,6.26,1.19,6.39,10.87,1.35,2.58,1.79,2.17,1.94,0.61,4.31,0.58,5.34,7.54
1958-07-31,0.65,1.49,,3.3,-0.03,2.92,2.22,-4.53,10.01,2.72,,7.36,5.9,7.86,2.8,7.5,6.79,1.54,11.58,,8.44,4.84,10.23,5.74,6.51,,,3.83,12.45,0.5,1.12,0.9,-1.52,8.83,0.63,6.89,5.51,10.76,5.46,8.4,4.27,1.7,3.16,2.87,1.74,9.39,0.92,1.06
1958-08-31,6.82,1.95,,5.07,2.29,8.65,6.3,12.27,-1.57,2.79,,1.35,2.02,2.56,3.25,4.34,2.47,-0.31,3.05,,3.69,2.14,-0.19,0.13,1.16,,,-0.45,2.61,1.91,-1.0,2.41,1.94,1.74,1.78,2.39,2.38,2.42,2.91,2.18,3.53,5.87,6.44,5.93,-0.88,3.94,4.67,11.78
1958-09-30,-2.26,2.3,,6.2,8.01,14.16,5.59,9.78,4.53,4.04,,5.54,12.11,2.87,4.07,10.11,3.69,5.67,8.36,,4.2,5.67,9.49,-1.56,1.67,,,-0.87,-0.37,3.35,3.46,5.08,5.08,4.7,8.19,-2.4,6.74,7.51,4.16,8.0,2.34,4.11,10.92,-2.95,-3.45,0.39,2.99,-3.75
1958-10-31,5.48,1.47,,6.01,1.7,15.63,3.86,5.6,9.22,-0.23,,7.56,0.68,0.8,4.15,3.44,1.03,9.18,4.91,,3.24,4.02,2.78,7.12,4.01,,,3.08,2.56,1.31,4.28,1.46,5.49,3.81,6.5,1.41,2.81,-8.43,2.6,3.76,1.21,1.18,3.76,4.37,8.42,2.08,2.03,3.06
1958-11-30,0.98,5.15,,5.56,1.75,2.36,6.2,9.99,4.69,2.24,,7.4,8.08,3.4,2.14,2.68,3.89,8.09,0.6,,4.2,3.91,2.93,-1.04,2.87,,,1.69,-0.98,1.98,2.96,2.15,7.29,4.71,2.22,14.5,7.85,8.5,3.44,5.76,4.1,6.01,14.44,-0.14,1.96,3.89,4.79,4.32
1958-12-31,-0.83,3.21,,0.72,3.77,-4.36,2.94,-3.93,1.99,4.17,,6.33,4.5,5.81,3.82,3.46,5.44,-2.97,6.74,,2.86,11.47,3.65,0.1,4.31,,,4.16,4.01,1.21,5.94,13.4,9.14,2.56,20.22,8.69,5.52,6.11,3.13,2.33,5.25,5.83,-1.69,4.14,14.42,-5.17,2.44,9.74
1959-01-31,-0.67,2.59,,2.51,8.76,5.99,3.7,2.73,2.05,8.14,,1.71,-0.76,-0.27,1.53,3.26,1.56,8.0,1.38,,1.27,-0.68,-0.42,1.48,-2.31,,,4.73,1.87,0.49,1.25,3.91,5.44,7.46,-5.3,-2.59,-0.57,-1.14,0.81,3.73,0.09,3.64,2.58,-5.59,-2.07,-0.41,0.02,-2.21
1959-02-28,6.51,2.66,,3.01,0.76,12.3,2.77,-2.02,3.52,5.25,,-2.27,4.27,5.3,5.13,5.71,3.35,2.96,1.31,,2.99,4.54,-0.6,6.49,3.33,,,-1.43,-1.06,-7.54,1.26,4.86,-0.68,-0.68,5.3,4.55,7.37,13.15,3.29,1.26,1.34,2.69,3.22,2.71,3.07,2.96,1.83,4.46
1959-03-31,0.77,-0.71,,-2.44,2.35,10.63,1.5,3.08,8.51,-0.75,,6.93,4.1,1.16,1.83,1.26,0.07,-2.04,-3.68,,-0.22,3.15,-1.15,4.7,1.35,,,3.4,0.59,2.17,1.64,-0.52,15.5,-0.7,1.69,1.76,0.84,-1.35,-0.71,-0.51,0.05,-1.8,5.98,-3.62,-6.0,6.44,-2.0,0.58
1959-04-30,13.44,1.19,,1.5,3.95,23.89,3.13,-2.55,-1.25,2.14,,-8.94,13.19,7.18,0.34,4.19,4.47,-3.96,2.11,,4.01,7.06,9.08,3.12,-2.28,,,-6.88,-0.43,1.76,-1.13,4.61,2.78,1.21,7.35,11.27,15.27,5.76,1.66,3.68,7.05,1.2,-0.97,3.46,-0.76,-4.67,0.64,3.23
1959-05-31,-4.03,4.71,,0.85,-5.9,-3.38,-0.15,-2.85,2.61,0.03,,2.39,-1.24,5.81,6.33,2.43,3.88,-0.29,5.09,,4.55,1.21,4.6,2.99,-0.62,,,-1.34,-1.15,-0.95,-1.1,-1.01,-7.79,-0.34,16.06,-4.06,-3.79,2.15,-1.01,1.1,-0.99,2.95,-0.42,2.91,-1.76,-1.85,-0.53,6.1
1959-06-30,10.52,-0.92,,0.35,4.59,8.94,0.63,0.91,-0.88,1.37,,24.1,5.71,-1.56,-2.07,6.63,1.45,0.07,4.91,,4.34,-0.92,0.31,-5.42,-1.5,,,-4.02,2.16,-2.81,-2.23,-1.1,5.49,-0.7,-3.75,7.11,3.54,-0.56,2.47,1.6,1.68,2.3,5.86,1.68,5.85,-0.46,1.44,0.81
1959-07-31,1.69,3.84,,10.28,0.75,1.61,6.51,12.13,2.32,-1.02,,-2.15,5.1,6.35,3.83,7.07,2.02,0.72,3.41,,2.12,0.57,7.21,-0.37,1.96,,,1.08,10.96,4.86,3.82,0.6,-0.5,1.76,-3.4,5.14,7.86,1.28,3.1,-0.7,2.62,2.06,1.97,-1.59,3.23,10.67,4.76,-1.24
1959-08-31,-9.11,-0.1,,-2.43,3.16,-0.86,-3.14,4.51,3.28,-1.19,,5.72,-4.03,-3.37,0.55,-3.09,-2.55,-2.68,2.06,,-2.07,-2.33,0.78,-14.03,-3.04,,,-1.8,-0.04,-3.21,1.34,0.61,-2.42,2.03,-1.71,-7.52,-3.22,-6.05,-0.36,-2.81,-1.12,0.93,2.97,-1.07,-6.61,-0.84,-0.7,0.34
1959-09-30,-5.02,-2.98,,-4.27,-3.03,-4.87,-5.3,-8.88,-6.39,-0.95,,-4.81,-4.96,-5.13,-6.5,-2.78,-4.16,-8.4,-5.18,,-7.16,-4.62,-4.37,-5.49,-5.3,,,-4.4,-5.92,-6.92,-4.35,-0.96,-3.82,-1.25,-2.79,-8.36,-4.53,-7.28,-2.79,-3.45,-4.85,-1.95,-4.94,-2.82,-5.36,-4.55,-6.48,-3.85
1959-10-31,13.24,2.61,,1.03,6.0,14.48,1.7,6.83,4.5,5.54,,6.95,2.08,1.51,-0.13,-1.8,3.66,1.43,-1.3,,1.72,5.79,-0.08,6.55,-2.28,,,-1.35,5.27,1.08,0.89,1.3,1.17,2.51,1.16,6.25,10.53,1.82,1.54,-0.79,6.05,0.57,7.31,-1.95,-4.77,3.84,4.27,4.53
1959-11-30,9.4,0.09,,1.83,2.09,5.5,2.27,-1.93,3.26,0.44,,-1.9,6.05,2.3,-2.58,0.52,1.14,0.48,-0.36,,0.04,10.37,-0.19,13.88,5.38,,,0.82,0.72,-0.43,0.4,-1.23,7.56,3.04,6.44,5.01,12.47,2.07,6.27,-1.81,6.98,2.06,-0.94,2.42,7.19,-0.12,-0.67,9.73
1959-12-31,-4.39,3.01,,0.69,-2.68,-0.36,4.46,8.75,1.01,2.22,,-7.06,-1.39,3.42,1.58,1.08,0.89,5.26,2.52,,3.45,5.91,4.93,-6.48,0.49,,,4.76,2.41,4.27,2.14,4.34,-1.95,2.98,0.37,4.32,1.36,6.32,1.7,2.37,-0.12,2.8,3.01,-2.81,11.67,3.32,1.69,-8.68
1960-01-31,-4.14,-4.16,,-5.41,-1.72,11.75,-8.95,-6.23,-7.53,-8.22,,-3.88,-6.5,-9.7,-3.6,-4.51,-6.5,-2.42,-9.05,,-4.1,-11.99,-11.22,-5.81,-1.97,,,-3.6,-7.58,-7.49,-2.08,0.95,-5.69,-3.76,-5.52,-10.55,-10.72,-7.56,-9.13,-4.15,-5.01,-5.72,-9.7,-1.01,-10.2,-6.39,-6.32,-3.67
1960-02-29,5.61,3.48,,-1.86,2.6,7.39,0.87,3.3,9.59,1.74,,3.7,0.14,-0.45,0.4,0.78,3.45,1.08,-1.76,,-1.84,5.38,-1.96,2.05,2.96,,,1.98,-2.68,-3.48,2.77,8.37,13.66,0.32,2.09,10.33,10.7,-7.58,3.57,-0.73,1.79,4.45,2.01,0.17,2.11,-0.59,-2.16,8.89
1960-03-31,2.77,-1.68,,-2.59,0.17,-1.63,1.5,5.38,-0.21,-2.25,,-4.2,1.93,-2.39,0.9,-6.38,-0.41,-0.84,-5.23,,-3.23,-0.5,-5.68,-9.51,-4.1,,,-2.64,-5.13,-0.72,1.75,0.17,2.77,-4.24,3.79,0.1,4.52,-1.95,-2.09,-4.61,-1.03,0.15,-3.47,1.66,-0.73,-0.86,-0.7,-3.08
1960-04-30,4.39,1.04,,-2.0,1.54,12.95,-1.73,-0.47,-1.1,0.4,,0.29,1.71,-5.34,0.48,-0.9,-0.93,-9.41,-5.34,,-3.92,-1.06,-1.67,-0.56,-2.6,,,-0.62,-2.78,-4.29,1.38,-1.05,9.8,-1.91,2.29,5.29,0.55,-7.29,0.76,-1.93,0.69,-0.37,9.02,1.92,-4.02,-7.01,-1.99,0.83
1960-05-31,17.08,7.63,,-0.25,2.73,11.02,2.26,17.3,8.0,2.03,,16.33,13.61,3.66,-1.17,2.29,3.86,-7.49,2.62,,1.19,6.66,0.53,10.53,7.38,,,-1.11,2.69,-3.62,1.5,3.32,0.36,-3.96,12.48,11.57,11.73,-4.01,3.26,1.07,1.82,3.22,1.09,-0.46,2.06,6.55,-0.72,2.15
1960-06-30,-5.17,6.81,,0.71,4.98,-1.31,8.85,0.75,6.61,-1.35,,0.17,-0.18,0.69,-2.57,4.35,2.81,1.64,1.56,,1.87,0.06,-0.06,0.16,1.71,,,-2.16,-1.09,3.62,5.77,-0.35,-9.85,0.08,3.14,-3.33,3.25,-4.5,3.89,2.38,5.68,3.73,1.34,5.42,8.19,-5.76,2.0,9.7
1960-07-31,-4.37,-1.71,,-0.66,4.72,-6.24,-2.2,1.41,-0.48,-0.93,,1.52,-4.19,-6.66,-2.59,-3.02,-5.13,-2.82,-2.25,,-3.75,-6.83,-1.36,3.71,-2.35,,,3.33,2.17,0.67,-1.07,0.1,3.46,-0.73,-1.02,-4.82,-2.8,-1.05,-4.02,-2.92,-6.13,-2.87,-1.12,0.91,1.45,-4.38,-0.7,-7.31
1960-08-31,-4.25,5.72,,3.37,5.39,5.7,9.57,3.7,5.25,3.13,,2.59,2.46,1.34,1.27,-0.68,0.76,0.34,0.8,,0.95,-0.88,3.3,10.62,-1.53,,,7.12,3.64,4.11,4.32,7.11,6.71,4.69,2.58,2.5,3.53,3.8,1.32,2.17,4.6,3.01,2.23,4.95,2.37,4.03,2.81,4.83
1960-09-30,-13.83,-2.75,,-4.81,-1.95,-0.44,-4.44,-6.4,-9.03,-4.68,,-10.6,-8.6,-6.56,-7.13,-4.98,-4.88,-4.87,-8.09,,-5.55,-10.32,-6.14,-8.16,-9.68,,,-2.06,-5.04,-0.92,-4.49,-5.95,-3.2,-5.97,-5.05,-15.67,-10.17,-8.88,-7.18,-6.73,-8.37,-8.39,-1.76,-4.51,-11.48,-4.14,-5.26,-2.63
1960-10-31,-9.87,2.21,,0.79,4.09,4.7,-5.78,3.0,6.69,-2.95,,4.55,-3.99,-1.36,-2.07,-2.96,-1.04,-4.83,-2.14,,-1.22,-3.35,-1.34,1.29,0.87,,,3.41,-1.41,2.5,-0.34,0.14,6.6,0.66,-1.31,0.14,-7.71,-0.33,-1.65,-0.78,-4.09,0.55,-4.32,0.93,-0.05,-4.09,-1.35,1.78
1960-11-30,5.26,9.92,,6.64,5.59,16.55,10.16,13.05,9.25,2.63,,8.73,3.73,4.38,3.27,2.17,6.54,11.93,1.38,,8.41,5.33,-0.23,8.32,6.12,,,7.57,6.78,3.33,3.74,4.19,7.34,4.31,9.31,-0.24,8.23,5.41,5.44,5.39,9.73,6.64,4.53,8.8,9.52,8.74,5.67,4.55
1960-12-31,3.44,4.76,,-0.13,3.7,9.89,4.7,7.82,1.93,3.62,,4.36,6.36,3.03,5.24,0.63,4.61,4.81,4.95,,4.94,1.17,-0.37,2.98,1.41,,,6.11,1.73,5.38,6.36,12.56,8.84,8.04,6.61,7.01,-0.92,5.31,5.75,2.55,2.29,2.22,2.24,4.09,9.72,3.7,6.51,3.43
1961-01-31,6.94,4.74,,5.34,8.96,-3.4,7.86,9.78,4.56,5.58,,16.11,5.32,6.65,6.27,11.36,5.26,15.33,8.49,,6.11,-0.41,8.52,5.59,9.62,,,6.14,11.05,9.73,4.96,7.89,3.43,6.6,6.69,6.3,1.67,8.95,4.67,8.47,8.13,2.52,4.27,8.55,2.9,5.43,7.35,9.58
1961-02-28,1.12,4.58,,8.31,5.57,28.65,12.98,1.59,6.04,7.0,,15.17,4.43,2.27,10.12,6.93,4.84,7.18,5.91,,9.17,-0.15,4.0,8.08,0.84,,,-1.61,9.39,0.57,3.63,0.75,1.75,1.37,6.56,3.29,0.37,9.48,6.95,4.49,3.49,4.98,8.4,9.18,2.67,12.64,5.09,4.25
1961-03-31,4.49,4.87,,2.72,5.8,3.35,14.49,4.95,6.54,3.71,,2.04,3.95,1.14,11.7,6.16,2.44,7.98,2.05,,1.7,3.18,2.85,2.32,-0.23,,,2.63,-0.55,1.44,2.02,7.48,-1.35,5.37,3.27,-1.36,1.47,-2.47,-0.46,1.1,4.78,6.03,4.25,5.93,0.74,10.65,3.87,5.33
1961-04-30,-1.86,-1.18,,1.62,-0.06,-4.31,1.57,-8.31,2.81,3.05,,-8.7,0.39,-1.31,0.53,-5.15,-3.62,2.26,-1.44,,-2.15,-2.36,-2.36,3.25,-1.42,,,1.14,0.68,4.83,1.86,0.8,-1.77,3.63,2.88,-3.36,2.37,0.55,-0.22,-1.34,3.3,0.37,4.4,2.84,2.51,8.03,-1.02,-5.4
1961-05-31,-0.18,4.71,,5.46,3.56,-4.92,-1.95,2.68,0.17,7.29,,0.41,2.43,5.7,5.29,5.65,2.05,6.69,6.08,,4.81,4.65,3.49,2.69,1.15,,,8.68,7.82,-0.01,2.39,-1.04,-1.27,2.7,2.72,7.45,-2.26,1.12,1.57,5.07,0.2,4.48,-1.74,3.83,-1.34,5.61,5.99,2.62
1961-06-30,-9.66,-1.45,,-2.89,4.17,-6.71,-4.14,-4.64,3.62,-4.92,,-1.92,-3.55,-1.14,-4.65,-3.17,-2.48,-7.62,-7.47,,-2.96,-3.71,-0.68,-3.87,-0.89,,,-5.76,-4.22,-4.02,-1.87,-4.02,1.68,-1.54,-2.39,-6.0,-4.49,-2.52,-4.3,-4.15,-4.75,1.06,-5.42,-2.55,-1.62,-3.81,-2.85,3.23
1961-07-31,-0.13,3.08,,1.05,6.13,-2.08,0.49,-2.16,2.2,1.64,,-2.59,3.97,3.13,-1.22,1.71,-0.03,0.75,4.32,,1.29,3.36,5.92,4.64,1.82,,,2.76,3.41,2.26,2.87,6.43,-9.21,-3.27,1.97,-1.7,-2.1,3.39,-0.37,-0.18,0.16,2.63,3.01,2.91,0.47,-2.51,5.76,8.86
1961-08-31,-8.86,5.9,,3.35,7.9,0.38,1.93,0.89,10.62,5.03,,5.65,3.74,2.48,3.46,5.95,0.87,2.74,0.32,,1.7,3.38,1.5,-0.7,-0.75,,,4.7,1.77,0.13,3.81,0.21,11.07,2.13,6.52,3.23,2.01,7.37,5.47,3.53,2.84,3.19,0.49,9.95,17.24,-5.85,4.97,1.04
1961-09-30,-14.37,0.27,,-1.33,0.11,7.79,-7.86,1.45,-2.87,-0.63,,-5.62,-0.91,-4.28,-1.95,-4.09,-1.95,-6.04,-7.76,,-4.36,-1.22,3.86,-6.9,-3.95,,,-6.11,1.32,-6.6,1.41,-2.73,-5.93,-3.18,3.22,-4.3,-3.65,-4.88,-2.53,-1.04,-4.11,0.73,-5.87,3.61,-6.12,-6.14,-3.54,5.7
1961-10-31,-7.6,4.43,,-0.65,7.24,-11.93,6.29,1.27,-0.56,8.44,,4.55,3.6,0.24,1.75,3.35,0.75,4.54,-1.64,,0.75,-1.76,0.41,-5.45,-3.88,,,-2.04,4.8,6.72,5.31,0.2,1.84,2.48,8.03,-7.86,6.52,-2.35,2.01,2.46,4.63,9.6,0.92,2.53,-1.93,16.25,2.47,0.07
1961-11-30,2.62,5.54,,4.61,8.2,-2.44,4.47,2.88,4.57,5.43,,6.71,2.88,2.61,4.18,7.53,6.26,5.2,1.84,,2.89,5.89,8.46,2.95,4.49,,,3.7,6.28,5.42,3.42,8.5,7.76,10.42,0.63,5.69,1.71,1.87,2.21,0.35,5.86,5.11,1.24,6.4,12.4,5.72,7.43,0.83
1961-12-31,9.38,-3.99,,1.61,-5.93,2.9,1.26,-3.5,-3.57,0.19,,-5.64,-1.72,0.03,-0.96,-0.92,0.45,-1.47,3.28,,0.32,-1.18,2.58,0.56,-0.1,,,-2.89,0.3,3.94,-4.2,3.32,-0.56,-2.88,-0.57,-2.66,0.95,-0.83,-2.49,0.03,0.62,-0.44,-2.01,-6.21,-0.69,-0.62,-2.67,-0.44
1962-01-31,-3.4,-6.56,,-3.21,-4.04,-20.0,-3.23,-3.56,-7.1,-5.83,,-3.17,-4.9,-4.52,-5.66,0.74,-5.48,-1.08,-3.75,,-0.38,-2.23,-0.33,7.02,5.76,,,-1.34,4.92,0.02,-2.59,-6.07,-5.03,-1.21,-6.62,-4.29,-7.39,4.39,-5.15,2.67,-0.44,-9.29,-3.94,-5.85,-6.65,-0.8,-2.54,-2.37
1962-02-28,-4.0,0.13,,0.47,0.87,-2.16,-1.45,-0.74,-0.83,2.2,,3.93,3.73,3.48,4.7,2.25,1.19,3.11,-0.85,,1.82,-0.25,-1.27,-3.35,-2.51,,,-3.11,0.66,5.43,2.63,4.11,-0.91,-0.48,-0.77,2.84,2.5,7.5,4.01,0.55,0.12,1.8,-0.4,4.64,8.23,-2.52,1.46,4.29
1962-03-31,-12.81,1.78,,-0.15,-6.48,-6.56,-3.57,0.32,4.54,-1.02,,-0.07,0.44,-2.53,-4.29,-0.55,-0.22,-2.64,0.94,,-1.63,1.44,0.57,-3.53,-2.75,,,-1.28,-4.48,-1.61,1.96,-2.94,-3.78,3.91,-0.98,-1.93,1.17,2.87,1.33,-1.39,-2.14,1.15,-3.82,-2.05,3.84,5.05,-3.44,-0.49
1962-04-30,-1.76,-4.47,,-3.38,-12.77,-10.39,-11.27,-9.38,-6.85,-7.96,,-10.06,-11.43,-6.01,-7.4,-7.8,-7.12,-10.48,-10.44,,-7.71,-9.99,-6.18,-10.37,-8.86,,,-7.51,-9.89,-3.42,-2.79,-4.68,-1.03,-6.01,-14.65,-12.0,-2.54,-3.46,-7.81,-6.01,-5.66,-4.34,-8.8,-6.02,-11.09,-13.82,-7.95,0.35
1962-05-31,-11.23,-11.02,,-8.82,-13.98,-7.9,-14.81,-15.97,-9.83,-10.08,,-8.54,-10.97,-8.03,-12.82,-7.82,-8.48,-14.44,-7.23,,-7.91,-8.53,-4.74,-3.99,-9.33,,,-4.42,-9.16,-4.86,-10.47,-7.06,-11.4,-7.61,-12.9,-10.7,-13.65,-15.06,-10.75,-4.73,-11.04,-8.92,-7.18,-12.34,-7.2,-10.58,-6.7,-11.18
1962-06-30,-10.48,-8.49,,-5.96,-8.13,-16.75,-14.17,-18.55,-12.15,-8.78,,-2.79,-13.65,-8.73,-6.69,-4.61,-11.35,-7.56,-10.01,,-8.19,-10.4,-6.66,-6.83,-8.58,,,-4.09,-6.97,-4.8,-5.11,-8.52,-14.93,-5.11,-13.07,-13.68,-10.2,-4.41,-9.52,-7.52,-10.91,-10.2,-12.83,-11.47,-8.03,-13.56,-10.84,-16.81
1962-07-31,8.25,7.18,,2.9,0.96,-7.85,4.6,7.67,10.17,8.04,,-2.51,8.6,6.58,7.81,5.72,5.38,10.52,3.23,,4.31,9.73,6.77,11.49,4.29,,,3.26,10.53,4.79,7.39,7.23,11.54,3.13,13.77,3.57,10.74,3.78,3.62,3.51,5.43,4.19,5.2,8.29,7.32,7.02,8.9,9.52
1962-08-31,0.08,0.05,,4.46,1.66,2.49,9.87,5.22,1.37,3.13,,-3.84,-8.22,4.43,2.89,-0.76,2.57,2.42,-0.39,,2.21,3.92,3.03,6.18,-0.94,,,3.53,1.48,1.85,3.15,1.58,-1.75,3.76,2.2,2.2,5.33,2.77,2.9,3.4,4.44,4.42,0.56,4.47,2.08,-0.8,3.33,7.07
1962-09-30,-5.94,-4.63,,-5.95,-7.57,-12.67,-7.88,-5.34,-8.98,-6.36,,-3.79,-4.07,-2.01,-4.11,-4.39,-7.0,-5.62,-8.42,,-6.19,-7.84,-3.04,-6.63,-3.33,,,-5.95,-3.87,-1.73,-2.87,-6.06,-9.63,-0.8,-10.97,-8.7,-6.22,-3.1,-6.3,-5.41,-7.43,-6.56,-8.55,-5.65,-11.81,2.34,-4.15,-5.01
1962-10-31,-13.72,-2.33,,-2.3,-6.64,-11.07,-6.38,1.49,1.21,-1.0,,-0.53,2.69,4.76,-3.04,1.19,-1.53,-6.39,0.84,,-0.03,2.43,2.43,1.01,2.53,,,0.39,-2.03,-0.26,-1.09,2.77,1.01,-6.98,-2.23,-3.99,-0.88,-0.6,-1.01,3.17,-0.77,-1.34,-5.16,-1.13,4.34,-9.91,-1.27,-3.34
1962-11-30,15.35,12.19,,11.34,11.49,19.28,12.47,12.39,14.23,9.47,,10.56,18.14,11.86,15.24,10.84,13.72,10.92,15.14,,13.3,14.18,7.31,9.6,17.27,,,8.97,10.64,10.75,7.65,7.17,14.91,9.89,15.6,13.77,13.34,16.85,13.24,16.86,13.47,11.0,13.66,12.48,15.06,29.6,15.82,16.0
1962-12-31,0.78,2.9,,2.48,-2.17,1.27,2.84,-4.96,0.81,-0.3,,-2.25,1.09,0.98,-2.12,0.76,-2.32,-0.11,-4.52,,0.61,0.75,3.12,-2.5,-0.5,,,-2.75,0.56,4.77,3.48,1.08,0.99,2.14,-2.24,-0.98,2.59,-2.57,-1.37,1.37,0.19,0.08,-2.29,1.81,0.31,-13.01,2.25,3.98
1963-01-31,10.74,6.52,,4.02,1.72,9.55,7.87,7.21,5.46,6.46,,10.35,5.35,4.58,9.03,8.78,4.52,5.36,7.85,,7.61,4.97,7.34,1.06,1.61,,,10.66,8.17,2.58,5.25,4.13,0.82,2.97,7.39,5.93,3.24,11.55,8.14,5.99,3.69,4.12,7.67,2.95,6.02,9.82,3.72,8.52
1963-02-28,-5.85,-2.62,,-5.06,-3.39,-9.79,-3.65,-2.06,-3.26,-3.28,,1.55,-2.87,-3.88,-0.7,0.65,-0.61,-2.72,-2.13,,-2.59,-6.37,-2.82,-1.76,1.29,,,-1.8,-0.53,-1.34,-1.46,-1.11,1.36,-2.23,-5.93,4.15,-1.15,3.9,-2.37,-0.02,-1.91,-0.56,-3.91,0.63,-3.73,-5.49,-0.46,0.66
1963-03-31,-1.95,1.84,,4.63,7.74,-1.85,3.83,-0.34,3.96,1.43,,0.07,1.26,3.71,3.71,0.77,3.61,0.54,2.27,,2.91,1.43,6.41,-1.53,5.11,,,2.72,6.29,7.0,1.79,1.94,4.61,-2.91,4.79,0.65,1.73,6.24,2.91,3.46,0.38,2.18,-5.75,2.06,2.08,0.35,2.91,5.88
1963-04-30,12.7,0.76,,0.66,6.3,-2.38,0.56,9.26,5.98,1.69,,2.21,8.01,4.4,5.82,7.73,3.71,9.78,5.41,,3.38,5.92,6.02,3.81,2.24,,,4.89,4.36,6.08,2.37,3.73,3.86,0.95,8.94,6.49,1.7,10.35,4.68,8.75,5.63,5.49,0.33,2.65,-1.22,-3.43,6.61,6.23
1963-05-31,18.41,2.96,,1.2,-3.05,-0.65,8.74,0.31,0.91,0.48,,4.95,-0.6,1.29,1.6,2.46,1.33,-1.5,6.65,,6.09,4.71,7.23,-1.6,0.9,,,2.28,3.8,-0.18,1.04,-0.64,4.36,0.95,3.74,4.16,4.04,-0.12,-1.17,6.4,0.96,2.72,3.28,-0.26,-2.2,4.17,2.19,-0.62
1963-06-30,-8.67,-0.12,,-1.83,-6.27,3.03,-4.64,1.36,-0.22,-1.84,,0.26,-1.18,-3.21,-2.64,-0.98,-1.21,-4.54,-3.75,,-1.49,-2.65,-3.68,-0.96,-1.1,,,-2.35,-1.74,1.27,-1.13,-1.94,-2.8,1.17,-7.19,-7.06,-4.65,-1.94,-1.97,-1.06,-3.15,-1.26,-0.55,0.05,-3.4,4.78,-1.94,-1.97
1963-07-31,3.04,-0.47,2.57,-2.2,-2.54,-4.89,-0.9,-0.06,-0.14,-0.58,,-1.26,0.75,-1.01,-0.48,3.52,-0.86,1.55,-1.59,-3.86,-3.0,-2.44,0.04,-3.6,-2.71,-5.55,0.96,-4.1,0.54,2.34,0.81,-0.25,-5.71,-2.0,-0.25,-0.93,-3.18,-2.9,0.42,-2.39,0.14,-1.08,-4.3,-1.58,-1.75,-5.05,1.64,3.68
1963-08-31,-0.32,4.74,5.49,2.33,7.18,4.81,8.03,5.26,6.21,4.54,,8.78,9.64,4.62,7.35,4.3,6.13,3.54,8.35,-1.55,4.9,5.18,7.31,2.81,3.4,4.28,2.49,4.48,8.11,3.85,4.12,4.29,-0.73,3.59,4.45,7.28,5.18,9.71,5.57,7.14,4.08,6.65,1.14,4.15,2.88,3.49,5.22,9.74
1963-09-30,-1.94,-1.53,-0.9,0.3,-4.24,-5.3,-2.26,2.96,-1.39,-4.15,,-3.45,-4.13,-0.87,-3.37,-1.13,-1.16,-4.23,0.27,-2.08,-2.73,-1.76,0.38,-5.22,-2.56,-5.97,-2.73,-0.38,-4.98,-3.62,-2.49,2.36,-1.98,-1.46,1.85,-3.44,-0.16,4.59,-2.01,-3.88,-1.7,1.11,-2.54,-3.13,-1.35,-3.82,-4.06,2.83
1963-10-31,-0.13,2.7,1.1,-1.28,5.79,15.38,1.93,-1.96,4.25,2.63,,9.56,2.8,3.53,0.62,5.74,-0.51,-0.64,1.58,2.99,4.02,-0.46,11.4,2.81,0.53,3.55,-2.24,4.81,9.25,-0.52,-0.67,3.43,2.36,1.17,8.5,9.77,1.37,0.15,3.39,1.81,1.37,0.45,1.15,-1.29,1.49,4.87,1.39,3.45
1963-11-30,-3.06,-0.4,-0.62,-0.72,-5.66,-1.17,-4.46,-0.56,-0.18,-1.36,,0.9,-1.9,2.25,-4.94,2.02,-1.02,-2.14,-1.83,-2.1,-0.64,-1.69,-5.9,5.59,4.04,4.02,-3.94,3.13,0.86,-1.18,-1.06,4.14,-3.35,-2.39,-1.17,1.88,1.11,-1.56,-0.23,3.63,-4.12,-1.08,-3.54,-3.31,-4.16,-4.94,-0.01,0.72
1963-12-31,3.25,2.44,5.86,1.21,5.99,-2.34,-1.64,-2.81,4.47,-0.3,,-2.81,1.99,4.48,0.33,3.33,0.91,-2.63,1.51,0.97,1.93,-2.53,-0.98,-6.27,0.3,-8.37,3.57,6.72,5.41,4.65,2.41,-0.09,-1.44,2.9,4.19,1.71,-3.5,0.82,-0.28,3.85,-0.67,0.34,1.71,2.84,1.54,0.99,0.68,6.09
1964-01-31,0.67,0.91,2.31,0.99,-1.69,-0.89,-1.26,5.97,1.53,-1.11,,4.64,3.6,3.26,0.02,2.27,2.03,2.02,4.43,7.49,3.53,-2.89,1.12,3.73,3.89,-5.64,0.13,-0.09,4.5,4.86,1.39,3.32,-1.96,2.67,3.17,3.18,-0.43,-0.06,4.02,3.78,-1.76,2.79,-0.35,-3.55,0.55,-4.41,0.81,1.58
1964-02-29,-0.99,1.57,0.88,-0.2,2.65,2.35,2.69,7.31,0.94,1.65,,4.46,1.37,2.23,-0.32,3.73,4.9,2.33,2.9,1.04,3.44,4.97,3.19,6.17,1.05,0.8,1.75,6.79,0.38,1.09,0.87,-0.28,8.05,2.7,3.61,-2.19,1.12,-0.31,-0.35,6.77,1.77,1.58,6.97,4.22,3.03,-1.3,4.61,1.96
1964-03-31,-3.36,1.08,6.51,6.86,10.38,3.71,0.58,-1.6,2.3,0.97,,-4.18,-1.7,2.64,5.82,0.46,4.76,5.24,6.97,12.41,6.4,3.56,0.79,1.95,1.76,2.82,3.97,5.58,-2.05,1.45,-0.74,-0.9,-3.42,3.13,2.66,5.92,0.88,2.82,-0.46,3.23,4.54,2.28,4.0,0.75,-0.96,0.14,1.46,-7.55
1964-04-30,1.36,-1.78,2.14,-1.62,1.83,-5.75,-1.93,1.68,-1.58,-0.4,,-5.39,-1.02,-1.19,1.71,-0.51,-0.54,0.65,-3.57,-5.39,-0.09,-4.47,2.91,-4.7,-1.39,-9.05,0.16,16.24,-4.49,4.24,1.05,0.83,-3.91,1.59,-3.56,-4.54,0.74,-0.79,-1.55,-1.2,-0.05,3.07,1.74,-2.11,-1.02,-3.92,0.42,2.7
1964-05-31,1.49,1.73,1.45,1.46,-0.23,-6.0,0.12,1.35,2.22,1.81,,0.79,0.49,2.34,7.59,5.73,0.17,2.65,1.17,-0.64,2.21,-1.44,2.33,7.16,2.37,-1.93,-0.43,1.31,0.91,2.17,0.84,-0.39,-12.25,0.03,4.79,-2.17,0.31,-1.21,-0.62,5.96,-0.06,4.19,-0.11,-0.73,-0.41,-1.26,0.98,-1.11
1964-06-30,6.5,2.27,2.5,1.54,-1.54,-1.14,-1.34,2.24,0.18,4.08,,-0.91,0.73,-0.57,4.15,-0.37,0.17,3.6,0.91,12.43,3.53,-0.1,1.73,2.67,2.46,-3.12,-1.51,-0.98,-2.33,0.72,2.21,4.69,5.24,6.48,-0.31,2.59,0.5,0.79,1.19,3.74,3.49,3.92,2.46,-2.05,-0.04,-2.44,-0.8,-1.93
1964-07-31,0.93,0.81,3.26,7.86,0.41,-0.17,1.28,0.18,0.72,4.01,,2.08,5.01,2.17,4.45,5.82,1.43,0.71,0.62,2.22,1.95,7.61,5.87,4.59,9.51,2.06,5.04,2.09,1.46,3.37,4.93,-2.01,-1.25,2.16,-2.72,0.26,-1.52,0.86,0.3,0.1,2.29,1.09,0.94,0.63,4.63,6.46,1.02,4.17
1964-08-31,3.9,-1.12,-2.33,-1.86,6.67,-6.14,1.49,-0.9,-1.47,-0.92,,-0.94,-4.52,-2.27,-0.88,-1.93,-1.74,1.51,-0.08,-1.19,-0.79,2.7,1.94,5.51,-1.91,1.57,2.24,-0.1,-0.5,-1.89,-0.04,-1.56,3.61,1.41,-3.45,-1.9,0.81,-2.02,-2.18,-5.89,-4.61,0.59,-3.58,-2.21,-3.29,-3.2,-1.41,-0.52
1964-09-30,-3.19,2.35,0.51,1.65,-1.97,7.13,2.59,1.6,5.75,3.83,,3.08,2.71,5.35,3.58,4.38,-0.11,3.37,5.51,6.85,3.2,4.09,4.74,5.42,3.57,4.52,17.3,9.24,5.33,3.03,1.88,-1.03,10.69,0.79,-0.15,4.48,2.73,7.39,0.29,4.47,2.49,3.49,3.76,2.17,0.98,1.12,3.7,3.75
1964-10-31,9.08,-0.88,-2.96,2.41,-2.06,2.27,-1.71,2.54,-1.14,0.61,,0.89,3.06,0.92,1.2,7.34,2.3,-1.06,-2.63,2.05,2.19,6.06,-0.02,-0.76,4.18,-1.12,-1.98,0.64,0.04,3.12,0.95,-0.89,8.94,2.12,-2.64,2.59,2.2,2.39,3.67,4.14,1.32,2.3,5.77,-2.17,-1.89,0.7,0.89,-0.07
1964-11-30,3.48,0.93,2.54,-1.42,-1.64,-2.65,-0.61,1.82,0.99,2.88,,4.34,1.96,2.34,-0.96,0.35,-0.81,1.35,-4.9,2.89,1.37,0.71,-2.52,0.56,0.12,0.49,4.93,-0.76,0.96,2.59,1.37,-2.23,3.96,-1.84,-1.58,2.97,0.86,-3.43,-2.12,-3.27,1.82,3.32,1.11,-1.34,2.43,-2.54,-1.63,5.93
1964-12-31,-2.23,1.06,1.92,-0.19,-4.68,-1.05,-1.78,2.36,0.67,-0.39,,5.0,4.32,0.47,-0.01,0.61,-1.02,-0.78,-1.66,-4.11,-2.74,-2.74,2.23,0.97,-4.12,-5.57,8.42,-3.44,1.77,-0.24,0.49,3.12,-4.68,-1.22,-0.95,1.24,6.92,-0.61,-2.37,-2.43,0.57,0.12,-0.32,-1.02,0.56,-0.06,-2.29,-2.04
1965-01-31,11.4,4.15,8.89,12.18,5.37,9.2,7.64,10.09,6.56,7.33,,4.6,7.97,5.63,10.27,8.48,5.47,4.99,4.91,6.44,4.15,9.81,2.9,3.0,2.6,1.64,-5.66,11.96,3.74,0.28,3.96,0.25,10.06,6.04,9.58,2.5,7.99,2.94,9.09,4.79,5.56,2.74,9.47,1.94,2.58,6.24,2.8,11.83
1965-02-28,3.25,0.77,3.73,1.91,-0.06,7.02,1.77,0.76,2.79,6.45,,2.66,2.4,0.91,0.5,2.06,3.2,5.02,2.98,14.79,5.55,5.17,-1.11,5.1,-0.57,9.31,1.89,5.43,-0.51,-3.45,0.43,0.8,-2.2,4.21,2.67,0.96,1.84,0.72,-0.64,2.58,3.05,1.35,3.04,2.48,1.02,3.49,0.16,0.66
1965-03-31,6.24,-1.22,-2.88,0.59,-0.9,4.43,2.76,1.25,-1.9,0.84,,0.7,-1.08,-3.01,0.68,1.03,0.32,-2.24,0.04,-6.45,-2.31,-0.72,1.79,0.7,2.79,6.32,1.8,-1.18,-0.1,-3.1,-0.52,-1.68,3.78,4.85,-0.91,0.84,-1.49,1.04,0.89,-0.78,0.69,-0.95,0.34,0.05,1.21,-1.78,-1.03,3.83
1965-04-30,1.28,2.33,5.27,5.52,5.61,4.55,2.82,8.02,5.78,4.84,,3.21,2.95,1.93,-0.41,8.98,2.76,2.59,5.2,1.32,5.3,5.12,7.04,8.22,4.49,2.62,-1.82,5.4,-2.07,0.91,0.66,2.33,6.54,1.76,5.64,4.18,5.4,4.03,2.52,1.09,5.8,7.02,3.1,3.53,2.35,1.24,2.32,6.78
1965-05-31,-2.46,-0.85,-1.03,-0.32,-1.68,3.89,-1.15,0.51,-0.51,0.78,,0.04,-1.38,0.52,-2.1,-1.21,-0.72,-2.55,-0.75,-6.71,-2.32,0.83,-4.06,1.53,-4.55,-1.35,-5.03,-1.46,-2.49,0.93,-0.97,2.77,-8.59,-1.05,-0.43,2.74,2.56,-1.58,-2.23,-0.29,-0.94,0.34,-3.04,-1.38,-4.13,-2.55,-2.21,-2.11
1965-06-30,-10.82,-4.55,-2.94,-4.57,-3.41,-9.04,-12.31,-6.73,-5.38,-9.14,,-6.66,-5.18,-5.76,-9.31,-7.93,-7.11,-7.31,-6.87,-5.36,-6.3,-7.93,-7.14,-6.71,-7.09,-12.41,-6.23,-10.75,-6.0,-1.96,-3.66,-4.18,-6.26,-8.13,-5.67,-5.25,-8.15,-7.75,-4.09,-6.96,-9.44,-6.13,-6.73,-6.04,-5.25,-7.81,-3.36,-13.43
1965-07-31,7.57,1.24,0.61,-0.36,1.74,7.47,2.0,4.23,4.45,2.43,,8.71,3.47,0.05,2.81,2.97,0.54,1.83,3.12,1.15,1.68,4.66,1.57,10.28,3.85,10.06,8.13,7.64,1.91,1.86,1.06,-0.37,2.1,3.42,3.7,2.59,5.79,0.28,-0.84,4.5,5.45,-1.84,1.3,2.28,-0.04,1.71,0.45,3.11
1965-08-31,8.06,1.54,2.45,3.78,9.54,8.95,1.87,7.92,6.5,6.45,,8.13,6.1,1.54,6.23,6.07,2.47,7.13,2.79,6.96,3.95,6.55,2.75,2.28,3.46,4.9,2.02,3.65,3.26,1.51,0.93,1.33,7.08,3.0,5.05,7.79,9.78,2.0,3.58,6.61,5.05,2.1,5.2,6.24,1.21,2.98,4.55,4.59
1965-09-30,0.36,0.26,0.17,-0.32,-2.66,13.84,6.21,2.4,5.89,2.06,,8.82,1.52,3.97,2.95,5.04,2.35,4.41,2.07,3.28,6.17,5.19,4.88,12.47,3.15,5.06,-5.28,1.91,0.31,4.45,1.39,1.1,6.17,3.49,4.04,8.14,8.12,1.56,5.8,3.12,7.42,-1.17,4.35,-1.15,-2.86,6.22,1.33,1.51
1965-10-31,5.6,1.03,0.42,2.48,4.42,13.8,5.86,6.56,4.33,4.49,,-0.06,3.62,2.87,3.43,5.25,4.11,13.19,5.27,6.77,5.42,5.61,6.37,8.64,4.14,0.72,1.87,4.94,15.56,1.58,1.05,-2.27,7.79,3.48,4.64,6.87,3.36,0.98,4.59,6.5,3.53,0.06,5.26,-1.45,-0.03,2.59,3.36,9.68
1965-11-30,2.91,-0.35,2.68,0.94,-4.68,13.46,6.43,7.84,0.92,2.2,,4.54,3.7,-1.91,2.57,7.64,0.28,18.49,-4.4,2.62,5.54,8.32,-4.83,17.42,4.01,11.82,-1.62,3.17,-0.8,0.73,-1.01,-4.31,7.43,2.3,0.03,6.8,7.37,-1.03,5.23,7.09,5.8,1.11,2.09,-0.93,1.67,4.31,2.95,9.77
1965-12-31,16.53,0.09,4.09,2.63,-1.02,1.86,10.47,4.0,4.42,2.06,,3.13,3.89,2.36,7.54,1.71,1.92,6.5,8.11,2.72,1.92,-0.32,1.16,-3.89,7.2,-5.04,0.45,10.47,0.69,0.17,-0.33,-0.85,10.87,6.87,-2.8,-0.09,4.53,2.71,1.1,1.79,2.71,1.17,3.99,-1.39,10.44,4.03,1.24,4.66
1966-01-31,8.63,0.35,-0.9,1.24,2.9,14.08,1.17,1.91,2.06,4.34,,5.75,2.44,-0.74,12.96,8.43,3.45,7.34,4.19,-4.46,2.97,4.0,0.37,10.33,3.38,2.9,13.15,11.92,1.12,1.02,-3.01,-1.29,1.03,1.76,-0.82,4.24,4.36,6.87,2.21,7.1,6.92,-5.16,3.09,-0.97,-0.26,4.84,1.86,3.7
1966-02-28,7.45,-0.28,-3.76,-2.85,-2.34,8.64,3.29,1.91,-0.68,3.0,,3.23,-2.12,-1.92,12.42,0.49,-0.73,-2.88,-1.73,-5.85,-0.77,1.3,-1.62,-0.14,-2.43,-3.62,1.5,10.84,-0.02,-3.56,-4.18,0.47,-1.39,0.67,5.9,4.27,5.8,-0.39,-0.45,3.36,2.29,-2.15,-1.4,-3.89,-2.23,5.47,-1.47,2.79
1966-03-31,-4.1,-3.74,3.44,-4.16,-3.38,5.0,-2.61,0.91,2.6,-3.36,,-2.71,-1.46,-4.55,-2.09,-4.54,-3.04,-2.38,-2.28,-4.97,-1.54,0.8,-5.33,0.22,-5.54,-3.55,-1.94,-4.59,0.19,-2.29,-0.14,-4.85,3.12,0.21,0.16,-3.07,0.11,-4.91,-2.42,-1.19,-2.79,-2.29,3.18,-4.45,-4.37,-1.23,-4.06,-1.77
1966-04-30,2.62,0.23,-5.45,3.19,-1.07,5.98,5.07,5.59,5.48,2.61,,5.09,-0.64,0.32,4.64,0.68,1.66,2.0,1.73,6.62,1.14,3.97,-1.43,4.37,0.34,13.32,1.23,3.43,0.92,3.2,1.18,1.27,8.9,0.27,7.33,8.44,6.48,1.15,7.9,4.53,12.16,2.48,6.91,-1.74,4.15,2.38,2.69,2.44
1966-05-31,-10.23,-4.06,-1.72,-6.29,-3.9,-14.29,-11.95,-4.32,-5.87,-7.94,,-7.47,-4.98,-4.6,-15.92,-8.59,-5.49,-13.83,-7.95,-9.56,-5.84,-8.74,-6.95,-8.43,-3.75,-7.73,15.01,-11.92,-2.54,-3.79,-2.74,-2.99,-15.73,-10.1,-3.71,-9.64,-11.38,-8.82,-1.06,-9.53,-9.6,-2.49,-4.38,-1.28,-5.79,-10.07,-4.15,-16.08
1966-06-30,5.78,-2.6,-5.42,3.28,-2.01,-6.22,0.16,2.29,0.92,-1.9,,6.77,0.25,-3.88,-2.59,-1.99,-2.13,0.05,-0.85,3.99,-1.46,-2.64,-1.34,1.1,0.04,-0.99,-3.12,0.54,-8.52,-2.14,-1.79,0.47,-1.81,0.82,-0.48,0.48,0.26,-0.8,-0.53,3.34,1.0,-2.65,0.71,-1.65,-1.25,0.67,-3.48,2.4
1966-07-31,4.5,-1.54,3.48,-3.92,-0.45,-4.29,0.09,0.24,-2.38,-1.72,,-4.51,-1.31,-1.16,-4.15,-5.23,-1.34,-3.37,-4.06,3.8,-3.65,-5.23,0.43,-7.95,-2.87,-6.44,8.36,-2.12,3.33,0.35,-0.18,-1.16,-6.43,-3.37,-2.66,-0.37,1.94,-2.31,5.03,-2.17,-3.43,-1.83,-2.61,-2.36,1.41,-5.62,-2.73,0.28
1966-08-31,-12.86,-6.2,-5.2,-6.93,-5.5,0.04,-12.59,-8.67,-8.28,-10.81,,-7.45,-8.2,-9.11,-11.95,-9.76,-10.2,-10.6,-7.51,-10.86,-7.15,-9.22,-7.9,-7.51,-10.37,-7.29,-16.62,-12.35,3.21,-6.61,-8.61,-4.57,-12.48,-9.52,-5.92,-5.78,-7.9,-4.89,-6.23,-13.51,-10.83,-6.0,-10.23,-9.42,-4.89,-10.01,-10.0,-15.34
1966-09-30,-3.91,-1.35,0.21,-3.44,0.36,-15.61,1.24,1.03,-2.74,-1.31,,-2.25,-0.99,-7.25,-1.54,-6.92,-2.36,-1.98,-2.3,-0.71,-5.6,-0.02,0.99,-2.92,-6.01,-5.14,-1.23,-3.2,2.81,3.96,4.36,-0.56,-2.38,-2.69,-1.34,-2.52,-4.43,-4.03,1.37,-2.32,-2.4,-1.71,-9.09,-0.22,5.42,-0.25,-2.54,-7.17
1966-10-31,1.27,8.21,8.85,4.4,6.84,-12.73,10.53,-1.41,3.84,-2.57,,4.5,4.92,1.88,-0.83,-6.09,1.33,-3.46,6.78,-2.93,2.89,2.34,-0.15,-3.8,9.23,-1.18,-11.08,0.32,-1.44,8.58,9.96,9.18,5.33,-2.3,1.29,-0.34,-4.94,4.23,-1.11,-0.7,1.11,-1.47,-3.95,11.44,13.41,-0.04,9.58,-0.92
1966-11-30,13.45,1.27,5.51,6.76,-4.0,2.11,7.55,9.72,7.33,4.05,,6.04,7.03,-1.68,7.95,-2.52,4.26,15.0,-0.3,0.75,1.38,7.87,-7.01,18.91,-5.91,7.44,6.78,10.67,6.15,-1.26,-1.37,-2.84,2.0,7.76,13.45,5.93,14.44,0.85,1.41,10.96,8.19,0.3,2.17,3.84,1.45,5.44,2.78,-1.68
1966-12-31,-8.0,-1.25,2.31,3.24,-1.55,-6.72,0.93,3.4,-1.25,-0.74,,2.8,-0.59,2.16,2.48,2.51,2.12,4.07,3.28,12.22,0.73,-2.68,-0.5,1.79,1.69,14.33,3.95,1.79,7.21,-0.75,2.09,2.96,3.77,3.06,0.32,0.28,1.89,0.61,-0.95,0.68,1.44,-4.79,5.84,5.4,0.41,-2.3,4.27,4.12
1967-01-31,8.46,6.26,6.58,9.18,16.43,20.34,14.7,11.35,6.16,11.42,,12.26,5.63,11.86,15.86,13.03,14.81,20.32,15.42,5.42,13.66,15.8,13.55,10.52,12.99,2.6,8.28,13.7,7.03,3.52,2.84,6.24,16.37,18.02,7.96,13.0,16.99,9.85,8.16,12.49,16.68,11.52,15.28,12.18,1.4,13.36,9.34,19.88
1967-02-28,-6.46,0.81,4.7,3.72,-3.35,0.6,3.1,5.31,4.48,3.41,,5.86,0.73,-0.75,9.44,3.86,2.44,4.0,-3.45,4.75,-1.76,5.01,-1.15,2.83,-1.49,4.02,-0.36,-1.83,3.1,-0.15,-1.73,2.13,5.74,0.3,8.19,2.78,5.44,0.28,2.21,-1.28,11.24,2.56,5.86,-2.37,-2.22,4.56,3.23,2.85
1967-03-31,-4.8,3.64,3.8,8.31,4.91,-4.92,11.01,8.55,3.99,4.05,,8.57,7.74,3.83,3.62,2.09,8.36,14.78,5.19,18.55,11.17,4.38,5.4,7.1,7.77,1.67,0.44,5.0,9.83,3.51,1.54,2.96,-0.65,4.66,5.51,4.27,9.53,6.53,7.16,4.25,4.22,1.94,15.46,1.15,-3.95,5.37,3.2,6.74
1967-04-30,0.57,3.15,7.38,6.13,3.48,12.55,6.37,5.94,4.66,2.87,,6.55,4.12,5.72,5.84,6.97,3.93,2.52,3.23,16.97,4.48,5.04,9.48,5.96,0.48,-0.77,0.18,6.75,5.77,1.63,1.88,0.22,13.01,6.39,8.74,6.29,9.74,5.78,-1.44,0.75,2.42,9.79,8.95,0.54,-0.44,3.5,0.22,5.79
1967-05-31,1.38,-1.96,-1.36,-5.38,-7.6,-10.7,0.54,-3.51,-5.56,0.2,,-3.88,-5.53,-5.7,1.26,-2.17,-5.57,-1.0,-1.95,-11.44,-2.17,-3.54,-6.48,0.83,-0.13,-0.04,13.12,-0.48,-0.5,-2.48,-4.12,-5.66,0.88,-2.02,-3.8,-6.82,-1.97,-5.2,-1.01,-2.14,3.56,-5.4,1.56,-6.09,-1.95,12.91,-2.06,1.64
1967-06-30,8.33,2.54,8.2,4.27,6.65,8.87,14.1,-6.26,1.54,4.86,,2.88,5.84,-0.27,13.52,-0.89,4.17,9.22,1.47,9.02,4.11,7.31,0.89,10.97,6.11,5.53,4.52,5.98,6.62,2.21,-1.31,2.73,10.99,4.92,7.38,3.84,5.22,-0.01,-2.55,0.47,7.59,3.37,13.0,1.07,2.17,1.29,7.19,-1.42
1967-07-31,13.94,6.85,2.64,2.66,8.33,7.75,4.04,4.67,6.46,4.99,,2.11,4.08,4.16,7.04,8.33,7.48,3.49,7.74,2.45,5.94,8.49,9.08,4.47,1.65,8.08,4.45,15.45,3.24,6.98,2.33,-6.58,14.66,5.34,3.25,4.88,6.56,2.64,5.61,7.25,5.46,6.23,1.71,10.77,-2.16,7.92,7.45,17.01
1967-08-31,-8.42,-0.16,-5.55,0.54,-4.93,0.25,1.72,-0.21,-0.45,5.33,,3.38,0.19,-0.33,0.57,2.47,2.79,4.31,0.72,1.83,0.09,2.75,-0.67,-4.45,-1.55,-10.01,-6.49,-3.1,0.49,-1.52,-0.65,-1.24,-5.88,2.27,-0.41,-1.21,-4.38,0.32,-2.34,-2.47,-0.07,0.47,-0.36,2.01,1.02,0.0,3.21,0.7
1967-09-30,5.17,2.5,2.69,-1.47,-1.82,5.48,6.92,1.9,3.36,7.75,,5.65,2.42,5.63,8.66,10.36,3.17,6.0,0.26,-0.21,4.5,5.86,5.27,-2.71,-1.42,4.31,4.45,6.83,4.99,4.23,-0.1,1.22,10.86,7.19,10.43,4.8,6.43,0.93,4.49,-3.82,8.56,1.78,9.13,2.14,1.33,3.15,4.39,3.47
1967-10-31,-2.35,-4.25,-0.94,-3.21,3.39,-2.28,4.44,-7.52,0.35,1.09,,-0.88,-5.77,-6.51,-0.98,-2.8,-5.14,-5.24,-10.04,-9.84,-5.98,-2.88,-5.49,-4.12,-3.25,-8.98,-1.93,-7.29,-0.21,-0.99,-5.37,-3.49,1.79,3.57,7.7,0.59,-0.92,-6.68,-3.42,-9.34,-0.47,0.58,9.42,-5.03,-5.94,2.9,-2.77,-1.16
1967-11-30,-3.63,-1.48,7.43,-0.79,-5.2,-5.26,-2.07,4.16,2.66,2.23,,2.24,1.16,-2.84,-2.17,-0.77,-2.22,4.34,-0.17,4.4,-0.35,1.03,0.56,2.9,-2.59,-0.27,10.15,0.36,-3.01,0.84,3.19,0.08,5.43,0.22,3.15,-2.65,-0.76,-2.1,1.28,-0.14,0.36,0.62,7.83,-2.37,-3.06,-2.61,1.08,-5.64
1967-12-31,4.63,4.32,-1.71,-0.3,7.12,1.01,8.01,-1.33,2.19,7.5,,6.21,0.84,5.95,11.68,1.85,5.62,11.02,4.8,3.08,4.12,5.22,4.17,4.22,7.83,0.44,11.9,4.48,6.55,3.02,3.29,0.12,15.87,13.78,2.49,-0.11,-1.75,8.67,4.21,2.11,11.9,2.72,7.74,3.8,5.79,17.11,8.16,8.64
1968-01-31,-4.74,-0.35,-2.31,-0.89,0.8,-4.43,-1.42,-3.15,-10.34,0.85,,-5.65,-6.76,-4.87,2.87,2.42,0.07,-0.04,-4.76,-3.85,-3.32,-8.9,-4.38,-12.08,-1.33,-2.23,5.47,-4.82,1.72,-0.95,0.18,2.67,-1.25,-3.43,-8.82,-7.99,-11.84,-1.6,-5.15,-6.95,1.87,1.29,-3.58,5.56,2.54,6.2,0.41,-2.13
1968-02-29,-12.76,-2.7,-0.96,-1.47,1.16,-1.83,-11.78,-4.96,-2.83,-5.57,,-5.13,-4.06,-4.36,-10.1,-2.05,-3.52,-8.13,-4.22,-6.95,-6.34,-4.67,-3.11,-3.67,-4.23,-5.77,19.53,-4.41,-6.98,-2.62,-1.49,-2.42,-8.65,-7.12,-2.98,-7.52,-7.03,-5.55,-3.26,-3.09,-11.2,0.05,-6.97,0.85,-6.12,-7.98,-4.38,-7.45
1968-03-31,-1.52,-1.12,4.59,2.25,-1.79,4.71,5.73,2.1,3.49,2.74,,0.23,0.08,-0.53,-3.03,-1.2,0.44,-2.84,-0.69,-0.02,-0.86,-0.93,-0.32,0.73,2.06,0.62,-10.79,1.34,4.01,0.69,-3.94,-1.12,-7.44,0.86,5.59,0.95,6.95,2.11,1.52,-2.07,-1.37,3.15,2.34,1.81,-0.28,3.95,0.19,-1.71
1968-04-30,7.3,10.68,10.38,5.57,5.55,14.7,22.38,15.3,11.13,13.25,,7.95,12.71,7.95,19.43,12.58,15.23,13.0,7.21,9.59,12.02,14.84,11.33,10.58,10.73,12.21,7.05,6.57,7.44,5.62,2.42,2.21,27.02,16.18,11.97,13.27,12.28,10.71,14.21,11.26,16.33,11.8,18.42,9.81,7.39,19.69,13.17,20.69
1968-05-31,0.41,6.25,2.7,3.86,0.51,6.06,6.48,4.51,2.24,6.78,,7.86,2.47,-0.7,5.35,5.41,4.91,16.23,5.19,3.61,3.33,1.78,0.72,0.38,5.87,6.37,9.92,2.0,11.01,1.13,0.44,-0.73,13.48,2.34,5.24,-1.06,6.16,2.69,7.45,6.16,8.56,2.71,13.71,5.88,14.18,7.09,5.17,8.86
1968-06-30,-0.6,0.75,1.29,2.12,4.3,-5.97,-3.12,-0.43,-2.18,3.67,,-0.87,2.88,0.67,-0.76,-2.29,-1.43,7.43,0.64,1.5,0.46,-1.33,0.02,-3.53,10.23,-4.47,-2.86,0.42,0.48,1.88,8.45,4.18,4.89,0.39,-1.68,-2.3,-4.58,5.27,-1.29,1.34,1.03,0.62,0.44,8.44,19.08,8.32,3.37,-0.71
1968-07-31,0.39,-3.5,-5.58,0.7,-1.38,-4.75,-3.06,-6.47,-5.36,-2.78,,-4.41,-4.06,-0.82,-5.55,-4.03,0.6,-6.51,-6.61,-9.72,-4.27,-3.71,-2.41,-6.83,-4.71,-5.73,-8.42,-6.19,-2.02,5.35,0.18,-0.2,-4.56,-4.9,-4.92,-7.19,-4.44,1.08,-4.5,-4.67,-8.34,-5.01,-6.58,3.49,-5.32,1.36,-1.29,-2.52
1968-08-31,-0.96,1.17,4.63,7.73,-3.23,2.35,8.3,0.14,2.14,4.68,,-1.14,1.04,2.54,-0.23,8.61,8.44,3.26,1.53,-2.0,4.25,1.58,1.68,0.4,2.21,13.04,2.9,-3.48,-1.48,1.3,-0.87,1.29,6.78,-1.15,-0.7,3.5,3.02,8.61,4.69,0.36,0.17,2.33,6.0,4.21,6.21,9.02,4.2,-0.64
1968-09-30,9.68,5.64,-1.02,5.02,5.71,11.14,15.41,4.98,1.92,3.79,,-0.45,1.09,6.99,6.21,7.58,4.75,7.77,7.78,1.53,5.26,4.45,6.81,1.85,5.42,11.1,0.86,5.0,7.04,3.49,0.26,2.97,11.72,9.59,1.37,5.77,7.85,7.11,1.94,11.43,8.55,7.64,8.01,7.7,22.74,13.49,5.87,15.91
1968-10-31,5.89,1.01,0.87,-5.03,1.56,-0.43,-0.96,2.53,0.83,1.84,,-1.21,0.18,2.23,-0.93,2.11,-1.95,-2.12,2.82,-1.01,1.5,-1.18,3.88,-1.81,0.4,-2.77,-1.77,-0.78,-4.97,2.65,0.49,3.17,1.94,0.7,-6.86,-1.18,0.25,6.71,3.66,0.05,3.75,0.33,6.65,2.73,-1.16,2.07,4.37,-4.15
1968-11-30,6.28,5.7,5.01,5.23,3.06,5.52,8.27,0.81,6.97,4.95,,11.3,7.52,4.67,4.1,5.12,6.57,5.12,5.38,4.37,4.85,5.19,-2.09,7.22,12.03,16.08,9.74,9.73,9.38,5.63,8.81,5.39,-2.83,8.14,9.38,6.66,10.14,4.31,6.99,8.04,11.14,4.59,9.38,2.83,0.75,13.34,9.95,6.58
1968-12-31,-1.54,-1.37,-2.72,-0.56,9.12,-4.1,-4.28,-4.83,-6.98,-1.24,,3.61,-1.92,-2.6,2.74,-3.38,-1.57,-4.6,0.93,-0.25,-2.58,-4.41,-4.0,-3.27,1.61,-3.88,5.73,2.11,0.16,-2.56,-2.92,-6.67,-2.39,-4.69,-6.21,-3.94,-3.58,-0.93,-4.31,-4.03,-1.25,-4.97,1.43,-8.68,-1.37,1.2,-6.53,12.21
1969-01-31,5.67,-0.97,-0.14,-0.45,3.65,-3.26,-0.7,-5.52,0.09,-0.75,,-1.14,-0.04,-1.74,-4.78,-4.31,-1.55,-0.2,2.72,-2.71,-0.55,-2.17,-1.22,-2.84,-3.54,-3.37,1.13,-4.04,0.97,-1.17,2.44,1.17,-5.41,3.13,-5.03,-4.84,-1.18,-0.73,-2.57,2.8,-1.28,-0.7,-1.17,0.44,-3.53,1.57,0.26,12.74
1969-02-28,-9.36,-5.77,-4.99,-5.04,-9.57,-7.12,-7.61,-6.29,-4.65,-9.81,,-2.82,-5.65,-5.54,-9.87,-7.98,-5.34,-12.58,-8.44,-7.15,-6.29,-3.96,-2.72,-7.29,-8.6,-8.94,-5.2,-7.61,-7.28,-4.93,-5.22,-3.34,-6.81,-10.56,-1.64,-7.09,-7.46,-3.49,-4.96,-8.13,-13.59,-2.88,-11.76,-7.19,-9.62,-12.8,-9.11,-16.8
1969-03-31,6.12,-0.07,3.92,1.69,-1.72,3.88,-4.28,3.97,2.2,0.75,,7.99,2.37,0.14,-0.24,-3.19,4.4,5.24,2.88,0.19,3.24,3.57,4.92,-1.9,3.42,3.4,2.88,-2.3,-5.89,7.47,-1.29,-0.42,-6.64,3.76,7.33,1.62,3.34,10.37,6.66,-2.89,3.06,5.59,2.73,4.19,-7.3,9.15,4.58,1.83
1969-04-30,-4.65,2.4,1.83,1.14,-1.98,6.75,4.4,-0.16,5.03,-1.46,,4.69,5.05,-1.22,-0.77,-0.17,2.47,1.26,0.62,-5.89,-0.52,-0.85,-0.19,-3.31,-6.81,0.59,3.27,0.33,-10.59,-0.28,1.34,7.68,-6.44,2.55,4.84,2.52,-0.46,5.63,1.89,-1.43,4.85,3.85,7.55,3.83,2.33,13.43,0.4,-3.32
1969-05-31,-2.46,1.51,2.3,2.96,1.71,-2.65,-5.22,2.06,0.16,-1.79,,1.66,1.68,-0.51,2.07,0.85,-0.72,0.61,-2.74,-3.38,-0.64,-0.98,0.88,-8.23,1.61,-2.68,3.69,1.14,0.4,4.03,0.02,1.07,-7.7,-1.15,-2.26,-0.56,2.95,-3.24,2.68,-2.16,-5.82,0.91,3.3,-4.19,-0.42,1.5,0.24,2.72
1969-06-30,-8.44,-5.89,-6.56,-8.07,-5.51,-10.99,-15.35,-11.3,-1.7,-8.6,,-5.82,-4.87,-7.49,-10.01,-10.24,-11.94,-12.26,-10.14,-13.58,-8.81,-5.66,-5.99,-8.63,-11.38,-13.82,-11.12,-13.4,-10.35,-9.93,-5.74,-4.0,-8.52,-10.07,4.03,-8.89,-8.56,-13.35,-7.15,-8.05,-17.07,-4.24,-9.95,-6.85,-8.96,-13.85,-11.11,-16.27
1969-07-31,-8.33,-6.92,-3.53,-2.11,-4.74,-7.88,-10.02,-11.07,-3.43,-11.93,-1.84,0.01,-3.37,-4.22,-11.63,-6.14,-6.8,-9.52,-6.53,-10.2,-6.45,-8.52,-7.76,-13.76,-8.64,-9.37,-20.77,-6.32,5.6,-9.73,-2.98,-4.5,-10.83,-7.48,-4.93,-6.37,-5.38,-1.66,-3.15,-12.51,-10.09,-8.2,-9.93,-6.62,-10.18,-13.12,-9.11,-14.67
1969-08-31,4.22,4.52,5.45,6.62,4.03,6.42,11.56,9.79,4.77,2.33,14.96,13.66,8.23,3.29,5.23,4.16,8.45,8.69,0.36,3.59,2.99,4.77,2.42,5.09,9.6,-0.18,10.16,3.72,4.78,6.64,-1.29,1.65,2.12,9.87,7.7,5.31,5.39,5.33,6.09,5.6,6.38,8.21,8.98,12.76,8.28,15.06,8.89,8.38
1969-09-30,1.59,-0.58,5.3,-0.93,4.14,2.14,1.09,-0.61,-0.52,-2.55,5.12,2.03,2.08,-5.45,0.66,-3.03,-3.55,-2.43,-1.03,-3.51,-2.99,-1.83,-0.53,-5.42,0.01,-2.8,5.08,1.11,-0.54,-9.71,-4.15,-4.0,3.5,1.84,-0.19,1.56,2.38,-1.58,1.23,-1.56,0.2,-0.73,-1.34,-2.94,7.39,-3.79,-2.51,-6.67
1969-10-31,16.97,7.97,6.84,11.65,12.41,6.29,12.99,7.59,6.41,6.72,22.18,8.39,9.02,4.5,7.47,6.78,8.62,9.68,8.17,4.6,4.72,10.38,4.98,6.12,5.91,9.7,-10.05,4.71,10.79,-1.13,8.3,3.5,10.6,11.48,4.24,8.47,10.46,8.58,3.51,4.94,10.97,6.26,9.03,10.75,5.71,4.54,10.32,3.71
1969-11-30,-1.89,-0.67,-4.92,-2.85,0.74,-8.39,-3.27,-3.97,-2.42,-2.91,-3.35,1.57,0.03,-4.58,-6.03,-4.23,-3.12,-9.75,-4.58,-4.43,-3.29,-3.54,-4.17,-9.12,-5.09,-7.81,-3.17,0.87,3.52,-4.61,-5.28,1.16,-4.48,-2.99,-0.84,-3.96,-4.58,-1.29,-1.98,-8.01,-6.14,-4.07,-1.9,-8.99,-4.91,-6.24,-5.92,-2.25
1969-12-31,-0.12,-2.0,3.81,-0.63,-2.01,-6.41,-3.27,-3.28,0.94,-6.37,6.63,7.77,3.4,-3.65,-5.91,-5.56,-2.85,-8.07,-1.29,12.05,-2.82,-2.82,-3.18,-6.37,-3.84,-3.77,-10.14,-2.49,5.11,-3.07,-0.63,-5.51,1.48,-0.32,0.29,-3.88,1.8,-3.43,-2.66,-8.02,-3.99,-2.81,-4.34,-0.72,-2.86,-4.32,-3.11,-13.9
1970-01-31,1.01,-2.77,-2.79,-1.36,-6.99,-8.02,-5.63,-11.4,-6.9,-4.8,-4.69,-11.02,-6.1,-6.77,-2.38,-4.68,-8.97,-12.1,-5.7,-4.13,-6.5,-6.21,-8.79,-13.53,-3.32,-9.49,1.45,-2.5,-0.17,-11.58,-4.24,-2.57,-24.86,-9.12,-8.88,-10.3,-7.45,-9.46,-8.47,-7.82,-7.97,-5.89,-11.92,-7.52,-8.96,-11.36,-10.7,-5.11
1970-02-28,9.93,6.01,3.88,6.87,0.28,6.04,8.22,0.52,0.27,2.69,-23.33,6.01,5.76,3.78,3.67,5.07,9.56,-0.03,10.78,4.13,6.42,8.43,7.42,4.23,10.92,5.97,-0.8,7.56,16.82,5.24,8.38,7.97,-2.56,3.18,1.86,6.51,1.86,10.41,6.81,10.49,3.82,6.05,5.37,15.55,10.49,1.51,9.11,-5.26
1970-03-31,-13.39,-0.56,-1.1,-0.62,1.42,-2.82,-2.58,-2.7,-0.96,-0.57,-1.31,-6.39,-4.78,0.83,-0.75,1.12,-1.2,0.44,0.8,0.9,2.62,2.33,4.58,-2.77,0.12,-4.17,-1.12,-1.51,-3.28,-0.4,2.91,2.29,-11.03,-4.46,-1.58,-4.31,-7.84,4.31,-2.32,-3.18,-5.62,-0.92,-7.57,-1.22,-0.22,-1.01,-0.57,0.07
1970-04-30,-17.69,-10.55,-8.67,-9.4,-2.81,-19.88,-21.5,-15.05,-7.92,-14.14,-41.07,-11.44,-9.57,-4.28,-15.18,-7.72,-10.21,-17.14,-9.43,-24.17,-10.9,-8.38,-9.19,-16.01,-6.89,-11.03,-13.55,-14.22,-14.7,-9.09,-8.07,-8.79,-24.3,-21.25,-13.21,-17.91,-13.35,-6.74,-10.78,-12.0,-20.66,-10.01,-18.41,-10.93,-15.29,-18.65,-12.48,-28.69
1970-05-31,-9.88,-8.63,-3.65,-6.09,3.55,-7.91,-13.23,-17.59,-8.22,-10.3,-29.06,-8.11,-7.6,-2.82,-13.24,-10.12,-9.23,-11.0,-9.4,-9.95,-9.47,-8.54,-5.25,-8.32,-10.06,-8.47,-7.68,-1.44,5.87,2.64,-5.35,-3.71,-16.08,-10.12,-7.86,-12.86,-22.28,-3.43,-10.39,-6.89,-12.05,-9.39,-12.09,-6.49,-8.74,-15.17,-9.44,-5.46
1970-06-30,-0.82,-0.17,-1.59,-2.65,6.66,-11.67,-5.36,-9.37,-5.04,-6.9,-4.57,-4.22,0.41,-1.56,-7.11,-2.57,-5.23,-13.36,-6.49,-11.98,-4.47,0.83,-3.44,-12.29,-4.89,-10.86,7.98,-3.02,-3.03,-2.41,-4.71,-8.49,-17.82,-7.92,-11.69,-12.02,-14.01,-7.33,-5.04,-15.39,-6.4,-3.7,-7.15,0.61,-3.54,-3.26,-11.22,-22.57
1970-07-31,-0.82,5.58,5.84,6.76,3.5,12.52,0.53,13.27,4.59,8.3,-6.28,1.88,2.3,8.52,6.23,10.63,10.08,6.87,3.53,12.65,3.31,5.15,8.93,4.41,4.06,14.78,10.32,0.47,6.33,12.84,8.71,10.26,12.54,6.3,0.8,6.72,4.46,8.8,6.58,8.39,4.36,11.78,1.0,6.59,10.59,9.67,10.36,0.16
1970-08-31,-0.31,0.37,-1.71,-2.71,0.68,11.46,3.23,6.51,4.23,7.27,8.96,2.2,1.67,5.36,4.48,4.38,3.84,7.45,-0.02,9.41,4.26,2.54,9.12,12.24,1.54,7.22,10.51,3.05,-2.94,6.69,4.69,2.44,2.88,3.38,7.14,10.08,13.34,6.8,7.8,8.47,6.62,5.08,6.93,6.4,1.62,4.14,5.68,14.45
1970-09-30,14.45,5.01,4.04,4.49,0.52,6.23,19.18,7.3,6.38,11.99,36.41,8.23,7.73,-1.3,7.56,5.87,6.81,16.39,4.18,13.06,7.81,3.15,1.36,9.06,8.77,6.01,5.68,8.86,24.1,2.99,-0.52,-0.88,20.73,13.17,10.53,8.42,9.75,1.68,0.16,8.98,16.37,6.82,16.09,-0.4,8.73,14.86,8.57,5.75
1970-10-31,-3.58,-0.02,4.31,-1.02,10.35,-4.35,-3.75,-2.91,-0.16,-3.69,-19.33,1.22,0.06,-4.05,-7.22,-1.92,-3.45,-11.64,-5.05,-9.17,-3.27,0.23,-2.82,-11.19,-4.76,-8.84,2.18,-6.63,6.33,2.92,-0.83,-3.75,-6.47,-5.04,-1.59,-9.42,-4.55,-5.15,-2.6,-4.96,-7.59,-0.89,-3.95,-5.23,-9.99,-9.39,-7.39,-19.3
1970-11-30,-1.8,5.29,6.69,-0.85,10.09,6.54,11.3,3.77,4.88,2.47,0.2,1.24,3.55,4.6,-0.08,2.73,1.91,1.45,1.94,8.82,3.13,3.66,8.42,2.73,11.7,15.45,-4.17,-1.04,8.88,4.91,9.41,6.16,-4.92,2.79,3.45,6.61,2.03,-0.56,1.37,3.56,-1.04,7.77,4.16,4.7,6.05,7.37,7.09,-8.82
1970-12-31,0.92,8.21,2.28,4.28,2.67,5.2,2.75,12.23,5.68,14.12,10.06,1.51,6.23,9.83,11.35,13.35,9.26,10.03,7.49,7.36,12.34,3.62,6.06,5.52,5.92,5.1,-3.24,8.28,5.59,2.2,7.18,6.85,5.06,4.8,3.33,8.63,3.06,8.42,10.22,10.53,11.1,4.88,6.93,8.22,12.76,9.86,9.05,11.17
1971-01-31,5.66,2.12,4.07,4.52,5.74,10.41,13.1,5.06,5.14,12.72,4.8,10.94,3.51,6.99,6.87,5.94,5.76,12.02,4.26,10.43,7.91,7.56,2.02,22.26,3.28,21.95,4.13,6.34,3.37,0.26,2.93,9.77,10.17,8.56,3.77,9.08,10.52,6.08,3.49,15.75,13.94,7.84,7.82,0.52,8.95,8.29,7.51,17.79
1971-02-28,9.25,2.4,1.8,1.66,5.11,5.79,6.02,6.23,1.69,5.96,27.84,3.59,0.59,1.79,3.77,6.31,0.37,2.08,-0.13,12.49,0.64,7.1,0.06,4.05,3.88,0.76,7.71,2.24,3.75,4.85,-2.6,-5.29,7.86,4.49,3.49,0.67,1.92,0.11,3.84,2.78,1.88,3.57,6.07,1.08,3.59,7.03,1.0,12.45
1971-03-31,1.24,2.62,7.6,2.66,9.6,9.39,14.72,4.56,6.35,4.16,13.27,8.11,2.42,3.21,5.59,-0.43,0.38,6.74,4.0,0.44,3.95,2.03,2.46,2.51,6.84,-2.49,5.92,6.68,8.88,2.66,2.41,0.71,-1.28,8.49,7.07,12.38,4.2,-0.33,6.35,3.0,9.4,6.27,10.0,10.24,4.31,6.34,6.13,6.72
1971-04-30,5.06,1.05,2.86,1.5,1.72,8.47,3.66,6.53,3.84,2.76,-1.34,4.88,4.15,6.43,2.64,-0.04,4.3,5.33,2.81,15.47,4.84,8.91,8.62,6.51,6.33,12.06,5.09,3.96,2.83,4.34,-3.55,0.81,-6.37,2.79,1.33,5.23,1.46,3.0,1.14,11.62,1.79,5.57,2.79,-2.12,7.34,3.83,3.47,-8.16
1971-05-31,-7.49,-2.85,1.87,-1.43,-7.75,-1.22,0.71,-5.83,-1.05,-3.94,-6.6,0.62,-2.79,-0.83,-6.25,-3.58,-5.31,-1.78,-3.69,-3.08,-4.27,-3.0,-4.83,-4.1,-1.99,-7.39,-4.14,-1.89,-7.81,-4.72,-3.71,-5.16,-5.98,-4.7,-7.0,-4.68,-3.61,-3.61,-2.6,-4.26,-3.08,-2.01,2.3,-7.14,-3.22,-5.57,-5.16,-13.35
1971-06-30,-0.69,0.7,1.86,0.78,0.06,2.15,-1.33,-1.09,3.37,-1.78,-1.45,5.75,1.01,-0.27,-1.96,-6.49,-2.48,-2.84,-4.73,0.93,0.15,1.68,-1.5,-1.97,1.36,-4.78,-3.1,-1.11,5.43,0.98,4.32,1.04,0.99,0.76,-2.92,-1.33,0.2,-4.3,0.8,-2.24,2.05,-0.11,3.05,-2.06,2.07,3.1,0.32,0.02
1971-07-31,-6.96,-0.31,-1.93,-3.13,0.53,-10.8,-8.23,-3.01,-5.84,-6.51,-12.31,-3.06,-1.8,-4.03,-6.62,-4.49,-2.8,-9.6,-7.7,-8.16,-4.56,-6.84,-3.41,-9.77,-1.06,-7.62,1.45,-5.75,-11.2,-2.01,-2.14,-3.61,-12.6,-8.05,-9.48,-7.39,-5.01,-3.27,-4.13,-6.02,-5.98,-2.88,-6.33,-2.04,0.43,-10.13,-2.17,-16.55
1971-08-31,-1.26,-0.15,7.18,1.35,2.49,9.47,7.19,3.99,6.76,6.47,4.86,-0.45,4.18,7.93,4.44,7.67,6.58,11.41,8.81,6.18,9.28,9.21,9.87,3.55,9.63,3.35,-6.43,-2.81,4.19,-1.31,-2.33,-0.34,7.93,2.92,6.6,2.97,6.89,0.71,2.82,16.27,4.24,6.29,4.96,5.64,6.66,7.88,7.73,1.91
1971-09-30,-4.08,-0.12,1.92,-0.77,-2.88,-3.58,-2.81,1.89,1.59,-0.29,0.99,1.05,0.55,0.09,1.02,-0.4,2.04,-0.98,-7.39,1.31,-1.28,1.15,0.21,-0.05,-0.86,6.37,-2.65,-2.67,-8.13,-1.56,-1.51,0.23,6.79,-1.78,-1.59,-2.69,2.54,-3.66,-0.26,-0.48,-0.32,0.53,0.66,1.57,-2.44,6.35,-1.49,-3.96
1971-10-31,-6.89,-4.11,-1.4,0.99,-8.8,-6.78,-5.6,-3.37,-4.21,-4.27,-8.58,-1.91,-2.51,-6.71,-0.15,-8.61,-5.78,-7.56,-10.22,-12.47,-8.21,-6.66,-5.88,-6.03,-7.27,-8.13,-18.68,-12.23,-9.62,-4.28,2.05,-1.74,-4.27,-5.39,-2.41,-8.46,-9.31,-5.12,-4.05,-1.9,-3.58,-3.54,-2.53,1.48,-4.38,-6.2,-4.18,-0.13
1971-11-30,-3.1,0.97,-0.06,0.7,1.72,0.18,2.63,-4.31,1.71,-1.96,-6.76,1.31,0.56,-1.43,-4.18,-5.2,-3.78,-5.79,-2.52,-6.02,-2.18,-2.11,-0.4,0.31,-6.95,-1.11,1.77,-5.25,-3.73,0.1,-1.2,0.39,0.96,-1.55,2.17,3.24,-7.49,-2.96,-0.67,-0.43,-2.79,0.36,0.73,2.21,0.04,-2.52,1.79,-2.56
1971-12-31,9.63,7.38,12.54,13.36,8.55,11.79,18.33,13.32,8.49,10.71,17.26,7.28,7.88,6.89,12.05,14.9,8.37,9.82,13.95,15.39,12.65,11.71,6.2,13.22,12.37,14.68,4.03,13.78,16.9,8.75,8.11,7.37,14.48,13.53,10.77,11.6,13.33,9.03,9.68,9.84,14.16,9.75,11.66,6.28,1.97,3.86,8.6,14.72
1972-01-31,14.22,1.09,-1.52,2.86,5.87,7.27,15.62,0.39,3.2,5.15,6.73,2.66,2.5,4.41,10.77,6.98,1.14,6.8,4.33,2.08,3.13,2.39,2.84,18.92,-3.49,10.05,15.67,5.94,9.2,0.04,-0.3,0.94,5.94,5.45,9.35,7.03,4.29,-3.39,-0.06,6.33,7.05,-0.92,10.93,0.34,-0.98,2.71,2.33,17.85
1972-02-29,4.16,3.49,4.38,6.48,8.37,7.36,6.76,6.67,6.59,2.37,10.5,6.73,7.16,2.63,6.59,1.93,3.15,3.08,6.85,2.52,3.73,3.14,0.13,2.73,-1.69,0.22,3.03,7.65,-3.61,2.69,-2.5,0.16,2.62,2.59,1.3,2.35,6.92,3.89,5.55,3.23,4.9,5.63,6.9,-0.79,-0.28,5.78,0.35,6.08
1972-03-31,6.84,-1.07,2.06,-2.31,3.01,0.06,-3.11,-2.13,4.14,-2.4,-2.34,4.72,-0.52,2.46,-0.18,-0.24,0.99,0.06,0.26,-0.12,1.79,3.29,4.72,-0.64,-2.32,1.51,0.02,0.27,-12.5,-5.38,-0.16,-0.32,-11.83,-1.33,2.08,-3.15,5.52,2.92,2.49,-0.2,1.05,2.18,2.06,5.84,5.85,4.53,4.02,5.03
1972-04-30,3.79,0.97,4.14,2.41,6.28,-0.62,2.78,3.33,2.34,-1.44,-3.15,2.69,0.76,2.14,3.19,-1.62,2.02,1.28,0.18,0.83,4.06,6.12,-2.6,-0.97,-4.38,5.79,-2.64,0.3,4.2,-0.77,-2.82,-1.05,-5.45,-0.66,1.01,0.12,0.83,7.49,-1.75,2.13,3.22,-1.27,2.01,2.38,5.44,-1.7,1.36,-12.83
1972-05-31,-4.41,-0.39,1.78,4.96,2.8,4.88,6.96,0.99,4.02,-5.71,0.92,2.69,3.8,1.35,0.04,-2.94,-3.03,-4.78,-1.48,-6.36,2.66,1.93,-2.87,2.54,-1.2,-2.23,6.07,2.53,-8.45,3.81,-0.18,1.17,-7.76,1.11,4.08,1.78,9.34,-3.44,4.14,1.63,1.15,1.45,5.07,-2.39,-2.68,1.44,-1.0,-3.53
1972-06-30,-0.39,-1.97,-0.39,6.12,-0.75,-3.34,0.07,-3.15,-1.02,-3.56,-8.05,2.13,2.83,-3.92,-2.5,0.66,-3.1,-4.74,-5.41,-4.03,-1.47,-1.48,-2.71,-4.96,-1.98,-11.54,-1.3,-0.63,-13.33,-0.75,-1.55,-2.75,-5.24,-5.13,-1.6,-5.67,-1.49,-4.54,-0.97,-9.7,-5.32,-4.44,-0.91,-0.5,-8.8,-9.08,-2.86,-8.04
1972-07-31,-4.72,-0.89,5.26,-1.93,-5.25,-5.0,-2.11,-4.49,0.98,-4.05,-0.1,-0.63,4.26,-0.32,-5.0,-2.75,-2.04,-6.09,-3.87,-1.06,-0.71,-4.06,-1.11,1.68,-3.54,6.41,3.43,-5.59,-11.01,-0.92,0.04,0.75,-7.2,-3.94,2.16,-2.28,-0.56,-1.31,5.06,-4.26,-5.0,-2.06,-7.69,3.44,-4.96,-12.1,-1.92,-10.75
1972-08-31,-0.94,1.89,-0.61,5.15,-2.73,-2.95,-1.8,-0.03,-0.79,-0.11,5.91,1.33,0.84,7.6,2.45,-2.3,0.87,1.4,8.44,4.25,4.76,0.52,4.32,1.31,9.3,7.2,-1.52,4.52,11.24,12.49,5.97,5.15,-3.16,1.15,2.76,4.71,-1.34,5.68,-0.56,0.85,2.09,-0.61,-1.61,7.66,6.79,-2.48,5.03,6.03
1972-09-30,-0.38,-1.52,-0.97,-0.4,-7.57,-2.61,-3.37,-2.04,1.78,-3.23,-8.33,-0.51,-0.21,-4.59,-1.42,-3.57,-3.46,1.98,-3.94,-8.16,-1.16,-2.13,-1.11,-1.98,-3.16,-5.3,-6.51,-1.9,-15.31,-0.09,0.2,4.31,-3.04,-2.54,-0.91,-1.52,-2.68,-4.81,-1.09,-6.35,-3.53,-0.21,0.59,1.17,-2.41,-5.42,0.2,-7.11
1972-10-31,4.89,2.38,1.18,-3.9,-1.07,-1.98,2.86,-3.33,2.09,-1.23,-3.66,0.63,1.87,0.11,-4.21,0.93,-0.64,-1.58,-1.89,-0.74,-0.83,2.46,-3.62,-2.49,2.77,-1.95,-3.4,0.43,-4.9,3.17,6.77,2.3,-7.94,-2.17,-4.65,0.65,-4.17,5.07,2.11,2.88,-0.74,0.73,3.54,0.66,5.34,-7.06,1.69,0.35
1972-11-30,0.93,8.76,1.07,4.79,10.2,6.53,1.99,4.68,0.29,9.99,-13.15,-2.4,0.21,6.02,2.45,9.03,8.23,5.48,13.36,2.71,6.24,2.68,10.21,9.08,2.53,7.53,2.59,4.63,15.71,6.13,6.4,7.06,12.7,4.16,1.16,6.47,6.28,7.93,3.79,5.72,3.95,6.04,6.27,-0.76,7.97,9.85,8.84,6.4
1972-12-31,-1.48,1.65,3.19,-0.82,-3.37,1.83,11.84,2.4,4.43,-2.97,1.05,3.49,3.86,0.97,-2.28,-1.06,-2.4,2.3,-5.64,2.66,-0.57,0.38,-0.49,-3.72,-2.22,-3.99,3.94,2.86,-3.36,1.11,-1.54,1.45,-3.37,-0.75,2.6,-0.58,5.98,2.81,0.04,-3.89,-0.29,1.4,2.91,1.25,-4.21,-5.09,-0.44,-0.41
1973-01-31,0.27,-3.32,-2.2,-5.25,0.14,-14.82,-10.75,-8.94,-4.15,-6.85,-22.25,-4.28,0.01,-2.57,0.48,-7.99,-8.25,-7.03,-0.96,-8.54,-4.35,-5.73,-5.89,-8.51,-1.76,-3.75,8.14,2.12,13.85,5.01,-4.27,-2.12,-12.11,-5.12,5.84,-8.1,-0.96,-5.61,-3.03,-10.32,-7.03,-3.92,-4.68,-5.39,-9.01,-9.21,-8.84,-5.97
1973-02-28,-2.41,-3.87,-3.69,1.94,-1.26,-13.35,-9.49,-5.13,-0.85,-9.72,-12.52,-5.25,0.58,-0.37,-5.64,-8.24,-6.84,-12.12,-1.55,-4.87,-3.88,-6.12,-6.5,-5.87,-0.46,-6.04,4.63,5.08,-0.09,-7.44,-1.98,-4.64,-11.14,-7.91,-1.67,-5.96,-6.69,-5.18,-3.92,-6.17,-6.33,-5.79,-12.2,-5.97,-5.27,-11.04,-6.29,-8.81
1973-03-31,-3.48,-2.05,0.35,0.78,1.02,-4.24,-4.22,-1.67,-1.37,-4.61,-15.93,-0.19,1.23,0.73,-2.9,0.54,-1.63,0.83,3.67,3.31,-4.07,-0.02,-2.2,-1.51,-1.32,2.89,-0.56,-1.57,0.64,3.1,-2.15,0.53,-4.16,-2.78,0.24,-6.12,-3.4,2.68,2.48,3.28,-6.01,-6.4,1.11,-0.02,-0.19,-2.94,-0.66,-3.94
1973-04-30,-6.57,-5.16,-1.93,-5.09,-9.06,-10.23,-6.79,-13.23,-5.45,-7.97,-13.66,-5.58,-5.38,-3.64,-7.43,-6.79,-3.0,-10.16,-1.15,-5.53,-5.97,-10.06,-3.13,-9.21,0.43,-6.36,6.9,-3.11,-9.53,-0.95,-0.6,0.88,-13.14,-6.96,-5.83,-9.93,-6.36,-0.52,-6.32,-8.57,-7.74,-7.9,-17.33,-6.08,-6.92,-11.38,-10.65,-16.11
1973-05-31,-6.43,-1.24,-0.1,-0.53,-1.92,-6.37,-5.46,-2.19,-0.42,-7.13,-11.79,-3.32,2.19,-1.11,-3.61,-5.68,-3.64,-7.89,-5.18,-6.24,-3.06,1.8,-6.01,-6.45,2.77,-3.61,4.11,-3.95,-2.06,-3.56,0.35,-0.84,-18.69,-8.14,-2.8,-0.4,-4.15,0.97,3.37,-10.43,-7.36,-1.58,-5.54,-2.29,-3.39,-11.88,-3.49,-22.53
1973-06-30,4.68,-6.34,1.49,-1.24,3.53,-8.7,-11.7,-5.77,1.36,-12.85,-19.02,-3.21,0.87,-1.55,-4.51,-5.25,-2.74,-0.26,-2.67,-4.9,-1.77,3.33,-2.93,-11.1,2.4,-3.65,1.63,3.49,-10.08,1.68,-2.5,-0.32,-0.17,-6.56,0.99,-3.55,-2.01,-0.8,0.23,-5.27,-5.36,-5.46,-9.22,3.83,1.74,-0.67,1.69,5.51
1973-07-31,16.07,7.18,3.2,5.42,5.38,17.14,13.7,11.31,4.64,12.71,27.49,8.32,6.37,7.21,12.45,9.44,12.94,16.74,7.07,9.14,12.58,8.7,5.8,15.2,10.97,7.28,1.65,9.24,-3.86,0.34,-2.4,-0.32,23.59,15.62,1.07,14.72,16.37,10.03,3.26,7.98,16.03,9.92,17.42,8.93,11.03,11.1,7.92,7.59
1973-08-31,2.81,-1.48,-2.91,-1.71,-7.39,-0.57,-3.67,-4.17,-4.45,-7.95,-10.22,-0.49,-8.28,-1.81,-7.22,-4.76,-2.36,-1.12,1.11,2.94,2.25,-5.26,-3.26,-4.71,-1.94,2.49,-8.92,3.06,-10.96,-3.76,-2.1,-3.89,-7.14,-1.84,-3.7,-3.37,-5.44,9.28,0.59,-3.98,-1.82,-4.75,-1.42,-1.0,-1.42,-9.05,-3.34,-2.84
1973-09-30,12.88,7.75,5.18,-0.9,1.53,11.6,-4.25,7.69,-1.08,10.08,19.52,2.39,0.2,10.35,10.51,6.4,9.06,13.72,9.87,5.79,8.92,9.63,7.37,6.9,13.65,3.65,2.77,12.23,29.12,9.08,7.91,7.64,6.41,9.5,-9.46,13.05,12.76,5.09,5.37,12.29,9.83,6.71,8.87,6.81,8.02,7.51,7.5,5.18
1973-10-31,-3.72,-2.03,-2.71,1.73,-0.54,-6.84,-7.77,-4.36,-0.88,-6.97,-8.66,1.47,2.04,2.6,-8.62,1.57,-0.55,2.52,7.41,9.45,1.86,-3.09,-7.03,-1.14,1.86,-0.05,8.43,6.59,11.62,5.13,-3.41,-5.56,-9.2,-3.19,6.77,-3.09,4.63,3.54,-2.16,0.13,-0.14,-3.88,-6.99,1.0,-4.9,-9.58,-1.97,-0.63
1973-11-30,-16.3,-12.02,-12.34,-13.91,-8.04,-22.9,-30.59,-16.97,-12.05,-25.2,-17.5,-7.83,-7.64,-17.91,-18.03,-20.78,-16.92,-15.66,-14.21,-4.5,-13.56,-9.84,-21.54,-21.11,-2.31,-15.2,6.72,-7.53,-12.05,-6.18,-11.64,-4.33,-22.39,-17.02,-8.07,-18.32,-19.67,-11.52,-12.87,-14.62,-18.47,-17.25,-31.68,-13.76,-7.59,-23.51,-12.92,-13.29
1973-12-31,4.18,-0.48,-2.56,1.83,2.25,-6.25,1.12,-4.22,-3.01,-8.64,2.11,-2.62,-4.99,5.74,-3.12,-7.14,-0.96,4.32,10.5,8.23,2.99,-10.73,-3.56,-8.09,18.27,-3.97,20.2,5.25,10.36,8.64,3.43,4.17,-1.65,-0.55,-6.07,-0.17,0.88,10.26,0.13,7.06,-2.96,-0.8,6.46,1.83,2.12,-8.82,2.82,0.23
1974-01-31,2.08,6.29,-5.42,-0.84,3.14,8.87,8.83,-1.63,-2.59,9.75,-1.94,-3.53,-2.32,2.19,9.75,10.91,5.81,0.26,4.9,-6.59,-2.95,-0.92,11.59,10.34,-0.31,16.52,11.15,2.89,5.75,-7.58,4.55,2.09,6.65,1.45,-0.31,4.94,3.13,-0.15,0.68,0.47,5.32,7.82,0.8,0.16,-1.53,14.67,0.78,1.16
1974-02-28,14.13,1.48,-2.38,-1.7,1.95,-2.49,-0.31,-4.34,-3.41,2.29,-3.51,-4.21,-0.46,1.96,-3.02,0.38,4.45,2.0,3.46,-3.02,0.55,-1.8,-0.44,9.03,-1.99,8.84,-0.19,2.41,5.55,-1.63,0.29,4.71,-1.43,-0.78,-1.24,1.8,-0.35,0.9,1.56,7.92,2.3,1.36,-5.07,1.64,-2.23,-3.36,1.25,-1.08
1974-03-31,-1.67,-1.71,-4.06,-2.18,-5.97,5.04,3.48,5.82,-0.25,-1.61,-2.53,5.17,0.31,1.45,1.47,2.89,0.23,-5.2,-2.66,-7.61,-4.83,-2.2,-0.03,-4.61,-7.93,-3.74,4.66,-9.55,4.61,-3.32,-3.66,-4.58,2.3,-2.67,-1.17,-8.45,1.89,2.23,-1.4,-4.9,1.6,-4.53,5.03,-4.41,-4.53,1.48,-3.99,-3.04
1974-04-30,-9.65,-2.54,-4.13,-3.66,-2.79,-7.26,-7.93,-6.21,-4.18,-4.7,-12.58,-1.96,-1.26,0.96,-5.02,-0.44,-4.48,-6.64,0.17,-7.05,-4.5,-4.03,-2.26,-0.14,-10.27,1.59,-12.26,-6.39,2.54,-6.39,-12.23,-5.32,-9.25,-9.03,-3.09,-4.28,-5.0,0.31,-2.5,-3.92,-1.95,-2.0,-3.02,-5.12,-9.03,-10.65,-6.8,-5.35
1974-05-31,-6.89,-4.95,-1.14,-4.52,5.38,2.26,-0.93,-1.49,1.01,-7.0,-8.75,2.79,-0.76,-0.11,0.22,-6.89,-8.23,-8.97,-8.93,-12.44,-4.18,-6.02,2.37,-3.01,-13.42,-2.49,-8.55,-7.88,-8.23,-7.5,-4.93,-1.55,-8.16,-9.13,-5.24,-1.34,-1.5,-9.84,-1.45,-4.73,-3.89,2.16,-2.1,-10.89,-8.83,-11.44,-10.02,-6.88
1974-06-30,-11.52,-0.92,2.58,-3.26,-0.49,-8.3,-2.66,1.56,-0.51,-3.0,-8.73,-1.71,-1.54,0.41,0.02,-2.1,-4.8,-2.21,2.94,-1.6,-0.77,-8.03,-3.45,-2.99,6.45,-1.71,3.6,2.11,-6.29,-0.19,-6.22,0.27,-11.0,-3.0,-1.31,-7.02,-4.31,-0.75,2.21,-1.4,-4.2,-2.08,-6.8,-10.4,-4.1,-11.05,-5.08,-6.98
1974-07-31,-0.63,-9.07,-20.03,-11.27,-6.7,-13.1,-12.98,-6.1,-13.49,-4.07,-2.96,-13.06,-14.5,-4.29,-6.01,-2.64,-5.46,-12.34,3.97,-8.28,-7.18,-7.81,-10.95,-5.96,-7.47,-3.35,21.16,0.86,-8.96,-0.44,0.74,-7.63,-4.16,-7.26,-7.3,-11.32,-12.9,-0.95,-9.16,-6.95,-3.72,-13.61,-14.62,-7.02,-10.11,-7.16,-6.07,-7.92
1974-08-31,-1.91,-10.45,-14.24,-17.49,-2.83,1.83,-5.64,-12.46,-11.97,-5.04,-12.33,-11.71,-7.08,-11.03,-10.87,-7.32,-11.32,-2.81,-8.09,-9.93,-9.67,-10.42,-4.56,-8.45,-13.63,1.98,-7.65,-11.62,-1.65,-8.71,-8.69,-0.03,-6.93,-11.49,-5.24,-3.7,-4.41,-9.96,-7.27,-9.71,-9.8,-14.01,-7.83,-11.53,-12.66,-14.26,-11.51,-9.18
1974-09-30,-9.08,-7.15,-26.44,-16.62,-12.01,-18.6,-23.0,-7.26,-17.41,-9.79,-7.41,-14.66,-15.85,-10.24,-13.57,-7.14,-11.67,-12.12,-8.15,-10.41,-11.97,-12.89,-9.5,-5.61,-13.85,-9.61,-26.15,-7.23,-6.08,-8.01,-1.32,-3.81,-8.98,-7.22,-17.51,-15.39,-17.99,-15.82,-14.96,-9.07,-10.71,-11.28,-21.55,-9.07,-4.13,-5.46,-6.94,-11.61
1974-10-31,20.4,19.12,23.78,9.62,22.39,9.07,9.92,1.32,16.7,3.98,13.71,21.1,31.85,17.93,6.12,5.83,13.64,21.43,9.73,17.19,23.08,17.42,-2.27,6.85,18.8,5.52,26.53,17.43,46.5,20.51,13.02,10.85,21.97,14.85,16.88,8.2,13.08,13.98,20.74,19.2,17.28,7.97,15.2,24.98,26.58,1.5,16.32,21.19
1974-11-30,-2.11,-0.67,-11.06,-4.19,0.92,-4.05,-2.3,-3.69,-5.24,-11.67,0.93,-4.21,-0.57,-9.98,3.83,-13.45,-4.28,-6.11,-1.31,2.81,-3.44,-7.18,-6.39,-0.18,-0.61,-3.12,-6.94,-1.57,4.02,-4.4,-0.15,-3.07,-0.88,-5.33,-5.04,-3.29,-7.6,-3.35,-10.47,-7.07,-4.56,-5.96,-6.55,-3.11,0.06,-9.08,-2.16,-1.35
1974-12-31,-6.23,1.52,-0.43,-7.44,1.91,-16.48,-0.47,-3.14,-5.36,-2.99,-7.0,-4.66,-2.99,-3.73,-8.91,-2.36,-5.47,-9.77,-3.83,-3.38,-3.84,-4.43,-0.24,-5.09,-8.82,-10.66,-14.87,-4.87,0.51,0.86,-0.83,1.57,2.58,-4.02,-5.77,-3.83,-4.6,-4.97,-7.03,-5.73,-1.96,-2.72,-10.02,-4.48,-0.8,-12.42,-1.75,-6.13
1975-01-31,9.47,17.45,26.21,25.82,5.56,27.7,36.37,23.31,17.33,32.55,37.01,5.12,-2.31,10.36,18.97,19.75,27.94,12.44,17.73,11.19,11.83,19.03,22.56,18.84,14.49,20.49,6.48,14.66,18.27,6.55,18.83,11.09,15.18,25.52,12.64,23.56,17.48,14.9,6.27,17.56,17.56,27.14,28.74,22.16,10.13,45.35,16.31,15.64
1975-02-28,2.48,4.26,6.2,10.77,-3.33,5.91,21.76,10.97,11.52,-0.09,26.19,14.6,16.3,8.95,5.07,3.11,3.3,8.93,1.61,10.29,7.77,12.35,0.58,8.08,6.88,3.21,12.18,5.01,-2.62,2.36,0.88,5.15,7.9,5.34,14.71,6.56,19.86,5.39,11.34,5.55,6.41,3.82,16.44,-2.04,3.92,-0.28,0.45,4.06
1975-03-31,-0.29,2.68,14.2,4.81,5.78,13.73,16.55,10.17,3.5,22.55,4.21,0.26,1.49,5.97,12.65,8.71,7.86,13.12,11.63,2.94,5.73,4.23,6.86,13.37,-0.97,-0.66,5.68,9.56,17.57,-2.65,-1.33,-0.88,3.21,4.45,-1.87,6.9,10.69,5.35,-2.62,4.05,7.65,11.02,14.86,1.86,3.09,16.1,2.27,2.68
1975-04-30,6.85,0.37,3.78,-3.86,4.96,10.68,6.27,7.61,6.7,5.47,13.25,2.55,0.06,16.0,8.31,9.29,3.86,7.37,9.52,0.11,6.24,8.48,3.25,12.05,4.17,6.05,-4.99,12.7,22.01,6.98,-1.63,-0.96,1.82,1.98,3.88,9.36,10.33,11.99,11.03,4.44,4.89,0.88,13.67,1.91,-2.54,-9.51,3.23,4.46
1975-05-31,2.39,6.05,9.1,5.26,1.98,0.37,6.8,3.8,2.33,2.11,14.37,3.96,7.02,0.24,8.21,3.68,5.44,5.31,-4.95,4.39,4.97,12.65,3.78,11.82,7.13,3.35,9.75,5.78,23.32,11.84,8.54,3.55,7.08,7.2,4.04,11.1,7.0,3.21,7.65,-0.48,3.32,4.54,2.03,5.65,11.04,4.52,4.9,5.64
1975-06-30,10.7,6.73,0.57,3.27,4.87,4.62,7.15,3.93,3.24,10.3,1.66,2.1,0.69,4.39,2.49,6.72,4.39,13.66,6.14,14.12,5.13,2.34,9.55,10.16,0.61,12.97,5.72,4.66,-3.1,6.72,10.74,4.05,3.12,7.68,-0.5,8.61,5.42,2.28,2.6,3.93,6.4,7.76,5.71,7.61,5.76,8.57,5.55,5.76
1975-07-31,-3.65,-4.07,-9.57,-4.52,-6.64,-6.1,-6.96,-5.69,-7.99,-3.62,-9.06,-9.06,-12.78,-4.42,-4.6,-3.46,-4.62,-10.2,-6.58,-2.85,-4.68,-6.4,1.21,-7.91,-0.67,-3.93,-7.37,-3.55,-3.23,-4.27,-4.8,-4.21,-2.29,-7.01,-9.73,-8.59,-9.73,-2.96,-10.13,-2.7,-1.45,-8.18,-8.49,-6.72,-8.66,-8.55,-7.11,-4.76
1975-08-31,-9.35,-0.9,-4.25,-4.72,-4.58,-4.56,-0.25,-3.11,-4.44,-5.86,-7.76,-3.63,-3.16,1.82,-0.87,-2.66,-1.19,-2.68,3.82,-4.99,-1.79,-5.55,-2.63,0.83,-9.07,-7.69,-13.66,-7.67,-3.78,-0.81,-1.23,-3.54,-4.41,-5.01,-1.65,-3.61,-9.95,4.33,-1.63,-3.13,-3.28,0.53,-3.88,-8.24,-5.74,-7.43,-4.52,-4.72
1975-09-30,-4.87,-1.67,-5.76,-5.67,1.56,-5.35,0.43,-5.66,-4.08,1.64,-7.35,-6.45,-6.52,-8.54,-3.29,-0.44,-7.11,-4.65,-5.35,-6.47,-3.91,-7.42,-1.17,-3.2,-8.35,-6.26,-7.62,-2.77,1.59,-1.22,-0.98,-1.27,-0.43,-7.07,-0.3,-2.15,0.48,-8.21,-5.63,-3.68,-3.57,-3.63,-3.12,-10.77,-5.07,-10.3,-6.04,-6.12
1975-10-31,12.02,12.83,15.58,0.89,6.29,-0.91,2.02,7.61,9.45,12.61,4.04,11.45,10.61,6.61,4.74,8.53,5.85,-2.64,-2.82,-1.64,3.17,0.48,9.53,2.53,-2.81,6.42,-3.59,-2.69,-15.89,-1.05,6.55,6.82,3.61,3.87,10.63,3.56,4.5,7.52,10.65,4.87,3.19,10.61,11.94,3.53,6.7,-2.76,5.58,4.12
1975-11-30,-2.44,2.3,6.94,2.67,5.91,6.31,1.07,3.09,3.82,8.45,7.01,5.31,5.06,2.1,4.2,4.51,4.8,-5.38,1.64,-7.69,0.54,6.59,4.13,-1.87,8.38,7.16,-8.42,-0.98,2.95,-1.77,3.16,4.28,1.71,4.05,5.93,4.24,-0.44,1.61,6.75,4.74,1.4,4.42,11.03,4.9,8.78,-1.35,3.07,2.77
1975-12-31,-1.9,-1.48,-4.14,0.46,-0.33,-2.82,-3.18,-0.01,-3.35,-1.0,-3.71,-5.07,-6.72,-0.04,-2.61,-1.04,0.21,3.69,2.14,-2.73,0.32,-6.57,1.12,-3.22,-3.99,-2.89,5.16,0.88,3.12,0.03,1.35,-0.12,-1.95,-1.63,-1.12,-0.71,-3.64,0.78,-6.12,2.27,0.63,-3.76,-2.15,0.76,-4.15,3.73,0.48,-1.36
1976-01-31,10.21,6.27,12.08,16.07,7.44,23.31,18.32,15.57,12.34,22.6,18.02,9.52,7.11,20.03,19.57,20.26,19.27,10.32,21.23,24.86,18.7,17.4,13.89,18.75,13.7,17.36,6.46,14.03,21.5,8.21,8.31,9.49,11.31,15.56,17.32,20.85,19.77,20.67,13.26,14.3,16.3,7.91,11.68,13.19,6.2,20.82,14.12,11.3
1976-02-29,-0.73,-3.17,-5.99,1.72,-1.09,5.72,0.26,2.92,-2.12,4.85,8.44,-5.18,-7.2,2.63,9.56,4.28,5.1,5.06,5.22,5.54,4.39,2.52,4.32,4.4,6.15,7.79,8.77,1.24,1.18,-3.3,-3.55,3.54,5.37,5.09,0.22,4.06,0.42,4.29,-2.49,6.39,7.41,4.37,4.8,-1.49,4.37,13.71,3.08,3.87
1976-03-31,-1.54,-0.18,3.52,0.24,0.73,-2.13,1.09,-2.11,3.11,5.17,-5.74,2.8,7.79,-3.58,-1.38,0.81,3.11,2.18,-0.04,-2.4,0.55,-0.04,4.74,6.41,5.13,1.05,-2.9,6.94,-4.07,7.48,1.45,0.57,-2.9,-2.46,2.75,2.81,5.92,2.76,6.36,-1.64,0.53,4.32,-0.09,5.22,2.43,4.24,2.21,0.81
1976-04-30,-1.12,0.25,-4.09,-4.24,-1.4,3.78,-6.97,-1.86,-4.35,-2.1,-2.39,-1.98,-4.93,0.01,1.78,-4.15,0.34,-3.87,1.38,0.03,-0.09,1.48,1.37,4.52,-4.77,2.27,5.92,1.11,11.77,1.93,0.63,1.72,-1.82,-3.67,-2.96,-3.88,-6.17,-1.52,-1.8,0.51,-1.21,-5.18,-5.6,-3.01,-4.13,-1.63,-1.69,0.09
1976-05-31,-4.98,0.17,-1.14,-5.38,-2.37,0.7,-3.69,-3.0,-2.9,-8.63,-1.96,-2.13,-3.01,-2.58,-1.41,-5.29,-3.98,-4.43,0.49,4.95,2.5,-1.27,-2.92,2.53,-3.81,7.34,-2.55,0.32,10.12,5.46,-1.47,-2.9,0.12,-1.92,0.67,0.33,0.03,0.77,-5.83,1.7,0.98,-6.39,-7.48,-1.23,-4.48,-8.5,-1.61,-1.59
1976-06-30,2.32,6.14,4.18,5.76,-2.75,3.87,5.48,3.44,6.24,1.13,4.5,-0.3,4.69,-0.27,2.37,0.66,2.65,10.22,4.71,12.06,6.46,5.7,3.19,11.88,8.97,5.58,-5.05,6.6,5.17,5.1,4.26,3.59,6.17,8.37,8.07,8.76,8.13,-0.95,2.6,4.9,1.93,0.79,5.87,7.77,8.21,4.95,4.87,3.2
1976-07-31,2.17,1.42,3.87,-0.39,2.73,1.4,-9.72,1.71,-2.28,-1.57,-0.29,1.99,-0.98,-2.25,0.44,-1.67,-2.24,-3.09,-2.46,-5.13,-1.82,-1.2,-0.36,-4.8,-0.78,3.28,-5.7,-3.29,-6.77,-0.46,2.82,1.25,-0.16,-1.68,-2.58,-0.91,-3.82,-3.57,3.94,0.04,-2.26,-1.68,-5.55,-0.45,6.99,-0.48,0.14,1.22
1976-08-31,-4.05,-0.28,-0.29,-1.11,3.85,-5.46,-0.96,-0.98,-0.53,-3.38,-3.47,1.51,2.46,-3.24,-3.71,-2.7,-1.58,-0.39,-3.66,-2.85,-2.43,-1.67,-0.24,0.26,1.55,-0.04,-10.6,-1.55,-8.61,-0.7,2.97,4.74,-1.45,-2.57,0.25,-0.41,-11.35,-2.38,0.71,-3.95,-2.74,4.73,-3.46,-1.89,3.58,-2.07,-0.33,-2.04
1976-09-30,2.09,0.32,0.55,-2.07,6.67,-0.11,-0.24,5.49,-0.46,2.3,8.19,2.42,3.85,0.4,0.53,-0.64,3.41,2.3,1.69,2.62,0.27,4.42,5.86,4.44,1.55,-3.01,6.35,0.74,7.39,5.89,4.08,1.6,5.64,2.52,2.69,3.03,4.19,2.58,3.94,-0.36,0.8,0.37,-0.23,-1.54,1.85,6.85,1.53,1.37
1976-10-31,0.16,-1.65,-4.04,-2.82,0.14,-3.64,2.71,-0.39,-2.71,-0.95,-3.67,-4.86,-3.46,-2.49,-1.45,-1.02,1.34,-3.57,-5.98,-7.92,-3.28,-5.12,-1.74,-6.03,-6.91,-1.01,4.65,-2.01,-4.35,-2.38,-0.81,1.29,-3.13,-2.86,-3.53,-6.37,-7.74,0.69,-5.27,-3.86,-4.26,-0.23,-2.84,0.76,0.96,-2.27,0.47,-1.96
1976-11-30,3.04,2.4,-2.13,-8.22,2.42,0.18,-2.08,4.6,-1.2,8.28,1.91,-5.87,-10.99,-5.0,3.05,5.29,4.09,0.47,-0.12,-0.49,1.54,-0.37,0.58,3.98,0.69,5.85,4.68,-1.66,0.52,0.83,3.15,3.15,3.33,2.09,0.61,2.8,7.16,2.13,-1.8,4.74,2.66,5.53,2.76,0.32,2.24,3.08,2.71,2.27
1976-12-31,9.54,4.91,0.66,9.34,3.98,9.81,15.4,8.8,3.77,7.0,12.83,2.88,7.04,10.14,6.31,5.3,7.63,8.99,7.14,8.27,6.04,3.15,9.96,5.33,9.81,5.44,1.51,7.07,6.49,6.32,6.5,3.45,8.98,10.59,3.16,5.82,1.82,4.51,3.31,4.85,7.23,1.6,4.08,11.11,6.62,11.17,8.1,8.11
1977-01-31,-3.32,-4.05,-5.44,-11.78,-4.91,-6.75,-3.62,-2.42,-8.36,-0.28,5.73,-10.9,-8.67,-5.55,2.41,-1.14,-5.34,-4.3,-3.25,1.23,-4.77,-3.32,-3.08,-2.91,3.18,2.63,0.56,-3.44,-1.31,0.32,0.84,0.12,0.71,-0.93,-3.29,-4.47,-8.3,-10.52,-6.58,-3.41,-0.74,-7.43,-11.35,-5.12,-6.23,-0.44,-3.49,-2.93
1977-02-28,5.85,-1.91,1.69,1.05,-0.39,-4.9,-5.13,-2.44,-2.18,-4.65,-9.31,-0.63,0.16,-0.77,-1.72,-4.64,-1.34,2.13,-0.57,-4.69,-0.46,-0.51,-3.11,-0.44,-2.22,-3.33,15.99,-4.88,3.14,-3.15,-3.42,0.98,-6.22,-1.97,0.08,-1.86,-2.58,1.22,1.73,-3.13,-2.52,-1.56,-2.34,-2.32,-0.27,-1.97,-1.68,-1.46
1977-03-31,-4.51,-1.09,-0.29,-3.37,-2.78,-0.15,-0.98,-1.26,-3.24,-0.98,-0.52,0.6,-2.4,-0.5,-1.46,-1.01,1.01,-0.74,0.6,5.4,4.13,4.01,-5.11,-0.69,2.66,1.04,-0.14,2.59,1.31,-2.14,0.18,-1.04,-1.28,0.84,-0.62,1.04,2.63,-1.28,-0.11,0.07,1.61,-3.06,-5.4,-0.8,-0.95,1.64,-0.16,0.84
1977-04-30,0.5,0.98,-3.19,-1.87,2.06,-4.94,0.99,0.82,-0.53,2.46,1.7,-5.38,-5.36,-0.48,-2.11,2.15,1.97,5.52,0.91,7.02,3.68,4.35,2.2,2.26,3.91,8.37,-4.32,0.85,-3.84,2.67,1.94,0.66,-0.34,0.77,-5.95,2.61,-2.07,1.05,-1.05,5.25,-2.49,-4.01,0.71,-0.1,6.82,4.43,2.16,1.41
1977-05-31,5.03,-0.45,-2.03,-2.46,1.29,-6.26,1.91,0.45,-3.05,-4.85,-1.47,-0.41,-2.28,-3.66,-0.84,-4.4,-3.22,-0.35,-5.82,1.92,-0.1,-1.98,-0.46,2.37,-3.04,4.76,-4.57,-7.95,-10.68,-0.21,1.67,1.43,1.93,-0.23,-3.21,1.51,4.51,-7.05,-0.66,1.27,0.25,-3.74,1.86,-2.8,0.34,-0.22,0.56,-0.09
1977-06-30,-1.07,4.62,3.92,1.62,2.43,4.03,11.28,8.63,5.94,6.5,15.78,9.07,8.83,0.21,9.43,5.45,4.04,4.79,-0.04,3.69,3.21,5.97,4.58,10.77,1.44,1.91,1.79,-2.05,10.23,6.01,5.71,1.94,16.86,10.23,8.17,6.86,7.98,2.57,2.61,2.27,2.81,5.87,11.22,5.93,6.39,6.48,5.85,4.99
1977-07-31,-0.78,1.95,4.65,-3.87,1.87,2.9,-3.19,-0.56,-1.69,-1.2,3.18,-3.79,-2.0,-3.43,-3.05,-1.42,-3.56,-0.72,-7.41,-1.63,-6.84,-0.48,-2.58,-2.25,0.1,1.82,2.79,-6.47,-9.02,-1.66,0.87,-0.85,-0.64,0.16,1.46,-3.65,-2.02,-4.93,-1.71,-2.24,-2.54,0.15,0.13,1.14,1.03,0.01,-0.4,0.81
1977-08-31,-1.97,-1.05,2.74,1.8,2.31,-2.85,2.61,-1.38,2.52,0.46,-0.64,3.99,3.97,-2.94,-3.09,-1.28,-1.94,-1.38,-5.27,6.09,-2.17,-0.67,-1.16,-3.35,-1.0,-6.32,-3.14,-0.74,-5.03,-5.86,-3.25,-2.28,-0.12,-0.58,1.51,-2.3,0.24,-3.11,0.85,-3.73,0.65,4.94,5.31,-0.66,-0.84,0.62,-1.81,0.05
1977-09-30,-4.15,0.44,1.07,1.43,-1.05,-1.82,-2.04,-0.54,-0.82,2.69,12.27,1.28,-1.91,-0.44,2.41,0.01,-1.21,1.78,-5.75,0.68,1.77,-2.43,2.94,-3.53,-1.88,0.09,8.19,-3.93,-0.04,0.76,2.01,3.48,2.63,-0.26,-2.59,-0.2,-0.08,-1.36,-0.63,-1.72,-0.58,-1.26,2.49,-0.89,0.86,-1.87,0.26,1.03
1977-10-31,-3.72,-5.0,-3.36,-4.32,-2.29,-10.15,-2.89,1.54,-6.61,-1.84,-3.94,2.07,-2.71,-3.18,-3.44,-3.71,-1.55,-5.53,-0.01,-2.88,-5.46,-1.66,-4.58,-3.04,-3.33,-9.41,-4.87,-7.83,-2.31,-3.58,-3.15,-5.05,-2.8,-3.09,-2.38,-5.18,-5.16,-7.31,-4.45,-3.89,-3.9,-2.95,-4.2,-5.97,-4.82,-4.44,-3.9,-3.94
1977-11-30,7.1,3.25,3.15,5.54,2.71,6.6,11.63,7.29,2.42,8.82,9.91,3.73,6.63,2.92,6.92,6.92,7.34,5.15,1.49,4.46,7.22,4.91,1.92,8.2,3.53,7.58,3.36,4.8,4.39,3.45,4.29,2.16,8.96,8.17,4.54,6.62,7.07,6.32,2.56,7.23,6.36,5.22,9.3,5.23,8.45,10.03,4.85,6.13
1977-12-31,3.67,-0.43,0.59,-2.54,-1.85,-0.95,3.25,4.25,-0.53,0.63,12.37,1.66,-0.1,1.35,0.93,-1.06,-0.28,1.27,4.42,0.19,1.27,-1.56,-1.11,1.76,-2.85,1.71,-0.7,1.96,-2.67,1.97,-0.33,2.15,2.39,1.96,3.48,0.13,0.61,-0.32,0.54,1.4,3.16,-2.31,2.14,-1.87,-0.83,1.76,1.59,1.75
1978-01-31,-5.48,-5.34,-4.59,-0.33,-6.2,-3.01,-10.14,-8.64,-7.38,-5.79,-5.29,-5.42,-0.75,-6.36,-3.17,-1.11,-5.99,-7.96,-4.56,-0.31,-7.11,-2.9,-6.26,-6.72,-6.14,-3.12,4.34,-7.3,-5.19,-6.96,-4.54,-4.16,-4.79,-5.55,-3.81,-6.59,-7.33,-7.62,-4.44,-1.38,-5.21,-6.86,-7.81,-5.67,-6.81,-2.29,-6.02,-3.66
1978-02-28,0.57,0.24,-0.89,0.06,0.68,-1.23,-0.27,-1.12,-3.12,2.0,3.34,-3.19,-3.23,-4.85,1.74,-0.03,-0.29,0.35,-3.82,1.79,-0.56,-2.42,1.18,4.38,-3.32,-0.2,-5.46,-1.31,2.26,-1.16,-0.42,4.16,1.49,1.71,-4.22,-1.98,-1.6,-5.9,-1.88,-1.45,1.56,-1.34,3.93,-1.41,2.36,1.77,-0.03,-0.24
1978-03-31,9.03,1.09,6.46,3.17,3.99,8.62,9.71,10.08,2.4,7.41,10.03,2.51,4.35,4.03,7.82,3.3,5.62,6.15,6.15,4.01,3.39,3.1,5.99,9.89,6.82,13.87,3.14,5.48,-6.1,2.21,2.48,2.62,7.32,7.55,-3.72,6.56,2.58,4.69,1.11,4.86,6.39,1.69,7.15,5.48,5.09,12.16,4.71,5.46
1978-04-30,1.91,5.03,10.5,4.33,8.58,8.79,14.56,9.59,13.71,6.89,7.06,11.69,8.7,10.81,7.72,5.55,9.9,13.02,8.88,4.07,11.76,12.35,8.1,13.21,13.02,5.3,-4.73,4.93,13.25,6.59,0.18,2.93,5.87,7.49,13.71,11.95,15.63,11.43,11.58,9.48,7.71,11.57,10.52,10.09,10.37,10.04,9.7,8.33
1978-05-31,14.39,3.78,4.77,5.01,2.56,7.15,7.38,4.71,4.38,3.35,8.07,1.59,5.99,0.36,5.89,3.62,2.71,2.58,3.41,5.78,5.18,8.86,-1.18,12.01,4.82,2.15,12.16,3.3,-3.38,0.94,0.71,-0.39,7.42,6.48,0.39,3.63,4.21,2.6,4.13,2.55,4.22,-0.33,7.96,1.21,1.15,5.53,1.31,4.37
1978-06-30,-1.65,1.7,-1.86,-1.71,0.02,-2.31,0.11,-0.61,-1.95,-3.22,3.57,2.99,0.56,-2.46,1.16,-1.2,-1.33,-2.8,-6.16,-0.82,-0.99,-2.49,-2.83,3.52,3.68,3.68,-1.68,-5.25,-1.07,-3.79,0.83,-1.54,2.24,-0.39,-0.25,-1.23,1.69,-2.95,2.31,-0.6,-1.09,-2.2,2.46,-0.93,0.91,3.76,-1.16,0.83
1978-07-31,2.16,2.23,2.47,6.04,4.51,7.23,7.62,7.14,7.38,1.71,17.49,5.7,9.32,5.42,4.2,3.6,8.47,2.79,8.14,4.03,6.01,8.82,3.92,16.2,9.84,13.31,10.65,7.89,2.41,3.36,2.82,1.43,5.86,8.01,9.9,6.31,6.29,11.46,7.84,12.1,5.58,5.24,5.88,5.48,4.37,4.57,5.45,5.8
1978-08-31,5.28,3.34,4.01,-0.37,1.34,2.8,11.14,7.12,2.74,5.95,7.09,3.42,0.02,4.82,3.23,10.52,8.11,11.03,0.47,6.05,4.25,1.45,2.39,4.51,4.1,3.61,-1.53,7.31,-0.81,5.24,0.45,3.53,11.18,5.51,6.05,6.16,3.99,5.89,4.9,3.98,7.72,5.48,14.0,4.84,5.53,9.37,6.02,7.33
1978-09-30,0.85,0.04,-2.93,1.41,2.06,-2.58,-7.13,-2.93,-3.14,-1.48,-0.44,-2.75,-2.83,-0.37,-4.16,2.65,-2.64,1.99,1.26,-2.08,-0.69,-4.78,0.85,-7.89,-2.49,-3.85,1.98,3.32,0.72,4.84,-0.25,1.22,-6.09,-2.98,-5.3,-2.64,0.55,-1.72,-4.68,-3.64,-2.02,-2.36,-2.81,-0.08,-2.22,1.85,-0.91,-1.34
1978-10-31,-21.34,-9.95,-9.55,-14.58,-8.24,-17.14,-18.75,-13.18,-9.29,-15.42,-24.38,-15.1,-11.68,-9.63,-15.13,-18.56,-15.7,-20.19,-11.96,-16.3,-13.91,-12.62,-10.55,-15.33,-18.22,-10.9,-8.58,-11.05,-17.97,-10.49,-7.1,-4.5,-17.81,-17.57,-7.5,-16.13,-17.91,-9.97,-6.3,-17.94,-16.72,-12.96,-23.39,-10.38,-12.9,-25.29,-10.91,-17.13
1978-11-30,10.07,0.38,2.85,4.42,2.56,0.44,11.43,2.27,3.22,3.26,11.05,5.83,4.77,1.15,3.85,4.36,0.43,2.66,1.24,3.06,3.53,2.63,0.45,10.29,4.94,7.86,-13.27,2.89,6.59,6.17,3.0,3.02,3.09,6.13,4.02,7.05,8.85,-0.13,3.02,3.62,5.99,1.97,4.9,-0.19,4.43,4.31,1.79,3.95
1978-12-31,1.5,0.55,3.83,3.36,2.48,-0.81,3.81,3.09,0.91,1.41,15.53,-1.18,4.1,0.07,1.54,-1.41,1.22,1.11,0.21,-1.34,3.11,-0.25,-0.41,2.43,3.29,5.28,6.47,3.93,-2.05,2.89,-1.25,0.1,2.97,0.44,9.08,-0.2,7.36,-1.39,3.34,-1.05,2.71,-1.58,-2.89,0.73,2.7,4.38,1.06,2.88
1979-01-31,5.33,4.17,-0.11,6.62,0.54,6.26,4.92,6.42,3.35,10.37,-2.46,4.37,0.88,6.48,6.66,8.19,8.74,6.98,13.51,8.35,5.44,6.7,5.83,4.97,3.1,4.01,10.49,11.18,8.77,3.0,6.37,3.66,4.13,5.64,3.37,7.2,2.23,12.6,2.51,3.7,5.8,6.34,6.83,2.97,6.31,6.82,6.42,7.36
1979-02-28,-4.28,-3.91,-4.25,-3.91,-3.02,-7.44,-6.01,-3.36,-5.23,-3.01,-5.05,-8.32,-3.53,-2.29,-3.97,-0.02,-3.15,-2.59,-3.57,-5.26,-3.0,-5.47,-3.71,-12.9,-6.08,-5.26,7.19,-0.19,0.61,0.61,-1.64,-0.65,-9.48,-4.91,-2.77,-4.72,-3.52,-2.33,-5.67,-5.58,-1.87,-4.31,-4.57,-4.13,-2.48,-2.21,-3.27,-2.6
1979-03-31,6.98,2.44,2.03,8.1,5.25,8.45,7.03,3.04,4.76,9.53,12.39,4.19,4.9,9.71,6.5,7.92,7.96,14.67,8.93,4.41,7.29,5.01,6.68,7.0,7.09,5.4,3.08,9.69,16.63,9.18,2.32,0.16,11.6,8.19,7.04,7.97,12.12,10.07,4.86,9.73,7.45,5.8,9.47,6.05,9.96,13.15,6.88,8.93
1979-04-30,5.73,0.14,-2.81,2.21,-0.21,7.14,-0.35,1.89,0.77,-0.36,-1.26,1.07,0.36,-1.96,7.86,1.38,2.78,2.93,-0.69,0.95,-0.44,-0.02,2.42,-0.85,-1.47,0.92,4.01,-2.35,-7.32,4.51,-2.75,-2.15,3.67,3.4,0.05,0.33,0.92,-2.63,-1.6,0.35,-0.42,0.81,6.81,2.03,0.15,2.07,1.66,2.17
1979-05-31,0.34,-1.45,-1.46,-4.7,-2.81,0.55,-3.64,-2.67,-2.71,0.42,-4.48,0.74,-3.37,-2.92,-0.95,-1.58,-1.87,-0.47,-2.6,-0.12,-0.74,-0.97,-1.46,-5.84,-1.45,0.84,7.6,1.52,6.66,-2.59,1.44,0.09,-1.84,-0.3,-2.06,-1.27,-3.4,-0.84,-0.75,0.92,-1.38,-2.75,-3.13,1.05,-1.01,-1.65,0.32,-1.61
1979-06-30,6.48,3.39,2.4,6.12,5.54,3.45,1.44,1.75,0.93,0.97,9.51,4.5,4.69,3.88,6.87,3.73,3.14,13.83,2.16,13.69,5.86,10.27,2.67,3.9,10.04,3.4,2.2,10.66,14.37,9.19,4.97,1.93,2.54,5.03,-1.91,5.58,4.71,2.15,1.98,2.66,3.56,2.47,2.45,9.04,10.13,8.25,7.77,6.56
1979-07-31,0.82,0.69,1.44,0.75,4.79,1.3,5.76,3.71,0.52,1.72,8.92,0.85,-0.52,4.09,-0.79,0.85,3.7,4.01,4.45,6.47,2.92,2.39,0.77,3.82,3.75,2.4,-2.28,4.06,-3.34,1.65,2.07,-0.11,4.46,3.68,-3.3,1.89,-0.08,-0.45,-1.94,7.96,1.17,0.97,3.11,2.73,2.16,9.79,3.9,1.19
1979-08-31,6.24,7.76,4.2,11.94,8.76,9.0,3.9,8.25,6.67,9.04,11.39,8.14,8.52,7.01,7.44,4.12,9.14,5.09,7.21,7.51,6.0,5.56,5.13,12.69,17.46,15.12,14.18,6.57,3.24,8.0,2.05,1.52,9.06,7.72,4.23,7.67,12.76,8.32,6.55,5.67,7.74,9.24,6.18,5.39,4.43,14.25,4.71,5.8
1979-09-30,-1.57,-1.1,-3.73,-0.84,-4.98,1.56,2.55,0.73,-3.83,-1.18,-0.85,-2.6,0.0,2.61,0.14,-2.41,-0.46,2.87,2.51,-4.91,-1.03,-4.02,1.95,-0.24,3.1,-2.64,13.94,4.95,3.2,5.97,-2.19,-2.38,-0.4,-0.42,-2.37,-1.32,1.01,0.25,-3.72,-3.85,3.47,-2.01,-3.98,-2.6,0.12,-2.13,-0.63,-0.17
1979-10-31,-9.29,-7.82,-9.69,-9.61,-3.77,-9.6,-8.46,-7.13,-7.52,-9.23,-6.16,-7.66,-3.4,-7.93,-10.41,-9.26,-10.56,-5.04,-11.62,-3.08,-8.78,-6.7,-11.17,-8.97,-4.11,-8.64,-11.09,-11.24,-16.29,-2.36,-5.83,-5.07,-10.63,-9.57,-7.89,-6.98,-8.66,-9.79,-7.22,-11.29,-8.9,-8.6,-11.88,-10.91,-8.78,-12.98,-10.01,-9.34
1979-11-30,13.77,5.06,3.26,8.27,6.61,2.35,10.43,2.84,1.23,7.66,18.88,8.48,8.26,6.62,0.8,3.94,4.76,9.66,0.74,7.21,7.48,4.81,-3.55,11.06,16.89,11.9,11.95,9.67,18.31,8.81,7.78,4.06,9.18,9.92,8.23,7.56,10.45,-0.11,1.12,6.7,9.24,3.28,0.76,3.98,8.24,10.12,6.8,7.6
1979-12-31,8.46,2.27,0.7,4.11,3.07,4.9,10.88,5.12,2.9,5.02,9.47,4.41,1.03,5.34,4.18,7.99,4.2,7.18,8.25,5.56,2.93,4.6,1.15,9.63,3.46,9.43,29.61,13.28,5.83,2.45,-1.01,-1.52,0.93,5.15,0.67,2.7,6.75,4.78,1.52,3.75,9.85,1.14,5.74,2.03,1.71,8.74,1.38,5.75
1980-01-31,0.07,3.65,1.64,10.89,-0.63,10.75,4.28,4.03,1.28,1.39,7.54,0.68,-2.42,4.33,8.97,4.88,6.84,16.17,17.58,10.88,7.75,8.09,9.87,25.41,19.88,9.66,17.78,15.4,8.1,14.13,1.55,-2.07,5.76,6.68,6.67,7.62,10.04,7.35,2.38,9.31,5.46,-0.45,5.1,-2.04,3.34,8.5,3.86,7.46
1980-02-29,2.14,-5.2,-8.78,-2.34,-4.86,-2.27,-4.03,-7.14,-4.67,-0.8,-3.03,-7.54,-4.02,-1.26,-5.32,-1.15,-1.98,-3.99,0.29,-5.53,-3.25,-4.31,-6.41,-7.81,-9.06,-3.2,8.96,3.9,-0.9,13.18,-3.42,-1.4,-8.25,-2.0,-4.13,-2.01,-4.52,0.3,0.06,-4.54,-2.56,-5.52,-5.64,-7.35,-8.71,-2.63,-1.94,-1.84
1980-03-31,-20.99,-9.98,-0.37,-14.14,-0.67,-11.51,-7.06,-11.17,-4.46,-5.49,-4.71,-2.33,-2.83,-12.14,-13.91,-14.52,-14.64,-15.12,-18.49,-19.27,-12.24,-8.93,-9.99,-12.49,-11.13,-15.39,-26.98,-19.25,-21.1,-17.88,-6.6,-2.66,-11.77,-16.08,-13.74,-11.52,-9.63,-14.2,-6.98,-13.91,-14.81,-7.84,-13.29,-4.38,-7.56,-23.28,-11.4,-16.16
1980-04-30,5.75,8.93,3.58,4.15,9.56,-4.03,9.11,2.8,4.31,2.41,12.26,7.01,2.97,5.04,-2.05,4.93,3.49,4.89,2.3,2.35,0.26,2.42,-2.49,-3.03,1.85,1.93,6.58,-0.47,1.33,6.92,12.04,7.33,7.98,8.66,-0.29,3.67,-2.98,2.06,5.48,0.24,3.94,4.81,6.65,8.62,6.54,10.9,5.84,9.1
1980-05-31,7.16,8.78,5.39,9.47,9.03,5.91,4.06,9.69,6.41,1.79,3.47,6.17,7.48,7.57,10.16,7.25,9.37,3.53,5.2,6.49,5.87,7.93,3.25,0.59,-0.33,3.72,10.86,6.76,16.55,4.01,4.6,5.0,4.82,8.47,3.3,7.13,6.9,7.25,6.45,11.46,12.23,9.58,11.85,6.51,6.41,9.7,9.27,7.44
1980-06-30,7.29,3.01,-1.77,3.71,5.67,2.71,-1.08,2.56,1.17,4.25,6.99,0.0,-0.3,2.27,2.61,1.81,3.24,15.81,2.41,12.02,6.02,0.64,1.81,-0.11,1.88,2.25,33.75,6.56,6.34,5.83,4.55,-0.57,5.65,3.88,3.95,1.64,2.5,2.53,-0.92,1.62,2.03,2.45,4.02,4.94,4.53,6.88,4.87,5.19
1980-07-31,9.12,3.23,11.36,9.02,7.3,12.51,6.33,10.93,10.41,15.03,21.66,8.86,7.6,8.57,4.78,11.48,11.59,19.84,12.74,9.82,11.89,14.61,12.85,11.94,9.11,16.26,6.57,8.83,6.43,1.96,-0.12,1.0,14.03,12.51,14.5,14.45,21.63,11.03,7.93,16.49,11.95,10.95,9.55,1.61,1.39,9.22,4.62,9.96
1980-08-31,10.31,0.43,-1.72,1.24,-0.71,7.57,1.72,5.06,0.85,1.72,3.35,2.16,-0.58,3.15,4.03,4.92,0.61,4.32,1.12,4.56,0.87,-0.84,3.29,1.56,3.59,0.23,9.66,4.79,0.11,3.7,-1.17,6.3,3.93,7.32,2.96,5.77,1.02,-0.37,0.21,0.29,6.96,0.25,0.58,-0.5,2.3,3.45,2.92,5.62
1980-09-30,2.62,0.16,-4.46,1.07,-1.57,7.2,1.26,4.27,0.49,2.76,5.68,4.18,3.22,2.07,0.47,-0.1,0.82,6.33,4.58,6.09,5.9,1.77,1.81,4.34,4.47,3.49,21.09,8.76,7.2,6.52,0.12,-1.62,3.29,6.09,-0.12,5.03,5.33,-1.07,1.06,1.57,7.23,-0.73,3.41,-1.13,3.34,4.65,4.2,5.27
1980-10-31,5.97,-0.89,-3.46,0.48,3.89,3.73,-1.81,-0.95,0.51,0.8,1.53,3.45,-2.84,-0.96,2.29,1.82,1.73,13.89,-1.03,6.94,3.41,2.47,-4.23,-3.14,-1.4,-0.04,-3.68,1.08,0.75,7.84,1.92,-3.21,1.51,4.35,1.88,1.9,1.11,1.85,-1.3,5.65,-0.3,-1.8,-1.35,-0.99,-4.43,2.07,2.42,4.26
1980-11-30,12.69,-1.38,0.34,0.15,2.49,14.7,19.45,2.75,5.44,2.81,11.41,9.53,8.37,9.28,3.07,-1.7,5.71,11.17,5.61,13.28,12.6,11.95,-0.97,17.52,18.45,16.61,-0.07,10.39,14.62,24.4,7.39,-0.46,4.56,10.36,6.97,12.2,18.12,6.13,5.61,13.08,9.09,0.61,-1.09,2.71,-1.59,4.23,9.92,10.58
1980-12-31,-5.98,2.05,8.3,-4.05,0.83,-8.6,-0.34,1.72,-0.82,-1.46,3.05,2.05,5.56,-1.96,-4.8,-2.7,-3.14,-8.47,-4.35,-6.66,-4.04,-4.62,-0.07,5.93,2.18,5.12,-17.44,-4.0,-9.69,-10.6,-1.92,1.22,-5.15,-2.43,0.79,-4.42,-2.38,-2.7,-2.68,-5.65,-6.77,0.3,0.12,9.77,3.28,0.84,0.04,1.94
1981-01-31,2.35,1.59,4.56,4.58,-1.07,-8.54,-1.44,-0.83,-0.99,7.83,0.35,-3.33,-1.39,0.77,1.58,7.25,-0.01,-11.56,0.71,-4.13,-6.76,-2.48,-1.19,-6.83,-11.83,-8.97,-11.02,-7.09,-8.03,-10.18,-2.56,5.55,0.27,-2.37,-8.2,-7.77,-9.66,1.93,0.36,2.2,-3.06,0.42,0.86,-0.86,-1.6,-0.5,-4.23,-6.67
1981-02-28,-5.84,1.24,6.99,3.17,3.24,0.71,5.23,2.6,8.99,2.39,-2.98,3.78,1.86,3.96,-1.59,1.19,4.15,0.03,2.6,-1.44,3.55,2.06,6.92,-3.83,-1.48,-0.66,-5.96,-2.85,-0.67,-0.31,-1.27,2.13,6.76,-0.15,0.28,0.96,0.42,6.92,7.98,2.01,-1.42,3.27,7.27,2.42,1.69,-1.6,1.82,1.65
1981-03-31,4.38,8.18,4.11,7.98,5.46,12.73,14.16,7.43,3.01,8.77,16.25,3.88,5.17,2.56,10.32,4.8,8.86,5.35,19.94,10.37,5.36,9.36,7.72,2.93,1.62,5.25,13.98,27.75,4.39,-2.12,3.0,1.17,5.95,10.79,1.68,9.48,6.96,7.67,5.02,11.78,12.9,13.67,9.63,2.7,12.09,15.49,6.94,5.57
1981-04-30,4.26,0.39,-1.93,-2.05,1.0,4.54,0.75,6.0,-0.48,-3.29,4.46,2.17,3.08,-2.32,4.34,10.66,-0.95,-7.62,-1.61,0.78,-0.05,4.91,1.72,1.06,0.35,-1.21,0.56,-8.48,-6.49,-7.81,-2.69,6.2,6.3,3.97,-2.16,2.15,3.85,-4.45,-2.75,1.97,-1.31,4.06,4.42,0.37,2.4,-1.19,0.17,2.65
1981-05-31,5.02,1.42,6.18,1.31,1.87,5.81,5.86,5.54,-0.17,1.66,12.06,5.05,1.82,-1.34,3.54,0.64,0.87,-3.86,-0.5,3.69,-1.1,3.4,2.91,-0.69,-1.91,0.5,1.87,-0.86,0.34,-4.0,1.84,7.21,-0.13,3.47,3.42,4.64,7.18,0.0,-1.03,5.27,1.97,2.61,3.15,5.24,1.52,-0.83,2.09,4.64
1981-06-30,-0.23,-0.58,-1.72,0.59,1.33,-9.58,-4.22,-0.83,-1.63,1.59,-9.24,-7.25,-4.57,2.27,-2.51,-0.33,-1.17,-4.24,-5.4,-1.61,-3.12,-4.63,-2.74,-2.8,-1.5,-6.6,-19.71,3.76,1.16,4.75,3.46,-1.91,2.1,-5.0,-5.82,-7.46,-9.41,-0.23,0.47,-7.02,-2.55,-1.17,-1.25,2.68,2.57,1.15,0.86,-5.53
1981-07-31,-0.28,-1.03,-2.46,-1.09,2.22,-6.59,-6.94,-1.51,-2.86,0.55,-2.98,-3.43,-4.18,-3.89,-1.11,-3.0,-5.6,-3.89,0.14,4.66,0.61,-5.45,-3.44,-6.64,-8.47,-3.92,6.16,4.37,9.09,7.93,2.8,0.34,-4.38,-3.63,-4.49,-2.92,-2.2,-3.28,-4.14,-4.5,-3.68,-2.84,-6.18,-3.71,-4.79,-2.46,-2.1,-1.15
1981-08-31,-5.97,-4.96,-3.43,-5.75,-5.72,-3.16,-7.98,-3.99,-6.22,-5.4,-15.86,-10.82,-5.58,-6.46,-9.16,-6.32,-6.38,-5.82,-7.4,-5.78,-6.82,-4.51,-8.97,-10.99,-14.81,-8.28,8.85,-1.59,-12.37,-6.27,-0.85,-0.77,-6.02,-6.17,-5.14,-9.52,-10.01,-8.56,-5.19,-7.88,-3.24,-6.14,-10.33,-5.37,-4.71,-6.54,-5.21,-7.66
1981-09-30,-2.68,-3.31,1.4,-0.57,0.26,-2.07,-1.66,-5.14,-2.33,-3.2,-0.93,1.69,-2.18,-8.97,-6.66,-2.24,-8.27,-12.97,-9.44,-11.44,-9.69,-5.37,-3.95,-4.71,-5.21,-6.2,-14.24,-11.62,-8.76,-12.34,-5.54,2.84,-2.51,-7.18,-3.39,-3.8,-4.85,-7.86,-5.17,-5.68,-8.49,-2.75,-3.05,-1.0,-0.05,-9.49,-3.98,-8.81
1981-10-31,6.66,8.15,11.53,8.3,5.87,11.28,11.66,8.53,1.55,1.28,14.88,9.48,6.55,6.2,6.89,5.86,1.05,-3.66,1.37,14.7,3.73,3.97,-8.7,6.91,11.67,7.59,-6.32,1.81,13.9,9.56,4.89,6.02,5.5,11.43,1.87,8.36,7.81,0.71,2.93,8.98,8.53,5.57,10.92,5.92,8.37,6.77,7.9,9.67
1981-11-30,3.82,1.98,0.7,3.35,3.75,-3.85,3.3,5.69,5.94,0.23,-4.67,7.04,4.31,3.9,2.4,0.28,5.5,10.12,4.4,1.58,6.74,3.52,2.88,-1.64,-5.33,-7.15,-1.36,4.31,5.41,6.87,5.95,2.7,5.72,3.04,2.9,1.71,-3.63,10.49,7.44,4.8,1.61,1.16,1.52,5.07,5.64,5.8,5.96,2.43
1981-12-31,1.93,1.54,-2.93,-2.13,-5.95,-0.31,-2.11,-3.43,-1.28,-2.64,-5.6,-1.12,0.05,-2.5,-2.49,1.07,-1.81,-1.89,-2.68,0.65,-2.81,-0.54,3.23,-0.38,2.68,0.36,-8.94,-5.9,-5.9,-6.42,-2.35,-1.45,-0.75,-1.99,2.09,-2.31,-1.81,-3.2,-0.05,-3.9,-2.65,-1.71,-3.42,-5.46,-4.47,-1.46,-2.9,-3.46
1982-01-31,-7.7,0.77,-2.21,1.85,0.69,-0.35,7.22,-4.59,4.72,-1.56,-3.3,1.91,1.92,-4.82,-3.71,2.28,-6.1,-8.2,-8.86,-6.7,-5.41,-2.12,-0.99,-4.4,2.54,-2.88,-11.34,-16.17,-7.49,-8.48,-0.67,0.67,-3.26,-4.05,6.27,-2.71,4.21,-5.01,-1.21,-3.49,-2.16,1.21,-0.67,-1.02,0.7,-3.72,-3.74,-3.98
1982-02-28,-3.66,1.87,-6.88,-1.55,-3.66,-8.84,-4.75,-1.22,-3.34,-4.06,-5.27,-1.42,-1.39,-7.28,-0.31,-4.43,-5.15,-9.76,-4.72,-6.49,-8.25,-3.93,-3.31,-5.65,-8.93,0.54,-8.35,-7.91,-12.93,-11.18,-0.34,-5.69,-2.52,-5.45,-4.18,-5.47,-8.79,-2.5,-2.55,-4.8,-3.53,-0.58,-2.75,-2.17,0.04,-4.42,-4.58,-4.96
1982-03-31,-5.39,2.12,8.13,4.73,3.65,6.14,4.74,0.14,1.0,0.6,-2.52,-1.48,-2.89,-1.32,-1.92,0.44,-2.35,-6.66,-5.15,-10.71,-3.86,2.42,4.46,0.45,0.67,-9.11,-6.09,-14.23,-6.57,-3.38,1.66,2.05,1.63,-2.91,-5.57,-0.79,-2.76,-2.52,-0.6,0.95,-0.37,5.03,7.21,-0.95,1.55,-0.66,-2.19,-0.69
1982-04-30,9.88,6.34,5.85,9.93,7.13,7.71,2.1,4.99,2.08,6.58,10.49,8.22,6.77,4.92,2.76,10.22,3.4,1.21,1.6,3.93,0.39,6.65,5.08,5.09,14.05,7.57,-2.46,0.49,3.33,4.33,3.85,-1.36,7.55,7.57,6.57,7.76,10.35,4.65,2.26,3.67,3.32,5.95,5.2,3.69,0.05,3.49,4.37,6.35
1982-05-31,-5.56,-2.76,-1.18,-2.56,-4.74,-6.64,-5.78,-5.74,-1.99,-0.2,-6.86,-1.87,-2.92,-4.46,-3.14,-2.92,-5.57,-6.86,-7.0,-2.4,-8.43,-3.49,-0.11,-4.35,-9.18,-3.07,-10.48,-5.76,-10.13,2.48,-0.54,0.2,-8.9,-4.18,-5.26,-6.15,-3.88,-6.73,-3.95,-6.42,-2.27,-2.64,-4.42,-7.31,-6.19,-0.48,-4.44,-4.26
1982-06-30,-3.52,1.9,3.55,2.05,2.7,-1.1,4.16,-0.07,1.56,2.83,0.02,1.73,-1.59,-4.87,-3.08,-3.08,-2.54,-4.69,-6.87,-17.26,-5.47,-2.01,3.86,-1.83,3.48,-3.91,-12.75,-7.14,-5.87,-6.27,-2.21,-2.45,-3.11,-2.46,-2.11,-1.7,-4.65,-0.53,1.23,0.54,-1.14,3.43,1.8,-2.15,-2.75,-8.07,-2.6,-3.34
1982-07-31,-5.46,-0.33,4.68,8.53,-5.5,4.61,-3.99,-2.19,1.65,-1.57,8.4,-0.97,0.28,-4.39,-3.53,1.56,-1.27,-8.03,-4.57,-3.62,-5.99,-1.72,-3.71,3.9,1.03,1.46,4.18,-11.26,-10.78,-8.09,-2.59,1.2,0.48,-0.88,3.88,0.1,-2.08,-3.37,-0.54,-5.92,-1.67,0.57,-0.13,-3.77,-3.44,-4.32,-2.58,-0.14
1982-08-31,0.94,7.22,7.84,4.12,13.59,8.02,-0.12,12.28,12.45,11.45,18.51,13.86,11.08,15.31,5.48,9.19,14.01,19.2,13.49,1.64,11.73,15.44,15.81,20.51,14.35,30.64,39.64,13.51,10.77,10.04,12.08,10.85,14.05,11.1,12.54,11.05,19.61,15.54,14.87,11.75,16.28,11.68,11.79,11.09,8.14,8.77,12.79,5.69
1982-09-30,7.7,2.32,5.99,4.44,4.39,-0.24,-0.37,9.02,0.3,10.98,3.03,-1.9,2.13,-0.42,3.51,2.65,0.59,2.27,-5.23,-5.69,-4.73,-2.5,-1.52,0.75,-1.97,0.51,7.54,-3.08,-2.63,1.89,1.07,1.0,7.3,5.51,1.63,0.01,-0.58,-1.4,1.94,-3.03,3.9,5.7,1.27,6.53,8.13,2.64,5.23,3.46
1982-10-31,10.98,8.54,1.79,7.47,12.16,19.37,21.14,16.83,11.95,12.76,17.01,6.97,7.18,12.51,11.73,16.79,18.59,24.26,9.29,9.75,11.4,17.94,17.21,16.24,2.16,15.12,18.11,10.34,9.19,5.46,4.73,8.12,12.02,18.13,14.93,18.87,17.72,17.89,13.26,18.41,17.84,17.22,12.4,20.44,10.58,19.58,14.59,15.4
1982-11-30,4.62,4.07,7.07,7.07,-2.09,11.46,5.78,10.99,8.7,9.9,12.1,7.71,3.17,3.05,8.7,3.99,11.05,13.98,3.64,3.22,4.84,7.3,8.45,4.33,-3.57,5.93,12.11,-1.02,-0.4,-4.62,0.12,6.0,7.41,10.77,10.32,9.3,14.56,5.7,4.29,11.5,11.17,11.98,6.25,6.34,7.61,15.88,5.94,9.32
1982-12-31,3.17,1.79,-0.76,-3.97,-0.41,-8.43,-17.32,3.66,-1.23,0.73,3.92,2.06,-0.54,-2.02,2.63,4.55,4.03,-1.65,5.72,4.52,4.64,1.54,5.93,2.09,4.34,-4.1,23.04,6.14,1.4,5.57,4.34,-1.23,-0.73,0.25,5.77,-1.1,0.62,-0.13,1.75,-0.8,0.14,-2.98,-1.42,-4.85,-0.74,2.23,-2.07,1.14
1983-01-31,0.9,0.07,-3.06,1.51,-1.41,10.3,1.42,-3.97,3.8,-1.73,-3.14,0.8,2.54,9.17,6.85,4.22,2.64,6.65,8.14,5.2,6.04,6.25,2.35,7.69,13.24,1.86,23.02,12.05,7.1,3.6,3.67,12.44,2.16,8.31,7.67,8.62,10.48,2.38,0.62,6.64,4.59,0.73,-0.01,1.91,-0.86,3.63,0.4,6.92
1983-02-28,7.76,0.99,0.16,4.15,2.0,12.63,6.71,7.84,4.51,9.79,7.79,2.2,2.09,4.18,11.32,5.92,5.42,-0.18,3.87,-0.26,0.69,5.19,0.5,5.36,7.57,2.25,-25.5,-6.03,-7.96,-0.51,1.59,-0.37,7.52,7.11,2.66,4.17,6.4,5.9,5.8,5.82,8.67,7.48,9.31,5.77,8.2,6.99,4.39,4.41
1983-03-31,3.86,5.24,6.99,11.65,5.71,-9.22,0.73,10.12,0.41,13.21,14.29,3.15,3.02,1.13,8.28,8.08,5.43,5.21,2.93,2.37,0.47,-1.91,-0.9,7.07,1.17,6.31,4.82,2.67,-0.15,5.98,0.25,0.64,1.42,2.21,1.13,1.73,-3.76,2.5,2.57,1.78,3.61,10.57,4.24,7.97,6.86,11.73,6.15,0.63
1983-04-30,-3.17,6.14,4.12,5.09,4.54,3.29,6.64,8.9,6.0,8.7,4.56,4.47,5.35,8.77,6.08,6.79,3.61,9.68,3.05,3.15,5.82,0.82,15.88,5.09,14.15,13.68,11.45,8.39,2.69,9.42,4.78,5.14,12.35,5.8,11.28,3.67,-1.38,8.12,8.16,3.17,6.56,9.7,6.99,12.33,4.75,8.46,9.39,8.36
1983-05-31,3.27,0.3,-4.47,-3.51,-4.98,9.21,4.58,0.01,-5.88,0.14,0.39,-2.34,-3.58,4.39,6.33,2.21,1.36,5.99,9.62,6.12,4.87,7.09,-1.41,0.5,4.15,5.88,13.06,9.24,11.28,1.25,2.54,-1.31,-1.41,4.46,-0.63,5.89,10.72,1.37,2.72,4.46,2.17,0.0,3.41,-0.96,-1.64,5.44,1.64,6.25
1983-06-30,0.59,2.75,-1.13,0.07,-0.4,11.07,0.17,6.12,4.26,8.95,4.85,6.19,7.63,0.94,2.66,7.36,-0.64,-0.84,-2.0,3.35,3.68,6.94,10.33,7.52,3.37,4.26,-5.78,0.98,9.31,6.4,-0.55,0.18,3.39,4.03,6.3,4.99,9.81,-2.48,-0.28,8.22,7.07,6.19,8.01,-1.17,-0.22,-3.62,1.3,4.13
1983-07-31,6.09,-2.13,-5.5,-1.29,1.16,-2.03,-9.88,-4.14,-6.07,-5.66,-8.35,-9.82,-3.54,0.0,0.46,-0.54,-3.29,-5.65,-0.82,7.33,-3.08,-7.29,-2.13,-5.98,-1.39,-0.34,-1.4,0.23,-1.57,-2.28,1.02,-5.17,-4.37,-8.15,-4.38,-4.08,-7.37,-0.7,-3.39,-5.22,-7.17,-2.22,-5.5,-2.16,-6.8,-5.5,-0.59,-2.78
1983-08-31,-2.72,1.09,5.85,4.66,5.71,0.15,-4.25,-1.99,-1.25,-6.52,-4.93,-3.58,0.79,6.88,-4.13,-0.32,-3.91,-5.32,7.5,-8.48,-1.15,-2.2,-3.04,-5.18,-8.58,-2.48,3.29,0.79,1.15,6.93,1.52,2.2,-2.39,-2.47,-0.54,-2.31,0.63,-0.1,-0.59,-2.49,-2.61,-5.43,-3.58,1.11,1.75,-3.01,0.07,-6.39
1983-09-30,0.8,6.59,2.1,5.74,8.55,2.33,2.34,3.84,3.01,1.09,-2.19,1.87,1.93,-0.22,2.18,1.78,3.86,1.4,-2.26,0.67,4.19,3.36,4.65,3.95,14.68,5.49,-18.48,-4.47,4.13,-4.68,4.66,2.26,0.18,2.37,3.44,1.52,-1.42,1.57,4.93,1.33,2.63,1.99,3.69,2.93,1.91,4.36,1.41,2.05
1983-10-31,-4.3,4.17,2.73,-2.47,2.66,-5.43,-4.0,-5.1,-1.19,-4.69,-11.22,-4.86,0.68,-2.89,-4.88,-4.1,-3.44,-10.42,-5.2,-4.73,-4.84,-2.5,1.81,-3.77,0.17,-1.45,-13.24,-10.68,-6.74,-2.0,3.05,-5.19,-4.72,-10.36,-4.85,-6.83,-11.95,-0.45,1.94,1.6,-5.29,-0.92,-3.06,-6.65,-1.21,-4.73,-2.25,-9.06
1983-11-30,4.55,2.08,7.14,-3.99,0.79,4.6,-0.06,2.48,8.36,1.53,-3.25,-2.66,-3.1,2.44,0.7,8.68,7.94,6.61,9.54,2.12,6.25,10.86,0.25,10.78,6.16,3.55,17.89,6.01,3.27,-0.49,-1.64,3.17,7.59,5.65,-2.33,7.96,9.88,12.47,4.11,7.12,4.75,4.14,5.53,7.2,3.65,4.84,2.68,4.42
1983-12-31,1.16,0.33,-0.97,-2.99,3.39,-0.99,7.13,-2.04,0.28,-3.38,1.45,-3.63,-4.63,-3.0,-1.06,-1.98,-1.11,-1.68,1.08,-0.31,1.25,-0.4,0.64,-1.69,-0.16,-3.41,-1.99,-1.93,-6.12,2.18,-3.64,-1.53,-0.12,-2.95,2.46,-2.79,2.62,-1.99,-1.87,-0.62,-1.1,-5.96,-4.49,-0.37,-1.16,-3.85,-0.59,-2.66
1984-01-31,2.65,2.81,-3.56,-1.36,4.89,-8.12,1.76,-5.36,-5.65,-7.19,2.62,-5.62,0.29,-4.26,0.96,-4.1,-3.61,-0.96,-1.96,-1.9,-0.91,-4.58,-3.94,-1.4,-6.85,-4.7,-0.86,1.75,0.84,9.93,1.44,4.1,-7.03,-7.47,-5.7,-6.56,-5.85,-5.58,-3.46,-4.22,-4.24,-6.29,-4.23,3.01,-3.93,-2.67,0.04,-5.57
1984-02-29,-5.88,-5.3,0.71,-7.78,-7.68,-6.05,-9.07,-8.32,-5.41,-1.68,-4.24,-6.46,-0.33,-7.06,-6.28,-7.81,-7.34,-3.17,-7.64,-6.81,-7.46,-7.36,-6.65,-6.81,-7.5,-10.83,13.84,-0.19,-4.66,4.03,-3.34,-3.68,-6.46,-6.25,-4.39,-7.47,-9.44,-5.38,-3.37,-7.49,-4.6,-4.36,-5.76,-6.55,-1.83,-7.52,-5.1,-6.24
1984-03-31,3.69,0.23,5.94,-1.19,-1.76,2.32,10.93,6.59,2.5,0.6,1.85,-2.83,-0.58,6.02,2.91,-1.88,4.56,3.76,5.73,4.76,4.74,-0.45,-2.39,-3.87,-2.59,3.65,-0.01,6.99,2.57,0.25,-0.31,-4.3,0.43,1.43,2.1,1.47,3.2,8.39,-0.3,1.53,3.14,0.31,3.99,-2.23,6.31,2.04,1.68,-0.32
1984-04-30,-3.74,0.14,1.62,0.68,-1.39,4.55,-5.95,2.34,-0.13,-0.41,5.7,3.26,1.4,1.16,1.6,0.37,-1.55,-5.08,-5.57,1.67,-1.55,3.16,1.12,0.92,7.58,2.83,-9.78,-3.61,2.13,4.0,-0.5,2.2,-3.19,-2.43,0.55,-0.66,-1.9,-1.57,2.77,-3.82,-0.75,0.83,-1.85,-0.7,-3.48,-2.85,0.14,-0.66
1984-05-31,-4.43,-2.68,0.16,-0.3,-0.75,-9.93,-2.15,-3.23,-2.0,-6.23,-4.32,-13.63,-4.99,-6.85,-6.76,-3.9,-8.88,-10.52,-9.5,1.28,-7.87,-8.66,-6.15,-1.47,-7.64,-8.02,-3.93,-5.97,-3.47,-5.13,-0.83,-3.57,-3.25,-5.11,-5.19,-5.07,-6.54,-9.8,-2.51,-4.82,-7.07,-5.09,-3.24,-10.32,-9.19,-3.32,-5.04,-7.2
1984-06-30,2.86,7.33,5.56,0.51,6.75,-1.01,0.46,8.48,3.3,4.42,2.6,-0.59,5.21,0.15,3.88,2.15,1.71,0.38,-1.5,-0.57,-0.83,5.18,4.0,9.28,12.57,5.16,-8.96,-10.06,-4.8,-1.98,0.44,12.21,8.68,6.62,-0.47,4.68,3.99,3.83,8.78,2.5,6.24,7.62,7.41,1.6,4.21,-0.35,1.53,5.03
1984-07-31,-0.65,-2.58,3.08,-1.98,0.4,2.05,-5.07,-1.47,0.01,-4.95,0.98,-2.44,-5.28,-2.31,-5.13,-7.89,-2.03,-3.59,-9.02,-7.2,-5.05,-2.44,4.06,3.98,0.47,4.54,-19.81,-12.68,-9.49,-7.45,-0.01,2.81,2.83,-6.75,0.7,-5.19,-3.92,4.37,-1.71,-2.66,-3.69,1.02,-1.9,0.84,-2.13,-3.16,-0.61,-2.86
1984-08-31,10.98,9.04,2.49,5.72,9.8,17.42,6.56,10.83,7.41,9.58,16.1,14.54,7.88,13.72,11.16,8.2,13.44,9.3,14.02,10.81,12.77,14.99,9.7,13.76,18.94,12.07,13.92,20.87,12.63,14.02,7.78,6.72,12.8,14.55,13.19,15.45,12.73,10.51,11.18,10.86,13.88,9.08,7.58,10.9,13.83,10.24,9.92,10.76
1984-09-30,-3.72,3.05,3.44,0.41,3.97,-9.19,1.2,-2.1,-1.62,-0.94,-8.0,-4.94,-3.25,-3.03,-1.89,-2.92,-0.2,3.5,-3.4,-4.65,-1.49,-5.91,2.36,-2.36,-4.34,-4.7,3.88,-4.67,0.15,2.27,4.86,2.92,-0.64,-2.92,-1.77,-7.03,-6.43,-4.8,-3.82,0.59,-0.22,0.28,-1.11,6.11,2.95,1.97,2.32,-0.55
1984-10-31,-1.75,1.31,3.17,4.73,3.18,-3.24,-1.85,-0.68,1.5,-1.16,-0.33,-1.43,3.03,-1.31,-0.12,1.63,1.01,-0.25,-1.83,-0.42,-3.2,0.74,2.1,5.9,5.76,7.94,-7.95,-7.71,-8.86,-4.31,3.35,-0.8,0.08,-2.29,0.86,-1.31,-2.59,2.95,3.15,2.52,0.66,-1.15,0.31,0.93,2.71,2.37,0.78,-1.73
1984-11-30,4.75,0.55,-3.08,0.42,1.64,-7.03,-0.2,1.15,-0.83,-0.54,-5.78,2.72,0.69,-0.61,-1.37,0.15,0.38,-1.13,-1.19,-4.58,-1.93,-4.31,-2.83,-7.04,2.06,0.16,-3.96,2.23,3.84,-1.04,3.06,-0.24,-8.3,-3.23,-2.64,-4.94,-6.09,-0.52,-1.36,-1.87,-1.89,-2.82,-4.21,0.47,0.66,-3.54,0.17,-4.22
1984-12-31,8.86,2.74,0.75,1.88,1.71,3.31,-0.15,4.41,2.83,0.13,1.28,0.71,3.59,0.6,0.13,2.66,2.28,-2.51,2.21,-2.64,1.28,4.52,4.53,4.1,5.21,7.4,-13.38,-3.98,-4.64,-0.54,2.65,5.12,3.31,3.75,2.63,1.59,3.04,3.39,1.17,3.96,3.37,-0.09,2.38,5.93,5.58,1.12,3.62,2.4
1985-01-31,2.63,1.79,-2.22,4.6,2.26,10.89,16.28,12.23,7.5,12.36,16.88,10.49,5.75,7.11,12.16,8.45,10.87,17.75,10.61,10.56,11.86,13.44,8.89,10.05,10.42,3.97,10.51,13.45,8.5,6.53,2.4,5.86,14.02,14.66,11.46,12.5,12.9,5.96,7.75,9.85,15.63,12.75,10.64,9.43,10.0,11.12,8.16,14.07
1985-02-28,5.86,5.74,7.16,1.33,9.84,-1.24,5.76,1.4,0.67,1.76,3.81,4.23,3.37,2.17,0.73,3.1,0.11,-0.62,-0.43,-0.36,0.18,-1.11,-2.32,6.77,2.18,3.65,-5.63,-1.01,-0.98,3.92,1.37,2.69,-0.54,3.11,-1.66,-2.06,-1.43,0.6,0.04,2.61,0.19,2.36,4.06,0.54,4.76,0.34,1.77,3.45
1985-03-31,0.92,5.62,11.81,4.55,3.13,-2.21,2.93,4.68,-2.98,0.66,-0.17,2.24,4.13,-2.1,-2.97,-3.64,-5.15,-2.92,-3.39,-0.74,-4.5,-5.36,-4.89,-3.86,-5.3,-6.11,21.19,1.72,-3.41,1.5,6.13,5.48,-3.7,-3.1,-6.8,-2.72,-7.6,-3.21,-0.48,-3.15,-0.79,-0.72,1.3,0.9,-0.81,-3.15,0.23,0.25
1985-04-30,5.37,-2.29,-1.8,1.65,-8.13,-4.87,2.0,0.31,-1.07,0.08,-4.52,-1.86,-1.07,0.78,-2.31,-2.92,-2.34,-0.44,-4.98,-2.5,-3.38,-2.41,-4.31,-2.17,-9.0,-3.32,-6.31,-0.66,-2.42,3.86,1.6,0.9,-0.32,-2.25,-2.72,-4.92,-4.88,1.38,-2.29,-3.38,-0.53,0.27,0.64,3.15,3.48,-0.54,2.06,-0.89
1985-05-31,3.39,15.38,3.18,8.41,0.1,7.82,4.76,7.1,4.63,9.62,9.67,6.27,10.11,7.83,6.74,3.66,7.22,3.11,1.71,-2.07,3.74,7.02,7.53,9.45,5.8,10.99,1.61,-1.51,5.39,0.58,5.38,6.63,9.53,4.04,3.23,2.14,3.05,5.81,1.15,11.25,5.21,11.35,6.58,6.0,7.28,4.59,5.86,6.01
1985-06-30,-1.46,3.31,3.96,3.85,2.71,2.06,9.63,2.01,2.59,1.11,6.85,2.67,1.09,1.34,2.1,3.64,1.86,0.95,-0.74,-1.28,0.18,1.53,0.67,0.83,3.11,1.51,-2.13,-3.68,-4.85,-0.6,3.62,4.1,6.31,1.34,-2.92,2.51,2.89,2.32,3.58,2.72,2.81,1.38,0.35,4.22,2.43,-0.17,2.83,3.42
1985-07-31,3.79,-4.58,0.54,1.16,-5.22,0.21,-1.48,-3.5,2.53,1.77,-3.12,2.32,-0.42,4.12,2.99,3.76,3.0,2.95,7.83,3.37,3.91,4.2,1.36,3.62,2.51,4.21,14.63,8.57,3.65,-0.63,-4.65,-4.57,1.49,1.22,5.19,2.5,6.18,4.43,2.83,3.67,0.26,-5.69,-0.35,-2.11,-1.21,1.7,-1.2,3.17
1985-08-31,-1.93,3.69,0.67,2.06,-2.29,0.12,5.42,-1.93,-2.29,2.39,-6.62,1.32,0.24,-1.17,-0.77,0.9,-2.18,-3.54,-1.89,-4.83,-2.4,0.37,-2.27,-0.41,1.78,-2.96,1.27,-2.12,1.69,1.58,1.92,0.53,-1.22,-1.87,-2.2,-1.69,-5.57,-1.78,-0.96,-1.46,-1.02,-0.33,-1.92,-0.49,-1.12,-2.28,0.24,0.87
1985-09-30,-8.56,6.78,-0.21,-0.89,-5.86,-5.16,-1.97,-5.51,-3.08,-2.77,-11.56,-3.83,-1.94,-3.41,-2.26,-0.87,-3.76,-7.3,-4.5,-0.85,-4.62,-3.32,-2.14,-7.72,-9.69,-5.81,-9.82,-10.01,0.4,-1.31,-5.38,-4.08,-7.71,-6.43,-3.17,-6.37,-8.25,-4.36,-3.13,-6.64,-4.47,-4.24,-4.01,-6.26,-4.45,-2.71,-3.87,-8.21
1985-10-31,3.43,4.03,3.9,5.5,-1.39,-3.86,8.5,3.12,4.56,7.17,-5.03,4.24,4.38,5.05,0.74,8.09,3.54,-1.3,-4.37,0.88,2.01,4.68,1.83,0.78,-6.1,0.67,-1.93,-2.8,2.07,5.99,6.33,4.16,4.52,4.65,4.26,1.83,-2.75,1.87,4.6,2.05,4.04,8.22,2.66,10.21,8.63,3.3,6.44,4.36
1985-11-30,4.7,8.26,13.46,2.58,10.14,10.33,4.55,7.08,11.57,8.47,3.66,8.58,11.16,5.86,7.46,3.86,9.19,8.77,6.01,2.11,7.75,7.4,8.1,5.94,7.74,7.96,3.37,7.33,2.35,0.31,4.1,7.41,8.47,8.51,8.63,7.37,11.92,8.21,9.32,6.54,8.76,7.41,9.23,7.05,9.33,4.4,7.21,6.99
1985-12-31,9.16,2.06,3.14,12.45,9.89,6.14,4.03,7.22,5.93,1.96,6.07,5.04,2.63,6.66,5.38,7.58,5.2,3.43,2.74,1.59,3.82,3.12,5.22,3.3,0.72,5.31,-4.9,-2.37,-2.98,-2.68,4.98,6.03,3.65,5.93,9.59,7.21,4.47,5.22,4.46,1.51,6.27,4.14,3.91,7.29,2.39,2.66,5.2,6.9
1986-01-31,8.18,2.33,-1.24,-0.98,5.55,2.2,3.57,-0.96,-0.94,4.88,-4.13,3.32,1.69,1.82,6.44,3.13,1.84,2.16,2.71,1.66,2.09,0.22,4.62,-0.61,3.11,-1.11,10.02,-0.69,-2.51,-6.84,3.79,-3.78,2.12,0.68,-1.11,0.81,3.73,4.95,1.78,5.7,2.66,1.64,0.94,2.81,6.56,2.49,2.52,3.9
1986-02-28,14.26,7.94,11.74,7.36,12.25,11.24,8.08,14.6,10.71,9.62,4.09,-0.94,8.16,12.07,8.89,10.18,12.11,13.88,5.31,8.03,8.78,8.77,10.62,11.02,8.15,5.59,-9.61,-1.6,-2.7,0.91,6.59,7.39,7.84,7.49,2.7,8.27,9.94,8.98,10.63,7.07,9.02,7.19,9.62,11.03,7.55,8.22,8.17,11.38
1986-03-31,2.82,7.82,11.08,9.95,11.58,5.51,6.61,5.2,5.53,6.07,6.94,12.17,13.1,5.92,6.03,8.15,9.21,14.46,3.95,5.94,4.77,3.9,10.59,5.89,7.01,2.89,-7.5,5.93,12.25,0.81,3.98,4.18,5.42,4.94,-0.09,0.06,-1.18,4.27,5.73,3.28,7.2,9.09,6.7,7.26,5.27,10.12,5.43,6.57
1986-04-30,5.45,-0.55,4.59,-2.9,3.65,3.89,8.24,-1.39,-1.63,-2.61,-1.24,7.95,-0.47,1.4,2.31,-1.68,-1.86,-0.74,-5.46,-0.78,-0.71,-0.86,-7.28,-4.48,-5.91,3.02,-9.67,-2.75,-4.97,0.83,-3.93,2.43,2.86,3.31,3.85,3.58,2.67,-2.61,-0.86,-2.6,1.87,-0.64,4.52,-0.59,-6.18,-1.69,-3.05,-4.62
1986-05-31,1.13,8.49,7.89,6.96,10.18,3.04,5.99,11.12,4.58,9.43,3.09,4.37,8.7,5.97,9.8,4.08,3.84,5.59,1.61,1.38,0.94,1.59,3.16,2.15,2.33,5.78,0.96,4.75,1.71,7.41,3.63,4.59,-1.17,5.33,1.01,-0.81,2.49,6.04,5.38,0.7,5.42,11.77,5.79,4.2,5.74,-3.35,5.22,6.35
1986-06-30,9.54,7.06,5.84,8.95,9.5,-6.66,7.99,2.8,1.75,4.2,-3.34,4.24,7.61,0.11,-2.61,5.11,-0.58,-2.43,-3.34,1.31,-3.89,-3.94,-0.26,1.55,-0.54,-2.19,-6.93,-3.73,-3.68,-2.03,5.05,5.38,2.56,-0.19,-4.46,-1.24,-8.27,-0.41,3.34,-2.14,0.89,4.79,1.94,2.3,-0.46,0.64,3.01,2.29
1986-07-31,-12.86,-3.7,-7.14,-3.24,-2.7,-7.06,-15.43,-7.83,-7.86,-8.78,-7.75,-7.45,-4.54,-7.13,-8.5,-7.33,-7.47,-11.0,-16.26,-8.77,-9.04,-7.07,-8.25,-8.68,-8.98,-11.67,6.9,-9.55,-3.54,-5.14,5.13,-2.98,-8.74,-10.78,-7.61,-8.6,-6.79,-5.98,-2.43,-9.68,-9.59,-9.15,-11.23,-6.46,-4.12,-6.69,-5.57,-5.15
1986-08-31,1.85,3.5,0.95,-1.58,4.48,8.37,-1.85,2.59,4.34,2.97,3.03,7.17,3.5,6.48,2.27,1.06,9.21,4.12,9.82,1.07,7.12,8.18,6.71,5.26,4.23,10.56,15.55,16.26,9.12,16.84,7.92,6.84,8.24,4.77,6.66,6.38,11.97,9.81,5.82,6.3,2.33,1.45,1.17,6.79,8.32,1.53,6.85,9.82
1986-09-30,-8.41,-11.87,-13.29,-8.4,-11.22,-9.91,-10.36,-10.3,-9.49,-9.69,-7.05,-10.56,-13.86,-5.05,-11.74,-6.54,-6.2,-4.03,4.78,0.86,-6.61,-7.53,-6.92,-7.96,-5.16,-4.98,8.11,2.15,-4.69,-0.83,-9.11,-9.44,-4.23,-9.43,-5.5,-8.2,-12.14,-5.9,-8.75,2.36,-8.62,-8.41,-8.12,-9.93,-11.4,-7.37,-10.12,-10.97
1986-10-31,-2.34,12.7,7.56,7.9,10.78,0.78,10.08,6.18,8.18,8.22,4.49,7.22,8.71,8.3,9.46,5.62,6.7,-0.66,3.82,-2.5,2.69,4.35,8.07,1.58,1.86,-2.5,-0.34,-0.51,-1.03,1.94,5.21,4.63,7.32,7.06,-3.0,5.02,5.01,6.83,5.97,6.22,6.14,7.84,6.72,2.48,1.28,5.2,4.65,13.85
1986-11-30,0.26,0.53,0.47,0.33,-0.09,0.24,-4.95,0.47,6.25,0.58,-4.43,-1.53,2.89,3.88,0.8,8.67,3.02,-0.76,-7.43,1.84,2.09,3.03,1.82,2.84,1.84,4.76,3.74,0.55,2.26,3.26,0.55,3.98,1.71,2.5,3.91,2.24,6.2,1.58,3.57,-0.3,1.2,1.73,0.72,-0.95,-1.82,-4.22,-0.42,2.61
1986-12-31,-3.52,-4.15,0.04,-2.11,-2.46,-7.62,-3.72,-3.24,1.04,-7.18,-9.5,-2.86,0.28,-3.76,-1.54,0.41,-1.73,-3.58,-2.34,-2.92,0.26,-5.76,-5.09,-3.22,-7.24,-14.06,-3.39,-0.27,-4.48,-0.42,-3.3,-3.71,-1.82,-1.26,-4.33,-2.79,-2.36,-2.26,2.18,-5.61,-3.54,-6.75,-4.21,-1.17,-1.52,-1.36,-3.11,-3.01
1987-01-31,8.2,11.64,15.09,22.08,21.36,20.39,18.77,14.65,14.21,11.65,6.89,13.66,13.83,15.23,14.99,6.82,17.77,11.42,13.0,10.36,14.09,16.77,19.07,3.55,9.69,11.58,10.52,17.63,6.56,14.23,9.3,5.3,24.67,16.43,15.8,15.66,16.04,24.45,14.47,7.84,11.48,10.33,11.13,9.24,9.23,10.07,11.38,20.28
1987-02-28,7.82,4.18,4.84,3.34,-2.84,9.05,9.41,10.68,3.88,13.44,9.1,12.77,11.03,5.24,5.21,6.41,4.15,7.89,7.38,10.1,7.32,4.93,3.57,7.13,5.79,5.5,19.55,10.76,-0.15,-1.79,-2.15,0.03,1.95,6.82,10.05,8.59,8.77,0.73,2.31,4.97,5.41,11.69,9.9,5.33,7.77,5.91,1.76,3.98
1987-03-31,2.4,2.3,2.46,0.84,0.75,5.16,0.85,-0.76,2.06,1.19,6.73,-0.01,-0.58,5.44,1.36,2.06,4.27,6.06,8.43,3.67,1.47,0.06,6.45,-1.85,-7.14,4.68,26.47,11.55,-0.58,11.96,-1.68,1.39,-7.33,2.03,3.99,-0.73,1.8,6.23,0.78,-2.18,1.58,1.91,4.11,-1.5,-5.62,1.4,0.22,4.44
1987-04-30,-2.19,-5.48,-6.85,4.3,-2.93,6.13,0.6,-3.06,-2.4,-4.65,-6.48,-2.72,-1.89,1.21,-2.67,6.16,-3.12,-7.46,3.13,-9.2,0.1,-0.61,8.03,-10.65,-9.58,2.04,4.26,4.03,-1.13,0.13,-4.33,-2.47,-4.56,-1.66,6.48,1.11,0.56,-3.22,-3.09,-1.3,-4.25,-2.42,-0.84,-3.98,-6.62,-4.57,-4.63,-4.25
1987-05-31,-0.38,3.87,3.31,-4.61,1.22,-3.38,1.5,4.7,1.34,-1.36,3.44,-0.36,1.33,0.66,3.08,8.67,-2.73,-1.37,4.37,-0.9,3.47,-0.25,-2.19,0.58,-0.08,-0.06,-7.08,-1.3,4.66,3.0,-1.85,3.29,-4.17,2.48,-0.59,-2.34,9.22,-5.59,-0.76,7.12,-0.7,0.54,-0.07,-1.22,-1.89,-1.89,-0.05,10.55
1987-06-30,4.49,7.72,4.69,2.11,5.78,-0.98,8.41,8.37,5.22,9.52,6.13,5.46,4.48,5.03,2.43,0.61,6.24,2.06,3.56,-0.64,3.82,4.3,2.05,5.36,4.12,3.13,-4.42,0.39,1.89,5.87,3.4,6.95,7.43,2.12,0.23,2.34,-3.51,4.94,9.04,5.53,3.69,7.5,2.09,5.93,5.75,4.25,4.28,-1.9
1987-07-31,-3.34,1.94,6.29,8.37,9.28,4.37,6.89,9.09,5.05,4.99,4.88,2.07,6.66,5.6,5.06,4.45,7.71,4.11,19.42,4.65,11.79,4.69,6.44,11.54,5.21,4.58,21.18,15.51,5.43,3.17,-1.67,5.84,1.65,1.3,-0.06,5.52,1.88,4.36,4.28,4.19,4.61,6.68,2.68,-0.06,1.1,4.24,3.15,9.78
1987-08-31,2.4,2.3,4.84,2.13,18.63,8.87,3.89,-0.6,5.51,1.01,-3.37,5.19,2.37,2.5,4.5,-1.79,2.67,-0.46,-4.33,5.96,1.19,4.72,4.85,1.04,0.88,2.6,1.95,-5.81,5.54,1.9,3.71,5.08,5.78,5.83,7.7,5.75,6.79,6.6,6.75,0.01,2.34,3.36,2.53,4.68,8.82,3.05,5.02,2.0
1987-09-30,-0.12,-3.7,-1.56,0.79,0.36,-2.03,-2.19,-2.96,-1.03,-8.17,-2.84,-4.6,-2.14,-0.39,-0.86,-0.86,-0.65,-2.43,4.05,-1.12,3.88,2.21,-6.62,-2.44,-0.69,-2.75,5.48,4.93,-5.86,-3.84,-2.31,3.34,-4.22,1.81,-6.31,1.87,3.16,0.3,1.37,-2.0,-3.42,-7.13,-4.72,-4.76,-2.17,0.67,-1.28,-4.11
1987-10-31,-26.76,-17.76,-15.96,-18.13,-21.79,-33.4,-31.92,-22.57,-21.62,-30.91,-31.57,-19.34,-19.11,-27.96,-30.41,-32.63,-27.84,-31.66,-30.66,-26.44,-31.64,-32.07,-27.44,-30.19,-32.28,-27.5,-30.87,-33.24,-30.26,-18.74,-6.93,-12.16,-28.23,-27.51,-23.79,-27.33,-30.13,-26.3,-28.33,-28.4,-28.75,-28.89,-23.64,-22.5,-16.85,-22.75,-22.82,-26.94
1987-11-30,-2.42,-8.11,-8.29,-4.81,-8.25,-11.14,-6.49,-7.91,-10.33,-12.17,-5.91,-6.91,-10.1,-5.68,-5.62,-5.17,-4.21,-9.78,2.57,1.19,-1.34,-6.66,-5.83,-9.38,-6.83,-1.18,19.91,-0.93,-2.87,-10.73,-2.55,-8.9,-11.16,-8.69,-9.65,-10.74,-9.22,-3.29,-2.87,-7.71,-4.53,-9.56,-6.87,-7.95,-8.49,-8.25,-6.05,-9.27
1987-12-31,6.21,7.64,4.99,12.77,4.28,16.98,11.72,8.66,7.19,7.78,4.94,6.38,5.2,14.63,14.83,13.69,8.84,6.79,10.64,7.04,11.63,13.51,9.59,5.45,13.29,3.72,-0.88,9.6,10.94,6.72,0.56,3.91,17.65,15.31,8.62,13.59,20.82,10.48,11.29,7.11,10.49,8.0,8.19,4.99,2.76,2.84,3.42,14.29
1988-01-31,3.27,4.15,1.89,-0.31,2.97,-6.1,2.0,1.88,1.05,8.28,2.86,5.57,6.9,-2.31,2.1,1.43,3.31,5.94,-3.41,0.53,2.21,-0.2,6.86,14.54,7.49,11.36,-16.65,-3.63,0.15,8.51,9.77,10.03,2.93,-1.72,-2.94,-1.12,-1.3,-2.27,-4.02,4.14,3.38,7.07,4.36,11.32,8.34,2.98,8.27,-0.64
1988-02-29,1.33,5.44,1.73,5.56,6.13,10.33,10.41,6.5,2.96,11.74,2.74,6.88,3.87,8.25,6.9,22.69,11.91,14.76,9.63,4.54,11.13,7.6,7.88,5.12,3.85,3.01,8.49,7.92,8.9,3.56,-1.41,1.24,6.44,6.95,6.82,7.87,9.65,11.58,3.81,8.71,8.36,11.92,5.87,3.37,0.56,5.28,4.2,2.5
1988-03-31,4.78,-0.98,0.1,0.68,-3.46,-1.9,-4.04,-4.79,-6.17,-0.49,9.72,-2.14,-3.81,-2.0,2.4,8.8,1.51,-0.21,-3.52,6.5,4.44,-4.2,1.53,-0.46,3.2,-2.09,3.23,12.31,5.17,2.6,-3.18,-3.96,-1.82,-0.79,-7.78,-1.44,0.44,-4.62,-0.9,3.72,2.36,-1.36,-1.91,-3.91,-3.15,2.52,-1.92,-1.36
1988-04-30,-4.59,0.85,-0.16,-2.32,-0.06,4.15,2.19,-0.76,0.24,-0.11,0.46,-3.3,-2.04,1.78,1.84,0.08,1.62,0.15,5.68,5.11,2.34,1.38,3.3,1.45,5.06,3.3,-1.12,2.58,6.14,4.61,-0.3,0.74,-3.73,-0.3,3.91,2.12,0.08,0.95,1.28,-1.68,0.76,2.19,0.33,0.43,-1.56,5.31,-0.63,-2.15
1988-05-31,-1.17,0.44,0.58,-2.39,-3.84,0.71,-1.45,1.05,1.85,-2.08,0.56,0.51,-0.66,-2.1,-1.12,2.43,-1.41,-0.87,-0.59,-3.54,-0.48,-1.06,0.86,2.47,-0.54,-1.18,6.13,-1.91,-0.08,-0.41,3.62,2.34,-4.71,-1.72,-0.74,-0.92,-5.28,-1.99,1.8,-1.53,-1.8,-1.45,-0.62,3.09,2.1,0.85,1.47,-2.45
1988-06-30,12.79,-0.76,4.01,9.1,1.95,12.0,6.5,5.73,4.2,7.4,5.53,4.44,2.1,9.63,6.95,3.81,8.75,13.33,6.43,6.08,5.87,8.59,7.65,5.54,-0.84,4.79,-0.06,2.59,0.28,-2.11,3.23,2.91,7.34,7.84,11.19,7.43,2.28,14.62,8.16,11.28,7.31,6.76,5.6,7.55,3.21,3.97,5.91,7.28
1988-07-31,-3.15,3.42,-3.6,-2.94,6.56,-2.22,-0.36,0.03,1.84,-7.68,-4.69,-0.2,1.16,-3.85,-1.49,0.27,-3.36,-0.97,1.36,1.06,-2.93,-3.91,-0.5,0.16,-5.04,-2.76,-0.3,-3.27,-3.51,3.67,-0.22,0.15,-4.36,-2.58,-5.01,-4.42,-6.12,-3.23,0.15,-2.68,-2.46,-0.38,-1.82,0.19,0.43,0.53,0.08,-2.26
1988-08-31,-0.31,1.04,-5.63,1.3,-0.15,-6.13,-2.98,-3.08,-2.56,-0.21,-4.79,0.77,-0.92,-4.22,-6.61,-3.09,-3.7,-3.9,-5.03,3.69,-5.91,-6.3,-6.56,-3.28,-6.38,-6.78,-5.72,-1.76,-5.09,-1.46,-0.12,-2.9,-3.45,-5.12,-8.99,-7.15,-3.96,-3.82,-1.85,-2.51,-2.18,-2.3,-2.97,-1.41,2.1,-3.0,-0.28,1.48
1988-09-30,2.48,5.58,1.56,10.14,8.29,5.05,2.6,7.09,4.45,1.55,8.56,-0.14,3.75,2.08,5.33,3.41,-0.41,1.24,0.7,3.65,2.01,6.16,3.81,6.04,-3.83,4.22,-5.79,2.35,3.56,-2.53,2.67,7.07,1.1,5.43,3.13,1.92,0.24,3.55,2.55,7.16,4.05,8.97,10.07,3.9,5.11,2.44,2.04,11.44
1988-10-31,0.98,19.42,3.39,0.42,0.39,0.15,2.07,1.57,2.36,4.24,1.88,-2.59,1.65,1.04,-1.35,1.62,0.29,-1.31,4.4,3.5,-0.64,-0.8,4.4,1.61,-0.35,2.57,-1.25,1.21,1.99,1.89,2.51,2.97,0.67,-0.78,1.18,-1.55,-1.96,-1.15,6.39,1.38,-0.59,2.17,-0.42,-0.6,0.12,0.57,0.01,-4.37
1988-11-30,-0.8,-0.72,0.4,-0.04,1.76,-3.78,-4.47,-3.82,-4.28,-7.25,-4.94,-4.85,-1.56,-2.54,-3.15,-6.01,-3.36,0.27,-2.09,-2.9,-0.64,1.41,-0.06,-3.05,-4.33,-4.8,3.88,-2.58,-5.98,-0.23,-0.5,0.05,-4.29,-2.57,-2.81,-4.04,-3.3,-2.44,1.75,0.34,-3.51,-2.6,-1.6,-2.61,-3.1,-1.46,-1.86,-2.65
1988-12-31,6.14,2.34,10.02,0.54,8.45,5.17,4.78,2.91,3.14,4.55,2.86,3.06,1.52,4.94,4.9,7.51,3.15,5.01,4.23,1.23,3.15,1.68,-0.45,-0.29,3.43,-1.51,-4.54,4.75,1.76,1.83,1.04,1.25,3.08,4.1,4.58,3.58,4.35,3.53,3.57,2.91,3.56,1.0,3.1,-0.93,0.61,1.68,0.03,4.36
1989-01-31,3.08,5.07,6.4,5.22,5.13,10.02,9.01,7.21,5.61,5.16,8.48,5.26,6.82,10.44,4.0,9.03,6.58,5.29,11.83,4.38,4.09,7.69,8.37,5.93,5.98,5.91,-0.58,4.81,16.58,6.16,2.67,8.36,4.9,7.31,7.53,6.33,2.41,6.75,2.96,9.51,5.74,6.3,5.11,6.53,6.78,4.14,7.24,5.3
1989-02-28,-0.64,-2.06,-3.65,0.05,-0.71,4.23,0.37,-3.1,-1.01,1.87,3.59,-2.09,-1.6,-2.25,1.32,6.57,1.99,-2.4,-3.56,2.94,-1.6,-4.77,-4.55,-0.86,4.49,4.67,10.22,-1.49,-0.92,-1.29,-1.78,-1.37,-2.57,-2.33,-4.46,-2.96,-0.6,-2.9,-4.31,-0.58,-2.56,-1.7,-1.84,-0.66,0.04,-0.39,-0.63,-3.42
1989-03-31,3.13,4.43,3.53,7.81,10.25,7.28,8.0,3.41,0.36,7.4,5.86,2.99,5.02,2.58,2.31,5.76,1.51,2.0,-1.89,2.22,1.67,-1.01,-2.63,3.9,0.31,0.14,-4.61,1.11,3.32,3.89,0.55,5.29,0.86,-1.18,-8.03,-1.13,0.94,0.42,2.75,-1.05,1.48,3.04,2.59,5.78,4.95,1.36,2.92,3.62
1989-04-30,5.01,5.5,0.95,6.93,4.98,4.84,8.4,7.21,5.62,3.47,7.48,7.11,5.1,4.85,5.52,5.01,6.67,4.21,3.39,7.28,4.3,7.81,-0.47,4.42,7.52,0.19,-5.77,4.03,7.86,2.44,3.97,9.54,1.68,7.5,4.23,5.92,7.3,5.78,0.41,5.67,4.24,5.67,7.42,3.73,4.65,0.48,3.02,7.46
1989-05-31,2.74,3.8,4.77,8.92,7.49,7.68,5.19,1.72,1.8,5.43,2.51,5.9,3.17,0.83,2.65,2.45,3.1,5.43,1.16,4.83,5.06,11.58,1.44,2.45,3.2,3.1,-7.63,1.11,-0.69,2.74,5.28,5.92,5.24,6.04,0.49,5.14,3.62,2.57,7.13,3.17,3.5,5.38,10.71,6.3,2.48,2.22,2.2,8.13
1989-06-30,-1.68,2.69,-5.11,-1.45,0.25,7.95,3.47,5.68,1.85,-1.21,1.15,-4.39,-3.12,-2.82,-1.88,-1.35,-2.07,2.72,-3.85,-0.57,-3.41,-4.31,0.65,-4.53,-5.32,-1.87,9.25,-3.74,-1.21,-1.01,3.42,0.18,-1.12,-2.04,-2.3,-3.93,-3.93,-3.95,-3.23,-1.28,-1.77,-2.52,1.57,0.18,2.2,-0.19,0.5,-1.62
1989-07-31,16.51,12.63,3.59,16.65,14.32,10.21,8.28,6.06,7.22,9.16,10.5,8.85,14.42,6.69,8.25,7.22,9.87,7.98,6.63,4.32,7.27,11.05,4.29,7.38,-1.36,5.13,-2.21,1.9,2.57,3.78,5.81,9.13,5.56,4.26,2.15,4.41,6.17,7.31,10.77,7.9,5.84,10.44,8.41,7.73,9.32,-0.43,7.28,12.64
1989-08-31,-4.7,-4.47,-6.16,-4.19,2.6,-1.67,3.13,-1.21,2.46,5.27,2.35,2.96,-0.09,7.14,3.34,2.98,2.33,5.3,7.97,1.56,3.46,0.0,8.05,3.2,-0.59,4.45,6.24,8.97,7.4,3.5,-0.8,0.8,0.86,2.23,2.74,1.14,1.1,5.7,5.63,12.38,1.66,3.66,-0.52,1.44,2.08,0.54,3.09,0.89
1989-09-30,-0.34,-0.96,3.2,1.5,0.84,0.32,2.76,-2.82,-4.07,3.81,-0.37,1.08,2.75,-3.41,-1.29,-2.93,-1.45,-2.63,-2.42,-2.68,-2.29,-1.41,-5.7,-0.8,0.27,-1.65,6.14,-1.22,0.68,1.36,0.48,4.03,-2.69,1.76,-5.7,1.33,-3.33,-3.99,-5.3,-4.02,-1.97,-2.83,-0.42,2.82,2.63,-1.39,-0.17,8.8
1989-10-31,-10.1,-2.58,-8.64,1.66,1.97,-3.35,-2.07,-7.98,-1.51,-5.42,-0.75,-2.48,0.83,-5.84,-6.09,-5.96,-7.58,-8.72,-9.21,-4.24,-5.41,-2.89,-6.59,-4.7,-13.68,-1.99,2.99,-6.96,-5.24,0.78,1.01,-1.96,-9.26,-3.05,-5.26,-3.35,-8.39,-2.76,-2.8,-10.47,-4.54,-4.37,-2.73,-8.61,1.58,-7.99,-4.14,-3.25
1989-11-30,4.24,3.68,-0.74,3.75,-0.28,-0.68,2.34,-1.0,1.1,-1.98,2.39,5.59,4.63,2.49,1.43,1.53,2.22,6.2,2.34,-4.21,5.25,9.52,-1.94,-0.24,-8.2,-11.37,14.91,3.1,6.37,3.98,3.24,2.11,1.98,-1.61,-2.14,-4.62,-0.54,3.16,3.54,-0.52,0.49,0.98,1.77,-2.83,2.58,-1.87,-1.42,-0.6
1989-12-31,1.23,3.66,1.49,1.6,-0.49,0.05,-8.83,-0.05,2.28,-1.89,5.91,1.43,0.55,4.26,3.78,0.38,-0.78,3.22,0.59,2.81,1.82,3.99,-2.38,-0.04,-4.05,8.75,1.07,2.97,3.38,6.02,4.8,5.85,-0.58,2.61,-2.89,1.37,3.36,3.46,5.37,2.62,3.1,0.58,-0.61,-2.89,-2.16,-0.56,-2.52,5.28
1990-01-31,-11.46,-10.23,-10.62,-9.02,-8.65,-3.55,-10.69,-9.34,-7.79,-9.4,-15.36,-9.57,-6.23,-7.34,-10.05,-10.17,-7.92,-0.58,-8.78,-0.84,-3.52,-3.83,-3.39,-4.0,-14.22,-3.55,7.9,-3.96,-3.04,-4.28,-5.35,-13.04,-10.71,-5.81,0.66,-3.17,-8.55,-7.92,-4.89,-8.48,-7.66,-5.6,-12.52,-9.62,-10.58,-7.36,-7.82,-9.77
1990-02-28,9.14,-0.93,-0.92,0.48,-2.56,0.21,1.89,-0.18,0.14,1.97,-1.5,1.71,-2.61,2.57,4.64,1.98,2.56,7.19,3.32,3.21,5.26,1.76,6.12,4.54,-8.73,-2.67,-2.16,4.91,7.21,3.09,0.21,-0.26,3.14,4.09,4.2,2.38,0.69,1.61,4.47,5.76,2.33,2.09,0.45,3.8,1.38,0.14,0.98,2.23
1990-03-31,2.73,5.28,9.89,6.22,6.85,7.04,1.11,-0.65,4.15,7.54,5.44,3.24,3.73,1.43,6.64,2.31,4.81,1.06,6.29,4.13,3.68,4.12,3.56,8.23,15.05,3.37,-9.15,4.52,5.57,-0.62,-0.75,4.22,4.93,5.37,3.7,4.86,5.64,2.14,4.09,2.85,3.38,6.06,-0.32,-3.01,0.09,1.26,-2.16,4.84
1990-04-30,-2.02,-0.01,-4.75,2.32,4.77,-6.48,1.23,-6.95,-1.9,-1.13,-1.37,-2.74,0.9,-3.45,-4.65,-2.59,-2.67,-5.64,-7.02,-0.91,-2.54,-0.72,-4.53,-5.6,1.96,0.03,-11.81,-1.82,-9.11,-3.54,-5.52,-3.29,-0.37,-2.9,-0.12,-4.82,-3.62,-3.19,1.43,-3.98,-2.19,-1.68,-5.32,-4.31,-4.48,-3.58,-3.35,3.62
1990-05-31,1.4,9.22,8.37,15.92,1.12,12.84,13.26,10.42,9.85,7.72,14.98,13.77,12.51,7.38,8.25,4.16,8.42,13.38,7.38,10.14,5.84,9.96,8.05,10.74,1.33,9.57,9.77,3.42,13.18,6.01,5.43,9.2,10.73,11.81,11.63,12.18,9.8,6.04,4.88,4.6,9.0,11.88,13.06,10.55,10.51,0.35,4.4,11.64
1990-06-30,-6.11,2.81,0.15,1.02,9.15,-5.02,-3.75,-2.24,2.01,-2.13,5.45,4.39,4.34,-2.26,1.38,-4.86,-2.94,-3.23,-1.46,5.47,-2.38,0.02,-2.93,0.33,4.13,-2.23,-7.04,-2.99,-6.66,-2.02,0.75,-4.74,4.1,2.83,-1.99,-3.5,3.21,0.46,-5.18,-1.59,0.27,1.69,1.16,-3.65,-0.66,-0.66,-0.63,2.82
1990-07-31,6.88,0.4,1.31,0.01,5.64,-9.02,-7.72,-5.53,-1.83,-4.97,-0.17,-0.07,3.26,0.87,-1.14,-1.2,1.94,2.67,5.71,-3.28,-1.78,1.54,-2.7,-2.71,-4.25,-6.95,12.09,7.25,-0.9,8.37,0.9,-4.42,-4.17,-8.79,-6.99,-6.0,-3.96,1.59,-0.84,-2.47,-4.14,-3.71,-7.33,-7.63,-1.23,-8.08,-5.5,-1.55
1990-08-31,-9.24,-7.04,-10.36,-4.9,-3.06,-14.77,-15.36,-9.35,-9.06,-16.66,-7.8,-7.24,-6.49,-12.9,-13.5,-14.03,-12.26,-12.82,-10.22,-12.32,-13.21,-13.47,-14.58,-13.3,-9.54,-9.15,-5.93,-8.45,-11.02,-1.24,-6.64,-10.38,-11.1,-10.05,-12.11,-12.67,-11.47,-11.27,-8.88,-12.92,-9.7,-12.68,-12.49,-11.46,-10.51,-12.19,-10.96,-10.8
1990-09-30,-13.64,-1.03,-10.36,-6.66,0.93,-8.56,-3.48,-6.17,-7.47,-12.94,-6.08,-2.41,-4.4,-6.65,-6.22,-17.04,-10.24,-6.72,-6.14,-16.97,-9.5,-10.1,-11.07,-10.17,-4.16,0.73,-0.83,-3.89,3.44,-1.65,0.48,1.82,-12.21,-7.31,-5.94,-5.59,-10.53,-7.49,-5.11,-7.76,-5.21,-9.36,-12.43,-12.55,-10.65,-9.48,-10.75,-12.07
1990-10-31,-2.73,3.27,4.94,7.51,6.44,-1.43,-1.36,-3.89,1.99,-7.19,-1.34,0.91,1.76,0.56,-5.87,-10.99,-4.09,-11.01,-11.42,0.82,-10.9,-3.02,-2.72,3.12,-19.47,-0.42,-17.34,-15.48,-9.5,-3.94,7.22,3.02,-2.59,-2.15,-3.63,-5.34,0.61,-0.35,1.73,-2.51,-3.6,-3.04,-3.67,-9.14,-5.43,-7.43,-6.94,-3.09
1990-11-30,8.25,5.25,9.85,5.26,7.97,9.87,12.44,10.78,7.56,15.51,8.22,12.48,9.48,10.1,10.56,8.51,7.03,10.92,2.93,12.36,8.8,6.38,2.95,2.14,7.83,10.1,-5.18,5.72,-4.43,1.64,2.31,2.12,6.56,10.66,12.27,6.19,9.11,7.16,3.67,5.46,6.17,11.75,8.53,16.21,15.53,3.42,7.79,-3.07
1990-12-31,-2.16,4.89,2.64,2.36,5.36,2.12,2.79,5.69,3.32,7.9,2.79,3.7,2.77,3.42,5.61,8.33,5.22,-1.0,7.95,0.32,5.2,5.52,-1.25,3.9,3.94,5.15,14.95,0.33,2.09,-2.06,0.79,1.51,6.16,5.39,3.99,3.95,3.18,6.89,6.24,5.27,4.51,2.88,4.98,7.5,5.15,2.41,2.19,7.07
1991-01-31,6.86,3.05,5.58,4.65,2.68,11.85,4.27,9.38,0.79,18.27,10.81,9.31,3.76,5.67,6.96,11.06,10.46,7.14,8.17,10.53,6.03,11.56,7.37,6.71,1.63,7.08,-16.61,8.48,-3.9,-2.03,-1.37,0.02,5.33,14.37,15.44,12.71,9.47,4.71,12.2,12.41,3.44,11.72,1.08,8.29,6.28,3.74,7.32,12.5
1991-02-28,10.48,12.04,7.4,10.87,7.72,17.65,10.17,3.17,6.25,15.78,7.85,9.72,10.41,6.05,6.09,11.91,7.02,22.51,6.68,6.57,7.63,7.07,10.49,1.51,9.82,-1.47,5.94,11.83,13.17,8.54,4.84,3.03,8.03,5.34,5.17,5.59,16.4,5.18,5.52,5.6,8.68,7.69,15.73,12.38,9.21,5.54,11.55,6.82
1991-03-31,2.42,6.16,6.05,5.7,1.37,4.38,-2.3,0.51,4.14,4.62,12.17,9.0,5.4,-0.25,8.34,3.43,2.88,-6.22,0.52,4.57,-2.15,2.2,-0.55,0.24,-0.13,6.25,-2.2,-0.04,-3.67,1.32,1.72,2.3,4.03,5.01,-2.79,4.37,3.04,0.88,8.5,-1.89,3.13,9.38,9.72,4.79,5.28,13.33,9.49,-3.8
1991-04-30,-0.54,-0.88,-1.78,-4.02,-3.48,3.05,-3.65,3.08,-1.45,1.5,-1.98,-2.27,-1.01,3.31,1.08,2.75,0.61,-4.21,-0.13,0.22,-2.85,0.97,-2.73,-0.64,6.66,-1.31,-1.4,3.44,6.0,2.39,-0.05,1.13,-0.44,-0.96,-5.41,2.42,-0.39,2.16,0.02,3.79,1.86,2.61,-1.78,6.07,-1.88,-2.51,1.05,0.02
1991-05-31,10.66,2.65,2.99,3.83,3.96,4.27,3.89,4.56,4.0,2.35,5.87,5.37,4.24,10.03,6.24,4.57,7.69,4.73,4.24,6.78,8.48,10.46,16.11,6.25,-6.63,4.03,3.82,-0.7,-7.35,-1.39,0.15,-1.46,9.28,4.21,2.1,6.1,5.76,9.45,5.5,7.92,6.51,8.25,6.28,7.04,2.62,0.38,4.0,4.27
1991-06-30,-5.18,-4.15,-6.33,-5.75,-6.37,-5.46,-4.12,-7.07,-7.54,-2.82,-7.18,-4.72,-3.86,-3.24,-3.69,1.45,-4.59,-10.09,-4.74,-2.82,-6.91,-4.69,-2.77,-3.49,-7.07,-0.65,10.04,4.23,3.56,-3.7,-2.37,-1.49,-4.08,-6.54,-9.65,-9.78,-3.06,-3.31,0.53,-5.23,-2.73,-4.4,-7.24,-6.76,-4.58,-4.17,-3.59,-8.18
1991-07-31,5.56,5.74,-6.46,9.1,7.43,0.88,4.93,1.79,4.94,3.72,9.97,8.1,8.42,4.92,4.19,10.5,7.1,0.96,4.46,6.91,0.87,0.37,-1.36,5.77,6.16,1.42,-3.85,1.47,-1.3,5.07,3.99,3.11,3.95,4.69,5.87,2.06,0.58,-0.65,5.73,5.61,5.66,5.63,1.21,9.4,1.02,1.38,7.34,1.84
1991-08-31,5.83,6.49,-0.82,5.95,6.96,1.29,-0.37,1.87,4.38,8.61,-0.23,3.6,3.17,0.76,6.86,0.42,3.83,0.52,0.79,6.5,0.07,2.03,-3.48,3.18,-7.37,-4.14,-9.33,-1.91,3.73,1.61,3.52,0.66,0.87,6.13,0.22,2.97,3.5,0.43,5.73,1.36,-1.68,4.94,0.54,7.98,0.15,2.17,4.63,3.18
1991-09-30,-4.82,-3.3,-9.92,-4.63,-2.07,8.53,-1.54,-4.22,0.86,2.76,-1.96,0.0,-0.23,-3.15,1.84,4.23,-4.95,-4.81,-3.33,2.2,-3.35,-5.91,-2.33,0.32,-9.75,-1.78,4.51,3.06,-0.39,-0.69,3.72,0.37,1.89,0.71,0.38,-7.27,-2.88,-1.78,0.33,-0.27,-2.07,-4.15,1.96,-1.07,0.29,-4.74,0.99,-5.49
1991-10-31,-2.41,-1.18,-1.77,2.09,-5.74,11.64,1.22,0.01,1.15,-4.37,-1.48,9.02,6.92,1.76,1.38,-1.32,-2.97,-1.51,-0.94,-1.11,-0.84,0.5,-2.38,3.3,1.21,3.37,2.72,-0.47,4.85,2.04,1.25,1.93,0.34,6.76,-2.12,3.21,4.29,3.85,5.9,7.45,2.69,-3.12,2.09,0.83,4.85,-2.24,-0.22,0.17
1991-11-30,-4.14,0.01,-0.43,3.03,-3.34,1.83,-8.5,-5.23,-2.01,-3.53,-6.47,-1.95,-2.28,-5.88,-3.66,-4.75,-1.82,-8.48,-7.71,-6.21,-9.38,-5.85,-8.82,-5.94,-5.04,-2.76,3.35,-4.9,-10.97,-7.74,1.9,-4.75,-3.11,-2.59,-5.16,-4.36,-5.7,-7.27,-4.64,-8.49,-3.9,-0.44,-4.35,-8.41,-2.03,-6.29,-3.58,-2.24
1991-12-31,9.02,15.5,14.27,15.43,14.9,12.16,7.28,12.68,12.1,15.13,19.53,16.33,16.41,10.29,13.2,13.41,18.63,12.67,7.0,13.15,8.55,18.11,5.96,9.77,15.75,7.2,-1.93,2.68,0.89,2.15,5.01,9.85,10.43,14.48,4.13,10.67,12.3,10.45,4.71,14.28,11.52,13.31,12.68,15.47,11.37,11.69,12.5,15.54
1992-01-31,0.9,-5.67,-1.69,-3.06,-4.93,0.93,13.84,2.66,7.85,3.78,-0.92,-2.86,-6.2,1.05,-0.64,10.1,2.46,7.92,3.24,7.89,5.77,-1.16,10.69,3.98,6.11,-3.19,8.81,5.21,-9.38,-4.11,-4.57,-2.88,1.44,2.94,6.42,10.82,3.92,3.43,-10.41,-1.07,-1.76,-0.39,10.3,1.66,-1.7,6.33,3.73,5.71
1992-02-29,-3.25,-0.78,2.73,1.49,0.24,6.47,11.16,5.92,-1.3,2.19,-5.32,-5.39,-2.11,2.81,3.09,8.25,1.89,-0.44,7.06,1.71,4.95,3.44,14.45,-3.29,-0.86,1.68,-2.99,3.71,6.65,-0.58,-1.24,-1.45,3.24,2.65,5.73,4.01,0.01,2.54,6.91,5.11,3.15,2.96,-0.05,5.08,0.18,0.12,3.34,-0.92
1992-03-31,-2.85,-2.91,-6.04,1.38,-3.83,-2.74,-1.08,-1.13,-2.0,-3.95,-5.93,-4.58,-5.64,0.74,-0.39,3.84,-1.23,-8.77,-1.3,-4.8,-1.63,-3.09,1.44,-0.85,-0.24,-5.35,-12.53,-0.26,-4.89,-2.71,-0.53,-0.87,-2.74,-4.34,-5.16,-6.23,-1.0,0.09,-1.37,-2.42,-0.43,-1.36,-1.39,-1.65,-1.06,-3.54,1.38,-11.83
1992-04-30,-4.05,-1.26,0.48,1.91,7.86,1.12,-2.5,4.7,1.11,-5.26,-5.78,-4.52,-1.67,6.3,0.52,1.28,0.74,-0.46,3.69,-7.98,2.54,-0.03,11.17,2.12,17.17,3.58,-3.88,1.43,-5.46,9.54,2.69,7.1,-2.38,-3.13,0.58,-0.23,-0.5,3.21,7.73,2.77,-1.06,-4.61,3.0,2.82,-0.55,-4.5,-0.47,-1.48
1992-05-31,3.16,0.79,-2.11,3.61,0.14,6.6,1.18,-0.43,0.31,-1.35,-3.54,3.09,1.2,-0.88,-2.9,-1.98,0.5,0.58,0.96,-6.77,-0.13,-0.28,-1.9,-1.97,-7.47,-3.4,10.98,4.02,-0.34,3.17,2.54,-2.61,-1.79,2.09,-0.49,-1.02,-1.27,-1.02,0.13,-0.37,1.57,-0.18,1.08,3.09,1.6,-1.33,3.02,-6.47
1992-06-30,0.78,0.0,-2.62,-5.5,-9.28,-1.89,-4.03,-3.12,-6.42,-5.04,-6.18,-4.57,-4.71,-4.68,-6.15,-7.33,-5.31,-6.16,1.93,-4.65,-5.79,1.2,4.54,-4.7,-8.28,-1.3,10.02,6.48,-9.72,-3.46,0.54,1.49,0.27,-6.26,-2.41,-2.41,-4.7,-1.35,-0.77,-3.97,-3.14,-1.78,-2.29,0.49,3.1,-3.73,-0.52,-4.71
1992-07-31,-0.27,5.65,-0.02,4.55,4.61,2.44,1.69,2.74,6.77,5.55,6.21,3.94,6.06,4.2,4.74,7.19,4.47,7.25,-0.14,9.89,2.22,-0.57,-0.92,3.24,-5.92,5.94,1.62,-3.48,6.43,5.28,6.73,5.46,2.0,3.56,1.68,4.84,2.17,-0.88,-1.76,0.78,4.17,4.26,0.52,1.66,6.32,-5.46,2.96,6.06
1992-08-31,0.35,2.1,-7.41,1.27,-0.21,-3.69,-1.91,-1.14,-2.89,-1.06,-3.39,-2.86,-3.56,-4.81,-3.78,-1.46,0.36,-1.0,-9.16,-1.15,-3.75,-2.81,-11.08,-4.53,-3.96,2.01,-5.92,-2.93,-1.2,2.56,-0.47,-0.97,-2.27,-1.65,-7.91,-1.86,-1.69,-3.6,-1.24,-5.98,-2.02,0.11,-2.8,-4.18,-2.09,-1.93,-3.45,-4.31
1992-09-30,-3.45,2.84,4.62,-2.11,1.37,6.15,5.5,-0.78,3.39,5.46,-5.8,-2.54,-5.14,0.05,4.71,2.3,3.09,2.3,-0.49,-4.67,2.05,6.77,-1.77,-2.19,-1.95,1.12,-1.36,2.19,13.17,0.07,0.83,1.91,-0.61,4.15,-1.01,6.99,5.88,0.68,2.67,4.2,2.5,4.34,5.88,1.65,6.15,4.9,1.74,6.32
1992-10-31,-2.43,-2.69,-2.5,2.05,-4.21,1.47,4.75,0.74,2.5,0.92,4.85,4.15,3.05,0.79,-0.64,0.14,1.24,-0.28,1.54,10.22,-1.32,-1.34,0.27,3.44,7.26,-0.32,-9.15,1.79,0.02,-3.52,-0.42,-0.55,5.22,5.93,-3.16,5.83,-1.66,3.03,-0.27,6.07,2.75,4.49,3.74,2.8,2.61,3.06,3.3,2.97
1992-11-30,2.86,3.6,7.56,0.71,1.97,5.48,8.28,7.4,4.38,10.49,10.61,4.35,4.34,2.19,4.87,5.73,1.52,3.75,7.09,4.54,2.75,8.28,8.16,0.97,10.36,6.46,-11.84,2.97,-10.5,-2.69,-0.23,3.88,6.85,5.35,7.42,6.32,5.43,3.91,5.54,5.36,6.53,6.97,8.66,7.4,5.15,-0.32,7.69,7.64
1992-12-31,6.81,-1.23,1.49,2.89,-2.84,-4.26,3.91,-0.81,-1.05,-0.95,-0.47,2.26,-2.07,0.95,0.76,5.13,0.39,-2.42,4.04,-2.82,2.31,2.53,3.18,8.75,6.97,9.84,3.73,3.49,-0.15,2.01,2.71,5.64,2.43,0.37,-4.32,6.57,2.54,-0.45,0.73,1.3,2.79,0.22,-0.32,4.66,4.25,10.84,5.04,1.77
1993-01-31,1.89,-3.27,-1.52,0.86,-5.75,5.27,6.43,4.78,2.33,-1.38,-1.69,-3.1,-8.1,-2.28,2.0,2.53,0.17,3.67,6.53,-2.42,4.03,0.94,9.74,-3.67,-0.84,-0.57,-5.91,1.73,-3.65,2.79,2.46,1.33,0.28,2.34,4.09,8.01,0.92,0.87,-1.08,2.84,2.26,-0.27,1.11,4.38,2.94,2.53,3.62,0.59
1993-02-28,-1.39,-2.31,6.98,-2.37,-3.17,-9.66,-3.5,-0.3,3.44,-6.84,-15.39,-12.19,-7.66,0.99,2.47,3.25,6.78,3.94,-0.52,-2.48,3.92,-2.16,-0.05,2.07,-0.34,3.28,5.82,2.29,-1.91,6.04,6.23,5.6,0.29,-2.69,-2.11,4.02,2.21,1.6,-5.16,0.46,-1.62,-1.71,-0.14,1.89,-0.74,1.89,1.72,-4.89
1993-03-31,1.44,-2.59,8.59,2.46,-0.89,2.78,4.23,1.04,1.1,4.83,5.3,-1.0,0.55,2.12,4.26,2.77,2.48,-1.15,-0.78,4.95,2.29,6.15,6.14,3.75,-3.14,5.34,17.7,1.06,-1.9,4.11,1.76,3.35,-0.93,3.47,-1.06,4.63,1.7,-2.2,2.03,4.09,2.24,2.9,4.01,3.69,4.38,7.65,5.84,-2.07
1993-04-30,-4.09,-12.47,-11.65,-9.18,-15.86,1.23,-3.62,-1.83,-5.13,-5.91,0.0,-9.69,3.39,3.34,-4.78,-4.7,-2.32,-0.95,-2.21,0.23,3.26,-0.22,3.92,2.05,-6.91,3.7,9.21,-10.08,-4.69,1.12,-0.15,-2.88,-3.84,-5.18,-3.66,-1.99,-1.28,0.13,0.7,0.43,-3.65,-9.28,-6.37,-4.81,-2.77,-1.65,-3.05,-5.22
1993-05-31,2.39,2.53,4.69,3.18,4.79,7.32,11.47,1.75,1.4,2.88,9.92,6.93,2.39,1.69,2.85,0.02,1.22,2.39,4.24,-1.24,4.38,2.99,0.42,4.75,8.02,-2.09,9.62,-1.97,8.19,1.81,-0.04,4.16,5.54,6.25,9.76,9.69,5.92,0.89,-2.31,2.53,4.91,5.92,7.22,-0.94,1.47,1.85,1.86,5.41
1993-06-30,0.04,-1.8,0.5,2.02,-0.27,3.46,-2.41,-0.95,1.83,-11.14,1.33,-1.08,-3.79,-4.19,-0.67,-4.62,-0.72,0.47,1.21,-6.25,1.98,2.83,4.01,1.76,-9.47,6.92,2.97,3.55,-4.33,-1.09,3.19,4.64,4.75,-0.63,-4.43,4.18,-0.88,-2.06,-0.94,-1.29,-0.37,-3.44,-4.23,5.12,2.02,-1.54,4.91,-4.07
1993-07-31,1.31,-5.17,7.86,0.04,-4.65,1.16,-1.93,0.58,-2.13,-4.77,2.33,-4.57,-7.4,1.06,1.2,-2.93,-0.79,1.56,-2.11,-2.63,-0.03,2.1,2.51,3.55,1.87,2.03,8.89,1.96,6.95,0.46,1.94,2.14,3.36,-3.93,-7.78,1.49,-0.19,-2.32,-3.71,3.75,1.32,0.12,2.27,1.19,3.44,4.88,3.48,-6.39
1993-08-31,4.94,5.37,15.53,2.15,-1.28,8.13,7.21,3.45,3.7,2.5,-3.71,-0.3,4.69,3.28,8.8,9.17,4.57,7.03,2.88,9.87,8.03,0.49,-0.82,3.2,5.16,4.47,-11.07,-0.52,5.92,4.28,3.7,5.25,2.9,3.95,4.66,10.97,6.89,2.92,-0.65,4.33,4.53,3.64,4.84,1.08,4.63,2.15,5.46,6.01
1993-09-30,0.41,-2.21,-8.64,-1.5,-3.86,3.15,7.36,-0.82,-1.68,-3.54,6.01,-1.68,0.57,-2.36,0.3,-3.15,-0.55,-3.56,-4.39,-2.1,-1.44,-1.27,0.93,-1.34,9.18,1.04,-10.7,-3.98,6.55,1.33,-0.64,-0.48,2.43,3.63,-2.58,2.79,-2.67,-3.67,3.13,-1.1,-0.79,-0.5,1.4,3.31,0.56,6.28,3.96,-3.28
1993-10-31,-1.38,9.31,-0.78,2.11,9.84,1.68,3.25,7.82,7.58,6.45,9.16,5.83,5.52,2.59,3.83,2.04,3.8,-0.92,3.88,13.66,2.61,1.35,9.46,0.55,3.8,2.13,9.03,3.57,-0.73,-1.96,-1.97,2.42,3.14,2.81,6.27,-2.46,-0.91,1.29,-9.52,3.23,2.5,4.58,6.62,-4.72,-2.93,-1.63,-3.24,-9.9
1993-11-30,-1.71,0.91,-2.43,-0.45,5.91,-0.19,-3.39,0.38,1.42,1.96,-0.62,-1.42,1.62,1.17,-1.6,0.23,4.19,-1.56,0.72,-2.75,-2.11,0.22,1.55,2.46,-4.83,-2.88,-2.73,-2.45,-0.3,-5.99,-5.52,-5.96,-5.49,-1.61,5.74,-4.73,-2.13,7.12,5.39,1.55,-1.1,1.63,-0.58,-3.16,-4.84,-0.11,-3.52,1.17
1993-12-31,6.22,-0.7,11.41,4.27,-0.94,-6.31,1.9,3.17,1.76,0.65,11.88,2.15,1.06,2.97,4.19,0.27,0.97,3.48,6.74,-0.06,4.81,6.55,4.43,6.83,2.26,4.39,12.5,10.73,4.76,0.59,1.61,-0.53,4.84,0.92,4.66,3.0,6.75,2.82,6.03,2.11,2.94,-3.93,5.82,3.42,1.45,0.26,0.92,1.8
1994-01-31,5.21,1.56,4.34,-4.95,10.23,2.48,4.65,-0.65,2.47,-0.03,9.08,6.4,-0.16,7.96,3.09,-6.93,2.87,5.26,10.39,4.51,6.15,2.18,8.8,2.36,0.91,2.6,-1.83,7.85,-3.36,4.89,-1.2,2.17,0.2,3.99,5.01,4.64,2.44,7.34,2.06,4.73,2.78,0.14,5.62,4.83,3.36,-0.44,3.95,8.53
1994-02-28,2.63,-2.62,3.46,1.63,-7.15,5.6,-1.92,-3.48,-1.14,2.92,2.12,-6.48,-6.46,-0.91,-2.34,0.41,-0.81,-3.97,-3.07,-1.55,1.12,-1.52,-4.98,1.96,1.03,3.07,-0.39,-1.24,-2.03,-2.96,-4.98,-5.5,0.63,0.54,0.73,2.29,2.35,-1.78,-2.96,-4.52,-0.87,2.78,1.44,-3.72,-4.49,-0.7,-4.01,-7.74
1994-03-31,-7.97,-3.78,-10.81,-3.2,-11.05,-6.5,-10.67,-3.91,-5.01,-0.44,-4.54,-6.62,-7.11,-3.17,-5.75,-0.69,-6.2,-3.5,-5.64,-6.24,-3.19,-4.29,-6.89,-3.96,-8.39,-3.47,5.23,-3.77,-9.93,-3.56,-3.94,-3.61,-4.97,-4.65,-4.52,-2.35,-5.61,-7.58,1.68,-6.03,-5.64,-4.35,-8.32,-2.79,-3.46,-4.72,-4.0,-6.0
1994-04-30,-1.69,1.04,2.3,1.82,11.26,0.32,-3.24,-1.57,1.63,-1.36,-0.51,-2.0,3.47,2.57,1.22,2.86,0.3,-2.31,-0.94,0.7,-1.61,-3.53,-0.07,-0.29,-4.52,-1.49,-12.82,-4.36,-0.38,4.2,2.13,1.59,-2.1,0.8,-2.31,-2.71,-1.78,-0.64,-2.04,-0.28,-0.52,0.27,1.37,4.57,-0.09,-1.0,2.55,3.89
1994-05-31,-0.79,-0.7,-1.74,-2.19,-6.84,0.63,1.54,1.28,0.97,-2.18,2.81,3.79,4.62,3.58,-1.06,-5.28,2.1,-3.8,3.49,7.29,-2.99,3.05,-1.96,3.03,4.82,-3.52,1.26,2.03,-1.77,0.94,-5.36,1.63,0.0,4.43,0.31,0.9,0.81,2.67,4.11,-2.01,0.53,-2.54,-0.35,5.38,3.72,-0.03,2.93,-0.43
1994-06-30,-3.88,1.3,-5.91,-4.58,3.11,-5.6,-4.47,-4.64,-3.23,-2.74,-6.71,-3.17,-3.0,-2.65,-2.03,-5.55,-4.16,0.49,0.76,0.24,-2.28,-4.93,-3.43,-1.91,-3.26,2.76,-3.52,-2.12,5.55,-2.72,-3.15,0.62,-3.83,-4.39,-7.15,-3.5,-2.93,-1.78,-2.45,-2.21,-4.12,-1.62,-6.79,-1.96,-3.29,-2.2,-2.87,-1.95
1994-07-31,0.45,2.53,0.53,5.51,5.53,1.6,2.4,1.68,2.77,3.03,3.57,2.17,0.44,4.15,4.81,-1.4,4.94,2.41,7.2,-0.6,4.26,7.19,4.09,0.4,-2.94,-0.87,-1.06,2.74,-0.79,3.27,5.19,3.1,2.96,0.96,4.06,6.44,3.3,7.39,-1.46,1.56,2.0,1.02,-0.42,2.03,4.55,-0.27,1.64,2.34
1994-08-31,5.11,8.1,-7.91,5.18,9.78,4.28,2.84,3.65,7.0,5.27,8.28,11.26,11.32,6.1,4.21,4.92,6.62,-1.22,5.44,5.54,4.29,0.45,-1.63,4.43,9.51,5.12,5.17,4.46,5.55,-0.11,0.66,1.02,7.92,7.69,12.17,7.26,6.76,6.19,0.53,1.93,3.4,4.39,4.17,3.69,2.34,4.6,5.84,3.99
1994-09-30,-2.62,0.43,-1.49,2.52,-2.81,-1.71,-2.66,-3.31,-1.4,-2.33,2.18,2.12,1.55,-1.1,-2.85,-5.7,-2.36,-5.04,0.32,-5.17,-2.9,-1.79,-5.53,-5.37,-3.27,-7.62,8.19,3.36,-0.13,-2.1,-2.79,-1.15,-0.89,0.68,0.44,-2.42,-0.38,0.07,4.03,-6.9,-0.6,-2.53,-3.78,-6.3,-2.54,1.52,-4.78,-2.32
1994-10-31,-2.43,2.33,5.07,3.75,-2.42,6.29,-1.31,0.98,1.47,1.64,-1.6,-1.63,1.85,0.12,2.53,1.24,-1.32,1.07,-4.01,-2.86,4.04,0.87,-1.54,2.47,-4.14,2.71,-10.74,-6.86,-3.24,7.43,1.59,-0.13,-0.95,5.96,9.61,6.05,0.35,-3.98,1.72,2.24,-0.06,1.3,4.0,0.14,0.53,-2.3,0.57,-0.24
1994-11-30,-2.19,-2.02,-3.62,0.86,-2.01,-7.9,0.63,-2.07,-2.13,-4.19,-5.97,1.0,1.52,-7.38,-4.02,-2.94,-4.03,-8.01,-8.63,0.32,-7.54,-5.56,-5.03,-2.88,-3.94,-2.58,-11.94,-7.21,-8.34,-4.84,0.28,-5.42,-9.66,-2.47,-1.55,-2.62,-3.86,-4.16,-6.37,-4.46,-3.91,-2.47,-5.58,-6.84,-3.53,-3.43,-4.81,-8.63
1994-12-31,0.31,1.6,1.39,1.9,-2.04,-4.78,4.94,2.8,0.9,0.95,-0.62,3.37,0.3,3.75,3.39,1.12,1.33,-0.44,4.39,-0.44,2.02,8.91,4.77,5.17,6.26,4.83,1.87,3.36,5.71,-1.01,0.35,0.86,5.07,1.94,2.91,2.42,3.5,3.93,1.24,-0.24,1.65,-4.71,1.3,-0.24,3.95,1.78,0.21,2.03
1995-01-31,7.95,2.01,6.2,2.82,4.59,0.05,7.85,0.22,2.71,-3.87,5.18,4.89,6.42,-2.74,-0.8,-1.17,0.78,4.07,-6.37,4.71,-0.81,0.93,-6.1,0.25,-1.62,2.78,-10.72,-1.84,-3.27,0.38,6.22,4.16,0.15,-0.94,-2.67,0.84,1.9,-1.55,2.68,3.35,0.94,0.81,6.92,6.02,5.92,-2.21,3.86,3.88
1995-02-28,-5.13,1.39,5.11,4.87,-1.25,4.24,3.96,4.93,3.29,2.72,2.63,2.74,2.19,5.95,5.55,2.53,5.66,4.54,3.19,4.41,5.55,5.85,4.97,6.22,5.24,4.17,5.12,4.12,-6.51,4.52,0.82,1.51,3.5,6.63,5.2,8.13,6.05,8.64,6.05,7.31,5.0,2.09,3.49,6.66,2.09,6.31,6.31,-3.97
1995-03-31,6.11,3.64,1.74,2.44,5.93,2.11,4.53,1.34,1.9,1.6,5.05,6.31,1.78,5.67,3.54,-2.84,1.51,-2.26,2.27,5.71,6.02,-0.25,1.67,7.87,0.94,3.54,18.61,4.42,2.49,5.28,-1.75,0.24,6.73,4.7,5.47,3.32,4.1,2.2,6.52,3.19,2.2,4.02,2.22,0.48,2.3,1.14,0.75,3.21
1995-04-30,4.25,3.95,2.56,3.22,-4.33,-4.86,3.46,-2.4,3.79,-1.59,-2.29,3.42,3.82,3.09,-0.2,0.84,2.19,3.89,0.18,-3.42,4.85,2.93,2.53,4.16,-0.4,8.52,-2.97,-0.12,-5.84,2.24,2.38,1.62,0.45,4.16,9.4,10.16,4.83,1.64,-4.13,2.65,3.11,-3.57,2.22,4.06,-2.04,-1.36,4.0,0.15
1995-05-31,1.94,3.44,-2.8,8.38,3.92,6.01,1.37,3.8,2.58,0.3,-5.02,0.73,2.78,3.14,3.69,3.92,1.63,4.23,1.61,5.25,3.66,3.08,5.51,6.06,-4.77,5.37,-0.31,-2.44,1.79,4.08,6.04,0.91,-4.21,0.97,1.63,4.88,3.54,2.27,0.57,-0.58,2.15,2.8,3.82,8.09,4.49,5.14,3.99,5.08
1995-06-30,4.7,2.61,3.8,-0.09,-0.91,1.79,0.71,2.94,-0.21,4.86,1.77,6.61,4.48,1.34,1.34,-1.53,4.51,1.16,7.03,0.46,3.03,-0.55,1.02,5.11,1.07,0.36,-0.58,1.92,2.34,-3.09,-0.46,3.87,8.63,7.34,8.3,12.3,7.9,3.93,4.14,4.36,4.46,5.13,2.72,1.45,0.95,5.96,4.85,4.09
1995-07-31,3.47,-1.0,-0.98,2.37,-3.6,4.49,3.98,3.43,-0.94,7.15,10.4,6.67,4.44,2.87,5.76,4.25,1.99,5.86,6.82,6.6,8.42,3.67,2.45,6.25,11.7,0.88,2.04,10.43,-0.63,2.3,-0.37,5.07,2.46,4.98,8.58,9.57,4.93,2.77,-2.14,9.23,3.06,4.09,1.88,4.77,3.01,4.2,5.07,7.98
1995-08-31,3.35,1.14,5.83,-1.61,4.54,0.88,-0.59,2.29,0.81,0.77,-0.38,3.89,0.7,-0.36,1.98,-1.04,0.29,3.74,-0.62,-0.08,-1.14,0.06,0.3,-1.62,2.95,-0.39,2.28,-1.55,5.07,-1.6,0.99,4.38,4.07,1.12,0.63,-0.89,0.2,1.04,-0.75,0.34,-1.17,-3.46,-3.15,5.25,5.44,-0.33,4.64,-5.32
1995-09-30,7.92,8.3,5.4,9.24,2.97,-3.14,-1.36,2.34,5.39,4.03,2.66,8.26,8.0,2.76,-2.22,-3.28,3.35,-0.84,-4.97,-0.78,-2.64,6.12,-0.41,5.58,1.5,4.17,-0.89,1.58,1.12,1.29,6.3,5.75,5.38,2.14,0.85,1.62,1.59,0.76,-11.14,2.78,0.49,3.35,2.66,5.53,6.55,3.8,4.72,-3.02
1995-10-31,2.85,0.09,5.29,3.91,2.84,-5.79,-2.15,-2.58,2.72,-3.5,-3.14,-1.65,2.25,-5.55,-3.91,-9.32,-1.73,0.66,-6.15,-4.14,-3.38,-0.57,-5.55,-1.77,-4.14,-5.67,-12.78,-5.4,-13.04,-0.23,1.48,0.15,-0.85,3.63,5.99,-4.94,-0.79,-2.53,-8.21,-1.7,-0.9,-8.14,1.18,-2.3,-1.02,-4.23,-2.75,-3.72
1995-11-30,5.57,3.83,6.26,4.81,3.08,4.48,1.18,7.54,6.24,0.09,6.07,3.41,5.05,6.55,6.07,7.3,4.85,4.33,8.57,4.44,4.99,5.63,5.44,9.11,5.7,9.99,12.46,5.25,2.41,4.8,1.58,2.79,6.01,2.65,0.26,-4.03,3.89,5.54,14.01,6.22,3.0,6.92,5.61,7.11,7.44,-4.99,3.86,3.65
1995-12-31,2.79,3.21,-1.92,-0.78,4.97,0.05,-2.47,0.88,-1.89,3.52,2.68,4.77,6.62,1.98,-3.0,-0.13,-1.94,7.97,-1.63,1.65,-0.25,6.55,4.48,4.15,-0.02,6.28,3.0,0.13,7.13,5.8,5.1,4.12,-1.19,-0.9,-3.7,-6.68,1.27,-0.05,3.19,-1.46,1.99,-1.56,0.0,0.88,2.55,5.66,-1.14,1.3
1996-01-31,-1.16,3.7,-2.53,3.26,1.8,8.17,3.22,0.51,2.66,-3.02,7.29,5.21,6.03,5.2,3.14,-2.98,3.47,1.94,4.27,0.13,2.06,5.25,3.1,0.71,-0.19,9.83,25.34,3.25,-2.48,-0.41,1.86,2.28,-0.4,1.63,5.07,-0.73,1.25,1.57,-0.4,-0.18,-0.36,-1.42,6.23,4.28,3.13,1.76,4.13,0.34
1996-02-29,8.66,1.34,5.63,5.62,3.26,1.47,1.91,3.07,-0.39,3.28,1.48,-0.9,-1.55,2.83,2.87,0.49,-1.93,0.37,-0.99,7.59,3.56,-0.64,1.73,3.17,2.21,-0.72,0.91,2.74,3.21,1.03,-2.67,-2.38,-0.25,4.43,11.32,4.09,-1.56,-2.35,7.31,4.15,3.13,5.53,3.8,2.68,1.31,4.76,2.12,1.67
1996-03-31,-1.27,-4.21,7.45,1.93,-7.76,-0.24,1.77,0.97,1.6,10.66,1.94,0.22,-0.06,5.69,3.65,2.63,2.14,1.83,6.07,-2.18,1.74,2.97,5.99,4.02,-0.26,3.22,-0.21,0.48,3.69,5.01,-0.52,-2.01,4.74,0.91,-7.79,-2.21,1.99,3.06,4.39,3.27,2.54,8.24,0.96,3.16,-2.54,6.71,2.4,6.82
1996-04-30,5.91,-0.44,-1.05,-0.91,-1.58,0.81,3.12,2.88,3.86,5.58,0.58,-1.59,-0.61,-0.7,1.01,3.22,4.55,-0.26,1.4,8.89,3.6,0.63,2.94,0.53,10.52,-0.48,0.96,-0.16,-0.4,3.47,-2.66,2.88,7.47,7.35,10.11,12.23,5.47,3.0,-0.26,2.6,5.03,4.39,2.59,-1.22,-1.33,2.28,0.31,4.93
1996-05-31,-2.04,5.82,4.94,9.68,5.49,3.92,2.23,3.1,3.17,7.39,1.34,2.63,4.56,-0.35,4.05,5.36,2.16,1.21,-0.34,5.45,0.88,6.18,1.52,2.87,-1.23,1.42,4.86,0.04,14.54,0.49,1.32,-0.02,6.2,3.11,3.86,5.25,2.46,0.76,4.57,-0.42,4.22,5.04,0.37,2.02,0.15,4.2,2.61,4.68
1996-06-30,-0.46,2.31,4.06,6.56,3.68,-1.69,-2.95,0.26,1.38,0.21,-1.91,-3.32,0.57,-2.39,1.32,0.1,0.61,-1.19,-6.48,0.71,-4.62,2.97,-5.26,1.07,-0.87,-2.01,-17.02,-3.19,7.97,0.96,5.27,0.55,-2.49,-0.8,-6.83,-6.78,-1.57,-1.43,-1.01,-1.42,-4.2,-1.16,-0.53,-0.05,1.64,0.22,1.09,-2.66
1996-07-31,-5.1,-2.19,-2.05,-5.79,0.18,-9.89,-12.04,-6.55,-3.28,-5.11,-9.91,-9.46,-5.08,-3.04,-3.73,-3.14,-4.16,-8.0,-6.69,-4.83,-8.27,-4.81,-4.29,-1.09,-1.65,-4.29,-0.38,-6.06,-8.18,-4.63,-5.81,-8.49,-6.41,-7.59,-6.46,-8.65,-7.44,-1.43,-2.3,-7.2,-7.88,-7.69,-7.52,-0.44,-5.07,-9.01,-3.89,-10.94
1996-08-31,3.16,-1.13,9.52,2.16,-13.17,1.29,-0.13,3.44,1.55,5.67,7.25,5.36,3.7,3.18,3.59,4.23,3.0,3.24,6.21,7.71,4.67,1.7,3.28,4.1,3.61,1.11,5.03,0.42,0.45,2.94,2.89,-1.32,3.23,2.85,4.75,5.71,4.05,4.47,1.4,3.56,3.82,7.22,3.76,4.58,3.94,6.55,3.44,9.02
1996-09-30,4.01,9.69,9.02,0.71,1.38,6.66,8.02,2.62,6.36,6.39,3.64,9.99,7.46,6.27,2.81,1.4,7.53,-0.98,2.04,2.09,6.28,9.96,-0.67,4.92,7.96,7.39,-8.38,3.12,11.77,3.99,0.68,1.62,8.2,8.67,12.04,10.59,4.38,5.05,2.25,1.03,4.88,3.49,0.41,6.44,5.11,2.69,4.97,5.18
1996-10-31,5.74,1.91,-2.47,0.81,3.28,-1.43,-1.61,0.66,1.0,-0.59,-6.96,-5.26,0.85,1.51,0.46,1.17,0.97,2.52,-2.68,-2.25,-0.56,5.37,4.88,2.84,0.1,-1.79,-3.0,1.04,-1.27,5.97,3.61,-0.31,-4.25,-3.5,-1.29,-0.63,-3.81,3.24,-0.51,2.12,0.13,-2.05,-3.55,7.1,3.63,-3.11,2.79,1.93
1996-11-30,1.0,6.3,2.98,2.7,10.76,6.08,9.62,5.61,5.4,0.23,5.26,2.24,7.54,5.11,9.75,0.32,2.31,4.83,7.67,3.66,9.17,6.91,6.88,4.49,6.76,7.81,0.47,3.85,5.24,5.54,2.6,5.49,5.86,6.1,14.28,14.31,11.1,4.37,7.97,6.8,4.86,2.12,3.9,9.27,7.01,2.6,8.0,3.73
1996-12-31,0.69,-2.84,4.66,0.53,9.26,-6.76,-5.73,-1.85,0.39,1.98,2.0,1.64,-3.92,-2.07,-2.38,2.43,2.87,-0.94,-1.24,-0.06,-0.95,-2.89,-2.47,5.73,-2.37,1.43,-1.52,-3.39,11.85,0.77,0.13,2.9,-3.51,-2.95,-4.97,-0.2,0.07,-0.29,7.9,-1.32,-0.13,-4.24,-2.97,-3.41,0.28,6.1,2.02,-4.45
1997-01-31,4.93,2.65,11.21,11.37,4.59,3.69,3.85,0.77,6.73,5.21,2.98,4.44,11.38,3.78,0.27,5.6,4.77,10.82,4.48,4.51,5.64,4.08,3.53,1.71,2.39,1.08,-6.25,-0.65,9.79,4.34,0.92,2.29,4.04,5.8,6.32,15.56,4.84,1.25,0.12,2.21,-0.03,0.28,1.76,7.71,4.83,5.4,5.77,14.69
1997-02-28,0.57,2.63,7.0,2.74,12.45,-0.55,-0.02,2.77,2.81,3.17,2.13,-1.26,1.13,1.07,-0.03,2.2,-2.0,-7.53,0.19,-3.02,-1.93,-0.88,0.23,-1.68,1.02,-3.82,21.91,11.25,-2.47,-5.75,-0.57,2.57,-3.26,-5.01,-8.13,-9.48,-0.95,4.74,2.69,-1.13,-0.84,5.74,-2.84,4.17,3.04,3.92,5.23,-7.7
1997-03-31,-5.79,-0.82,-3.92,-6.53,-13.61,-1.7,-3.89,0.06,-6.25,-4.95,-10.49,-7.49,-7.09,-2.17,-3.9,-2.22,-5.54,-4.56,-4.36,-2.91,-1.73,-2.98,-4.05,-0.84,-2.41,-4.47,-15.75,-5.65,-4.78,5.26,-2.79,-7.83,-3.09,-5.94,-7.55,-2.57,-7.49,-5.51,1.89,-0.12,-6.73,-0.74,1.2,-7.79,-4.13,-2.05,-7.05,-4.42
1997-04-30,5.81,3.68,1.71,11.39,3.21,3.38,3.53,-0.92,8.73,-2.7,1.81,1.96,7.24,3.31,4.12,-5.05,8.88,2.04,0.81,0.25,4.04,9.86,4.29,0.69,5.37,6.59,-10.95,-1.73,4.79,0.02,-1.39,2.49,4.9,9.28,6.41,5.49,7.02,3.0,6.84,5.74,0.38,1.64,5.9,6.2,5.97,-3.74,5.61,-3.63
1997-05-31,5.19,2.2,5.36,6.42,9.99,5.8,4.59,6.6,8.04,5.95,9.31,9.28,6.41,4.54,8.46,5.55,6.6,6.78,8.74,8.58,11.97,9.08,6.08,6.95,7.46,6.06,9.21,5.18,-3.57,7.34,3.63,6.56,7.72,10.27,13.16,7.86,8.45,7.85,7.62,6.16,8.73,6.4,1.08,4.27,7.58,4.82,7.36,8.74
1997-06-30,8.39,6.87,6.57,0.06,2.65,5.51,-0.67,6.87,4.15,4.5,7.28,5.88,9.5,6.14,3.21,0.61,5.66,5.11,3.52,7.15,6.89,6.62,3.06,3.91,2.96,9.78,-2.91,5.26,1.03,1.28,3.14,3.46,3.49,3.32,0.89,0.77,2.02,3.12,3.17,2.24,1.72,6.71,1.11,5.41,6.63,6.84,7.06,3.12
1997-07-31,-1.89,4.88,26.76,1.85,1.57,3.8,1.31,4.59,4.62,3.46,-3.26,6.48,2.08,7.09,2.03,1.32,8.64,13.6,9.37,1.03,10.38,8.71,8.01,7.95,12.85,3.92,4.18,0.6,9.68,7.43,2.83,2.25,1.58,8.48,21.63,18.52,6.53,5.57,5.69,8.06,4.98,8.95,7.27,11.88,7.84,7.81,11.81,3.61
1997-08-31,8.59,-4.71,-9.22,-12.64,-3.07,-1.66,-2.24,-2.69,-8.39,-5.61,-2.14,-1.51,-7.33,-4.58,-0.03,0.46,-7.65,2.45,-1.61,2.07,1.38,-9.29,1.29,-6.63,-4.3,-1.19,2.4,-0.9,-4.92,0.3,-1.16,-2.41,-2.59,-2.31,-1.15,-0.8,1.28,-2.43,-3.7,-4.14,1.49,-2.85,-4.99,-5.24,-7.1,-0.72,-3.46,-0.64
1997-09-30,6.78,6.88,1.12,8.1,-3.16,2.34,5.93,7.92,5.26,5.98,2.62,3.34,7.68,0.56,3.19,6.09,4.44,5.04,0.6,2.88,1.14,8.22,5.69,2.16,14.68,3.16,8.58,1.7,-4.13,6.27,4.62,9.65,14.61,2.95,5.26,2.47,4.46,3.43,-6.44,8.65,4.35,5.43,5.72,7.71,6.76,11.98,14.6,7.65
1997-10-31,-1.84,-1.57,2.13,-5.97,-4.32,3.22,-1.4,-0.4,-3.56,-7.63,-2.7,-6.91,1.57,-4.28,-3.8,-4.23,-3.37,-1.93,-7.75,-3.3,-8.57,-5.21,-3.84,-12.38,-3.37,-9.33,-20.69,-8.16,-15.9,-2.0,0.89,2.88,-4.21,-3.01,-8.59,-12.69,-10.9,-6.36,-4.93,-1.45,-2.11,-1.24,-5.51,-1.12,-3.18,-7.37,-3.64,-13.57
1997-11-30,6.49,7.4,6.93,7.33,9.2,1.92,8.91,4.22,5.36,0.94,0.55,4.0,2.83,3.13,6.01,-2.15,3.56,-2.22,-4.66,-5.95,-3.08,11.71,-2.23,6.99,1.45,1.82,-17.45,-3.07,-7.78,-3.48,7.18,10.68,0.8,2.63,2.57,-1.29,0.44,3.54,-0.45,-0.76,1.24,6.47,3.45,3.72,2.51,2.04,5.49,-0.29
1997-12-31,2.28,2.54,12.68,4.22,5.57,-4.55,4.36,6.47,2.99,-8.26,1.16,2.23,3.98,-0.14,6.98,1.56,4.0,3.43,-0.83,1.29,-0.9,-0.18,4.62,-2.07,-2.44,0.39,-2.54,-8.61,1.71,-1.47,8.01,4.16,5.18,-0.99,-4.43,-6.45,2.58,-6.59,-3.03,2.0,0.31,-0.64,-1.4,6.14,4.93,0.93,6.6,8.96
1998-01-31,-5.99,-2.61,-8.69,-1.99,-7.59,2.3,6.55,-0.58,0.64,0.22,-10.04,3.24,7.66,-2.47,-2.57,-0.56,-0.93,7.6,3.2,-2.77,-3.3,4.85,0.74,1.2,-1.9,5.12,-0.91,-1.31,-8.8,-5.66,-4.38,5.09,-0.9,3.89,4.16,7.3,-1.09,3.4,-4.52,-0.17,-0.93,1.75,-2.34,-3.58,-0.23,-0.02,-4.62,-7.34
1998-02-28,13.69,3.19,4.53,4.69,4.63,9.46,5.8,5.9,9.16,10.85,11.26,7.08,4.81,8.12,8.11,6.99,8.7,8.14,3.96,8.9,11.62,1.59,12.33,13.5,2.79,11.91,1.87,2.39,8.14,6.78,2.64,2.41,4.94,11.11,9.83,9.45,9.63,4.87,11.48,3.95,7.27,11.12,10.77,8.62,8.85,-1.57,11.08,4.3
1998-03-31,-0.4,4.39,10.43,12.48,-3.29,-0.24,0.24,5.6,4.08,4.76,5.11,2.12,3.65,5.56,3.12,6.08,8.85,6.83,2.36,5.07,2.34,9.6,6.01,-0.42,2.84,-1.93,6.73,13.46,5.2,4.8,6.7,10.09,7.42,8.12,-2.69,-2.04,0.04,2.19,5.42,6.85,3.24,7.47,6.42,5.82,5.91,3.51,6.27,10.42
1998-04-30,5.66,-4.73,2.21,-3.08,-10.95,4.66,10.52,1.38,1.09,1.54,1.67,0.63,2.12,2.82,3.79,3.8,-1.47,-3.65,4.43,-0.77,1.36,-0.87,1.49,1.17,-1.9,-0.11,5.77,1.63,-0.39,3.74,-2.49,-3.21,-9.44,0.53,10.18,6.43,-0.48,3.47,-3.62,-2.99,1.7,-0.31,0.51,2.02,1.66,-0.35,3.84,7.4
1998-05-31,4.75,0.71,1.68,2.9,0.63,-5.45,-7.1,-0.86,-1.19,-0.73,-6.23,-1.83,-2.26,1.13,-2.66,-3.0,-2.56,-6.21,-9.31,-6.03,-6.22,-2.53,9.63,-3.59,1.46,0.22,-19.85,-5.44,-2.52,-4.27,-1.09,-1.82,-5.93,-6.07,-4.45,-10.19,-6.35,-5.56,0.8,-4.71,-3.68,3.8,0.88,-2.84,-1.43,-4.59,-2.01,-5.66
1998-06-30,5.27,-0.23,4.68,6.77,5.88,1.92,-3.48,6.23,3.69,1.92,-4.15,4.73,7.31,-3.43,-0.42,-6.97,-2.04,6.73,-5.94,-6.25,-5.68,5.99,2.23,-1.98,-5.31,-6.03,-4.67,-6.79,-2.52,-1.23,3.0,2.93,0.66,14.29,5.61,5.12,-4.24,-6.64,-7.7,1.0,0.23,6.89,0.65,2.72,4.64,-1.08,6.06,2.86
1998-07-31,-13.92,-7.1,-14.1,-4.49,10.55,-9.81,-1.07,-2.63,-3.44,-10.98,-7.96,1.3,0.18,-8.79,-4.21,-9.13,-6.23,-0.5,-6.33,-6.2,-10.21,-2.31,-0.47,-5.5,-4.27,-5.9,-17.03,2.49,8.26,-6.8,-5.41,3.82,-7.87,-5.07,4.98,4.34,-6.79,-6.45,-7.97,-6.1,-3.97,-2.14,-4.31,0.89,-4.98,-8.42,-2.14,4.42
1998-08-31,-2.38,-8.28,-26.03,-19.74,-5.15,-16.01,-23.8,-9.99,-10.86,-22.13,-23.46,-16.17,-10.94,-11.91,-17.67,-16.56,-18.31,-23.83,-17.76,-19.86,-19.77,-11.36,-19.81,-20.56,-9.98,-11.59,-24.67,-14.92,-24.84,-10.04,1.96,-12.36,-20.24,-18.02,-14.48,-21.22,-15.07,-14.08,-21.5,-16.81,-17.93,-13.15,-14.83,-24.08,-15.79,-17.97,-25.94,-22.57
1998-09-30,-8.46,5.54,4.71,-5.08,12.53,-7.38,-0.12,-0.21,-5.01,4.22,-3.03,8.17,13.65,0.68,-2.93,-8.72,-2.98,9.07,9.1,3.86,2.2,0.02,1.9,6.16,4.16,13.42,68.98,4.76,5.18,13.12,8.17,10.27,3.88,15.97,17.39,9.23,6.07,6.25,-2.78,1.62,10.83,-0.43,0.89,4.37,2.8,-6.77,-9.42,12.12
1998-10-31,-2.33,8.55,38.9,15.75,10.79,17.84,5.27,7.49,18.71,6.0,3.48,5.39,3.64,1.77,14.8,2.83,13.0,9.09,8.22,4.52,13.96,9.95,10.77,13.91,17.07,9.02,-0.42,9.22,2.98,1.1,-1.77,6.74,3.61,0.66,7.45,12.91,13.66,8.43,18.98,8.13,4.28,12.36,10.62,8.82,7.08,0.71,17.92,2.27
1998-11-30,6.76,4.17,4.96,5.78,9.2,0.56,14.85,8.77,0.88,5.45,7.22,5.88,6.17,4.43,5.84,8.68,3.63,4.79,-2.12,-0.29,2.98,3.96,5.15,10.12,1.56,-4.81,-8.04,4.28,6.1,0.5,1.33,3.66,16.27,12.36,8.79,13.53,2.06,6.08,8.95,3.02,1.97,11.04,3.6,5.64,5.48,4.85,11.46,-1.33
1998-12-31,-5.99,-1.42,-2.99,-0.34,-3.16,-17.35,-0.7,9.93,5.31,4.26,1.81,9.06,4.6,-4.56,3.22,4.53,2.79,14.01,-0.76,-3.8,0.3,11.69,3.73,-6.71,4.01,-15.16,-5.33,2.15,22.42,-1.72,2.86,14.39,4.54,15.16,15.96,13.67,1.02,-0.41,2.2,3.78,4.43,10.51,7.27,3.96,1.91,3.71,2.19,4.7
1999-01-31,2.35,-4.22,-4.34,-1.65,-12.23,1.08,9.17,0.02,-2.04,5.84,-16.89,1.94,0.98,-5.22,2.44,-7.15,10.6,6.85,3.7,0.55,5.89,2.26,7.81,0.6,-2.87,-14.49,-0.85,-3.01,19.02,-5.59,-6.25,9.13,-9.06,15.45,15.76,11.45,3.75,-3.38,2.36,0.87,-0.7,3.32,1.83,-0.34,-2.8,0.69,12.49,-6.54
1999-02-28,-11.55,-3.19,-10.84,-1.32,-16.0,4.79,4.83,0.08,-1.36,1.31,-11.28,-4.72,1.29,1.11,-5.36,-8.59,-7.03,-5.59,-5.31,-13.07,-3.26,-4.39,-5.43,4.2,-1.54,5.06,-2.73,-1.28,6.21,-3.59,-3.63,-2.89,-12.14,-9.75,-13.85,-11.25,-4.67,-1.46,-2.04,-1.2,-5.94,-1.0,7.11,-0.43,2.95,-8.66,0.51,0.01
1999-03-31,28.32,-5.0,-3.26,-1.67,-9.13,2.28,-5.82,3.42,4.81,1.13,-2.09,5.9,2.29,3.59,-0.58,-6.73,5.89,5.56,-2.53,-2.81,2.87,9.06,-0.89,4.53,2.89,0.17,-4.25,2.76,29.82,14.71,-1.64,-0.68,1.11,12.2,5.77,5.03,-1.27,0.71,6.97,2.99,-3.19,3.5,3.6,1.8,2.41,-3.01,9.83,-2.58
1999-04-30,2.65,0.8,11.21,5.05,0.09,13.24,3.66,5.49,4.18,8.51,19.9,0.6,-7.22,22.01,19.48,8.48,1.03,15.88,30.24,25.52,16.21,-2.4,9.33,15.06,9.88,13.94,25.92,19.26,22.91,15.45,7.35,7.75,6.04,-2.73,3.81,8.45,11.75,23.06,3.15,11.73,5.29,-0.51,-0.77,8.01,2.45,6.59,8.03,18.74
1999-05-31,-1.24,3.93,4.54,-0.61,10.0,-4.75,-5.49,-1.56,-2.99,-2.6,2.71,-1.35,-2.35,-5.98,1.15,2.48,-2.08,0.79,-7.38,8.31,-2.22,-2.58,-5.0,-2.0,-1.32,-3.56,-22.21,-4.74,-12.22,-2.67,6.73,0.66,-1.6,-2.42,1.75,-2.28,2.39,-4.33,-2.74,-4.91,2.64,-3.48,-6.91,-6.27,0.39,2.89,-2.62,0.87
1999-06-30,2.69,1.57,-14.38,-4.35,4.81,-1.15,6.55,4.37,1.16,1.74,-3.57,4.58,4.81,2.62,3.15,3.47,-6.26,-9.62,8.8,12.04,9.46,10.37,-1.46,6.63,7.25,-6.46,7.82,8.81,-23.02,-0.55,-4.49,5.88,3.92,8.95,10.4,16.19,10.51,2.11,13.56,0.99,6.04,9.06,3.79,4.58,-0.17,1.33,2.22,7.37
1999-07-31,-2.5,-4.13,-0.24,0.26,-6.91,-6.65,-6.47,-0.67,-0.97,-9.08,-8.42,0.31,-4.88,-0.1,-2.86,-3.26,-0.4,-5.66,-1.13,-6.82,-1.37,-2.76,-7.67,0.05,-1.83,-4.89,-6.22,-9.07,-10.71,2.16,-0.58,-1.72,-6.97,-6.29,1.3,3.75,-0.59,1.26,-6.99,-2.19,-0.5,-6.15,-2.52,-5.64,-2.6,-6.46,-11.74,-23.57
1999-08-31,-2.24,-1.52,-6.84,-3.86,0.56,-7.87,-0.34,-9.86,2.63,-11.65,-4.39,-0.64,4.75,-5.74,-7.46,-8.68,-1.91,-7.86,-0.47,-10.11,-1.82,2.28,4.19,-1.77,-5.86,2.72,7.22,-2.87,11.51,1.6,0.58,-8.25,-10.27,1.72,7.69,8.67,0.31,-3.57,-6.94,-8.27,-4.65,-6.3,-4.08,-5.0,-5.02,-8.33,-5.77,-10.13
1999-09-30,-3.5,-3.49,-16.91,-15.0,-7.05,-6.57,-2.21,1.56,-10.0,3.9,-8.55,-8.6,-6.8,-5.41,-3.79,-13.54,-11.56,-1.64,-2.55,-2.06,-1.46,4.57,-6.72,-6.65,-1.26,-10.06,21.67,-3.88,-11.12,-3.69,-4.28,4.65,-7.52,3.26,-1.43,-3.7,1.21,-2.82,-9.11,-6.48,-5.2,2.52,2.09,-3.67,-10.71,0.21,-4.14,-6.07
1999-10-31,2.82,9.54,8.66,16.46,-24.96,-11.33,2.86,11.39,11.7,0.52,2.82,-3.71,12.98,2.21,-5.85,2.4,1.66,-6.33,1.05,-11.34,2.57,12.19,2.78,0.93,-8.01,-30.89,-12.96,1.6,24.85,-2.55,2.16,8.3,-4.4,2.69,0.59,5.99,-2.03,4.81,2.04,7.76,-6.41,5.97,-4.51,14.9,13.47,-5.45,11.73,-1.0
1999-11-30,-8.2,-6.4,-12.04,8.86,3.5,7.84,5.77,-8.59,0.27,-9.72,10.67,6.7,0.61,-0.62,2.88,2.15,2.84,2.48,7.35,-3.34,0.27,-3.41,-3.47,-4.52,-3.9,-0.28,3.99,-0.99,-1.44,4.03,-7.36,4.61,0.52,10.23,18.4,11.23,7.01,-0.64,-2.07,-5.11,4.49,4.06,4.75,-5.67,-3.54,1.18,5.13,-3.43
1999-12-31,-5.92,-5.87,-4.76,-8.83,-10.32,-2.23,8.28,13.46,3.72,3.8,6.26,-1.05,-6.61,6.56,3.62,2.55,3.68,4.09,22.4,2.11,11.7,17.33,3.3,4.01,-1.1,6.95,-1.24,11.03,19.82,-0.23,-2.37,4.53,-0.01,24.71,19.01,15.76,16.92,7.21,3.85,-0.32,7.97,8.21,-7.12,-5.19,1.65,0.27,10.87,12.11
2000-01-31,-3.15,-10.42,20.46,-2.29,-8.77,-13.72,4.64,-0.52,-6.57,-11.83,0.34,8.86,7.78,-9.25,-8.58,-7.59,-11.32,-7.64,-2.33,-1.43,-0.55,-12.47,-1.18,-9.1,-10.76,-12.73,-15.71,-1.96,40.75,-1.29,5.54,-3.85,-8.3,-10.02,-3.19,-0.36,9.72,-8.48,-13.05,-9.33,8.79,-14.29,-7.32,-2.53,-7.4,-0.26,-6.82,0.22
2000-02-29,6.85,-7.14,-8.65,-11.66,-4.0,0.41,-3.33,-0.29,-11.68,-10.57,-18.51,6.54,-3.04,-7.4,5.63,-6.0,-7.61,1.67,7.26,0.77,9.33,-0.72,-8.72,-7.25,-5.8,-5.93,5.39,-8.78,-3.45,-5.81,-7.07,-3.69,-8.48,7.78,23.04,26.56,21.39,-11.62,-12.72,-5.3,1.44,-4.16,-12.04,-11.31,-13.11,2.01,6.77,-1.48
2000-03-31,4.39,10.36,-0.39,0.18,5.21,7.83,11.1,12.65,-14.76,24.94,20.72,0.74,-0.83,12.47,-5.18,5.21,11.89,14.76,3.47,6.08,5.99,16.98,9.92,9.94,12.55,13.09,-2.17,8.54,-7.23,13.76,5.89,8.27,10.56,2.79,5.4,4.4,1.19,8.28,12.76,12.69,7.25,14.41,16.09,15.09,23.26,4.1,14.78,-1.91
2000-04-30,-5.83,-5.11,-0.61,3.69,3.83,0.13,4.45,-7.68,4.68,3.65,8.8,1.05,5.47,-3.84,1.79,6.37,1.13,1.8,-1.05,-3.2,5.13,0.65,11.73,4.36,13.44,19.36,2.44,-6.8,-15.36,-1.3,7.42,-8.33,0.71,-16.57,-7.24,-5.08,-4.27,-0.52,-8.26,3.44,-3.23,-5.5,3.72,-2.85,-0.02,-2.41,-11.24,9.19
2000-05-31,-1.12,17.36,-7.33,11.9,19.46,1.12,1.34,-6.43,2.9,-5.37,-6.09,-1.01,4.82,0.05,-4.82,-3.96,-7.58,-4.02,-4.49,-9.54,-9.88,0.24,-14.99,-0.92,0.69,-0.13,2.23,1.11,-12.76,11.02,3.96,-9.97,-7.0,-9.24,-14.37,-9.15,-8.49,-1.87,-2.5,-3.64,1.45,-3.13,-4.25,7.96,6.25,-3.18,-6.72,10.48
2000-06-30,0.22,1.77,1.33,6.08,3.04,-1.68,-0.98,-0.29,-2.92,-7.74,10.16,0.81,12.39,-6.37,2.72,-8.93,-1.83,-0.38,16.08,-0.76,1.08,0.68,-12.1,-9.87,-8.51,-3.22,-2.91,-7.08,14.81,-6.17,-4.68,3.99,1.0,11.42,18.22,8.42,11.5,-6.08,-2.96,-1.86,-2.21,-1.98,-3.94,-9.89,-2.77,-1.43,14.49,3.02
2000-07-31,-4.43,-1.78,13.35,6.57,-4.39,-9.9,-1.17,-1.52,-2.4,5.56,11.63,1.11,-8.12,0.86,0.78,4.55,-2.13,-2.44,-6.2,6.61,-6.38,0.02,4.9,7.1,7.65,11.94,-19.2,-0.47,11.38,-2.7,3.87,-6.74,3.95,-8.02,0.08,-5.43,-11.96,4.88,0.2,9.7,4.26,-1.96,-2.01,8.36,9.4,3.0,8.44,-1.61
2000-08-31,-0.99,-2.95,-2.2,-10.95,19.04,1.98,5.62,2.19,3.85,3.04,6.73,6.8,2.91,2.65,2.31,-3.37,3.22,14.43,25.05,19.45,9.15,7.3,5.94,10.3,10.02,1.45,3.89,4.6,17.94,8.74,11.66,-1.49,11.79,11.12,12.86,12.38,18.82,2.08,1.58,-2.84,10.36,-5.29,-0.71,10.23,4.27,-0.06,18.61,13.69
2000-09-30,4.41,5.99,-9.92,5.46,0.95,0.24,-9.47,0.61,-1.47,-0.63,10.5,-1.48,4.09,-3.49,-10.8,5.91,-3.92,-2.48,-12.27,-12.19,-16.44,-10.61,-5.14,8.43,0.92,15.13,-7.91,-6.7,-13.73,4.62,8.8,-4.45,-2.31,-9.03,-11.53,-24.14,-9.06,-5.0,-12.14,-2.91,3.64,2.45,1.62,3.82,7.43,-1.39,-7.52,-1.22
2000-10-31,-10.33,6.09,13.42,8.95,22.8,6.82,-4.31,-2.3,9.53,3.9,6.18,-1.29,2.31,2.58,-13.3,-2.79,6.75,3.97,-12.15,-3.59,-4.87,-10.93,2.92,14.31,12.87,8.45,-20.31,3.27,7.16,-2.84,-1.67,-0.17,-4.78,-7.66,-5.73,-7.67,-6.5,11.03,0.76,8.02,-2.57,-2.08,4.26,-1.13,4.13,-0.31,-5.64,-5.36
2000-11-30,-1.07,3.61,15.5,4.19,4.07,-6.66,-13.31,-5.9,0.25,4.18,5.0,-0.45,0.68,0.92,0.31,-0.82,-3.33,0.13,-15.65,-3.33,-10.03,-9.53,-13.36,-1.53,6.13,-3.91,16.62,0.96,9.3,-2.55,2.96,-16.53,-5.2,-20.07,-24.08,-25.37,-15.14,1.51,-14.81,1.43,-6.83,-0.23,5.08,-3.5,-0.62,1.8,-17.95,-8.39
2000-12-31,11.82,6.04,-4.86,-2.59,17.07,2.56,-9.89,10.85,3.04,14.59,11.9,5.49,2.79,10.1,13.89,5.78,12.62,11.6,1.89,-8.84,9.98,6.41,-0.12,-0.31,2.25,0.79,1.45,7.12,44.09,7.38,6.47,-4.27,13.06,-6.66,-14.38,-3.97,13.59,10.65,18.76,4.18,12.84,4.33,2.41,9.75,6.75,3.59,16.69,-1.24
2001-01-31,5.21,-5.18,2.23,-4.72,0.07,9.81,22.46,2.31,-3.67,3.43,-13.57,-4.31,-8.76,-4.85,11.82,8.89,-2.36,3.59,6.15,10.81,11.12,2.32,15.09,-5.59,-6.82,2.5,-1.01,2.55,-2.48,-3.43,-10.23,15.5,7.22,17.85,10.86,18.35,3.02,-4.3,7.06,5.86,-1.87,9.76,-3.77,1.87,-9.73,3.88,8.55,-3.83
2001-02-28,-4.95,1.09,7.32,-6.32,9.47,4.98,-7.85,0.0,-1.16,-11.06,6.2,-0.14,-0.97,-1.86,-1.71,-2.5,0.96,-0.3,-23.84,-6.94,-9.08,-14.24,-0.65,4.2,-2.77,8.94,10.47,-0.84,23.08,-0.13,6.18,-10.3,1.83,-16.53,-32.76,-31.62,-20.68,3.09,-5.73,-5.19,-4.78,-6.17,-0.06,-4.48,-0.31,1.92,-15.56,1.22
2001-03-31,2.51,-3.07,-13.44,-9.48,-0.18,-0.84,-9.43,-6.53,-8.95,-1.09,-6.0,-6.05,-9.09,-4.57,1.25,-4.35,-3.68,5.13,-8.4,2.58,-2.1,-11.88,-2.12,-9.49,-7.82,-4.07,-5.32,-1.14,18.92,-0.19,1.05,-6.0,-3.9,-13.18,-19.08,-9.01,-18.61,-6.06,-3.69,-2.22,-6.11,-2.0,-5.0,-1.77,-1.72,-1.59,-12.93,-8.05
2001-04-30,-1.61,-2.0,2.33,-2.13,5.68,-0.06,16.52,5.2,1.62,7.17,4.5,-0.01,4.83,6.08,4.72,5.25,1.46,7.03,13.33,-1.91,15.37,9.69,7.47,11.46,22.05,-0.31,14.89,3.93,8.44,10.02,5.41,4.01,3.87,19.07,12.52,18.46,18.05,5.79,6.68,3.65,8.11,4.97,6.75,2.82,2.82,3.63,12.92,13.41
2001-05-31,7.53,2.82,-0.26,4.67,2.24,9.5,10.11,3.03,5.46,4.01,2.02,2.64,2.83,1.19,-0.77,2.47,3.6,-2.19,0.21,-1.69,-0.18,4.47,-3.28,2.59,0.79,7.92,9.32,11.97,-13.69,0.19,0.47,-1.63,10.59,1.2,-3.52,-9.14,-1.34,1.23,4.45,4.95,-0.4,1.68,4.22,4.43,2.12,3.91,3.71,1.12
2001-06-30,3.51,-0.42,-5.35,-4.92,-0.5,2.69,-5.99,0.31,0.76,-1.89,15.03,2.62,-4.81,-2.83,0.96,4.33,0.8,-1.97,-7.3,7.59,-4.83,-8.07,4.61,-15.49,-0.01,-2.97,1.32,-6.14,-16.55,-7.42,-6.15,-2.68,8.33,3.85,-2.44,-0.37,-5.27,-4.36,-1.27,-3.45,-2.04,-2.61,-3.7,0.81,1.99,3.49,-2.52,-0.75
2001-07-31,-0.24,3.46,-0.97,0.79,-9.19,-3.16,-8.29,-1.16,4.64,0.09,2.38,1.45,2.38,-2.94,-7.1,10.05,-0.12,1.37,-2.31,-6.88,-2.35,-5.83,3.79,3.26,4.23,6.93,-0.73,-9.0,-16.49,-2.12,-3.84,-0.96,3.85,-10.06,-8.15,-1.37,-5.19,5.52,6.33,0.24,0.2,5.43,3.83,0.8,-1.87,-0.82,-4.12,-9.63
2001-08-31,5.72,3.56,4.28,6.13,4.67,1.53,-1.53,-8.24,1.08,-4.51,-1.88,-1.44,-3.41,-1.21,3.43,-3.62,2.47,-7.13,-6.33,-11.86,-5.27,-2.26,-13.77,-6.33,-1.26,1.08,8.97,-1.07,6.76,-3.57,0.53,-8.64,-3.12,-13.13,-16.12,-8.42,-5.58,-1.93,-0.83,-4.78,-4.21,-8.39,1.14,-6.04,-3.34,-0.14,-5.97,-5.71
2001-09-30,-8.56,-0.46,1.42,-3.22,2.9,-17.54,-17.61,-11.38,-5.0,-17.74,-1.27,-1.54,-0.46,-9.51,-8.41,-15.55,-12.62,-17.33,-22.0,-17.93,-19.88,-13.38,-17.87,-29.19,8.03,10.36,13.37,-10.47,-15.69,-6.12,-6.6,-2.35,-6.51,-13.13,-24.86,-25.04,-18.62,-8.58,-12.48,-17.8,-8.56,-9.77,-13.42,-5.96,-0.41,-7.16,-14.19,-12.31
2001-10-31,-1.3,1.56,6.56,1.36,-2.82,14.75,4.67,0.3,1.22,7.59,-7.41,-1.25,2.24,3.61,10.97,5.67,4.61,5.02,2.5,4.82,10.58,0.36,-1.72,6.42,-4.73,10.52,-5.29,-3.05,30.0,4.96,1.76,-9.57,-2.97,11.03,24.45,17.52,12.15,0.95,6.54,5.07,-7.3,3.44,2.86,-1.72,-2.86,1.83,2.46,-1.76
2001-11-30,6.27,1.02,-4.24,-0.03,1.19,5.15,14.14,12.28,6.07,9.77,1.82,8.79,4.75,11.11,-0.84,7.24,7.19,10.65,15.74,0.93,7.96,10.62,17.38,9.34,1.46,-4.62,-11.38,11.71,-14.09,-4.12,-1.43,5.85,6.55,11.45,22.97,19.5,11.24,9.63,8.18,12.01,-3.59,13.05,5.9,6.28,5.35,5.06,12.02,6.58
2001-12-31,5.85,2.16,7.46,1.61,-1.73,0.62,8.08,3.23,1.83,7.05,1.79,4.66,-4.11,-1.37,6.38,12.23,6.4,13.31,-2.72,5.49,6.62,4.39,-3.41,6.93,-2.56,0.58,2.23,5.51,10.22,5.93,4.04,2.6,6.04,3.28,-5.93,-3.89,6.97,1.89,8.26,3.09,1.05,4.96,4.14,3.32,1.5,7.97,5.81,4.5
2002-01-31,-1.2,2.11,-8.58,-3.76,8.44,6.03,5.43,-3.66,2.68,5.39,0.95,-1.45,-2.79,-1.73,0.41,4.25,1.49,2.36,-0.26,-7.45,2.27,1.85,3.09,4.48,9.91,12.69,14.2,-2.81,-9.45,-2.79,-4.33,-7.15,2.77,-4.2,4.93,3.36,-4.61,-0.4,8.39,6.86,3.37,2.09,6.31,-0.55,-1.77,1.35,-2.79,-7.7
2002-02-28,-1.05,0.88,8.13,8.17,5.04,-1.57,2.42,7.02,2.67,-0.73,-5.13,-4.79,0.53,4.8,7.96,5.72,4.69,5.36,0.03,2.21,3.61,-0.34,5.97,9.54,1.16,6.35,11.3,2.03,-1.18,5.61,-0.36,-2.75,3.56,-8.08,-19.97,-16.35,-1.36,5.15,6.75,1.8,-2.67,0.34,-1.32,-1.38,1.42,0.74,-5.34,2.14
2002-03-31,5.35,1.2,6.05,8.35,1.59,8.53,9.01,3.01,4.5,4.78,13.05,3.9,-0.79,5.13,9.88,0.72,2.01,0.85,6.04,10.18,10.33,5.1,7.49,3.03,3.88,3.4,15.15,4.71,14.9,7.64,10.29,0.36,2.06,3.86,9.42,10.13,8.41,1.03,11.14,2.98,5.27,1.53,5.46,7.97,1.09,2.82,10.56,-1.1
2002-04-30,4.77,0.95,7.19,5.04,3.29,2.23,4.71,-4.75,0.09,2.89,8.58,-2.94,-9.49,-4.84,0.47,9.63,2.46,8.2,-7.13,1.82,-2.68,-1.42,1.68,-4.48,3.61,8.63,4.1,-2.26,-6.45,-4.55,-0.42,-12.76,-1.62,-13.93,-8.59,-8.1,-11.06,2.29,0.98,-6.08,-0.61,-2.21,3.99,-0.62,2.55,2.8,-10.3,-14.06
2002-05-31,3.35,1.33,11.46,-0.5,4.52,-2.72,-4.68,0.15,-0.2,-1.6,-0.57,0.62,-2.9,2.08,2.99,0.05,-0.27,-4.82,0.36,-14.44,-4.47,3.48,0.63,0.21,2.12,-1.15,11.09,4.2,5.58,-0.8,-6.92,3.0,-0.8,-4.26,-0.47,-3.59,-6.93,0.77,-3.58,-0.11,-5.14,-1.27,-0.02,0.84,-1.71,-1.73,-1.36,-1.44
2002-06-30,-5.36,-2.8,-3.04,-0.24,-22.09,-3.74,-8.48,-5.67,-2.94,-1.63,-4.8,-8.79,-10.1,-0.96,0.33,-5.23,-3.64,2.13,-5.18,1.89,-7.48,-6.88,-9.46,-1.4,5.66,9.7,-14.4,-6.41,-6.13,0.06,-5.81,-14.4,1.33,-6.11,-11.63,-24.15,-10.17,-2.59,-4.69,-0.88,-6.07,-5.12,-4.29,-5.32,-3.7,-3.17,-4.5,-6.03
2002-07-31,-8.03,-8.78,-15.56,-7.29,3.92,-10.85,-15.45,-5.23,-2.42,-10.02,-8.23,-5.61,-1.68,-9.25,-15.31,-22.86,-7.87,-17.9,-20.39,-28.91,-14.22,-9.12,-12.51,-5.14,-22.51,-7.54,-8.39,-10.95,-30.2,-11.65,-12.14,-11.67,-6.22,-10.56,-7.93,-9.34,-14.29,-5.64,-12.82,-8.36,-10.54,-11.99,-9.4,-7.36,-5.39,-7.51,-10.03,7.1
2002-08-31,-5.53,-1.81,10.97,2.4,8.91,4.35,5.14,3.79,1.76,-1.1,-3.84,1.17,1.01,1.86,7.55,-2.45,-2.86,0.58,-4.83,-0.66,-0.79,0.07,-1.47,-10.89,-2.66,-0.11,17.31,-0.08,9.88,0.58,3.4,0.2,3.8,1.41,1.03,-6.44,-6.4,-1.32,4.98,-2.13,4.52,1.91,-3.92,3.26,-0.41,2.26,4.44,-4.69
2002-09-30,-2.51,-4.13,-5.92,-5.56,-21.53,-10.75,-4.1,-3.47,-2.56,-6.03,2.13,-2.27,-7.28,-11.15,-10.34,-6.58,-10.59,-7.67,-18.46,-11.6,-9.97,-9.74,-13.29,-11.92,2.9,1.96,-3.82,-11.75,-8.14,-7.85,-10.88,-9.85,-2.61,-14.72,-18.83,-17.58,-9.35,-10.8,-4.26,-6.38,-6.36,-9.49,-13.63,-11.04,-7.99,-3.86,-14.21,-16.33
2002-10-31,-3.04,8.04,12.7,-0.43,4.92,1.65,13.0,6.56,3.14,9.65,-14.56,2.56,8.37,5.64,-0.44,3.93,3.43,2.65,6.42,-8.83,9.95,5.33,-8.58,0.38,-2.11,-10.72,-9.9,-7.96,4.16,3.14,-0.61,21.94,-1.08,20.09,17.08,15.63,8.05,4.36,1.39,4.51,5.41,6.46,-0.36,8.06,4.91,-1.22,10.44,2.52
2002-11-30,9.41,0.17,-2.88,-3.07,-6.57,11.75,9.09,-1.59,-1.94,5.28,-10.47,4.5,4.85,9.46,1.99,12.06,5.71,2.93,18.2,9.99,12.13,11.27,17.49,7.91,3.79,-8.93,-4.83,13.7,10.33,2.95,1.58,11.81,-1.9,10.92,20.59,22.87,16.42,7.57,10.3,3.65,-3.33,2.92,5.67,2.37,1.65,2.28,13.57,7.62
2002-12-31,-1.95,0.56,-4.23,-3.19,8.97,-6.59,-14.35,-1.19,-0.03,-4.83,-1.63,-0.26,-4.92,-4.27,-2.24,-4.91,-1.67,-3.02,-10.27,-4.94,-9.23,-4.49,-7.74,-2.84,-2.67,9.99,24.36,1.25,12.11,0.74,3.83,-9.51,1.73,-8.94,-11.75,-20.39,-9.27,-5.35,-3.22,-1.0,-2.68,-8.03,-5.63,-3.37,-3.77,2.04,-10.9,-8.61
2003-01-31,-1.68,-4.22,-0.13,-5.84,-6.19,1.73,-9.91,1.34,-2.66,-4.39,0.5,-0.72,-0.66,-5.91,-6.74,-4.8,-5.56,2.57,-4.78,-7.56,-5.78,-4.69,-2.99,-0.9,-15.5,-11.57,-0.82,-1.32,-14.24,-2.39,-3.21,-4.11,-1.68,-2.11,0.04,-1.13,-5.31,-0.81,-8.82,-5.13,-2.27,-5.1,-5.93,-0.53,-3.19,-2.1,-3.43,-4.4
2003-02-28,-5.78,-4.72,-8.02,-0.82,1.3,2.58,-3.26,-4.49,-2.76,-3.12,-3.59,2.56,-2.65,-4.16,-0.64,-4.16,0.21,0.06,2.28,-5.06,1.86,-0.09,-5.89,-8.4,-9.83,-10.17,-5.88,-7.64,14.6,1.85,-3.98,-6.45,-0.65,-1.41,2.21,4.44,-0.4,-1.37,-3.76,-3.42,-3.45,-0.52,-4.83,-2.11,-6.24,-0.47,-1.67,2.75
2003-03-31,3.88,0.95,-12.59,1.05,-19.87,3.65,-0.37,-2.16,6.47,5.7,2.26,-1.37,4.81,3.42,1.2,-1.47,0.35,2.61,-3.26,-5.28,-1.82,-4.46,-3.68,-5.42,-5.71,4.49,-4.54,-1.16,-3.5,1.54,4.31,-0.43,5.39,0.7,-2.52,-2.1,-1.06,0.57,2.71,4.34,-0.51,5.51,5.18,-0.97,2.27,2.04,1.52,5.29
2003-04-30,-1.5,4.06,7.64,2.18,2.7,4.32,17.31,8.14,3.42,7.54,-7.71,5.35,4.91,9.94,8.55,12.64,5.43,13.63,10.22,7.86,8.73,10.05,18.82,8.61,11.78,4.73,3.51,8.53,2.28,-0.5,7.23,11.26,7.36,8.02,10.96,10.08,10.58,3.19,2.2,10.81,6.08,9.73,9.51,11.21,10.51,6.46,12.79,14.63
2003-05-31,12.27,5.5,-1.68,10.22,32.53,2.45,7.78,6.01,2.88,4.01,9.71,6.19,3.14,0.82,-0.58,3.86,8.05,16.7,13.14,8.79,6.15,5.82,3.7,12.03,7.72,-6.69,9.67,14.0,25.51,8.5,10.16,6.32,4.35,5.82,13.46,14.56,11.8,2.8,2.18,4.7,6.93,2.52,8.41,5.81,3.99,8.98,8.92,-0.61
2003-06-30,-0.27,0.95,-2.39,0.81,10.92,-2.52,6.56,-1.75,-2.57,-0.41,-3.54,3.03,4.91,-1.16,1.05,-2.39,-0.72,1.77,2.15,-4.1,2.54,-0.68,2.6,6.12,8.02,2.59,9.33,4.62,0.71,-0.99,1.06,2.09,5.13,0.6,2.47,-1.83,2.06,0.85,4.55,-0.03,4.31,2.8,6.73,0.95,-0.4,2.06,1.62,0.66
2003-07-31,2.12,0.2,1.14,-1.84,-11.25,4.28,-1.46,-1.39,0.76,3.67,10.52,5.47,-1.01,7.89,-4.36,13.66,2.29,-2.6,6.92,10.41,10.01,6.51,6.25,3.17,10.59,9.66,12.42,10.04,-12.55,-2.52,-5.43,-1.71,7.65,2.57,6.15,10.74,7.94,5.24,-0.19,1.99,-1.29,4.33,2.32,3.64,4.85,3.12,7.22,-0.24
2003-08-31,2.7,-0.52,7.95,-2.06,2.41,3.37,4.8,0.77,1.18,4.96,4.11,-0.63,-3.69,1.7,2.52,6.67,4.98,6.91,4.64,1.46,7.69,6.57,8.71,7.87,8.7,-2.15,10.23,7.48,7.52,6.18,1.92,1.26,3.09,3.51,1.44,14.31,7.35,3.73,3.13,1.1,3.16,7.91,0.74,-0.37,-1.65,3.16,1.42,4.07
2003-09-30,0.86,2.11,-3.47,-1.56,8.14,-0.83,-3.3,-0.15,2.17,-1.33,-1.16,-0.03,0.47,-6.03,-8.25,-3.43,-2.03,3.75,-3.16,1.14,-7.89,-4.42,-5.07,-6.52,-8.14,-9.38,-1.38,2.45,-2.33,-2.18,3.84,-5.52,-0.03,0.64,-0.18,-4.29,-4.55,-2.19,-1.7,-1.41,0.54,-5.8,1.99,1.22,-0.71,1.73,0.48,0.8
2003-10-31,11.29,3.84,6.09,5.71,6.16,12.1,3.25,7.73,4.38,12.23,5.71,3.51,0.0,6.62,6.18,3.41,7.42,16.57,19.21,1.26,12.81,10.06,9.32,12.0,6.38,1.61,12.02,15.34,9.76,1.56,1.51,6.83,3.66,3.31,9.99,16.06,10.17,8.2,4.63,9.29,4.64,9.85,6.93,7.53,4.86,4.64,9.35,-1.32
2003-11-30,6.03,2.23,3.21,2.35,11.42,1.67,5.79,1.79,-0.89,3.47,7.28,3.5,1.07,3.02,0.45,-0.82,2.61,5.96,3.56,2.87,4.0,7.3,3.72,0.09,-2.45,-0.32,11.74,7.51,1.58,0.64,0.95,-0.63,7.69,0.48,1.89,3.82,3.89,1.09,-0.61,-1.23,4.39,-0.45,3.91,0.87,1.75,4.01,-0.54,0.03
2003-12-31,4.78,1.28,5.84,6.64,5.7,-0.26,7.05,2.94,2.26,0.9,1.18,4.55,6.23,9.4,4.02,1.09,7.33,-0.04,10.65,9.47,3.45,6.04,14.72,10.7,12.13,11.74,1.85,5.5,26.48,13.47,5.86,7.57,-3.28,4.83,1.95,-1.77,3.15,8.83,10.59,1.38,3.12,-3.17,-0.41,3.31,5.89,2.78,4.24,8.16
2004-01-31,-2.92,1.02,5.61,-2.89,2.06,-0.06,0.26,0.92,2.15,-2.01,4.6,6.35,2.3,-1.93,4.58,1.33,-0.78,-4.77,0.05,6.94,-1.6,-0.84,-2.61,2.57,1.58,-4.45,-13.71,-5.2,-7.38,0.31,1.91,1.65,9.86,3.65,4.75,4.28,9.23,-3.59,-1.12,-4.0,3.0,-0.2,0.6,2.6,4.89,5.47,3.63,6.87
2004-02-29,2.18,6.37,5.76,2.57,3.88,3.73,1.03,1.05,2.98,5.51,-2.95,-0.27,1.44,2.66,3.04,10.5,4.72,10.62,6.37,2.43,0.46,-3.24,-1.24,-0.85,-0.04,-3.19,5.45,6.95,7.14,4.52,2.11,-0.42,-2.7,-3.02,-4.48,-1.12,-4.02,3.28,6.62,0.2,2.38,6.72,7.23,2.18,4.32,2.92,2.97,-2.1
2004-03-31,4.28,1.43,4.04,-0.19,-4.06,-3.06,2.2,-0.14,1.5,3.06,-2.96,0.98,-5.03,-1.66,-4.59,-2.11,2.66,4.95,-4.48,-7.56,1.25,0.73,-2.07,-4.98,-3.31,-0.68,7.0,-2.59,6.96,-0.06,1.14,-2.03,5.72,-1.9,-0.09,-4.62,-0.92,0.7,-0.15,-0.46,1.92,-0.11,0.8,-0.38,-0.8,2.0,-2.27,-5.01
2004-04-30,0.27,3.05,4.73,0.38,1.85,-6.26,-1.68,-0.07,2.21,-1.57,1.33,2.74,3.85,-0.63,-0.43,-3.8,-0.32,-11.25,-8.72,-2.9,-2.57,-2.47,3.67,1.86,6.04,3.91,-21.1,-12.82,2.92,2.66,-3.57,-0.43,0.59,-0.58,-8.73,-7.87,-5.83,1.54,-2.36,0.17,0.92,-3.21,-1.01,-5.4,-0.48,-4.67,-8.19,-1.83
2004-05-31,1.21,-1.74,2.14,2.26,-12.6,2.94,0.56,0.4,1.53,0.42,-0.95,-0.23,-0.42,0.61,1.12,-4.6,2.56,1.35,5.85,-1.38,2.18,0.69,-2.81,0.79,1.66,3.82,6.43,3.26,6.65,0.48,1.26,-2.96,1.3,2.13,5.01,8.8,3.79,0.29,4.99,2.01,0.16,0.74,-2.95,2.54,0.09,-0.61,0.55,3.52
2004-06-30,3.57,2.09,4.62,-0.24,6.11,3.31,3.51,-2.58,2.2,4.34,3.63,3.11,-1.63,5.44,4.17,2.79,2.39,-0.03,9.42,12.4,5.95,6.62,5.69,9.73,4.8,5.76,-3.12,4.39,13.81,5.36,2.03,0.8,-4.67,3.97,3.43,-1.2,6.37,5.01,6.72,6.35,2.81,-0.34,-0.58,0.71,0.54,4.52,-0.49,4.96
2004-07-31,-4.96,-3.93,-20.4,-10.04,-3.75,-5.63,-6.7,-4.38,-5.19,-5.16,-6.15,-6.94,-5.67,-3.31,-7.32,-1.78,-4.65,-1.85,-0.19,-6.73,-6.21,-7.27,-3.66,1.21,-0.75,-0.44,2.89,2.45,-1.5,3.4,1.06,-1.0,-7.7,-6.01,-7.81,-12.09,-11.37,-5.51,-2.92,-4.54,-11.36,-3.47,2.61,-1.07,-3.11,0.88,-6.42,0.53
2004-08-31,1.9,-0.1,0.1,1.88,3.22,1.28,-1.7,0.28,4.67,0.0,0.04,-0.98,2.37,3.01,1.28,1.21,4.06,3.93,-0.23,0.17,-2.44,1.07,-3.4,0.39,-1.8,0.29,9.47,3.72,-5.02,-1.33,3.67,1.17,-3.89,-2.81,-5.32,-6.67,-4.56,0.14,0.1,-0.83,-2.45,-0.81,-2.59,4.04,0.95,6.66,3.21,-0.95
2004-09-30,2.98,-0.69,-4.06,-7.95,-2.52,8.13,4.08,1.1,-2.88,2.77,1.25,6.22,-3.35,4.48,-1.51,3.52,2.84,8.1,7.97,-1.34,6.08,2.08,2.09,-0.22,5.26,4.72,4.55,7.42,8.78,8.82,1.38,1.33,1.01,4.42,2.29,2.62,3.09,-0.32,3.83,3.03,-0.03,2.89,4.82,-0.65,1.33,2.13,1.45,1.93
2004-10-31,2.48,3.42,6.83,1.08,2.95,0.28,3.1,2.56,-3.6,5.07,-0.3,-2.55,-2.57,0.32,3.67,6.33,0.68,0.96,-3.58,-1.78,-0.96,2.76,-4.32,-2.9,0.73,-1.34,3.63,-7.35,-0.12,0.65,4.24,3.31,-2.04,4.44,4.67,6.17,5.7,-3.93,3.42,6.93,2.72,3.31,2.95,2.29,-5.04,3.9,4.82,0.67
2004-11-30,0.52,3.6,0.95,-0.7,17.31,6.64,6.99,1.88,4.06,4.05,8.39,1.28,-0.1,8.76,8.24,5.07,6.19,7.43,13.05,13.41,7.69,8.06,8.07,6.66,7.44,12.35,-0.63,8.04,25.7,6.31,4.89,3.63,11.31,6.16,7.36,3.72,3.8,5.4,10.54,5.68,8.4,2.47,7.43,2.94,8.1,6.04,5.7,3.06
2004-12-31,4.35,5.45,-0.73,4.36,7.38,4.84,8.24,1.21,4.12,5.61,4.28,4.78,6.01,2.79,3.87,4.2,2.91,10.73,-1.62,7.52,3.14,3.96,5.02,1.08,-2.76,-6.74,-6.81,2.07,-3.02,-2.31,2.48,4.18,3.05,3.21,3.96,2.25,3.07,3.52,4.31,4.19,5.95,3.07,5.08,3.53,4.76,13.16,5.55,4.28
2005-01-31,-2.81,0.39,3.08,-0.67,4.41,-2.18,-5.07,-3.3,-1.26,-2.56,1.93,-0.09,-5.6,-1.45,-7.96,-3.32,3.2,3.09,-0.37,-5.23,-5.11,-0.35,-8.01,-0.94,-2.46,0.55,-6.48,1.11,4.55,2.99,1.76,-4.24,-1.18,-5.91,-4.99,-7.68,-4.45,-3.19,-4.12,-6.88,-2.73,-0.94,0.37,-3.02,-0.8,2.2,-0.49,-0.61
2005-02-28,2.93,-1.03,-0.37,1.47,3.16,0.02,-1.11,-0.09,0.02,2.09,4.44,1.35,2.54,8.27,2.5,0.81,-0.36,9.26,9.77,2.86,6.25,2.99,-0.34,4.75,1.74,1.9,8.04,10.52,14.2,19.57,2.36,-0.44,-2.28,-1.47,-0.9,3.99,2.26,1.63,9.74,2.48,3.12,0.07,1.13,-1.53,2.59,7.87,-0.52,-0.72
2005-03-31,0.82,-1.36,-0.3,-0.99,0.32,-6.44,0.08,-1.17,-0.59,-1.08,6.53,-4.87,0.02,-2.04,0.33,-6.42,-0.79,-7.1,-7.55,-3.68,-2.91,-2.44,-8.55,2.44,1.85,2.55,-5.95,-4.61,-3.58,-3.44,0.61,-0.04,-0.3,-2.21,-1.15,-3.15,-6.43,-0.37,-1.99,-0.97,-1.8,0.71,0.29,-3.15,-4.34,-4.34,-1.19,0.45
2005-04-30,-1.26,-0.06,1.28,2.21,-1.38,-11.48,-3.64,-3.01,-2.57,-7.3,0.77,3.01,4.5,-7.45,-4.76,-5.93,-0.62,-3.45,-9.71,-6.79,-5.4,-7.93,-11.18,-0.42,-3.24,-1.09,-10.45,-9.39,-6.08,-5.58,2.13,-2.0,-3.0,-4.56,-6.36,-2.4,-5.45,-8.24,-4.93,-6.29,-2.69,-5.66,-5.84,0.39,-1.89,-1.02,-4.4,-0.58
2005-05-31,4.8,1.94,3.88,2.41,3.1,3.28,4.57,-1.21,1.69,6.63,1.96,0.47,1.69,0.22,5.84,5.9,2.56,10.26,0.19,-1.33,5.75,7.34,10.23,5.54,3.85,7.06,-1.41,5.72,10.34,1.95,1.66,1.5,5.0,5.06,10.42,10.51,8.84,0.71,0.05,5.11,4.27,6.67,8.1,2.49,5.93,9.2,1.37,0.89
2005-06-30,-0.62,-2.45,2.18,-3.94,-2.24,1.88,-1.12,-0.7,-2.56,5.81,3.5,-1.58,-0.73,-0.96,1.39,1.65,-0.66,8.89,-2.7,1.6,0.57,-2.86,2.91,-0.14,2.17,-0.3,4.87,6.72,7.3,5.75,5.56,0.19,4.61,-1.4,-1.06,-1.15,-1.39,-3.15,-3.4,-3.1,1.5,3.04,-2.46,0.92,3.97,6.55,5.91,-2.95
2005-07-31,4.54,2.14,4.28,1.66,3.78,2.99,3.62,2.64,3.44,3.28,-4.25,6.35,3.87,4.63,2.6,2.81,8.12,11.16,13.15,11.26,10.37,6.67,7.56,1.74,6.56,-2.19,-3.88,10.38,20.92,5.54,2.98,3.13,1.68,5.54,3.13,9.27,8.74,5.15,4.74,8.13,5.21,6.03,4.55,0.52,3.24,-1.33,4.74,-0.21
2005-08-31,-4.01,-1.87,-2.17,0.5,4.47,2.73,-1.4,1.39,-1.07,-3.96,-0.06,0.41,-0.52,-6.05,-6.14,-2.2,-1.4,-3.4,-0.78,-3.4,1.23,0.39,-4.14,-0.02,-0.12,0.0,4.72,1.56,8.77,5.73,1.25,-1.2,-0.87,0.51,-2.33,-0.65,1.08,-3.59,1.03,-3.46,-1.39,-6.6,-4.82,-1.71,-0.9,-3.57,-1.18,-2.06
2005-09-30,1.58,2.01,-8.32,0.54,4.74,-3.59,-1.65,-3.7,1.53,-1.85,-1.1,-4.12,-1.44,-1.85,-1.41,-4.57,4.22,1.12,3.08,0.12,-0.19,2.27,-5.18,0.99,4.58,-2.27,19.38,10.73,9.49,7.2,4.38,-1.47,-6.45,0.11,2.31,1.11,-0.42,0.71,-5.26,3.8,-0.08,-2.2,-0.27,-1.47,4.35,-1.41,6.81,0.41
2005-10-31,-4.47,-3.01,-0.95,0.52,1.73,-7.17,-3.58,-6.29,-3.28,-2.3,-4.56,-1.49,-3.59,2.33,0.38,-4.07,-3.81,-10.97,-4.33,-1.09,-4.66,-3.91,-7.86,-4.8,-2.8,-1.58,-10.07,-2.99,-9.74,-10.17,-6.85,-3.03,0.24,1.22,-1.89,-6.55,-3.5,0.89,-0.94,2.57,-1.99,2.19,0.16,2.84,2.05,-8.41,3.26,1.22
2005-11-30,-3.53,-0.65,4.65,1.54,-2.6,6.28,5.25,2.65,3.1,6.25,5.34,2.36,1.04,3.42,4.02,5.19,3.31,7.29,12.91,0.13,7.13,6.44,-1.08,5.66,-0.67,1.05,8.62,6.56,0.66,1.02,-0.22,2.64,3.51,5.4,2.89,10.81,8.13,7.48,7.64,7.48,4.55,3.68,6.83,4.44,4.69,3.21,4.33,4.87
2005-12-31,-0.31,0.05,-0.33,-2.11,4.27,-1.13,-1.01,-2.08,1.55,-0.24,-1.57,1.14,3.11,0.58,1.93,0.9,0.08,-0.42,3.67,-2.7,0.69,-0.63,-1.51,3.07,0.62,4.39,14.71,2.66,1.52,0.41,1.24,-1.73,-3.39,-2.11,0.19,-2.68,-1.65,1.62,-0.07,1.77,1.06,-1.06,1.0,0.34,0.1,-0.34,0.74,-0.78
2006-01-31,2.67,1.53,3.42,-0.74,-2.33,6.97,3.59,0.58,2.66,2.48,0.67,3.11,2.09,3.24,3.98,-3.05,7.63,10.8,14.93,9.37,11.59,6.58,5.03,1.43,5.02,6.37,16.62,17.45,15.14,12.48,3.03,3.86,-0.17,3.12,5.0,4.47,5.77,-3.02,0.03,4.93,6.91,0.7,4.34,0.54,-1.04,0.04,9.77,-2.85
2006-02-28,0.66,1.62,0.42,1.94,-0.04,1.02,1.03,1.47,1.1,0.24,0.73,-2.05,1.89,-0.29,3.19,3.41,2.6,-7.38,-2.96,2.47,-0.86,3.23,-2.31,4.88,6.0,7.03,-12.86,-5.74,-8.53,-8.14,0.23,3.3,-0.84,-2.32,1.55,-0.4,2.52,1.13,-0.38,1.14,1.56,1.28,2.13,2.01,0.51,2.03,2.14,0.62
2006-03-31,4.66,2.63,6.9,0.27,0.08,4.15,3.36,-0.2,-0.4,3.37,-1.25,-1.2,-0.94,1.31,3.21,-2.01,4.31,2.1,12.14,4.01,3.16,5.09,2.32,3.8,2.96,3.27,0.23,11.38,5.81,3.95,-3.65,1.8,3.79,2.7,2.87,3.2,2.72,3.22,1.65,4.66,3.87,2.23,2.34,0.3,-0.34,7.76,3.29,5.26
2006-04-30,-1.68,2.29,0.64,0.97,3.43,-7.69,3.63,-3.19,1.45,-1.16,-1.24,-0.58,-2.23,2.93,3.0,1.15,1.42,-1.34,7.65,7.19,5.92,0.76,-1.08,5.31,4.44,1.08,11.52,5.38,20.78,4.05,1.82,1.47,1.83,-1.67,-2.23,1.0,1.54,7.2,-3.62,0.39,-3.21,-1.35,-0.16,5.12,-0.72,0.45,1.02,-0.22
2006-05-31,-5.85,3.6,3.48,3.62,-1.09,-2.45,1.75,-2.32,-4.2,-5.44,0.02,-4.34,-1.9,-2.26,-3.15,1.37,-7.22,-9.43,-4.63,-2.26,-3.68,-4.28,2.56,-0.88,-3.46,-4.14,-11.73,-11.49,-1.64,-3.53,1.51,0.0,-3.71,-5.92,-5.72,-9.0,-5.04,-2.36,-3.95,-1.65,-2.13,-1.4,-3.71,-2.68,-3.56,-8.08,-6.83,0.08
2006-06-30,0.2,-0.69,3.05,-0.81,3.15,1.23,0.74,-0.18,0.88,-0.24,0.07,-4.24,0.79,-1.11,-0.95,1.47,-3.62,-3.54,2.9,-6.08,-0.88,1.29,1.79,-0.65,1.99,-1.2,1.38,1.04,-6.06,3.06,2.42,2.95,-0.64,0.65,-2.84,-3.62,-1.76,-3.3,0.81,4.34,-1.18,0.47,1.64,-0.7,-0.13,1.7,-0.09,-2.14
2006-07-31,2.85,1.49,3.31,4.45,9.11,-3.87,-7.49,-0.68,0.42,-3.08,1.4,4.48,4.29,-4.31,0.52,-3.12,-8.41,-6.65,-4.12,2.79,-6.0,-6.13,-3.75,-3.49,-1.88,9.53,-3.17,-1.49,-12.59,5.67,4.83,2.44,-3.82,-2.94,-3.73,-5.99,-2.55,-5.65,1.02,-11.48,-2.0,-4.74,-6.06,2.18,0.31,-5.98,0.78,-0.8
2006-08-31,10.05,2.21,-3.61,2.25,4.21,3.74,2.33,2.99,6.75,4.19,5.47,1.18,2.3,3.87,4.73,1.37,2.37,1.24,-2.59,-6.5,-0.66,1.4,3.12,-0.97,1.15,3.33,1.47,3.09,-10.42,-3.05,2.28,2.28,-1.15,4.8,11.63,8.08,3.58,2.32,3.97,-1.21,1.61,2.38,2.97,0.84,3.74,-6.03,0.43,4.04
2006-09-30,-1.27,0.52,-1.19,-0.13,-6.38,5.08,4.83,1.1,1.7,9.09,-1.82,-0.66,2.32,2.46,3.96,1.92,1.02,-3.55,0.07,3.23,0.15,3.46,3.33,3.64,4.37,4.28,-15.69,-1.64,-15.05,-3.51,-2.12,3.66,2.46,4.25,3.99,2.26,0.86,1.97,2.47,4.13,1.39,6.31,7.17,2.93,2.04,-0.25,9.39,2.96
2006-10-31,-4.54,1.94,-5.84,0.43,5.4,12.69,8.26,6.29,3.21,8.04,-4.45,3.87,1.78,5.77,6.0,0.26,4.3,5.82,10.76,12.19,3.01,4.92,3.89,3.22,1.7,0.84,5.96,9.95,14.5,4.98,5.36,5.2,-0.7,6.28,4.83,-0.92,6.57,4.85,5.47,6.2,4.73,3.17,7.7,1.33,0.86,6.64,6.34,2.78
2006-11-30,7.97,0.17,-0.33,-0.46,3.55,0.96,5.2,1.77,0.46,4.25,2.69,1.97,-0.57,2.82,3.94,3.67,4.75,7.65,8.83,-1.72,4.23,2.01,1.0,4.42,4.96,4.03,4.52,8.8,5.85,8.65,3.06,0.63,4.06,2.03,7.31,1.6,1.28,2.3,5.69,2.1,2.33,-2.26,1.75,-0.05,2.4,3.34,1.59,1.07
2006-12-31,7.11,0.43,2.58,2.43,3.04,-1.29,4.87,1.83,1.26,0.16,2.89,2.68,-0.63,1.06,1.61,-1.47,2.09,-2.28,-2.62,2.31,0.05,-0.54,1.52,0.29,-1.5,1.33,-3.5,-2.53,-12.66,-1.67,0.73,4.33,0.64,-0.14,-0.29,-2.83,1.67,0.76,3.22,-2.23,-0.36,1.76,2.16,4.15,3.47,2.21,2.96,4.41
2007-01-31,4.17,0.53,3.21,1.65,1.42,1.51,6.66,-1.08,2.03,3.01,1.01,5.61,3.2,3.74,-0.77,7.65,5.04,1.14,9.72,-5.25,1.38,3.52,6.12,3.93,4.91,5.42,-1.26,11.11,1.51,-1.4,0.48,2.73,7.25,3.09,0.77,1.39,1.86,0.71,6.32,4.4,4.02,3.96,1.03,-0.26,-0.86,11.36,4.03,-1.82
2007-02-28,-2.38,0.21,-3.4,-2.64,-3.23,2.68,-5.23,0.05,-1.43,1.57,2.96,-2.86,-3.26,2.11,1.57,5.07,2.17,-3.41,1.95,-5.59,2.62,-1.54,0.94,-1.64,-1.35,0.73,0.82,9.82,1.93,-2.21,4.16,-2.78,-0.88,-3.27,-3.16,0.71,-0.67,1.36,2.33,-0.67,0.04,-0.45,-1.58,-2.77,0.18,1.98,-6.31,-2.93
2007-03-31,4.47,2.76,4.64,2.49,4.92,0.4,-0.14,-1.97,-0.93,0.7,-0.59,0.46,-0.39,2.05,2.52,-3.82,-4.08,-4.44,6.03,-0.22,2.61,-0.26,2.5,0.58,0.18,0.07,-5.55,5.13,2.4,5.99,4.33,2.31,-0.82,1.25,1.1,-0.99,2.6,1.02,2.6,-0.35,2.75,0.42,1.15,-1.13,0.51,1.47,0.56,1.52
2007-04-30,6.38,3.28,5.24,4.85,2.73,9.41,0.82,2.08,3.6,1.58,3.14,3.91,7.74,1.82,3.35,8.54,3.63,4.28,3.37,7.91,6.6,6.29,5.83,6.79,3.81,-0.38,-0.77,7.56,14.4,4.92,3.92,1.74,3.43,4.26,4.5,5.99,2.68,5.03,8.56,2.99,1.41,2.15,2.4,2.81,3.82,3.14,6.12,2.98
2007-05-31,3.81,0.38,4.9,3.41,2.61,-0.31,1.66,6.45,-0.93,4.95,2.32,1.1,1.06,5.04,1.6,9.74,5.89,8.29,10.49,6.37,5.8,7.51,3.99,6.82,2.72,3.05,-3.43,9.38,13.28,6.99,1.19,7.31,6.0,4.18,6.27,2.28,3.05,4.14,5.13,4.77,2.98,1.96,3.63,2.07,3.54,5.14,3.8,2.16
2007-06-30,6.72,-1.08,0.34,-2.06,-0.07,-4.95,-1.46,-3.15,-3.14,-0.53,-0.92,-1.43,-4.0,1.93,-4.65,0.09,-2.62,-7.37,-3.33,6.62,1.58,-1.17,5.1,-1.55,-2.98,-2.97,-2.96,2.49,-8.56,1.11,-4.82,-1.8,1.94,-1.4,1.42,2.77,1.51,-0.85,-0.48,-2.31,-1.71,-1.77,-4.05,-3.79,-3.13,-6.75,-4.06,1.28
2007-07-31,-3.33,-4.8,-1.97,-1.16,-4.95,-7.05,-0.99,-8.31,-0.29,-4.55,-5.39,-1.92,-4.43,-0.72,-6.72,-3.75,-4.38,-7.32,-4.6,-1.39,1.24,0.19,-7.87,4.72,-0.93,4.36,6.34,7.43,-13.81,-0.78,-3.73,-3.11,-6.87,-2.78,2.12,-2.1,-0.17,-2.33,-1.86,-1.29,-4.8,-5.54,-1.95,-7.29,-7.67,-9.6,-7.42,0.24
2007-08-31,7.37,1.81,5.36,3.44,4.06,-4.14,4.23,-6.17,2.4,-2.77,-0.09,2.42,2.47,2.1,-1.23,-2.65,-1.14,-3.54,-2.35,-4.45,1.31,1.21,-1.49,-1.57,-1.78,1.26,-0.39,-4.95,-1.06,0.26,1.84,-0.86,0.66,1.19,5.5,2.27,1.84,-0.33,0.31,-1.97,1.86,1.31,2.63,2.88,1.99,-4.39,-2.6,2.51
2007-09-30,20.58,2.1,7.92,6.84,1.23,-4.75,12.03,-1.61,5.66,2.32,3.33,4.73,3.26,5.19,2.45,-5.33,-0.29,-2.67,7.58,3.8,4.67,4.65,6.04,7.96,4.77,8.59,7.66,14.83,13.61,7.71,3.48,2.05,3.29,3.87,3.97,3.18,5.16,1.84,0.34,-0.02,1.03,-1.77,2.76,0.13,2.79,-0.45,6.15,5.19
2007-10-31,13.61,-1.93,11.34,4.16,4.56,-2.91,0.2,-0.34,1.27,-1.5,-1.68,-1.74,2.38,3.28,3.59,5.54,2.53,7.13,2.73,3.47,-1.2,-0.25,0.52,-1.92,6.22,0.5,12.72,10.4,19.18,2.41,6.56,-2.18,9.17,9.61,7.0,0.98,3.6,0.63,3.18,2.41,2.67,-0.12,4.69,-3.72,-2.05,-0.65,6.37,2.99
2007-11-30,0.91,1.47,-7.62,2.14,6.52,-7.4,-8.3,-8.78,3.63,-8.23,-0.32,-0.7,0.19,-4.39,-6.88,-6.04,-6.51,-11.92,-6.62,-6.36,-2.69,3.67,-13.39,-3.45,-5.37,0.77,-1.22,-13.8,3.92,-4.56,-0.71,-6.25,-7.59,-7.46,-10.5,-5.4,-2.93,-6.13,-3.19,-3.97,-7.36,-2.79,-5.02,-8.3,-0.96,-11.84,-8.19,-2.74
2007-12-31,11.64,-0.08,-1.83,-1.03,-2.2,-4.78,-4.17,-1.57,-1.24,-7.32,-0.48,0.77,-5.25,4.23,-1.81,-6.13,-3.19,3.0,2.19,2.28,3.23,0.61,-2.66,0.29,0.19,-4.83,-1.42,-0.82,13.81,7.52,0.9,-0.25,-6.23,2.13,-0.13,1.05,-0.12,-0.77,3.8,-3.71,-0.56,-3.05,-4.44,-7.75,0.23,-8.11,-1.16,-1.17
2008-01-31,-0.51,-7.81,-13.62,-7.88,-0.61,-4.07,-9.27,-6.77,-8.49,0.01,-6.85,-3.45,-4.74,-5.77,-4.5,1.37,-2.92,-1.24,-9.84,-13.17,-9.85,-10.56,-4.6,-7.73,-3.4,1.29,9.29,-10.03,-3.19,-9.29,-6.93,-7.78,-1.08,-9.59,-16.64,-12.22,-11.37,-4.72,-1.98,3.13,-4.09,1.6,-6.37,3.97,-6.22,0.11,-5.75,-4.45
2008-02-29,2.82,3.04,2.96,1.14,-2.91,-8.02,-5.8,-9.81,0.07,-4.53,-3.53,0.57,-1.13,4.18,-3.85,-1.82,-7.73,-3.65,8.15,14.5,3.2,-1.18,-6.85,-2.38,-2.59,-3.83,-3.42,14.44,8.7,6.88,-3.03,-3.85,-13.5,-5.25,-0.96,-3.29,1.67,-4.15,0.96,-4.33,-2.09,-5.83,-0.46,-12.06,-8.03,-6.04,-12.11,-2.02
2008-03-31,-3.76,2.23,-2.09,3.76,-0.25,3.3,-2.77,-5.8,3.55,3.35,-4.44,-0.93,-1.82,-1.78,3.23,-0.81,3.95,0.63,0.23,1.82,-0.68,0.35,-3.89,-4.6,1.2,-3.72,-10.7,-6.28,-7.65,-2.73,0.81,-0.05,-6.75,0.58,0.32,0.5,-0.03,-0.94,2.26,2.97,-2.19,2.54,2.98,-1.64,-6.41,0.72,-6.3,4.21
2008-04-30,2.73,3.72,-3.2,-2.71,-9.48,5.25,-1.72,2.43,-3.54,2.59,6.62,1.66,-0.25,9.41,-1.18,8.19,3.97,3.94,6.48,15.16,9.5,2.58,13.85,9.36,8.8,6.22,-3.92,13.71,21.06,10.29,6.39,4.62,14.15,5.89,7.28,7.14,3.33,-1.68,4.51,6.37,1.12,5.68,4.69,5.56,3.75,-0.24,8.65,-6.23
2008-05-31,10.93,0.8,-7.92,1.44,10.12,3.96,-1.26,0.4,0.05,3.56,0.08,0.04,2.13,3.17,0.87,-2.29,3.78,4.83,9.25,5.61,5.86,11.22,-2.97,-0.47,3.61,2.93,6.19,3.6,23.6,3.59,3.59,4.79,0.5,4.7,6.46,6.12,5.71,1.53,5.44,3.75,6.94,0.39,-1.24,-6.32,-1.19,0.52,-3.49,-1.97
2008-06-30,-1.67,-9.7,-13.51,-5.05,-6.2,-10.03,-20.99,-11.75,-7.92,-12.5,-7.81,-1.45,-3.09,-4.5,-12.27,-15.11,-13.72,-9.23,-5.8,7.68,-6.22,-12.18,-22.87,-18.09,-9.23,-9.78,8.68,-1.78,21.14,2.03,-0.41,-10.92,-9.48,-7.64,-10.4,-10.3,-4.25,-12.82,-15.62,-10.44,-7.25,-8.17,-10.0,-20.91,-14.5,-15.56,-13.46,-11.17
2008-07-31,-4.91,6.18,-1.23,2.6,3.59,9.72,-2.37,-4.51,8.01,-3.79,3.85,3.83,7.54,-0.62,5.14,-10.41,-0.53,-2.66,-11.68,4.41,-5.16,-0.2,-3.71,-0.25,7.5,5.05,-7.2,-14.83,-22.94,-15.28,-7.1,-3.09,8.9,-1.48,-1.08,1.13,2.62,4.44,3.32,6.1,1.32,0.76,1.57,11.91,2.34,-6.0,2.87,0.48
2008-08-31,-3.63,-0.48,7.61,1.18,3.33,-3.75,5.79,3.49,5.92,8.79,5.32,3.48,1.22,-2.77,7.19,14.45,4.56,3.89,-6.78,-5.2,0.32,-1.35,0.11,3.77,2.82,11.56,-9.74,-4.71,-6.19,0.26,-0.46,4.0,2.47,1.93,4.26,2.06,1.08,2.81,4.18,1.68,3.16,6.15,4.03,-0.18,1.9,6.05,-0.53,0.46
2008-09-30,-12.91,-1.58,0.72,1.87,-6.08,-5.23,-16.97,-13.61,-0.42,-0.95,-6.67,-7.07,-5.67,-18.53,-9.45,-5.31,-7.96,-14.85,-30.98,-28.16,-20.95,-15.82,-10.76,-13.87,-19.56,-6.24,-14.74,-28.49,-38.06,-10.93,-11.84,-12.61,-8.25,-8.46,-15.31,-17.38,-11.43,-3.89,-17.0,-9.7,-10.09,-5.19,-4.78,3.12,-12.72,-6.47,-15.62,-2.23
2008-10-31,-11.02,-8.69,-22.5,-16.65,-6.55,-23.26,-32.24,-24.6,-13.36,-21.96,-18.91,-19.32,-8.82,-21.24,-18.93,-28.09,-32.02,-26.26,-32.41,-28.69,-29.78,-24.71,-36.43,-14.42,-21.05,-21.68,-33.6,-34.86,-29.31,-16.38,-11.12,-15.53,-7.25,-19.38,-16.86,-17.08,-23.13,-18.33,-19.6,-10.7,-20.9,-14.53,-12.51,-15.25,-26.88,-36.69,-26.01,-18.21
2008-11-30,-10.71,-7.4,-14.6,5.54,-7.33,-11.61,-24.45,-10.74,-2.45,-14.3,-13.57,-18.9,-4.88,-16.03,-5.04,-27.93,-2.09,-4.13,-12.24,-18.47,-8.09,-0.13,-6.2,-11.85,-13.51,-8.33,26.08,-4.92,-29.29,0.94,1.26,-1.58,-2.86,-9.5,-9.7,-14.41,-8.57,-4.27,-6.87,-10.27,-11.45,-7.58,-6.43,-17.17,-6.07,-27.51,-14.94,-10.63
2008-12-31,-9.72,2.55,18.12,-1.67,1.36,13.0,8.38,-3.22,-2.08,3.7,7.47,6.19,6.79,-2.36,-0.3,13.08,1.2,8.43,16.66,-4.34,3.09,5.6,-3.01,7.46,10.59,8.96,21.97,11.27,-4.32,-2.4,-2.04,3.47,3.26,2.56,-0.62,5.64,-2.45,-8.36,12.19,-1.61,6.46,3.54,11.12,-4.32,12.65,8.98,4.44,-4.06
2009-01-31,7.17,-0.3,-7.41,-7.38,-6.63,-14.11,-12.69,-10.68,-10.85,-11.8,-3.63,2.73,-2.91,-6.5,-14.89,-25.21,-16.08,-11.77,-16.63,-9.33,-9.83,-11.94,-9.95,-4.37,-4.56,-2.85,-2.52,-11.67,2.13,-3.64,-0.84,-10.32,-0.1,-3.89,-3.35,-3.41,-0.48,-9.95,-10.17,-15.81,-1.42,-8.65,-7.76,-27.33,-14.63,-6.88,-9.48,-15.23
2009-02-28,-0.51,-11.05,-3.2,-4.74,-8.55,-14.21,-15.58,-13.22,-11.08,-8.47,-10.07,-12.5,-10.57,-8.26,-20.89,-28.67,-17.23,-12.19,-18.81,-20.24,-12.84,-15.33,-10.19,-18.12,-21.97,-20.83,4.12,-0.51,-4.96,-12.66,-12.52,-6.95,-10.97,-3.74,-6.85,-6.47,-8.64,-14.49,-4.22,-12.34,-8.64,-1.21,-7.46,-16.24,-19.88,-24.65,-3.93,-18.68
2009-03-31,8.89,0.96,14.95,7.09,7.33,5.26,8.96,8.23,0.53,15.69,2.03,4.54,8.15,16.48,5.94,29.81,10.36,15.23,12.13,5.53,11.7,7.73,11.96,6.66,-3.34,8.26,8.6,19.15,0.27,4.04,2.82,7.95,4.23,9.79,13.58,14.01,6.85,8.0,6.46,8.16,4.17,11.34,9.1,15.43,10.97,0.19,19.47,11.03
2009-04-30,3.11,3.44,28.61,-1.44,2.22,23.11,40.96,30.57,8.65,21.64,15.66,6.55,-3.12,17.09,32.09,59.18,34.59,14.7,25.89,39.51,19.64,22.71,49.46,15.18,28.54,13.99,-8.38,9.78,15.22,4.32,2.09,9.65,-4.85,10.99,17.02,12.53,9.35,23.4,12.65,15.16,15.08,9.4,9.17,19.91,13.45,65.1,14.32,15.65
2009-05-31,-2.97,7.69,0.95,9.49,12.62,2.66,8.72,-0.28,4.56,3.03,3.98,5.42,6.5,6.98,2.35,-7.06,-3.88,0.0,9.7,8.26,4.27,-1.74,-3.28,9.41,7.24,6.81,21.33,16.34,35.19,9.94,4.64,1.05,-0.87,3.29,0.94,3.25,3.5,3.27,6.68,2.22,4.89,-2.97,5.79,10.35,8.24,0.15,12.11,3.25
2009-06-30,-8.08,2.62,-1.41,1.6,1.21,-2.29,-4.65,-1.44,0.69,-3.18,3.73,4.66,3.4,-6.81,0.2,-7.78,-3.27,-0.18,3.35,0.15,-2.49,1.45,5.11,-3.69,-2.82,-3.47,-16.53,-5.15,-12.09,-4.58,4.64,1.65,14.06,4.09,6.03,2.79,5.43,4.04,2.58,0.72,-0.64,0.0,-3.14,-3.18,-1.51,1.2,1.29,-5.44
2009-07-31,12.09,7.15,6.85,3.71,7.46,10.91,15.79,15.86,10.22,11.92,6.58,2.36,6.03,17.01,19.05,36.16,17.74,10.65,3.76,5.82,15.02,12.74,16.39,5.41,13.67,-6.46,2.21,17.28,15.47,5.08,4.41,5.54,1.32,5.44,12.3,9.1,6.54,15.85,11.79,11.28,9.08,7.24,2.34,8.85,9.56,9.77,6.92,10.48
2009-08-31,-0.17,-0.04,6.14,-0.73,0.33,4.92,11.1,7.02,-0.78,3.46,3.02,5.3,1.57,1.81,7.02,1.65,6.17,6.3,3.64,7.94,1.7,2.28,1.7,11.13,12.69,1.22,-1.95,5.11,1.28,0.77,0.25,0.73,3.29,2.46,2.61,1.94,1.18,5.07,0.46,3.63,4.67,3.88,3.14,12.18,10.82,14.18,2.53,3.49
2009-09-30,-6.68,2.12,6.05,7.74,4.55,3.96,12.56,-2.64,6.42,12.43,3.5,2.18,2.09,6.87,6.63,1.16,1.71,-3.25,6.45,9.45,8.72,7.34,2.56,5.61,8.75,4.03,11.88,9.4,16.27,4.81,2.24,6.49,6.3,4.66,7.98,2.69,6.85,2.06,5.92,3.66,4.04,2.11,3.57,0.02,-0.01,7.23,7.3,8.09
2009-10-31,-12.38,1.1,-4.05,0.98,-0.28,1.73,-13.0,-0.79,0.66,-2.67,-2.92,-5.44,-3.11,-4.03,-4.2,-6.63,-4.77,-9.02,-12.11,-9.13,-0.05,-5.78,-2.54,-4.35,-7.1,-10.51,-1.58,2.34,-0.02,2.55,-2.71,-3.98,-10.61,0.9,-1.61,-6.71,-3.38,-0.56,-5.41,-5.6,-2.8,0.87,-3.04,-5.76,-4.24,-10.25,-3.77,-6.9
2009-11-30,18.12,2.0,0.34,5.27,2.17,4.22,9.22,3.22,7.26,1.7,3.92,9.95,7.96,9.78,4.04,3.01,4.85,-4.1,7.51,3.65,6.01,5.86,11.02,9.39,5.5,12.1,24.06,12.2,10.58,3.0,4.58,6.84,3.69,5.43,3.34,5.72,3.77,9.17,0.5,11.99,4.48,4.58,7.8,5.56,5.21,10.0,1.68,6.41
2009-12-31,1.95,3.06,5.57,-0.72,3.27,3.65,-1.52,16.78,-1.99,4.54,7.15,3.7,1.88,2.36,1.93,11.02,7.0,6.24,15.7,3.0,3.84,5.19,6.39,3.52,5.48,-1.38,-11.7,-1.84,7.3,-0.77,5.87,6.42,7.35,5.34,5.36,8.3,6.04,4.03,5.56,4.77,5.07,1.32,2.69,-1.1,2.92,11.39,0.93,-2.18
2010-01-31,-6.68,0.47,-2.42,-3.7,-3.32,-2.17,3.65,3.69,0.79,-3.23,-3.77,-0.35,0.34,-3.97,-7.41,-8.48,-2.93,-0.17,-12.49,-7.02,-6.54,-4.79,0.96,0.88,-9.13,-1.51,-11.15,-16.23,-7.26,-4.76,-4.45,-6.77,-3.34,-7.04,-7.48,-9.31,-5.39,-5.01,-8.64,-4.34,-2.5,-1.92,-0.94,1.19,0.74,-3.68,-7.74,7.96
2010-02-28,-6.6,3.02,13.67,0.25,4.39,14.24,2.6,-3.19,3.53,6.5,2.2,2.19,-0.15,5.43,6.54,15.71,4.06,2.02,4.48,8.11,8.35,10.47,6.76,3.97,5.2,5.36,14.34,12.83,10.64,2.31,-0.42,2.76,1.31,3.08,7.05,5.16,6.81,2.16,7.91,6.76,5.94,4.32,4.47,2.19,3.6,7.34,3.95,2.43
2010-03-31,2.04,4.22,5.61,6.13,6.11,6.44,15.06,5.42,2.01,11.56,7.08,4.44,3.2,7.31,4.68,8.04,8.39,5.95,11.99,1.56,6.38,7.08,8.83,10.91,17.78,6.08,3.84,10.91,1.95,3.24,3.12,7.63,6.78,5.01,8.69,7.71,7.61,5.91,6.07,8.0,5.99,6.18,8.47,8.49,8.43,13.67,7.3,6.6
2010-04-30,-10.2,0.08,-1.71,-1.77,-2.46,-0.94,16.36,1.73,1.18,4.36,2.57,0.36,-3.12,3.06,8.61,11.42,11.51,9.58,-2.94,6.39,6.02,4.51,4.73,2.22,22.14,1.62,10.8,-3.82,-1.97,4.3,2.85,3.41,3.01,0.59,5.15,1.57,6.5,4.63,1.84,3.54,3.2,1.83,7.45,3.04,-1.54,5.81,-1.02,0.41
2010-05-31,-18.21,-3.91,-0.19,-3.89,-7.66,-5.51,-7.86,-10.4,-4.22,-5.97,-3.77,-8.47,-8.32,-10.07,-4.9,-9.75,-10.61,-10.72,-7.48,-9.47,-10.34,-10.12,-10.04,-9.61,-11.33,-6.34,-5.16,-5.96,-15.12,-10.06,-6.3,-5.85,-7.61,-8.29,-7.04,-7.55,-6.99,-9.01,-8.51,-5.75,-4.03,-5.85,-5.24,-10.7,-5.95,-12.03,-8.47,-10.03
2010-06-30,-8.55,-1.31,-0.71,-1.66,3.31,-3.93,-10.82,-7.54,-3.2,-9.37,-7.4,-3.47,-0.75,-7.89,-8.82,-14.61,-11.93,-13.4,-13.3,-5.54,-5.45,-7.12,-9.83,-5.67,-17.11,-6.92,13.27,-12.76,-9.34,-6.16,-0.71,-3.84,-12.5,-6.48,-5.03,-7.45,-5.7,-2.61,-0.53,-7.54,-5.23,-10.6,-5.4,-7.36,-4.73,-12.93,-10.41,-0.16
2010-07-31,18.84,2.93,6.71,8.36,10.74,2.07,9.51,5.61,4.08,8.29,-5.33,0.32,3.11,14.74,8.12,6.49,8.87,6.86,8.26,9.71,14.19,13.59,15.99,10.29,12.55,1.4,-8.91,17.01,14.05,7.45,6.81,9.59,7.73,8.07,6.5,7.69,1.25,7.77,7.52,10.76,3.21,4.65,7.09,5.83,5.69,14.19,10.23,4.2
2010-08-31,-9.24,1.09,-0.4,-0.02,0.02,-2.31,-0.99,-10.55,-3.83,-7.49,-4.42,-8.14,-0.08,-0.42,-2.29,-5.53,-5.44,-7.22,-8.76,-9.31,-8.21,-7.08,-10.49,-8.19,-9.61,-6.48,11.64,-2.03,-6.21,-3.33,0.36,-1.99,-19.76,-4.36,-8.67,-8.58,-6.01,-6.45,-4.13,-5.0,-7.5,-4.19,0.37,-10.39,-4.3,-7.0,-7.94,-4.08
2010-09-30,-5.72,2.42,4.19,4.96,9.77,10.71,15.35,13.97,3.79,17.73,12.4,11.74,8.23,9.93,9.58,13.36,10.75,9.68,12.16,14.51,16.02,14.18,13.62,10.1,19.41,3.92,4.65,14.21,13.49,9.04,3.65,7.88,18.65,11.15,13.7,13.54,15.39,9.69,6.02,10.2,9.83,13.64,7.5,6.28,8.71,12.64,8.07,8.36
2010-10-31,19.57,3.83,8.96,1.87,5.35,2.14,15.63,6.87,4.4,3.43,3.04,0.25,2.22,8.35,2.09,3.22,4.8,-1.94,4.66,9.91,4.53,4.98,9.89,6.08,1.45,0.55,-2.28,13.16,6.85,4.48,1.86,4.56,-7.2,8.3,4.76,3.73,6.03,3.08,5.95,5.52,4.91,1.31,6.01,0.01,1.9,-1.79,7.6,-1.84
2010-11-30,0.85,-2.72,0.93,1.96,-3.9,9.15,7.04,-1.87,-2.52,9.1,1.53,-0.21,-4.32,0.82,3.09,-1.27,3.21,2.66,2.93,9.35,6.65,4.06,6.52,-0.51,-0.28,-3.01,0.82,3.98,14.57,5.14,-1.36,-1.89,0.16,-2.34,-0.98,3.35,2.49,0.5,-0.7,2.31,0.19,4.97,4.13,0.07,-0.78,0.12,-0.81,-0.6
2010-12-31,15.85,4.61,0.96,3.53,4.23,1.93,-1.24,8.38,5.69,0.91,9.14,9.43,4.33,7.54,7.21,4.13,10.53,14.52,13.27,10.84,10.41,5.63,8.67,4.09,16.36,2.92,6.03,16.62,14.46,9.18,3.23,6.59,11.48,6.97,4.24,5.37,9.57,4.63,5.73,3.12,6.79,3.46,-0.29,12.42,7.42,7.72,9.3,8.01
2011-01-31,5.06,-1.96,1.89,-3.59,-3.3,-6.55,3.75,2.9,-1.03,-3.53,1.72,2.47,-1.62,1.58,1.96,-3.75,2.95,6.68,3.9,7.83,5.47,3.77,0.02,5.06,2.78,11.38,-10.85,-6.36,1.76,7.18,2.18,0.05,-0.37,2.52,3.94,6.54,2.73,3.01,3.7,-0.47,2.92,-1.27,-2.76,2.58,3.13,2.22,1.52,5.36
2011-02-28,-1.2,6.57,3.19,0.57,8.65,6.51,1.03,2.65,1.38,8.48,6.89,4.55,2.77,5.0,3.99,7.13,3.08,-0.29,3.94,8.85,4.05,2.73,-3.03,2.81,6.74,0.27,4.82,0.01,0.13,7.97,2.42,7.4,11.14,2.1,1.82,3.93,5.85,3.16,4.28,1.31,2.89,1.4,4.13,1.51,5.12,8.62,3.0,5.04
2011-03-31,0.33,1.55,4.54,3.36,6.38,1.57,-1.09,-0.13,0.13,-4.07,3.54,0.56,2.58,1.95,6.11,4.43,3.45,1.49,0.76,9.42,4.25,0.96,1.71,2.17,18.02,1.62,0.67,0.09,8.92,1.82,0.92,1.68,2.3,0.19,-2.83,-3.2,1.92,1.76,0.46,3.14,1.43,0.51,1.95,-1.92,-0.37,1.06,-2.46,-3.03
2011-04-30,-4.17,5.76,5.18,3.93,5.37,4.27,6.7,0.06,5.03,8.1,1.06,5.03,6.95,4.49,4.45,4.95,0.08,0.08,0.52,-5.25,1.71,0.32,2.28,4.25,1.68,-1.05,6.24,-2.77,-2.79,1.78,4.0,3.26,1.46,2.92,1.53,4.63,4.07,1.95,0.66,3.06,4.16,5.17,1.15,-0.62,4.2,5.24,-0.73,1.39
2011-05-31,2.86,2.31,3.67,0.54,4.52,-0.85,-0.44,1.17,2.99,0.64,0.55,-0.18,2.62,-3.63,1.76,2.79,-1.85,-2.63,-5.3,-3.26,-5.85,-6.09,-3.35,-1.66,-6.26,-0.81,-5.81,-5.59,-5.78,-4.46,1.32,0.77,-0.81,-2.37,-1.85,-0.9,-0.14,-0.62,5.71,-0.42,1.34,0.2,4.49,-2.83,-1.51,-3.33,-4.04,-3.99
2011-06-30,1.5,-1.11,4.03,0.62,-5.62,-0.62,-1.65,-0.45,-2.69,3.88,-2.88,-3.26,-1.47,-0.29,0.24,-6.46,-1.86,-4.97,-1.94,8.02,-0.57,0.2,-1.54,0.3,-2.75,2.86,-5.06,-0.67,-5.9,-2.16,-0.34,-1.38,1.87,-1.15,-3.35,-4.17,-1.35,0.59,-6.6,-0.45,-2.02,-1.37,1.65,-2.23,-1.17,-3.46,-4.44,-2.43
2011-07-31,1.31,-0.22,-5.93,-2.98,2.84,-5.07,6.18,-3.04,-2.82,2.37,-9.21,-4.38,-3.03,-2.05,-5.53,-6.24,-7.51,-4.61,-6.23,-3.87,-4.67,-9.33,-9.81,-5.96,-6.05,-5.81,3.54,-0.78,0.62,0.48,-0.33,-4.98,-0.92,0.13,3.7,-6.14,-8.22,-7.04,-4.63,-5.09,-4.53,-0.08,-0.11,-3.62,-5.2,-3.86,-2.66,-4.66
2011-08-31,-6.79,-1.42,2.17,2.26,0.34,-3.02,-6.13,-3.15,0.64,-5.81,-13.8,-4.83,-1.88,-8.35,-2.53,-6.96,-7.31,-10.14,-13.21,-6.99,-8.15,-7.92,-12.18,-7.18,-8.96,-1.29,9.74,-5.96,-19.6,-9.57,0.2,-5.04,-14.33,-6.34,-6.94,-7.33,-8.3,-5.36,-8.08,-7.24,-4.06,-3.33,-0.68,-9.33,-7.86,-12.54,-11.6,-5.03
2011-09-30,-12.86,-3.72,-2.64,-3.84,-4.91,-9.44,-21.47,-8.0,-3.74,-5.14,-9.25,-7.74,-2.77,-15.87,-11.96,-14.35,-16.39,-15.33,-20.58,-18.14,-16.39,-13.74,-13.8,-4.37,-18.9,-4.08,-5.14,-30.72,-29.94,-11.67,-1.61,-5.72,-13.92,-4.53,-4.22,-5.56,-10.31,-9.82,-12.78,-9.46,-8.14,-2.85,-5.37,-11.68,-8.37,-15.63,-14.53,-5.02
2011-10-31,21.04,3.69,2.56,1.91,7.59,16.27,15.36,8.79,4.26,16.54,11.64,6.28,4.94,18.11,13.43,14.29,23.87,19.93,18.15,24.05,22.93,18.69,23.77,10.56,29.33,5.53,7.98,27.03,28.37,15.94,6.7,7.61,18.68,11.66,11.91,12.41,11.72,10.6,13.3,15.53,13.79,9.08,10.14,13.25,13.59,16.34,13.89,9.37
2011-11-30,0.17,0.54,-0.81,0.51,7.16,-0.69,-3.07,0.52,0.74,-3.72,1.84,-0.56,1.66,-0.84,-0.13,-1.07,2.77,2.82,-1.46,9.61,2.11,5.78,-8.65,1.74,5.27,4.05,2.49,0.46,-6.31,2.39,1.01,0.3,-3.42,-1.75,-3.27,-0.5,-0.93,1.22,0.16,1.42,1.15,0.82,2.42,-4.07,-0.67,0.37,-4.71,-1.67
2011-12-31,-4.0,1.05,2.56,3.97,3.62,-6.48,-4.31,5.0,2.15,-2.31,-1.43,1.9,4.15,0.13,0.66,0.81,-1.44,-0.28,-5.25,-8.12,-3.9,-4.47,-1.55,0.29,2.25,2.88,-12.84,-4.59,-13.66,-0.01,2.91,3.12,4.49,-1.84,0.19,-1.75,-1.78,1.16,0.58,1.15,-0.02,0.33,4.01,3.13,0.95,1.46,-1.42,3.96
2012-01-31,16.87,0.79,4.24,-2.32,-4.66,11.08,12.52,3.42,-1.2,9.7,4.61,6.7,2.68,11.3,8.12,7.03,6.47,9.67,12.34,4.37,12.76,10.27,13.21,4.9,4.72,2.28,5.34,18.91,1.43,1.0,-2.71,2.37,7.39,5.77,11.02,9.11,14.99,3.8,8.81,6.77,6.1,4.02,3.23,7.72,5.15,10.49,10.12,3.81
2012-02-29,-5.12,2.07,4.79,0.78,10.53,6.24,5.86,1.35,6.56,6.38,6.62,0.94,0.93,2.17,2.15,5.84,5.13,6.09,-2.69,8.29,4.47,1.7,4.97,4.28,7.49,7.27,-3.19,-5.86,-1.74,6.7,1.3,5.07,-3.19,5.55,10.95,3.78,2.15,3.57,4.31,-1.52,1.54,3.46,2.82,7.09,5.28,7.45,6.66,1.63
2012-03-31,2.96,1.52,4.23,6.06,4.94,2.95,4.23,4.07,1.56,1.59,0.02,3.55,4.33,2.89,5.7,4.51,3.1,1.43,0.65,4.14,-2.38,1.07,0.58,0.04,-2.38,1.23,-12.04,-4.58,-12.27,-3.08,1.48,2.38,-1.5,3.57,6.81,3.5,3.93,1.54,1.73,0.77,2.99,5.24,3.96,9.35,3.77,5.71,4.55,3.76
2012-04-30,-4.05,1.03,3.17,1.34,1.83,1.02,-2.76,-2.69,-2.09,-0.07,-0.67,0.23,0.77,1.16,-0.91,-0.15,-1.99,2.12,-4.26,-2.61,-1.61,-1.64,-7.72,0.25,-1.87,1.32,-6.18,0.44,2.42,-1.64,1.7,1.69,-3.38,-0.52,-3.32,-3.23,-2.94,-0.45,-2.04,1.46,-0.21,1.32,0.83,-2.36,-0.82,2.84,-5.35,-1.58
2012-05-31,0.53,-3.29,1.59,-0.25,-3.61,-7.83,-13.22,-7.77,-4.64,-5.67,-6.23,-5.48,-2.56,-8.44,-5.02,-2.6,-5.56,-8.05,-14.57,-13.91,-11.09,-7.65,-7.39,-7.52,-10.78,-8.27,-3.68,-15.79,-23.71,-10.31,-0.88,-0.77,-10.07,-7.49,-7.53,-9.36,-6.39,-5.13,-9.42,-2.03,-6.16,-2.06,-4.48,-9.48,-7.26,-5.98,-11.79,-2.76
2012-06-30,6.89,1.34,2.17,5.76,5.98,1.27,0.16,6.86,0.0,-10.41,14.49,5.92,6.5,3.13,3.68,2.2,1.73,8.13,4.78,1.89,0.01,-2.05,-4.16,2.44,8.72,5.41,4.0,8.47,2.41,5.84,3.42,7.02,3.71,4.57,1.63,2.16,0.24,2.78,1.76,3.99,2.76,3.06,-2.31,5.23,3.68,4.07,4.28,6.7
2012-07-31,3.27,-2.72,2.77,2.05,3.94,6.26,-12.1,0.92,3.59,2.04,-4.47,-4.16,3.23,-0.96,-3.71,-0.75,-2.54,-1.95,-1.45,-5.39,1.5,3.42,-1.16,-1.42,2.46,2.96,-8.93,-1.15,-10.94,3.07,3.5,4.15,-11.78,-0.89,1.42,-0.43,0.65,0.91,2.53,-0.86,0.46,2.32,-3.37,-0.06,-3.2,-2.4,-1.21,0.89
2012-08-31,2.14,4.41,-6.98,0.28,-2.94,3.41,8.46,6.77,3.2,8.15,6.68,3.54,0.11,2.96,3.87,8.07,7.76,7.96,-1.23,9.18,4.08,3.73,4.24,3.1,-0.73,2.64,15.75,2.89,0.3,2.39,-3.46,0.97,6.24,3.9,7.87,2.2,2.84,2.21,2.94,-1.54,0.4,3.46,1.65,3.1,6.13,4.93,4.9,-0.62
2012-09-30,4.66,1.14,1.76,-1.04,-0.04,0.12,7.02,6.43,2.61,-0.4,8.3,5.88,4.2,1.48,5.32,5.37,4.1,6.51,3.76,3.65,2.0,-0.17,3.42,-0.89,3.97,3.39,13.66,8.6,2.06,3.84,2.11,4.86,3.98,3.0,0.6,-2.86,2.53,2.2,4.19,-2.28,0.44,1.8,3.72,4.59,1.39,3.32,4.06,6.31
2012-10-31,-4.84,-0.59,-2.7,-1.9,-2.52,-0.95,2.11,-0.8,1.06,-1.11,-5.14,-3.72,-1.33,-2.46,2.55,4.73,3.76,2.96,-0.77,-1.79,-0.8,1.29,6.4,0.59,2.86,0.52,-2.86,2.26,20.5,-2.2,1.09,-2.43,-2.68,-4.64,-10.29,-3.96,-1.47,-2.82,0.93,2.97,2.58,-0.96,-4.92,1.38,2.87,-1.1,2.48,-3.85
2012-11-30,5.85,3.89,3.25,1.95,3.27,2.07,2.09,-2.62,1.31,3.94,4.0,0.86,1.47,3.23,1.98,4.06,4.45,-0.97,2.55,-4.96,1.68,5.48,2.78,4.09,2.02,1.91,-14.18,1.41,-11.27,-1.33,-3.79,0.06,4.38,1.17,0.92,2.03,4.07,4.3,-0.47,0.42,2.32,1.08,2.65,-0.65,-2.19,0.73,0.07,0.89
2012-12-31,3.0,-0.71,-3.63,-0.93,-5.59,-1.16,4.66,5.32,-1.71,-0.17,3.1,0.36,-0.96,4.43,0.18,3.53,3.24,6.18,6.55,7.15,4.14,3.7,8.34,2.39,5.46,-1.43,-0.82,-1.49,7.66,1.22,0.12,1.15,3.86,1.8,-3.72,3.01,3.48,3.58,2.0,3.15,2.13,-2.2,1.8,5.29,1.71,5.91,5.72,1.28
2013-01-31,7.01,7.37,2.41,5.12,5.61,2.7,15.93,5.43,8.9,2.3,9.67,10.05,7.58,4.97,11.38,9.2,7.87,11.1,4.03,4.77,8.07,7.28,1.33,2.47,9.01,-3.94,-8.53,3.83,-3.72,7.66,5.05,4.85,8.37,6.19,-5.65,3.33,7.47,5.85,4.47,8.5,6.4,5.36,5.35,4.4,6.44,5.89,13.04,7.1
2013-02-28,-0.41,4.84,3.54,5.08,2.2,5.87,-1.58,-8.4,3.08,1.45,0.78,-1.23,1.89,-0.88,2.29,5.65,2.29,-3.47,-2.72,8.48,-1.13,0.97,-1.03,3.63,6.36,2.81,-8.22,-7.39,-8.12,0.8,2.2,2.29,3.14,0.96,-1.01,1.95,1.56,4.57,4.92,3.61,2.03,0.56,0.79,1.26,0.68,3.19,1.57,4.31
2013-03-31,4.6,7.98,4.82,5.31,2.73,7.42,7.91,7.23,2.26,2.78,5.88,3.25,7.2,1.2,6.38,8.91,2.11,6.31,2.07,8.81,0.36,0.62,3.99,5.64,6.45,8.97,2.56,0.39,0.86,2.09,5.69,5.64,8.94,2.6,2.43,3.63,3.44,5.3,6.98,4.7,3.47,4.79,5.31,4.44,5.25,6.35,3.53,1.74
2013-04-30,1.39,1.75,4.83,3.54,4.4,4.42,4.42,-0.06,1.21,9.05,-0.44,-1.8,3.63,3.97,-0.78,1.0,-2.85,-3.24,-4.39,1.34,-1.26,-1.41,4.84,0.55,-2.86,2.54,-22.23,-6.94,-5.66,-1.33,5.13,4.32,0.18,1.69,-1.6,0.41,-1.46,-0.05,0.4,-0.13,0.2,3.26,2.58,1.25,3.69,-2.99,-0.12,0.04
2013-05-31,-5.06,-2.05,-5.01,-1.48,-2.97,0.63,2.63,3.77,-0.23,1.09,4.32,5.2,0.79,3.54,1.82,0.71,7.21,3.45,3.84,14.31,5.3,4.07,11.37,6.63,1.74,7.2,3.1,-0.54,0.48,3.07,-7.14,-1.76,9.01,3.64,6.0,4.76,4.98,2.49,0.67,2.83,3.87,2.39,-0.21,8.19,4.55,-0.98,8.64,5.05
2013-06-30,-0.98,0.8,1.1,0.9,-2.26,1.56,-5.11,1.83,-0.65,0.74,-1.3,0.2,-1.68,-4.95,-3.42,2.28,-5.93,-6.92,-4.73,-1.58,-3.52,-3.33,0.45,1.23,-1.96,2.44,-11.75,-9.02,-23.2,-2.11,0.82,1.98,-4.09,-2.28,-5.87,-1.2,-0.44,-0.91,-0.49,-0.98,-0.55,-0.39,1.66,-0.64,1.57,-2.55,-3.1,-0.93
2013-07-31,1.19,5.43,0.36,2.72,1.76,-1.04,6.25,8.27,5.16,1.63,1.66,5.71,8.93,6.41,5.73,11.91,5.85,-0.57,7.04,13.96,4.37,9.71,9.71,6.88,6.82,10.58,1.2,-0.11,10.54,5.11,4.58,3.43,5.89,4.58,6.55,7.85,5.32,7.48,8.62,3.9,6.41,6.41,2.9,6.53,5.99,2.42,7.69,4.44
2013-08-31,-1.24,-3.67,-4.56,-3.95,-4.85,-1.37,3.59,-5.06,-2.9,-1.9,-4.19,-3.75,-3.62,-0.64,-4.06,-3.4,-4.84,-5.33,-2.85,-3.31,-0.31,-1.98,-1.22,-3.12,2.19,2.38,5.58,4.34,3.75,-1.97,-4.43,-3.29,-4.72,-0.35,-4.79,1.97,-2.53,-2.64,-2.09,-2.73,-2.51,-4.92,-2.19,-4.71,-2.69,-5.59,-5.1,-4.11
2013-09-30,6.17,-0.2,0.01,1.28,4.27,3.67,11.22,9.0,0.76,7.28,5.97,3.73,4.13,5.18,7.06,8.48,9.13,7.61,8.35,8.43,6.05,7.1,6.74,8.58,7.57,4.95,-11.44,4.73,2.56,1.95,1.05,4.28,2.07,5.3,2.18,1.94,6.48,3.42,-0.19,5.86,5.65,4.41,4.07,2.48,3.26,3.68,4.56,3.07
2013-10-31,1.04,5.27,4.69,6.33,5.36,9.86,3.33,4.98,6.33,2.49,3.83,5.7,3.16,3.88,6.51,4.42,4.05,3.08,8.24,-4.96,1.45,5.5,-0.13,5.28,6.47,5.22,-3.25,7.62,10.17,4.73,3.34,5.85,6.62,3.06,0.78,6.43,3.42,6.98,5.43,5.83,5.86,5.41,3.84,2.93,2.45,3.9,5.84,4.56
2013-11-30,7.47,-0.07,2.31,1.13,-2.42,3.24,3.23,1.75,3.88,6.82,2.05,1.97,5.11,1.2,1.77,4.27,3.05,2.4,1.7,0.29,1.51,3.39,1.71,4.6,7.6,7.55,-8.65,-4.97,-3.48,0.92,-1.81,0.08,2.95,3.43,1.2,4.67,2.9,5.21,-0.8,5.27,3.82,3.76,3.39,6.45,5.73,5.3,5.07,1.53
2013-12-31,3.08,2.88,3.4,-0.4,2.99,2.34,7.99,8.05,-1.96,0.99,-1.38,1.13,0.62,4.98,5.9,3.72,4.71,6.31,6.56,-1.0,5.35,3.23,1.63,2.86,7.28,4.05,-5.23,9.25,7.89,2.96,1.79,3.98,4.22,4.48,4.49,2.76,5.06,2.51,4.6,2.25,2.57,0.05,-0.27,2.72,1.64,4.39,4.33,3.12
2014-01-31,-8.03,-3.68,-7.27,-0.46,-8.33,-8.62,0.43,-6.52,-6.14,-7.64,1.64,0.92,1.95,-3.82,-5.18,-2.72,-5.46,-0.48,-5.51,-8.77,-4.42,-2.73,-2.55,-3.84,3.04,2.53,-2.79,-7.39,-7.61,-6.89,2.49,-3.81,-3.52,-0.7,1.11,-5.31,1.46,-5.01,-3.59,-1.57,-2.4,-7.64,-4.62,-3.49,-5.23,-3.1,-5.5,-7.37
2014-02-28,2.99,4.88,2.31,1.57,3.35,3.42,9.45,8.29,3.37,5.41,3.33,3.6,7.01,7.81,2.13,0.84,7.96,4.59,2.56,6.21,5.95,3.8,8.72,3.54,13.42,6.74,8.32,6.04,4.67,5.7,3.09,2.56,7.93,5.37,3.23,5.24,4.64,4.99,7.91,2.11,4.53,5.78,4.73,2.99,3.77,4.57,3.21,2.39
2014-03-31,3.71,3.19,1.66,4.8,4.1,4.48,-7.44,-0.21,1.85,-0.13,2.09,1.42,-3.41,0.65,-2.59,-0.15,-1.69,-3.49,3.63,-4.57,1.05,0.09,-1.13,-1.29,-0.22,0.91,-2.69,-0.23,-2.9,2.5,2.68,0.15,-1.39,-2.51,1.53,2.74,-2.67,-0.53,-1.27,2.77,0.44,-1.24,1.69,3.12,2.27,-2.86,1.08,4.41
2014-04-30,-2.6,0.22,4.1,1.55,5.69,-1.13,-4.34,-1.7,2.88,-3.63,-1.08,-4.7,0.51,0.05,-1.05,0.42,-1.5,-4.08,0.73,-5.35,1.38,-0.83,0.14,1.3,0.91,0.61,3.23,2.91,8.95,5.64,3.98,0.39,-0.66,-2.9,-2.23,3.26,-3.3,0.43,-1.52,1.13,-0.56,-0.82,-1.35,-4.63,-1.67,-3.14,-2.63,3.18
2014-05-31,9.84,5.07,0.62,3.06,3.99,-1.06,4.05,-0.49,-0.69,1.88,3.57,4.25,1.33,2.69,-0.63,2.76,0.07,0.88,-1.75,1.64,0.5,-0.51,1.76,1.72,5.43,-0.94,-8.95,-0.94,-7.32,0.97,0.01,4.11,1.86,2.45,3.69,4.98,3.25,3.09,4.09,5.44,3.5,0.25,2.36,1.67,2.96,1.26,-0.74,-0.36
2014-06-30,2.54,0.09,4.15,2.86,-1.19,0.67,2.16,8.86,-1.31,-0.16,3.24,3.17,2.8,0.78,3.95,7.75,2.46,1.92,4.88,11.85,5.42,3.58,4.09,-2.33,1.35,-0.89,14.67,4.95,3.87,4.13,5.43,1.54,3.28,2.27,2.4,3.97,2.84,1.66,3.51,1.36,0.98,0.98,2.64,2.77,2.63,3.74,5.18,-0.02
2014-07-31,-8.23,-4.78,-6.87,-2.95,-3.26,-5.72,-3.38,-1.69,-2.99,-0.73,6.19,-1.37,-0.59,-3.2,-8.35,-5.72,-7.85,-9.92,2.41,-13.62,-6.01,-6.57,-3.85,-6.06,-0.85,1.82,-3.38,2.89,-11.15,-3.46,-6.4,0.8,-3.1,0.5,1.38,-0.36,-3.58,-3.68,-6.46,-2.13,-2.85,-1.44,-3.22,-1.69,-3.81,-3.78,-0.63,-2.65
2014-08-31,3.11,6.21,7.82,5.49,4.64,2.83,-2.75,2.33,5.83,3.48,4.72,1.93,6.23,4.39,5.58,10.18,6.73,7.01,6.12,-3.88,5.44,3.52,4.25,5.48,9.1,4.47,7.61,0.29,4.17,2.3,5.31,0.33,5.0,3.42,2.81,6.28,3.9,3.6,2.27,4.52,4.74,5.73,2.39,2.61,6.04,9.06,4.74,6.37
2014-09-30,-2.46,-2.04,2.51,0.83,2.04,-7.96,-3.74,-7.11,-0.32,4.0,-3.6,-3.41,0.57,-2.14,-2.04,-2.35,-5.36,-7.64,-4.75,-8.45,-6.77,-4.84,-10.05,-0.93,-1.72,3.99,-17.3,-9.55,-14.45,-7.77,-3.38,-1.45,-7.3,-1.23,-1.3,-1.79,-2.43,-3.13,-5.82,0.41,-2.25,-1.36,-0.56,0.09,-1.98,-5.82,-0.25,-0.33
2014-10-31,3.28,2.83,-0.34,3.24,5.85,4.45,-0.32,2.51,4.13,1.44,4.42,10.61,5.26,-1.1,2.53,2.03,4.55,3.44,2.22,0.98,2.34,3.17,1.96,1.76,-6.31,3.26,-20.23,-7.45,-6.3,-4.22,6.71,1.3,2.99,0.79,0.51,3.66,3.43,6.57,5.42,6.34,3.46,2.83,1.3,3.6,5.09,2.57,2.53,1.43
2014-11-30,3.72,5.0,7.64,4.36,0.99,2.33,-1.03,1.29,3.03,8.94,-1.47,5.01,2.36,2.21,3.44,7.58,1.76,1.26,-2.33,-9.17,-1.01,-0.05,5.27,5.2,-2.72,1.11,-0.48,-0.94,3.97,-9.73,0.26,2.46,4.71,2.01,6.89,6.87,4.16,4.92,4.22,6.31,2.08,8.86,5.79,1.55,2.03,4.63,2.15,4.1
2014-12-31,-0.05,-1.34,-5.17,-4.38,-2.9,-2.68,-5.2,1.85,0.08,-0.68,3.48,0.28,-1.3,0.81,4.47,-0.31,1.48,-1.66,-6.66,-5.8,-0.96,-1.02,0.65,-0.36,-3.4,0.91,3.49,-7.87,-16.48,0.72,1.86,-2.05,2.76,-0.79,0.75,-2.86,0.15,1.7,4.53,1.46,0.54,2.24,-0.57,1.97,1.87,-0.41,3.41,-0.59
2015-01-31,-0.87,-2.18,-1.12,0.88,3.07,-0.13,0.26,-1.96,-4.64,-3.92,-2.56,-0.02,2.16,-2.04,-0.65,2.07,-3.78,-6.39,-9.48,-14.08,-7.67,-5.47,-6.27,1.17,-2.21,-0.79,30.1,-10.18,-17.48,-4.21,1.24,-4.47,-7.08,-4.52,-6.94,-0.53,-2.46,-2.07,-4.66,-4.45,-2.35,-0.42,0.8,-9.43,-4.42,0.36,-7.46,-4.52
2015-02-28,2.07,3.66,6.49,4.5,5.46,5.41,5.73,8.04,3.57,5.95,4.27,5.09,3.83,8.05,7.56,13.37,5.94,10.63,3.56,14.59,6.29,5.52,8.99,5.51,18.25,7.25,3.03,17.7,15.03,4.64,-4.36,8.92,5.53,8.15,8.48,9.12,5.34,5.98,11.19,2.85,5.03,5.79,6.82,7.98,7.78,5.82,8.51,5.44
2015-03-31,-5.31,2.74,-4.65,-2.08,-8.5,-4.17,-2.2,0.43,-2.33,1.18,5.04,1.33,0.52,-3.46,1.06,3.32,0.89,1.6,-2.88,2.58,-3.66,-0.51,-0.43,-1.43,0.67,2.56,-17.14,-4.97,-18.65,-2.37,-0.31,-2.12,-2.84,-1.56,-6.04,-2.78,0.11,-1.47,-3.25,-3.05,0.65,0.92,-0.25,-0.74,2.3,1.41,0.12,-2.32
2015-04-30,1.03,-0.26,-0.43,-0.49,6.01,9.23,3.17,-4.01,-2.37,-1.65,-1.69,-2.24,-1.44,1.18,-4.46,-5.96,-0.86,-5.47,4.08,-2.17,2.13,1.43,0.12,-2.52,-7.49,-6.86,19.21,11.45,10.79,6.63,0.28,3.63,-3.26,2.7,3.51,-0.57,-2.92,-2.79,-1.74,-1.61,-1.29,-2.74,0.56,2.07,-1.83,-3.28,0.52,1.61
2015-05-31,3.37,2.66,0.19,1.98,1.58,-3.7,1.65,1.99,-0.03,-0.24,4.91,2.21,5.4,1.16,1.15,4.38,2.26,1.27,-3.73,-6.21,0.22,2.87,1.15,1.67,3.05,1.98,2.63,-6.84,-17.11,-5.05,-0.43,0.33,0.03,-0.28,1.47,4.97,4.11,1.51,0.34,-3.57,1.49,0.75,1.61,2.66,4.7,1.0,2.45,0.73
2015-06-30,-7.59,-1.38,-2.39,-1.67,-2.47,0.5,1.33,0.15,-0.72,3.99,5.1,0.44,0.01,-2.86,-0.53,4.1,-1.67,3.05,-5.5,6.81,-0.86,-3.45,-2.44,-2.4,-9.15,-0.86,-13.32,-4.87,-22.91,-3.65,-5.27,-0.55,-3.75,-2.03,-4.69,-5.88,-0.52,-2.75,-4.78,-3.41,-2.53,-0.55,0.33,1.78,2.15,-2.9,-0.41,-3.42
2015-07-31,-2.72,3.87,6.85,3.54,9.74,-3.77,8.12,-2.71,0.73,5.78,1.84,4.53,3.48,-4.91,1.34,-0.7,1.47,0.64,-8.25,-19.3,-5.55,-4.2,-3.12,-1.92,5.13,9.17,-26.42,-10.83,-26.81,-8.9,2.65,1.52,2.31,4.87,2.9,-2.8,2.4,-0.49,0.73,3.14,-1.12,6.24,4.26,2.56,1.6,1.42,0.21,1.9
2015-08-31,-4.61,-4.04,-4.7,-3.09,-4.01,-4.79,-7.57,-8.42,-7.01,-3.76,-6.52,-4.53,-9.1,-7.29,-5.84,-3.07,-1.88,-2.56,-4.4,-4.55,-3.5,-8.95,-6.1,-5.07,-4.95,-1.72,-0.29,-1.61,8.09,-3.72,-4.08,-8.38,-1.31,-5.41,-8.07,-5.53,-6.98,-6.0,-3.6,-6.51,-4.17,-5.38,-6.43,-6.37,-5.6,-9.42,-8.43,-5.17
2015-09-30,-11.18,-1.76,2.04,2.6,2.52,-5.43,-10.88,-5.44,-0.48,0.28,-9.82,-5.59,-6.9,-8.27,-4.24,-5.9,-7.95,-5.18,-10.67,-21.15,-9.05,-8.8,-2.52,-2.04,-9.9,1.42,-5.8,-6.06,-36.71,-5.56,-0.5,-2.5,-1.31,-1.16,-2.41,-0.86,-4.14,-2.36,-5.0,-0.77,-5.8,-2.11,0.59,-3.24,-2.02,-4.39,-4.81,-1.28
2015-10-31,8.68,5.75,5.65,8.07,10.85,11.82,15.32,12.18,6.16,0.73,-4.18,5.27,8.79,16.63,5.74,7.89,8.11,2.55,5.88,-6.4,8.59,7.98,6.01,9.39,7.45,6.4,18.0,7.35,-31.06,12.38,2.09,9.07,4.48,11.19,7.41,9.18,7.5,10.26,9.84,6.52,5.13,4.94,5.03,5.49,5.18,9.01,7.7,8.49
2015-11-30,1.86,-1.44,2.6,-0.69,-3.03,-2.22,-0.06,-0.17,-1.12,-1.4,0.91,2.56,0.25,1.69,2.15,-2.61,3.13,6.33,-1.29,12.87,1.97,1.35,1.98,-0.52,1.35,-0.01,-5.52,-6.25,9.97,1.04,-3.42,-1.92,-3.91,2.03,-3.21,0.32,5.09,0.02,-0.32,-1.14,2.91,0.9,-0.99,3.06,-0.34,-1.42,3.24,0.53
2015-12-31,2.1,2.91,0.33,0.33,1.58,-2.41,-1.6,-5.82,1.85,-4.21,-2.48,-0.35,0.62,-4.67,2.78,-2.62,-4.24,-6.34,-2.22,-14.67,-5.71,-0.19,-4.13,-1.34,-8.83,-0.35,-1.99,-7.27,-6.69,-9.66,-2.39,-2.96,-6.56,-0.89,-2.62,-6.23,-0.4,-3.86,-2.49,-4.98,-1.68,0.45,-0.87,-3.2,-0.53,-5.45,-5.14,1.17
2016-01-31,-6.81,-1.08,-1.51,-0.17,4.41,-1.76,-9.29,-5.61,0.38,1.72,-4.88,-5.06,-11.26,-11.07,-7.71,-5.31,-7.21,-10.1,-9.68,-7.28,-4.95,-8.22,-13.2,-9.84,-6.27,-2.18,9.33,-7.99,-4.12,-4.36,4.67,0.39,-9.1,-4.76,-11.15,-6.85,-6.73,-4.43,-11.11,-8.76,-8.37,-4.95,-0.66,-10.91,-6.0,-12.1,-11.31,-3.66
2016-02-29,-0.51,2.11,-0.47,-2.34,0.95,8.17,3.31,-1.81,-0.04,1.31,-2.88,1.26,-1.21,6.86,2.16,0.65,3.82,0.18,7.38,18.47,4.89,3.54,4.09,3.41,-1.0,2.94,31.86,8.08,6.25,-3.03,1.72,0.91,-2.95,-2.4,4.94,0.64,0.38,3.23,1.58,7.1,4.45,-0.35,0.79,-4.49,-0.05,-3.42,-2.28,2.25
2016-03-31,-0.94,3.64,7.23,5.68,4.92,6.94,9.13,7.08,4.83,2.53,8.82,6.22,3.22,8.39,11.91,3.6,10.92,12.07,17.75,9.62,9.79,9.11,10.61,3.72,9.05,2.84,4.72,15.72,26.54,10.86,7.84,6.16,3.08,8.13,8.12,9.18,8.45,7.82,11.17,6.86,6.14,5.77,5.37,6.28,7.02,10.82,6.8,7.46
2016-04-30,7.24,1.21,-1.45,0.37,-0.28,-3.52,-6.77,1.32,-0.57,-2.24,6.04,6.64,4.58,3.78,0.49,1.54,1.76,-1.11,9.86,16.95,3.47,2.35,1.61,5.09,5.49,3.47,33.92,11.47,28.3,9.16,-0.8,0.69,-4.04,-2.78,-1.83,-7.96,-0.6,0.53,2.92,-1.12,0.12,-0.24,-2.38,6.0,1.2,-2.47,2.72,-0.47
2016-05-31,16.64,1.24,0.25,-0.9,0.82,3.36,6.02,-1.22,0.34,-4.78,-0.96,2.12,2.73,-1.3,2.43,-1.68,3.73,3.17,-8.5,-4.78,0.32,-1.0,-2.52,-1.74,-2.21,2.58,-7.54,-4.41,1.57,-0.61,2.24,0.17,3.53,4.81,4.33,6.61,3.36,1.82,1.62,-2.16,1.56,1.18,-1.44,1.94,2.06,-2.16,3.74,-2.07
2016-06-30,-6.58,7.53,3.53,5.34,7.0,-3.1,-4.77,-1.6,3.4,1.85,-0.44,4.22,-0.92,-1.09,0.75,-4.67,-2.35,0.08,2.58,-4.45,-0.77,-0.15,-7.01,0.8,0.38,4.37,23.86,3.65,5.26,2.55,7.43,3.55,1.04,-2.05,-2.2,-1.42,-0.24,2.39,0.03,-2.82,1.63,0.6,1.12,-7.18,-0.24,-4.33,-6.85,4.03
2016-07-31,3.68,0.12,-2.89,1.81,-2.77,4.74,6.47,7.81,2.62,1.96,2.48,5.08,6.67,4.34,5.06,9.76,6.3,4.78,13.73,6.04,6.66,5.17,8.88,4.07,5.16,2.31,16.2,4.56,20.92,-2.81,-0.25,2.25,5.06,6.92,7.81,8.87,5.24,2.27,4.77,5.46,3.44,4.32,2.22,4.81,0.64,5.46,7.19,-0.74
2016-08-31,-0.12,-0.12,-1.4,-0.86,-1.2,1.58,0.79,0.43,1.46,1.03,-6.84,0.02,-3.48,2.47,4.31,1.66,1.19,0.33,-7.68,4.11,3.97,0.15,-0.48,0.11,3.0,-4.52,-13.82,-8.15,-4.53,1.64,-3.78,-3.17,-4.12,1.22,3.06,2.85,-0.33,1.05,6.28,1.09,-1.02,-1.57,-0.21,6.25,1.71,-0.41,5.62,2.06
2016-09-30,-4.03,-3.14,-2.22,1.77,-2.78,-3.98,6.58,-3.65,0.3,-6.74,2.17,1.37,0.33,-1.72,-2.94,-4.88,-2.57,-2.26,2.47,-0.3,2.68,1.57,-0.3,-0.66,-0.35,-1.18,2.58,2.06,7.68,2.82,1.83,0.47,-0.4,0.71,3.25,4.85,1.86,-0.72,3.2,2.98,-2.62,-0.05,-2.15,-2.3,0.28,-1.84,-1.25,-3.63
2016-10-31,-2.1,-0.14,-0.29,-1.68,4.61,0.79,6.75,-8.32,-3.08,-5.35,-6.73,-8.02,-7.49,-1.87,-4.55,-7.38,-3.74,-4.17,-2.93,-1.81,-3.92,-5.68,-3.27,2.59,-3.03,1.85,-5.43,3.07,-8.66,-2.97,-0.66,-3.05,0.1,-0.4,-2.91,-1.14,-5.55,-5.98,-3.91,-0.73,-8.12,-3.76,-1.95,3.38,-1.1,-5.86,-0.59,-0.73
2016-11-30,2.11,-5.57,-3.98,-5.79,-5.12,9.03,2.92,8.12,-3.59,1.32,0.84,-1.0,3.19,7.61,7.01,7.92,10.66,8.8,21.66,8.17,12.48,9.39,6.75,8.36,15.05,8.21,-11.32,19.52,20.85,9.56,-2.65,6.54,9.38,-0.15,1.63,2.71,2.16,4.11,3.45,12.95,9.54,2.72,8.61,13.82,10.9,7.51,15.7,7.39
2016-12-31,3.34,5.44,2.48,2.98,5.43,-7.35,-2.64,2.64,1.65,-0.82,0.91,2.86,0.25,0.35,1.15,1.71,0.1,0.19,-2.16,2.63,-0.24,-0.73,4.33,1.41,1.42,-5.38,2.19,-2.71,-9.64,2.04,3.61,4.89,3.1,-0.09,0.17,2.91,0.97,2.26,-0.79,0.97,2.24,-0.8,0.52,4.91,1.77,3.43,3.19,3.3
2017-01-31,5.79,1.01,-0.25,-0.95,5.65,0.38,5.76,1.65,2.65,0.33,4.24,5.27,1.22,3.83,2.4,5.63,3.14,4.88,3.49,3.53,4.53,4.06,5.39,1.87,2.95,-0.06,10.49,12.85,-5.31,-4.3,1.09,3.33,1.01,5.49,3.06,2.51,6.56,1.83,4.98,2.04,1.97,1.08,0.7,0.17,0.87,1.19,1.29,-1.87
2017-02-28,3.94,1.75,0.81,6.15,7.98,5.96,-0.1,-0.17,5.0,2.75,7.29,4.3,7.46,3.13,0.32,4.08,2.08,2.26,9.17,7.11,2.2,2.25,0.81,6.71,1.78,5.57,-8.19,-8.46,-9.4,-2.42,3.85,-0.12,-0.47,3.29,7.28,7.08,4.62,4.07,0.01,2.78,2.61,2.96,2.54,5.2,3.56,5.66,3.63,3.26
2017-03-31,-0.42,-0.84,3.92,0.88,1.05,1.56,6.39,1.19,-0.34,0.77,-0.75,2.42,-0.35,2.2,0.32,1.29,1.71,3.45,-6.17,0.3,1.51,0.55,-0.31,-1.62,-4.2,0.85,-4.33,-1.86,5.51,-1.24,0.38,0.88,3.17,1.77,0.3,3.37,0.75,0.46,-1.03,-2.88,-1.11,0.81,2.75,-2.94,-1.03,1.53,-2.06,-1.4
2017-04-30,3.06,0.59,0.68,1.93,-0.09,-4.23,3.73,-1.39,-0.45,-1.02,-1.37,5.02,0.31,1.33,6.44,2.57,1.14,0.22,-0.56,3.76,4.02,-0.45,1.84,4.73,3.09,1.04,2.66,-2.27,-11.85,-2.69,0.32,0.11,2.99,3.92,1.7,-0.29,4.42,1.59,4.04,2.23,-3.32,3.33,4.32,-0.7,2.45,6.33,-0.36,-1.29
2017-05-31,0.44,-0.11,5.84,4.3,6.18,4.55,3.21,-1.61,1.73,-1.8,-2.06,2.07,-0.61,-0.58,3.88,1.77,-2.02,-2.79,-4.6,-2.21,2.99,-2.1,-0.48,3.05,-2.15,4.64,0.9,-1.6,-5.12,-3.39,2.44,-1.52,-0.7,3.74,-1.18,6.39,3.54,2.95,2.78,2.75,2.54,0.62,7.09,-2.18,1.38,2.96,-1.37,-1.67
2017-06-30,1.03,-4.18,-0.74,-1.21,-1.22,1.74,-0.42,2.99,-0.3,9.32,7.07,3.7,5.8,1.97,0.5,1.51,2.46,5.84,-0.19,-0.5,-0.16,1.99,3.59,1.6,4.36,-1.21,-5.3,0.82,2.27,-0.12,-1.91,-2.46,4.98,-0.6,-1.82,-4.44,-0.79,1.5,3.69,3.44,0.19,-2.38,-2.47,6.82,3.75,3.09,6.42,1.12
2017-07-31,-0.82,1.35,2.63,1.22,-4.38,-5.04,6.21,2.94,1.86,1.33,-5.6,-0.15,1.32,1.12,-4.21,2.24,0.61,-0.12,1.3,6.05,3.06,-0.02,-0.95,7.73,-3.09,4.81,11.93,7.79,12.79,1.96,2.99,5.33,0.64,4.11,1.87,3.76,1.26,-2.7,-1.11,-4.6,-0.79,1.04,-2.35,1.03,2.94,1.31,3.34,0.7
2017-08-31,0.18,-4.87,0.37,1.05,-0.87,-9.65,-0.3,-5.43,0.08,-4.96,-2.37,0.15,3.42,1.65,-1.71,1.27,-1.08,0.05,1.67,2.98,-1.84,-2.68,1.9,2.35,0.36,4.64,2.53,0.48,-0.51,-5.18,2.18,-2.48,3.49,1.42,1.61,5.89,4.52,1.14,-0.29,0.53,-4.23,-1.66,1.35,-1.49,-0.45,-2.1,-1.85,0.67
2017-09-30,2.28,0.69,-0.42,-2.92,-2.04,-0.24,3.95,3.04,-0.2,1.36,-1.73,1.26,2.49,4.48,6.54,0.04,7.82,7.32,3.73,6.01,9.13,5.59,7.63,2.46,7.89,3.31,-2.55,-1.79,1.39,11.05,-1.95,-1.5,3.44,0.5,3.9,-0.08,3.1,2.65,2.02,6.37,4.57,2.84,0.13,6.32,2.11,2.02,6.69,0.7
2017-10-31,1.67,0.22,1.57,1.3,-2.82,-5.35,2.74,-1.87,-3.05,2.78,-3.65,3.96,-3.37,5.66,2.55,5.42,2.79,9.32,2.29,5.25,5.6,4.64,2.2,1.9,2.23,-0.95,-4.72,2.94,2.17,0.41,3.02,-5.58,0.49,6.41,1.61,8.98,5.31,4.72,3.2,-1.86,-0.85,3.27,3.87,3.2,4.54,3.87,2.17,-2.62
2017-11-30,-1.6,6.32,1.87,4.41,1.41,7.25,3.02,11.55,4.71,7.29,3.59,4.65,1.95,2.15,2.44,7.55,5.51,8.99,-1.44,3.95,2.2,0.52,0.61,4.05,3.45,3.29,0.44,0.11,9.42,2.92,2.42,4.01,1.39,0.33,4.95,2.08,1.78,5.62,-0.48,6.88,3.67,9.04,5.33,2.96,5.3,1.92,5.84,0.54
2017-12-31,-1.82,-0.16,0.66,4.4,4.96,-5.66,1.37,1.48,2.4,4.56,3.09,-3.91,0.44,0.63,-1.31,-2.22,2.23,0.69,13.21,-2.45,2.48,3.31,-1.23,4.05,1.57,0.5,2.06,13.85,11.68,4.98,-4.98,4.49,1.37,0.36,0.86,-0.97,-2.17,-0.84,-0.94,3.0,4.29,2.63,1.27,1.88,-1.63,0.91,2.1,0.88
2018-01-31,4.35,0.37,5.76,-0.12,0.13,3.8,18.29,4.97,-2.33,7.15,8.17,10.09,5.55,1.71,0.34,1.6,1.05,-1.18,3.6,4.09,3.83,2.27,3.57,13.22,-1.34,8.82,6.75,2.76,0.91,2.8,-2.81,3.15,5.24,9.45,8.43,4.16,8.36,4.72,3.1,2.53,4.73,11.55,2.52,7.28,4.02,3.71,5.24,4.03
2018-02-28,1.21,-6.79,-8.38,-6.74,-6.61,0.67,0.76,-3.42,-6.66,-1.91,-1.98,-2.72,-3.75,-5.17,-8.39,-12.48,-9.49,-10.08,-1.99,0.37,-4.22,-5.55,-6.32,-0.15,2.96,0.06,-5.81,-2.76,5.87,-10.94,-4.54,-7.05,-3.94,-1.71,3.54,2.86,-3.99,-5.66,-3.72,-6.29,-5.39,-4.45,-4.03,-2.17,-4.42,-3.38,-1.34,-5.22
2018-03-31,-4.95,-2.26,-0.42,1.25,-1.65,-9.24,0.37,-0.13,1.87,0.68,-1.35,0.31,-3.02,-1.87,1.68,-2.16,-0.73,1.86,-5.87,2.4,-1.15,-1.47,-6.71,-6.1,-0.81,-3.14,2.79,-0.8,-6.45,3.18,3.17,-2.53,2.61,-3.29,-2.59,-3.21,-0.41,-5.09,-1.55,0.58,-1.04,-3.3,-0.28,-4.64,-2.14,4.51,-1.31,-3.49
2018-04-30,8.0,-3.36,-0.78,-4.37,-14.17,6.44,3.02,-0.47,-5.6,3.29,0.09,2.97,-0.71,0.77,0.28,-9.58,-5.11,-0.83,3.68,4.06,-5.63,-6.59,0.17,-1.82,-0.5,-4.17,0.57,-4.22,-2.49,10.09,2.78,-2.31,0.67,1.26,2.01,-3.03,-2.61,-7.36,-1.38,0.26,0.86,4.11,3.67,0.99,3.52,-1.16,-1.55,-1.21
2018-05-31,1.54,-0.83,-1.28,-1.22,-1.87,0.83,9.52,0.72,-0.33,3.89,7.83,5.76,1.24,2.28,-1.27,-1.42,4.37,-0.61,5.58,2.98,2.88,7.98,3.62,4.51,3.0,0.37,-0.07,3.85,11.67,3.34,0.27,-1.31,-0.41,5.87,-0.18,11.01,3.19,1.88,-3.07,4.93,1.57,1.29,-2.08,1.05,-1.07,-3.26,0.35,0.01
2018-06-30,0.24,6.13,4.15,4.4,3.08,5.7,4.78,2.35,4.06,6.77,1.6,2.59,1.2,0.35,0.5,3.42,-1.19,-1.89,-5.02,-4.97,-5.01,-1.46,0.65,-3.19,-0.26,-5.2,-3.3,-1.44,4.07,0.47,2.57,6.51,1.87,1.09,0.72,-3.11,0.07,0.13,-2.53,-3.5,0.34,4.16,-2.92,-0.93,0.28,-2.02,-3.3,-1.74
2018-07-31,0.58,0.31,5.66,3.54,5.24,4.35,-7.03,-4.62,2.28,0.71,7.47,2.28,6.67,4.85,5.81,-9.08,5.17,-0.22,4.25,13.5,6.11,9.08,-3.12,7.19,8.88,9.85,-3.08,-2.06,-3.1,1.09,1.68,2.73,5.12,2.21,-0.2,2.27,8.23,6.53,3.89,7.84,2.38,3.4,1.4,4.39,5.21,2.77,2.39,5.96
2018-08-31,-3.82,1.04,-3.12,-1.9,-5.44,6.05,2.3,-4.62,2.59,5.08,5.73,6.12,4.03,0.02,0.52,3.64,0.28,0.7,-3.23,-0.82,-2.12,-0.22,-1.74,-2.39,1.16,-0.29,-15.31,-9.73,-0.71,-2.89,0.93,2.89,0.61,5.3,10.65,10.73,3.62,-0.26,-0.63,2.91,3.69,9.07,3.66,2.66,3.66,-4.12,0.19,2.4
2018-09-30,-5.98,-2.27,3.12,0.2,5.38,6.1,-1.04,-2.11,1.1,1.11,-0.31,3.84,1.85,-3.11,1.88,-6.51,-1.45,-4.98,-0.69,2.38,0.83,-0.2,-5.05,6.71,2.45,7.17,-2.4,-1.58,-6.08,3.47,-0.57,1.79,-2.05,-0.22,0.03,-0.51,1.1,-0.94,1.87,1.25,-1.47,0.51,2.98,-2.96,1.01,-5.04,-3.35,0.26
2018-10-31,-4.01,0.9,1.22,-1.6,7.9,-14.31,-15.98,-5.71,-0.36,-10.07,-6.43,-12.36,-8.09,-11.09,-11.55,-25.99,-16.21,-9.15,-11.62,-10.59,-14.08,-11.79,0.99,-9.28,-17.01,-14.44,0.51,-12.6,1.31,-11.77,-0.06,-0.41,-4.23,-9.19,-8.09,-7.88,-9.63,-9.49,-11.02,-9.76,-7.79,-10.29,-1.62,-6.09,-4.71,-11.42,-4.68,-5.52
2018-11-30,-6.8,0.25,6.81,5.85,-8.41,-5.8,0.16,3.75,6.39,-0.97,3.43,4.55,7.06,4.98,6.36,2.91,5.06,1.68,-3.0,-4.38,7.27,3.63,3.8,0.76,7.4,1.3,2.48,-1.84,-14.09,-2.16,3.26,2.52,4.03,1.19,0.13,-8.42,7.16,7.58,10.21,6.21,3.17,1.85,6.39,2.93,4.42,5.14,-0.22,2.32
2018-12-31,-13.27,-11.12,-7.78,-9.72,-15.85,-15.89,-7.72,-14.46,-5.46,-7.84,-15.31,-8.46,-7.7,-7.8,-8.9,-10.02,-12.27,-9.62,-14.79,-3.16,-9.63,-12.29,-11.29,-10.19,-17.47,-11.74,7.21,-10.65,-2.09,-13.17,-4.77,-8.7,-12.3,-7.69,-9.56,-8.82,-9.19,-7.55,-12.51,-15.17,-11.21,-9.12,-6.24,-12.95,-9.94,-12.16,-8.63,-6.74
2019-01-31,14.61,8.52,3.7,3.53,7.87,15.34,19.35,13.38,6.58,12.49,11.3,9.43,4.0,5.53,6.95,9.7,13.12,13.54,17.1,10.41,10.94,11.34,9.77,15.51,6.4,10.37,0.1,9.97,14.24,10.33,5.38,5.45,4.74,10.59,9.92,6.37,9.32,6.89,12.92,9.93,8.83,8.99,4.58,10.65,8.79,15.4,8.27,6.3
2019-02-28,-0.23,-3.55,-3.59,2.39,10.21,8.23,3.6,3.99,4.75,5.55,1.45,3.8,3.3,3.89,4.22,6.73,5.88,2.09,2.27,14.55,3.89,5.36,2.68,10.3,3.03,6.82,-0.87,8.73,-4.27,2.45,3.55,3.04,5.61,4.57,7.86,6.87,8.94,3.51,1.45,4.15,4.55,-0.04,4.29,4.38,-1.05,4.93,2.65,0.62
2019-03-31,1.37,5.55,1.25,4.91,6.46,-3.27,0.07,-5.31,4.36,-0.29,-3.45,2.08,0.4,-1.52,2.34,-7.76,-1.83,2.82,-4.65,-1.76,0.25,-3.89,-6.04,-6.76,-3.74,-3.14,3.08,5.98,-1.89,2.06,3.33,0.6,-0.78,3.16,2.2,5.22,3.15,0.78,3.86,-0.42,-1.51,3.9,3.82,-2.88,-1.17,-2.75,-3.14,0.42
2019-04-30,0.26,2.56,5.25,6.57,-3.55,8.57,6.08,1.52,3.23,5.0,0.4,-3.76,-3.24,5.5,6.77,6.84,6.39,8.06,-2.64,-0.5,6.45,6.4,4.26,3.54,4.08,10.59,-10.7,0.73,2.86,0.11,1.0,5.98,3.08,6.25,5.03,6.31,1.56,-3.5,2.81,4.96,3.92,4.95,3.96,8.74,2.11,4.17,9.28,6.53
2019-05-31,-4.93,-5.46,0.28,-3.99,-10.29,-1.33,-9.4,-9.08,-3.85,-10.89,-4.76,-2.97,-3.41,-12.93,-9.71,-2.34,-9.38,-4.94,-15.46,-10.8,-11.79,-11.7,-14.45,-8.81,-11.6,2.27,2.97,-10.92,-12.11,-11.93,-1.55,-3.0,-2.49,-5.82,-9.42,-13.39,-6.62,-10.44,-5.06,-9.34,-5.92,-7.0,-1.41,-7.44,0.47,-13.71,-6.93,-7.13
2019-06-30,10.7,4.84,4.19,5.25,1.0,9.29,7.2,8.72,6.85,9.04,10.37,9.78,5.86,10.96,8.84,9.72,11.74,5.6,16.04,3.07,12.32,10.65,13.92,7.19,10.45,7.19,18.58,13.98,2.96,8.9,3.64,5.15,6.59,5.69,6.69,12.31,11.32,7.8,10.1,6.69,7.47,7.22,7.37,6.98,4.05,12.03,6.25,7.5
2019-07-31,0.53,2.49,2.94,-2.15,3.38,13.82,-3.87,3.35,4.89,0.93,2.48,1.21,-3.34,1.32,-1.51,-11.15,0.35,0.26,-2.54,-1.92,0.61,-0.81,0.95,-2.23,3.07,-0.2,-4.43,-2.16,-11.92,-2.62,-1.01,2.05,2.68,3.65,2.69,5.43,-4.22,0.24,1.44,1.95,0.14,0.56,3.23,3.62,2.2,4.05,2.71,-2.14
2019-08-31,-1.3,-0.07,2.66,6.17,-11.05,1.88,-7.31,-4.49,1.58,-5.9,-5.18,-0.43,-0.37,-5.16,-2.88,-5.47,-2.85,3.19,-12.03,-11.33,-6.38,-5.16,-8.0,4.06,-10.01,5.66,9.22,-6.86,-15.19,-8.53,3.45,0.29,-1.35,-2.1,-9.92,-1.91,-0.83,-4.59,1.78,-7.1,-2.45,-0.1,1.49,-5.09,-5.2,-4.12,-3.27,-3.65
2019-09-30,-4.14,1.62,-0.5,1.7,1.99,-6.32,-4.14,0.65,1.73,9.86,0.94,-1.54,-0.96,5.12,1.05,7.37,6.3,6.44,7.09,1.3,6.08,5.57,5.7,2.34,4.34,1.2,-5.19,6.66,-8.65,3.79,3.94,1.26,-1.05,-0.98,3.34,4.67,3.36,2.71,-0.94,0.47,5.82,0.82,-2.5,3.95,-0.08,3.1,2.2,2.83
2019-10-31,-4.58,-2.06,-0.5,-1.06,8.1,5.52,5.75,2.97,-0.68,-2.22,2.58,3.0,5.25,-1.17,1.42,10.8,3.97,1.91,3.54,-3.13,6.3,3.04,7.17,-3.78,0.47,-3.8,5.98,-0.8,-11.11,-2.09,-1.39,2.19,-2.2,1.95,0.08,7.46,0.34,-0.28,0.83,1.55,2.67,1.51,-4.3,3.71,4.11,1.36,1.15,2.7
2019-11-30,-0.68,3.41,-0.18,-0.6,5.52,4.12,6.4,-1.18,-1.34,5.46,8.27,4.65,5.5,3.82,-0.35,-2.26,4.59,1.9,6.08,-4.45,2.96,8.92,3.13,6.15,11.72,5.52,-2.7,5.97,-9.79,1.15,-2.14,2.47,-0.46,5.19,0.59,5.94,5.21,3.62,1.81,2.76,4.13,2.06,2.7,5.04,6.51,6.8,7.24,4.41
2019-12-31,11.14,3.06,3.97,1.39,3.21,-1.02,4.92,3.26,2.57,7.89,3.1,1.24,4.08,1.36,3.11,-3.37,2.43,-2.65,0.78,11.65,3.87,2.38,7.51,-5.3,0.29,-0.31,14.86,8.28,0.65,6.28,4.12,1.04,3.7,1.8,3.98,7.33,4.09,2.72,0.59,-0.21,2.41,1.21,2.27,3.22,2.15,5.65,0.82,1.74
2020-01-31,-3.31,-1.38,5.21,2.7,-3.66,-3.37,1.01,-4.32,0.4,-6.32,0.62,-0.96,-2.45,-7.53,-3.08,-4.55,-1.28,5.95,-15.31,-7.41,-5.12,-4.38,9.45,0.19,-2.35,9.72,1.63,-9.04,-23.13,-11.89,4.83,-2.12,-0.51,5.16,-1.53,2.25,-2.48,-6.04,-0.97,-0.15,-3.03,1.14,1.5,-3.7,-2.75,-1.87,2.98,0.81
2020-02-29,-6.11,-9.31,-8.19,-7.48,-6.71,-17.11,-3.68,-6.67,-8.46,-10.11,-5.01,-7.62,-4.79,-9.74,-8.17,-8.15,-8.38,-8.68,-10.27,-10.6,-5.32,-6.51,-6.25,-12.19,-10.96,-12.1,-2.85,-12.12,-8.73,-15.53,-9.89,-6.22,-6.26,-5.55,-10.68,-8.85,-8.33,-7.47,-7.26,-10.91,-9.4,-6.03,-9.38,-11.51,-8.91,-9.89,-10.57,-8.43
2020-03-31,-11.19,-4.22,-15.46,-10.0,-6.43,-18.85,-16.3,-22.7,-6.75,-17.66,-18.58,-11.44,-2.38,-17.37,-9.4,-36.02,-25.64,-32.14,-22.08,-33.71,-17.49,-21.07,-24.09,-35.8,-23.55,-8.43,-0.37,-19.02,-40.99,-34.65,-13.05,-13.22,-28.5,-11.12,-8.39,-8.79,-8.24,-9.73,-9.67,-16.82,-17.73,-4.5,-22.12,-23.92,-12.77,-36.1,-16.89,-14.96
2020-04-30,9.59,8.61,4.76,10.94,1.98,18.03,14.67,8.4,10.25,9.57,15.67,13.88,13.2,16.76,18.34,13.19,13.44,22.02,11.64,11.32,9.74,14.58,28.84,7.03,12.83,13.71,31.84,12.34,17.95,32.84,5.18,9.21,15.44,16.0,9.39,14.37,16.1,10.49,7.71,8.61,12.53,18.79,18.67,11.44,11.86,12.71,13.8,2.32
2020-05-31,5.17,3.68,4.06,0.92,-1.21,1.58,3.36,11.79,2.13,11.43,4.51,5.23,3.87,9.23,10.31,8.04,11.39,15.03,5.82,4.34,7.11,9.61,9.18,5.21,8.37,1.03,-0.34,4.8,3.17,0.56,4.63,4.81,7.3,7.83,9.91,7.88,7.11,2.88,3.07,8.05,7.99,4.28,2.6,2.82,3.76,5.49,6.13,0.61
2020-06-30,-2.56,-0.29,-3.28,0.35,-0.75,9.14,2.59,1.31,1.97,2.5,-2.83,-1.57,-1.32,0.8,3.63,5.79,5.18,2.14,4.65,14.43,4.85,5.23,16.11,6.93,-4.94,-3.85,5.45,11.41,-6.41,-0.37,-5.02,-2.62,1.16,5.18,-1.28,8.96,2.86,0.96,-0.8,1.12,1.32,5.58,-2.36,-0.25,-1.37,4.59,0.69,-1.94
2020-07-31,5.69,5.98,6.97,5.43,7.78,15.05,4.24,5.01,7.78,0.66,16.53,11.01,1.39,7.22,11.88,-18.95,6.65,13.23,2.23,21.98,8.89,8.87,20.42,-7.94,3.9,3.01,15.06,6.02,6.54,-4.86,6.34,5.06,7.2,5.12,3.12,10.38,10.45,-0.05,3.54,6.48,5.21,10.36,4.35,0.78,3.69,-0.88,3.09,6.34
2020-08-31,-0.35,3.46,5.61,2.6,4.77,7.51,12.5,3.64,4.83,12.21,0.92,3.47,2.06,5.12,6.07,12.55,8.0,7.24,8.27,-0.6,4.76,12.29,47.55,8.85,0.28,3.37,-1.98,9.9,2.13,-1.27,-2.25,5.6,7.29,9.31,-4.1,16.39,1.76,6.38,7.12,13.03,5.02,8.02,12.25,6.43,2.2,11.73,4.12,9.91
2020-09-30,0.25,-3.96,-0.6,0.25,-6.64,10.98,-4.65,-4.61,-0.66,5.84,-0.73,-1.25,-1.56,1.03,-2.15,2.62,-2.54,3.92,-4.91,1.52,0.37,0.74,-10.51,-5.31,-5.9,-1.74,-6.28,2.03,8.21,-15.16,-0.32,-1.97,-2.65,-5.1,-4.68,-6.02,-0.78,-1.57,3.52,1.41,-2.38,-4.55,-0.77,-5.03,-2.33,-1.74,-4.1,-1.25
2020-10-31,12.55,-3.16,-2.78,-4.6,-5.69,6.66,-4.42,-6.12,-0.54,-1.76,0.13,-3.06,-5.21,-0.13,0.89,5.23,-0.87,-5.89,7.34,14.96,2.39,-0.49,-4.65,-6.23,-1.19,-7.65,-1.63,12.17,-18.97,-4.47,4.47,-3.89,-0.46,-1.05,-4.22,-4.43,3.72,-1.55,5.02,-3.38,-0.81,-3.06,-0.91,-1.32,-0.62,3.94,0.25,-2.45
2020-11-30,15.21,7.25,9.21,11.1,8.05,21.06,11.48,23.8,5.76,14.45,13.9,7.61,10.31,12.5,7.82,24.05,14.53,11.12,19.11,19.33,17.56,18.29,36.45,32.57,18.25,6.22,-5.56,14.2,15.97,28.72,2.66,14.47,13.51,10.36,17.96,11.82,7.62,9.3,10.79,17.45,15.98,7.47,11.18,18.31,11.91,21.42,16.94,16.65
2020-12-31,1.33,1.94,6.83,3.31,8.66,15.9,9.85,10.93,0.78,4.4,7.26,6.33,3.9,3.32,7.39,11.77,4.51,1.13,6.47,14.77,2.82,3.63,16.9,2.41,3.98,-1.18,5.56,9.92,27.39,5.6,0.62,5.12,2.63,3.6,7.58,7.95,3.45,1.21,2.43,0.81,3.21,0.94,3.98,7.69,4.34,10.42,8.28,2.56
2021-01-31,2.48,-1.31,-9.63,-6.88,-2.28,5.75,-3.88,4.14,-5.95,-4.85,5.99,1.45,3.93,-0.43,-1.46,1.27,0.82,5.92,-4.77,1.48,2.17,2.65,12.46,-7.48,0.39,-5.62,-1.58,2.09,11.2,5.18,-0.44,-3.55,-3.4,-0.18,0.06,0.73,4.72,-0.54,-5.12,-4.51,-2.52,0.71,-4.39,-3.07,-3.7,3.9,-1.29,-2.72
2021-02-28,12.39,-0.05,0.67,-3.33,5.73,-2.47,10.73,13.66,-0.05,4.06,-1.87,1.14,-2.08,2.49,3.63,19.97,7.19,4.14,17.42,14.94,11.87,6.49,-9.99,8.98,5.3,3.22,-6.87,14.87,4.87,23.96,-4.59,4.26,6.44,4.33,3.76,-2.6,-2.21,1.68,0.86,9.13,5.23,-3.18,7.67,14.42,3.5,18.39,9.37,6.06
2021-03-31,3.35,8.02,7.18,8.41,11.73,-7.8,-3.28,5.2,7.39,0.37,2.79,-0.6,-0.15,7.75,2.25,8.33,9.34,13.34,22.24,-2.48,7.26,4.43,0.98,11.63,7.67,8.58,9.37,-0.63,-13.67,2.24,10.39,1.63,6.85,0.3,7.95,0.81,1.61,8.88,5.98,7.84,8.87,5.6,3.25,5.06,9.66,-1.65,4.04,6.66
2021-04-30,4.21,2.7,3.22,3.58,1.43,1.51,0.29,0.33,1.61,4.94,4.77,5.99,1.64,4.4,9.13,6.31,5.13,7.01,2.86,10.79,2.25,-0.72,4.16,1.32,2.95,3.03,3.05,6.12,-0.78,0.59,3.98,3.08,-0.09,8.2,2.9,4.06,4.97,2.47,8.62,3.92,5.69,7.41,5.33,5.92,6.22,3.76,7.19,5.47
2021-05-31,-6.12,3.9,1.93,2.13,2.04,3.81,-0.92,2.79,0.42,-0.74,1.53,-3.1,0.89,4.84,5.33,3.17,0.0,-1.11,14.42,-5.43,2.35,-0.2,-6.51,5.21,0.38,1.43,19.96,6.59,36.77,6.17,-1.16,-0.51,0.18,-0.85,1.42,-1.5,1.1,3.67,-3.53,2.01,1.09,-2.73,-1.38,2.91,3.02,1.22,4.55,4.63
2021-06-30,-2.38,-3.1,-1.46,-0.97,1.99,12.69,1.1,-0.4,-0.51,8.56,0.88,3.83,4.96,-5.01,1.6,-7.34,-2.56,-4.58,-6.12,-1.02,-1.34,5.94,5.42,-2.75,-1.9,1.98,-13.36,-7.8,6.6,5.6,-1.42,-0.01,2.55,6.32,1.9,8.67,5.69,-1.7,-3.61,-4.47,-1.8,3.84,-0.73,-3.1,-3.33,-0.56,1.67,-3.53
2021-07-31,-3.05,-2.43,4.56,1.29,0.96,-3.8,-8.33,-2.54,3.92,4.78,2.79,5.01,2.04,0.22,3.86,0.09,-0.4,3.24,7.2,5.32,0.36,-0.43,-0.63,-1.19,1.71,-2.21,-2.73,2.26,17.24,-8.89,2.97,0.36,1.73,3.31,2.87,3.1,6.33,-0.98,-1.41,-4.47,2.35,-0.79,5.2,-0.43,0.13,4.3,1.78,0.53
2021-08-31,2.6,-0.57,-0.09,-1.58,3.47,-10.28,10.83,0.47,0.02,-0.59,-2.61,2.48,3.63,0.58,5.6,-0.32,3.1,1.04,3.51,14.54,1.04,1.69,2.58,-1.99,2.71,-2.44,-7.48,-1.72,22.65,-1.34,3.23,1.37,0.34,4.95,3.61,4.19,3.59,0.64,9.95,0.08,1.38,3.01,-0.97,2.03,1.92,4.05,6.1,2.11
2021-09-30,-4.14,-2.2,-5.98,-2.96,-7.12,-10.02,1.55,1.28,-4.15,-9.15,-8.14,-4.44,-6.4,-5.51,-7.35,-8.04,-6.6,-8.53,-10.64,2.23,-7.6,-6.25,4.49,0.39,-4.53,-4.04,-6.36,-9.65,10.9,11.27,-4.87,-5.58,-3.3,-6.36,-5.91,-5.87,-5.52,-7.25,-6.71,-2.95,-4.57,-4.54,-0.72,0.99,-3.77,-0.92,-5.61,-4.53
2021-10-31,2.79,2.28,5.45,5.36,-1.37,3.66,7.99,2.07,3.82,12.27,0.81,3.65,1.83,8.83,3.19,0.59,7.16,7.46,10.14,-5.3,4.84,13.47,33.85,0.04,4.34,-2.63,0.04,11.89,4.64,10.29,5.11,-4.24,11.25,8.12,5.66,7.58,6.22,0.98,0.88,9.95,6.45,5.69,0.9,4.03,10.54,6.6,11.54,4.74
2021-11-30,3.15,-3.45,-5.63,0.07,-7.02,-18.06,-7.89,-4.26,0.9,0.11,-11.78,-7.63,-2.08,-0.55,3.25,-4.39,4.07,3.76,-6.28,-2.07,1.22,-3.54,3.06,-6.25,-4.83,0.16,0.76,0.43,-18.73,-5.38,-1.97,-7.19,-2.12,-4.06,0.17,12.04,-0.51,-2.87,-1.6,-5.85,-1.16,2.14,-1.86,-6.26,-5.15,-8.94,-4.55,-4.48
2021-12-31,4.86,9.6,12.67,9.25,12.45,-2.21,-1.84,3.62,11.24,-3.66,10.17,9.21,5.21,6.39,6.28,8.7,8.06,8.83,9.79,-4.67,4.57,-4.01,-5.36,6.1,5.31,4.82,11.12,8.49,14.34,2.92,8.56,3.95,0.06,-0.09,10.75,3.43,5.08,6.08,3.02,8.26,8.76,-0.11,8.14,3.17,9.86,9.56,2.45,5.33
2022-01-31,1.34,1.26,0.14,-1.91,7.88,-18.32,-19.49,-5.64,-5.91,-11.13,-14.46,-10.87,-7.34,-7.64,-11.04,-12.35,-11.84,-13.44,-10.32,-19.62,-6.53,-14.42,-9.96,0.23,-3.19,5.86,-2.46,-6.54,0.66,17.83,-2.1,-1.93,-10.48,-9.08,-9.28,-6.56,-12.49,-5.06,2.55,-5.68,-6.46,-9.01,-8.3,1.88,-3.21,-7.94,-3.62,0.93
2022-02-28,8.15,0.89,1.45,-5.34,-0.8,-2.15,-0.66,3.41,-4.28,-5.84,4.12,1.57,-2.49,-2.63,-0.99,-7.34,-0.6,-3.91,23.88,10.38,-4.59,0.25,-7.07,9.58,5.8,10.5,8.1,11.21,35.51,8.24,-1.09,0.29,-1.87,-6.52,-1.07,-2.6,-4.11,-8.17,-1.8,-1.12,1.68,-1.78,-1.29,-1.87,1.15,-2.75,-4.28,0.27
2022-03-31,10.71,1.21,-0.65,3.36,-2.24,-8.97,-3.78,0.64,-2.93,-0.81,2.64,0.85,7.12,3.16,1.74,-9.07,-6.53,-5.48,15.53,13.76,2.94,1.25,16.69,-2.42,2.92,1.27,20.33,6.8,25.95,9.74,9.69,-2.42,10.65,2.58,2.47,4.61,4.32,-1.42,3.32,4.5,3.1,3.46,0.12,-4.9,6.41,-1.85,-0.07,7.86
2022-04-30,-0.13,2.53,4.27,3.04,6.37,-11.4,-27.97,-10.0,2.33,-6.91,-15.23,-11.59,-4.32,-2.39,-12.37,6.74,-3.14,-6.37,-6.42,-3.08,-10.13,-13.38,-17.55,-9.32,-5.34,-3.21,-9.34,-15.49,7.8,-1.4,-3.71,-10.56,-4.98,-12.67,-9.98,-13.24,-9.72,0.91,-3.86,-10.31,-2.17,-11.24,-5.13,-8.5,-3.35,-11.59,-12.71,-7.35
2022-05-31,7.41,-3.22,-0.3,-1.59,2.68,-1.2,-3.82,-6.96,-5.24,-6.74,-0.8,-1.8,2.08,4.81,-1.05,2.35,2.9,5.49,-8.18,2.84,3.09,-0.97,-9.74,-3.33,1.9,1.98,-6.81,-2.19,2.07,15.83,4.8,8.66,-4.32,-3.19,-2.08,-1.23,1.94,1.27,-4.54,-4.22,1.05,-5.61,-2.01,3.59,1.14,-2.26,4.0,-1.1
2022-06-30,-12.51,-1.96,0.5,0.01,-11.68,-11.5,-10.91,-12.4,-2.67,-11.92,-11.57,-8.1,0.85,-15.44,-6.47,-11.22,-11.79,-10.09,-21.15,-4.61,-13.66,-10.17,-11.7,-1.43,-7.73,-3.08,-11.8,-19.72,-10.73,-16.66,-6.54,-6.63,-6.22,-6.51,-6.99,-11.17,-7.43,-8.5,-8.47,-8.97,-6.33,-8.63,-8.03,-12.49,-2.04,-13.55,-9.81,-12.03
2022-07-31,6.48,3.55,3.3,5.43,0.55,2.98,17.12,12.09,0.69,11.79,12.89,6.29,0.51,7.59,12.5,6.9,17.41,15.34,20.44,14.42,13.5,21.64,29.04,6.33,8.27,-1.36,-21.22,8.67,3.32,10.41,6.27,-0.03,12.32,8.64,8.93,17.25,12.92,7.22,7.05,9.51,9.06,16.41,11.4,8.56,3.15,14.07,10.55,10.07
2022-08-31,5.23,-0.3,-4.38,-1.87,-0.13,-5.35,-2.25,-4.99,-2.13,-5.9,-3.27,-4.7,-5.38,-1.39,-5.55,-12.2,-7.89,-5.83,-1.3,-1.27,-5.02,-4.28,-5.72,-1.71,-2.39,1.93,-9.31,-2.59,14.31,3.3,0.11,-2.87,-6.81,-4.86,-3.42,-5.63,-8.39,-7.06,-9.11,-1.64,-1.62,-3.44,-1.67,-3.26,-0.85,-6.14,-1.08,-3.01
2022-09-30,-7.11,-7.73,-8.18,-5.3,-10.62,-15.69,-4.2,-13.43,-10.56,-17.51,-4.98,-6.05,-0.15,-11.2,-13.85,-15.53,-7.59,-8.0,-18.0,-5.51,-9.76,-10.49,-6.38,-12.79,-7.58,-8.16,2.99,-7.71,-9.66,-9.29,-11.61,-13.86,-6.36,-11.14,-10.14,-12.6,-7.89,-13.02,-13.81,-14.03,-9.51,-7.68,-6.2,-9.09,-4.47,-12.88,-8.69,-6.38
2022-10-31,13.74,11.27,7.12,9.37,12.07,3.93,15.0,8.79,5.65,10.88,4.9,8.33,9.41,8.95,-0.46,8.43,8.27,11.71,19.91,16.45,16.89,2.44,-7.5,15.94,17.14,25.16,1.99,9.12,12.31,23.92,3.45,10.6,11.48,2.13,11.1,9.18,5.81,12.03,5.67,7.43,13.68,2.0,10.58,13.4,12.73,6.92,11.44,10.83
2022-11-30,2.41,2.98,7.7,3.24,5.59,5.09,7.28,15.67,9.43,17.52,4.48,5.98,5.27,10.53,2.82,6.99,5.58,8.19,13.97,-27.81,9.97,5.63,-9.42,8.6,3.1,1.7,12.0,20.15,13.62,0.88,6.85,2.18,5.89,5.49,7.43,4.08,9.35,5.41,10.55,10.31,5.06,2.85,6.01,5.19,1.4,10.81,8.6,7.07
2022-12-31,-12.24,-2.38,-0.42,-4.02,1.88,-10.23,-5.39,-7.77,0.79,-0.2,-4.01,0.06,-2.0,-6.28,-2.83,-0.92,-4.59,-0.21,-7.6,-14.85,-4.18,-7.52,-29.99,1.98,-1.87,-1.15,0.51,-4.72,-12.93,-4.12,-1.12,-6.82,-7.58,-6.7,-5.76,-10.85,-2.94,-4.0,-4.27,-7.22,-5.63,-8.92,-6.42,-6.48,-3.21,-6.57,-6.6,-3.27
2023-01-31,9.89,-2.2,-2.62,-3.68,1.46,16.49,19.33,11.49,-0.43,9.03,3.25,1.31,-2.29,9.16,10.69,15.89,12.64,14.07,22.17,15.38,8.06,12.32,30.93,3.96,1.4,-1.8,12.23,16.53,3.89,2.72,-1.22,13.56,8.45,9.43,4.7,12.09,3.12,0.5,9.34,9.89,6.89,10.94,9.76,9.36,-0.35,16.3,8.5,2.13
2023-02-28,-3.37,-1.22,-2.67,0.28,-3.38,-3.81,-4.23,-4.63,-2.74,-6.02,-3.17,-2.9,-4.88,-4.53,3.02,-12.88,1.89,-0.84,2.07,0.04,-0.86,3.31,11.92,-1.88,-0.07,2.45,-17.58,-3.43,1.24,-7.04,-5.32,-6.5,-2.24,-2.01,-1.33,3.05,-5.0,-5.13,-4.01,0.05,-0.34,-5.54,-2.54,-1.89,-3.58,-2.28,-2.22,-2.35
2023-03-31,-2.64,3.46,5.17,4.24,0.18,-0.83,3.04,-3.78,5.13,4.22,-1.45,4.75,2.23,-3.55,1.02,-5.77,-3.32,3.85,-8.08,-6.4,0.39,-3.83,-0.37,1.44,-4.03,0.43,14.95,-0.96,-5.75,-0.29,3.95,-0.1,0.29,10.12,6.2,11.47,3.84,0.63,-0.8,-0.16,0.61,3.55,3.34,-11.89,-4.73,-8.18,-7.56,2.46
2023-04-30,0.01,2.93,3.42,4.23,4.1,-2.93,0.79,1.73,4.37,2.22,3.7,7.35,3.08,-0.3,1.93,4.18,2.23,6.31,-6.83,1.91,-4.02,-5.25,-16.33,-0.58,-3.2,-2.34,-3.71,-2.31,-5.26,2.69,1.72,0.99,-0.94,2.05,-4.54,-0.98,-4.79,1.09,-1.98,-1.93,0.45,1.83,5.05,1.74,3.7,-0.48,0.32,5.42
2023-05-31,-10.94,-5.03,-3.82,-3.03,-8.73,-8.91,3.55,-0.64,-9.09,-13.59,-6.45,-6.09,-2.47,-7.64,-4.59,-11.37,-1.41,-0.99,-8.48,-14.02,-0.91,1.15,15.94,-4.13,-3.7,-3.86,-13.46,-4.14,-12.36,-9.55,-5.83,-9.41,-2.86,7.93,5.0,10.55,-2.78,-8.82,-6.11,-0.61,-1.27,1.95,-5.17,-3.96,-3.73,0.4,-3.64,-2.08
2023-06-30,6.32,-0.75,1.36,2.83,7.81,10.91,9.34,6.03,7.19,7.13,8.61,8.6,2.88,11.19,13.0,12.18,19.3,15.91,20.22,36.14,14.09,17.65,25.59,7.27,17.86,3.8,3.8,13.06,20.03,6.34,2.51,4.62,6.71,4.36,6.39,8.55,5.76,6.54,7.86,11.15,11.6,7.85,5.76,7.06,3.76,9.49,5.85,6.74
2023-07-31,-0.95,2.09,2.15,3.24,1.49,6.96,1.34,3.95,0.34,0.97,-0.4,-2.14,0.67,4.39,1.95,3.46,3.64,3.7,3.41,9.58,6.02,3.9,2.9,1.76,5.26,-2.12,2.05,9.43,8.7,7.45,2.77,0.95,4.02,4.62,2.84,3.59,3.26,5.01,5.55,7.42,-1.03,3.19,2.87,7.18,3.88,5.26,8.23,1.48
2023-08-31,-8.39,-5.3,-1.34,-4.62,-3.28,-0.92,-4.42,5.87,-1.76,-6.09,-4.36,-7.04,2.69,-4.24,3.88,-3.92,-0.6,-1.79,-1.52,0.85,-1.79,-8.65,-4.82,-2.37,-5.57,1.99,-9.87,-5.59,3.36,2.02,-5.36,0.16,-2.51,-1.82,5.98,-2.47,-0.06,-1.56,-3.67,-5.44,-1.52,0.48,-5.13,-5.1,-1.87,-4.76,-2.45,0.49
2023-09-30,0.84,-4.27,-6.46,-5.14,-2.46,-7.4,-11.21,-6.2,-6.81,-4.45,-5.28,-6.89,-3.92,-6.17,-8.06,-11.92,-7.42,-9.31,-4.59,-6.19,-6.69,-7.42,-2.42,-10.61,-5.45,-8.53,-5.81,-7.03,25.88,2.98,-5.05,-3.2,-4.98,-4.43,-4.4,-8.37,-7.36,-6.55,-2.57,-4.6,-2.7,-6.13,-4.45,-3.93,2.57,-10.38,-3.47,-2.72
2023-10-31,-5.83,-4.98,-0.39,-4.34,-4.0,-14.38,2.8,-2.06,-0.03,4.27,-4.32,-6.36,-4.05,-6.5,-10.22,-6.24,-6.62,-5.69,-4.01,-22.6,-6.97,-12.93,-18.32,3.77,-0.49,9.36,1.82,-5.36,-10.1,-6.1,1.02,-0.13,-1.95,-0.34,-3.59,-2.88,-10.89,-2.7,-3.46,-6.73,-0.9,0.65,-1.71,-2.91,3.49,-8.97,-6.36,-1.73
2023-11-30,-2.29,4.22,4.79,3.9,4.76,5.91,11.01,7.91,4.96,10.6,6.08,10.04,4.45,8.04,10.82,8.43,15.48,16.75,11.14,9.78,9.91,10.08,16.51,11.26,9.62,0.76,9.9,7.92,14.18,-1.59,5.15,6.96,11.95,12.18,7.72,12.61,12.23,8.06,10.44,12.28,7.91,6.95,7.67,13.17,3.94,9.83,13.48,6.64
2023-12-31,6.72,4.34,2.26,0.55,0.93,10.22,3.92,8.79,0.31,4.63,9.84,7.4,6.44,8.47,4.47,16.65,11.73,16.31,9.66,6.27,10.36,13.21,6.17,6.63,9.71,3.1,2.34,13.02,4.5,0.01,1.73,2.25,9.16,3.48,4.61,6.13,8.62,4.65,3.55,8.04,4.63,6.38,5.06,9.69,-0.58,17.45,10.07,1.41
2024-01-31,-4.56,-1.54,-0.72,-0.82,-2.51,-6.13,7.93,-0.41,3.83,-5.19,-0.05,4.08,3.73,-5.31,0.6,-2.54,-0.07,-2.79,0.89,-8.79,-0.2,-9.26,-18.9,-2.37,1.04,-5.02,-16.77,-3.74,7.32,-0.21,-3.01,4.57,-3.51,3.55,4.25,2.5,-0.06,-6.32,-1.2,-1.51,2.94,1.34,0.62,1.57,1.72,-5.2,-2.03,4.48
2024-02-29,15.35,-0.94,4.32,0.1,0.0,3.68,6.45,1.48,3.0,5.91,2.88,2.78,5.45,3.63,2.91,12.11,10.07,10.83,4.87,16.91,8.63,8.08,7.23,1.98,8.94,3.84,-8.8,3.67,-7.2,3.14,2.39,-2.72,3.47,4.49,5.62,8.2,7.95,2.27,5.64,7.27,5.72,10.84,5.46,4.05,2.02,4.76,4.75,7.13
2024-03-31,7.8,3.92,2.0,4.6,5.16,2.03,0.94,-0.45,3.11,-6.34,5.85,3.73,1.3,5.64,7.79,7.23,5.9,9.32,5.48,13.4,5.86,5.0,-6.64,3.21,2.53,5.35,18.83,17.75,-4.22,10.44,7.04,3.09,4.92,1.92,5.33,2.86,2.03,8.88,6.18,1.09,4.41,2.7,0.88,5.39,4.03,2.88,4.68,4.14
2024-04-30,-5.82,0.64,-1.87,-1.97,2.46,-3.25,-9.52,-5.85,-1.56,-6.36,-7.76,-5.68,-5.73,-7.24,-8.37,-12.15,-6.67,-7.33,-9.27,-9.88,-5.7,-7.61,-0.23,-1.52,3.87,1.59,12.34,3.28,-0.82,-0.64,1.58,-6.53,-5.41,-5.18,-5.55,-3.28,-3.96,2.35,-3.05,-7.94,-5.92,-5.07,-2.32,-3.9,-4.09,-11.35,-4.58,-2.33
2024-05-31,4.27,-1.44,2.03,-1.8,6.42,0.61,9.75,12.99,0.19,4.96,1.69,0.59,4.26,4.99,1.94,6.71,0.75,5.85,4.43,9.65,1.88,4.67,-0.86,7.65,2.96,-0.51,6.35,2.36,7.34,-0.62,8.03,3.74,1.65,3.08,5.89,15.5,2.64,4.47,3.94,0.35,0.15,3.67,-3.48,2.95,3.68,4.72,4.68,3.92
2024-06-30,-3.12,-3.69,-0.13,-3.07,1.06,-3.5,4.38,1.16,-0.12,-12.53,-2.36,1.55,3.93,-5.24,-3.84,-6.19,-5.58,-5.05,-5.78,-6.89,2.19,-4.43,6.97,-3.51,-5.83,0.76,-2.21,-7.28,-9.23,-2.06,-4.16,-0.6,1.88,6.96,5.31,8.96,-0.64,0.56,-8.65,3.01,-2.84,5.09,0.59,-0.61,-0.23,-0.87,0.46,-1.27
2024-07-31,5.09,4.11,3.57,3.04,11.69,8.48,-3.95,3.16,-1.07,-2.36,8.14,-2.66,1.24,6.57,3.18,31.61,12.73,16.08,6.42,8.49,-0.28,7.57,11.98,8.6,5.43,13.35,17.08,1.42,2.64,1.96,6.39,3.85,7.37,-2.66,-0.13,-0.37,7.31,1.74,10.21,0.13,6.46,-0.13,-2.65,7.48,8.36,19.63,6.71,5.93
2024-08-31,2.35,5.06,5.38,0.88,7.96,-2.08,5.96,1.69,6.35,5.78,4.46,7.53,6.27,1.58,-1.42,-1.7,-0.12,1.36,-6.85,-13.85,-1.36,-3.31,-5.37,1.21,3.38,7.14,7.55,-5.46,-7.05,-2.93,4.58,1.24,3.74,1.63,-0.12,1.86,-0.84,4.36,1.25,2.53,-1.23,0.76,5.53,2.22,4.32,0.31,0.95,6.42
2024-09-30,2.75,0.92,0.77,1.3,-1.32,3.37,4.29,-2.33,1.07,5.78,2.65,0.73,-3.1,3.76,-0.6,1.62,5.92,5.21,1.85,0.74,4.67,1.25,14.8,-1.88,3.79,5.33,1.92,9.72,4.51,-3.34,5.34,5.56,3.37,3.54,4.38,2.17,1.32,-0.85,3.27,2.53,-0.76,4.09,5.43,-2.0,-1.01,6.15,2.63,-1.3
2024-10-31,4.4,-4.29,-7.69,-5.15,8.39,0.27,4.06,0.61,-5.83,-6.12,-8.02,-1.18,-3.27,-3.87,0.6,-17.11,-1.8,-5.21,-1.52,-3.23,-4.81,-0.23,-3.13,-1.99,-3.37,-3.8,-13.12,-0.77,-0.73,-0.47,0.69,2.37,-0.21,-0.41,0.7,0.93,-8.95,-3.57,-3.61,1.42,-1.54,-0.96,-0.66,5.13,-4.29,0.81,6.53,-2.85
2024-11-30,3.06,0.65,0.28,-0.4,2.15,4.0,14.12,5.4,7.02,7.85,2.64,5.85,-2.94,2.35,3.89,10.71,10.36,9.14,10.42,40.01,6.5,10.81,31.25,3.12,7.2,12.67,-7.69,-0.77,11.22,6.47,6.21,9.18,9.24,6.66,6.47,3.37,2.4,4.36,6.23,8.17,11.86,10.25,6.25,13.24,8.37,7.53,14.02,7.28
2024-12-31,-6.95,-5.68,-3.29,-6.03,-8.26,-6.67,-1.55,-6.18,-6.12,2.03,-12.04,-4.49,-4.98,-11.34,-6.27,-10.97,-12.72,-15.27,-17.99,-4.16,-8.84,-8.4,11.85,-2.26,-5.81,-7.27,-11.2,-11.38,-17.64,-8.75,-7.78,-7.96,-11.92,-0.33,-2.41,3.49,-3.34,-6.67,-8.59,-8.63,-8.6,-0.3,-4.26,-5.54,-11.15,-8.84,-6.55,-6.26
2025-01-31,12.95,-2.63,0.57,-3.75,5.48,-0.38,6.84,1.8,0.16,2.61,13.21,9.66,4.45,4.13,3.75,2.09,8.09,1.79,6.49,8.13,6.01,2.42,0.31,5.4,8.56,0.9,14.49,0.97,-9.21,1.49,2.92,1.37,7.7,5.23,1.49,-5.97,7.1,0.35,0.12,2.05,4.78,7.26,3.64,8.55,4.99,9.25,8.26,6.08
2025-02-28,-5.0,3.09,11.37,2.0,15.44,3.59,-0.18,-3.45,3.6,-5.22,-1.7,-0.53,5.62,-3.51,-14.3,-5.94,-7.13,-10.98,3.82,-6.64,-4.0,-8.03,-23.51,1.78,-11.33,-9.81,-1.41,-3.67,-16.87,3.3,2.02,9.4,0.51,-6.3,-3.38,0.36,-9.03,3.47,-1.53,0.99,-0.39,-5.06,2.79,-0.53,0.2,-2.09,-5.36,6.58
2025-03-31,-0.03,1.64,2.53,-0.04,4.8,-6.77,-6.78,-2.65,-2.33,-18.25,2.95,-5.84,-4.26,-5.31,-3.86,-4.34,-6.34,-4.12,-8.1,-18.49,-5.78,-10.36,-10.15,-0.27,-0.23,-1.79,13.02,1.05,-0.69,3.91,0.76,-1.34,-2.6,-8.03,-8.11,-10.3,-6.28,-2.46,-2.72,-8.04,-0.52,-8.65,-7.28,-7.69,4.12,-8.45,-8.18,1.43
2025-04-30,-0.68,-1.79,1.51,-5.81,5.18,-6.36,14.12,1.99,-3.48,-7.66,0.55,-0.34,-0.91,-4.64,-2.53,-6.3,-1.62,3.15,0.32,-2.67,-3.05,-2.28,6.27,0.87,2.46,10.22,8.19,0.97,-1.27,-14.35,-1.32,-4.9,3.66,2.73,-0.63,-0.79,-5.48,-7.97,-1.44,-2.73,1.98,1.32,-2.64,-2.1,-8.16,-7.57,-0.22,0.05
2025-05-31,13.02,-2.88,0.29,-3.44,4.62,5.55,6.53,4.18,4.1,10.27,3.68,2.27,-7.03,2.33,4.38,-2.71,2.37,7.5,3.97,13.17,8.16,16.51,19.77,10.52,6.71,8.21,1.53,4.01,-1.66,1.82,3.43,3.86,9.02,11.12,6.75,10.2,1.97,6.0,2.49,7.27,2.38,6.47,3.68,7.44,-4.61,1.27,7.91,0.47
2025-06-30,5.34,-1.36,-0.83,-1.67,0.75,6.83,10.26,3.61,-3.91,2.01,3.35,1.37,2.1,0.34,2.06,4.59,2.98,9.17,10.43,5.79,7.4,9.39,-6.37,6.1,4.4,3.48,10.78,7.7,2.97,5.23,1.01,3.63,-2.55,6.59,10.66,11.2,6.38,-4.83,1.77,4.75,1.55,2.75,1.96,6.5,0.06,10.48,8.51,-1.58
2025-07-31,-1.94,-0.38,-4.12,3.38,-5.84,1.92,-8.73,-3.33,-3.1,2.51,-8.24,-5.13,1.07,-0.67,3.88,0.95,5.18,8.95,3.42,19.43,3.51,13.07,-1.44,4.91,-3.38,-5.65,5.33,-0.4,12.53,3.56,3.37,-3.36,-2.98,4.55,4.0,6.5,3.83,-2.02,-0.42,-2.06,0.14,3.11,-2.51,0.82,-9.74,10.67,4.47,-2.31
2025-08-31,2.81,0.13,3.43,3.49,3.87,6.41,5.0,5.69,3.27,4.25,14.02,2.45,4.55,6.34,5.06,17.47,5.4,6.45,4.22,0.78,-2.08,1.78,8.2,0.32,1.03,4.12,23.42,7.33,12.88,4.3,-1.59,3.8,-0.99,-1.07,3.46,3.53,1.68,5.4,1.99,4.21,1.54,0.85,0.88,5.11,7.49,5.79,-0.18,4.47
2025-09-30,-9.46,-1.77,-1.54,-7.1,-2.09,-3.02,-1.69,0.91,-3.54,-5.42,3.76,-3.81,3.93,-4.63,2.0,-3.35,-2.8,3.74,0.97,-0.21,9.07,8.6,26.49,4.68,3.73,4.71,18.02,7.09,18.02,-0.75,3.98,-1.13,1.1,4.83,4.12,8.85,3.36,-3.92,-3.89,0.49,0.8,-1.06,-4.61,0.13,1.63,-3.5,2.96,-0.75
2025-10-31,-8.64,-5.43,3.16,3.37,-11.53,0.82,-6.36,-8.03,-3.04,-6.04,3.6,0.67,5.57,-3.19,0.43,-9.57,-1.22,-0.09,11.29,-1.75,8.5,16.87,2.72,1.89,3.35,3.36,-3.68,5.15,1.07,-0.82,0.44,-5.85,-11.64,1.12,6.33,9.24,11.16,-5.49,-7.86,-0.24,0.02,2.85,-3.6,-0.1,-6.36,-1.88,-2.98,-4.21
2025-11-30,8.12,3.14,6.2,2.35,7.82,9.2,-1.53,2.25,1.14,3.92,7.58,5.41,12.99,3.4,4.9,0.29,3.27,3.1,4.91,1.62,1.05,-7.77,-3.88,-2.27,0.9,-16.22,12.6,0.46,-2.05,2.46,2.9,-1.45,-3.24,-1.98,-3.57,-3.26,2.78,-2.34,4.45,0.55,1.77,-0.43,6.6,1.35,3.3,7.15,0.31,6.18
2025-12-31,-0.73,-3.45,-2.35,-1.99,1.88,-1.59,-8.21,2.86,-2.43,3.86,-5.53,-2.75,-0.72,-1.86,-2.41,-3.02,-0.2,-7.2,5.73,2.18,1.5,-5.16,4.6,3.87,3.8,13.41,10.04,5.28,12.45,-0.94,-4.27,3.71,1.51,-0.31,-1.25,-0.67,-0.07,-1.4,3.77,3.34,-3.52,-1.15,0.86,5.0,1.36,-0.06,2.96,-1.83
2026-01-31,8.33,6.23,6.64,6.36,10.66,7.04,-10.11,5.36,7.67,-1.44,0.03,-3.81,1.84,10.36,-3.41,9.15,5.88,10.19,8.05,4.1,17.27,19.65,-2.66,5.07,11.88,17.47,13.46,20.64,8.07,13.93,2.86,3.4,0.59,-4.1,3.29,1.81,5.32,1.21,5.76,1.39,7.21,4.82,3.38,-2.42,-4.86,6.04,2.63,-1.59
2026-02-28,9.35,5.15,8.81,8.99,6.11,1.11,11.53,-2.52,8.64,5.41,7.47,1.3,5.26,6.64,10.04,4.47,6.34,11.69,6.37,4.38,9.47,0.5,-5.02,5.06,12.03,1.96,16.88,11.31,-12.28,8.84,9.9,4.04,0.46,-8.91,3.43,-1.82,2.15,8.57,7.97,3.46,5.53,-3.6,6.2,-4.29,-1.56,-10.42,-7.45,5.79
2026-03-31,3.29,-8.89,-8.57,-8.08,-8.63,-9.25,-1.87,5.9,-14.28,-11.46,-9.59,-11.89,-5.73,-1.05,-7.81,-19.29,-12.2,-8.53,-5.2,-3.47,-8.7,-7.18,-7.94,-11.13,-7.9,-9.98,-19.03,-16.72,14.75,13.09,-2.05,-2.61,-6.61,-5.73,-3.83,-3.68,-7.16,-13.85,-10.82,-6.89,-9.14,-2.95,-7.65,-2.53,-5.43,-8.24,-3.37,-5.75
2026-04-30,-2.98,0.58,4.16,3.22,2.88,5.41,-0.72,1.77,1.98,-3.07,1.93,-4.4,-1.89,2.39,10.24,8.62,5.7,19.38,17.89,5.82,15.24,28.85,3.26,1.55,4.48,-5.8,1.77,2.44,-11.05,-4.16,2.05,-2.26,5.3,13.51,25.01,20.94,8.35,-2.64,-0.51,7.72,4.42,13.75,4.84,8.4,11.78,6.64,8.41,-1.22
2026-05-31,-3.2,-0.87,2.27,-7.45,3.7,-1.35,-4.54,-2.84,-1.16,2.48,1.01,-4.8,5.02,-3.53,1.94,4.18,-3.26,-1.37,11.36,0.41,4.26,6.37,12.78,6.19,-5.51,19.99,-0.38,7.29,2.83,-6.16,-4.97,-1.46,-1.68,7.8,22.7,14.39,5.15,2.7,-2.48,1.6,-3.65,-2.67,-2.79,-2.28,-1.17,-6.58,2.54,0.58
2026-06-30,8.36,-1.54,4.2,-2.0,3.45,2.7,-9.4,-3.06,3.68,-4.87,10.36,0.87,8.69,0.13,13.35,14.77,14.4,6.06,-5.09,7.65,27.13,3.43,-3.44,6.04,1.05,-8.28,-15.05,-5.75,-13.15,-5.69,2.8,-8.98,1.56,-9.76,1.56,-2.5,17.79,10.69,13.27,3.95,6.89,-5.59,2.14,8.33,8.55,10.71,-3.07,4.02
