analyst,broker,broker_code,firm,quarter,year,fe,market_cap,sic_code,revision_date,staleness_days,source_ticker
Jack Zhou,China Renaissance Securities (US),2903,AAPL-US,2026Q1,2026,0.026960516324981,3867012.0,3571,20260428.0,1.0,AAPL-US
Eui-Young Ko,iM Securities,2140,AAPL-US,2026Q1,2026,0.0254039483675019,3867012.0,3571,20260401.0,28.0,AAPL-US
Barton Crockett,Rosenblatt Securities,2623,AAPL-US,2026Q1,2026,0.0249483675018982,3867012.0,3571,20260130.0,89.0,AAPL-US
Amit Daryanani,Evercore ISI,1772,AAPL-US,2026Q1,2026,0.0245307517084282,3867012.0,3571,20260108.0,111.0,AAPL-US
Mark C. Newman,Bernstein Research,1140,AAPL-US,2026Q1,2026,,3867012.0,3571,20260209.0,79.0,AAPL-US
Krish Sankar,TD Cowen,917,AAPL-US,2026Q1,2026,0.0246446469248291,3867012.0,3571,20260130.0,89.0,AAPL-US
Aaron Rakers,Wells Fargo Securities,596,AAPL-US,2026Q1,2026,0.0240372057706909,3867012.0,3571,20260414.0,15.0,AAPL-US
Craig Moffett,MoffettNathanson Research,3177,AAPL-US,2026Q1,2026,0.0246066818526955,3867012.0,3571,20260224.0,64.0,AAPL-US
James Kelleher,Argus Research,376,AAPL-US,2026Q1,2026,0.0258974943052391,3867012.0,3571,20260130.0,89.0,AAPL-US
Ben Reitzes,Melius Research,3130,AAPL-US,2026Q1,2026,0.02434092634776,3867012.0,3571,20260130.0,89.0,AAPL-US
Jay Goldberg,Seaport Research Partners,1321,AAPL-US,2026Q1,2026,0.0225945330296127,3867012.0,3571,20260402.0,27.0,AAPL-US
Tom Forte,Maxim Group,1063,AAPL-US,2026Q1,2026,0.0248344722854973,3867012.0,3571,20260130.0,89.0,AAPL-US
Dan Ives,Wedbush Securities,590,AAPL-US,2026Q1,2026,0.0246446469248291,3867012.0,3571,20260130.0,89.0,AAPL-US
Martin Yang,Oppenheimer,498,AAPL-US,2026Q1,2026,0.0233158694001518,3867012.0,3571,20260130.0,89.0,AAPL-US
Laura Martin,Needham,477,AAPL-US,2026Q1,2026,0.0244548215641609,3867012.0,3571,20260130.0,89.0,AAPL-US
Melissa Fairbanks,Raymond James,402,AAPL-US,2026Q1,2026,0.0251381928625664,3867012.0,3571,20260130.0,89.0,AAPL-US
Warren Lau,Aletheia Capital,2859,AAPL-US,2026Q1,2026,0.0249104024297646,3867012.0,3571,20260417.0,12.0,AAPL-US
Brian J. White,"Monness, Crespi, Hardt",1080,AAPL-US,2026Q1,2026,0.0252520880789673,3867012.0,3571,20251031.0,180.0,AAPL-US
Ben Bollin,Cleveland Research Company,2295,AAPL-US,2026Q1,2026,0.0248470918754745,3867012.0,3571,20260416.0,13.0,AAPL-US
Xiao Yu Han,First Shanghai,1701,AAPL-US,2026Q1,2026,0.0246446469248291,3867012.0,3571,20260415.0,14.0,AAPL-US
Ananda Baruah,Loop Capital Markets,1009,AAPL-US,2026Q1,2026,0.0250622627182991,3867012.0,3571,20260416.0,13.0,AAPL-US
Helena Wang,Phillip Securities,651,AAPL-US,2026Q1,2026,0.0245307517084282,3867012.0,3571,20260130.0,89.0,AAPL-US
Edison Lee,Jefferies,512,AAPL-US,2026Q1,2026,0.0247965072133637,3867012.0,3571,20260130.0,89.0,AAPL-US
Louis Miscioscia,Daiwa Securities Co. Ltd.,467,AAPL-US,2026Q1,2026,0.0245307517084282,3867012.0,3571,20260204.0,84.0,AAPL-US
Leping Huang,Huatai Research,1271,AAPL-US,2026Q1,2026,0.0238094153378891,3867012.0,3571,20250411.0,383.0,AAPL-US
Brandon Nispel,KeyBanc Capital Markets,618,AAPL-US,2026Q1,2026,0.0254039483675019,3867012.0,3571,20260402.0,27.0,AAPL-US
Pierre Ferragu,New Street Research,1634,AAPL-US,2026Q1,2026,0.0243788914198937,3867012.0,3571,20260130.0,89.0,AAPL-US
Amman Saeed,ARC Independent Research,940,AAPL-US,2026Q1,2026,0.0259734244495064,3867012.0,3571,20260219.0,69.0,AAPL-US
Heping Qin,Guotai Haitong Securities China,1094,AAPL-US,2026Q1,2026,0.0238853454821564,3867012.0,3571,20260206.0,82.0,AAPL-US
Barney Yao,Haitong International Research,2898,AAPL-US,2026Q1,2026,0.0264290053151101,3867012.0,3571,20260130.0,89.0,AAPL-US
Sophie Huang,ABCI Securities,2281,AAPL-US,2026Q1,2026,0.0241131359149582,3867012.0,3571,20251031.0,180.0,AAPL-US
James Cordwell,Rothschild & Co Redburn,1652,AAPL-US,2026Q1,2026,,3867012.0,3571,20260130.0,89.0,AAPL-US
Tian Zi Fu,Everbright Securities,1299,AAPL-US,2026Q1,2026,0.0241890660592255,3867012.0,3571,20260130.0,89.0,AAPL-US
Peng Rui Huang,Capital Securities Asia,1128,AAPL-US,2026Q1,2026,0.0236955201214882,3867012.0,3571,20260130.0,89.0,AAPL-US
sean Hao,Fubon Securities,1084,AAPL-US,2026Q1,2026,0.0238094153378891,3867012.0,3571,20260130.0,89.0,AAPL-US
Cheng Ning Li,China International Capital,898,AAPL-US,2026Q1,2026,0.02475854214123,3867012.0,3571,20260130.0,89.0,AAPL-US
Gil Luria,DA Davidson,556,AAPL-US,2026Q1,2026,0.0244927866362946,3867012.0,3571,20260130.0,89.0,AAPL-US
Aaron Rakers,Wells Fargo Securities,596,AAPL-US,2025Q4,2025,0.0207454993075857,3820872.8,3571,20251031.0,89.0,AAPL-US
Dan Ives,Wedbush Securities,590,AAPL-US,2025Q4,2025,0.0203015848592091,3820872.8,3571,20251031.0,89.0,AAPL-US
Barney Yao,Haitong International Research,2898,AAPL-US,2025Q4,2025,0.0232251115556239,3820872.8,3571,20251031.0,89.0,AAPL-US
Ben Bollin,Cleveland Research Company,2295,AAPL-US,2025Q4,2025,0.0210319010617018,3820872.8,3571,20251217.0,42.0,AAPL-US
Amit Daryanani,Evercore ISI,1772,AAPL-US,2025Q4,2025,0.0213786736420987,3820872.8,3571,20260108.0,20.0,AAPL-US
Mark C. Newman,Bernstein Research,1140,AAPL-US,2025Q4,2025,,3820872.8,3571,20251031.0,89.0,AAPL-US
Craig Moffett,MoffettNathanson Research,3177,AAPL-US,2025Q4,2025,0.0187244191414063,3820872.8,3571,20251202.0,57.0,AAPL-US
Barton Crockett,Rosenblatt Securities,2623,AAPL-US,2025Q4,2025,0.0198784428373595,3820872.8,3571,20251031.0,89.0,AAPL-US
Brian J. White,"Monness, Crespi, Hardt",1080,AAPL-US,2025Q4,2025,0.022186490229266,3820872.8,3571,20251031.0,89.0,AAPL-US
Helena Wang,Phillip Securities,651,AAPL-US,2025Q4,2025,0.0208401292506539,3820872.8,3571,20251031.0,89.0,AAPL-US
Edison Lee,Jefferies,512,AAPL-US,2025Q4,2025,0.0207247268810586,3820872.8,3571,20260123.0,5.0,AAPL-US
Louis Miscioscia,Daiwa Securities Co. Ltd.,467,AAPL-US,2025Q4,2025,0.0208401292506539,3820872.8,3571,20251103.0,86.0,AAPL-US
Brandon Nispel,KeyBanc Capital Markets,618,AAPL-US,2025Q4,2025,0.0194937682720418,3820872.8,3571,20260121.0,7.0,AAPL-US
Warren Lau,Aletheia Capital,2859,AAPL-US,2025Q4,2025,0.0196476380981689,3820872.8,3571,20251024.0,96.0,AAPL-US
Ananda Baruah,Loop Capital Markets,1009,AAPL-US,2025Q4,2025,0.0202246499461455,3820872.8,3571,20251201.0,58.0,AAPL-US
Ben Reitzes,Melius Research,3130,AAPL-US,2025Q4,2025,0.0207247268810586,3820872.8,3571,20250909.0,141.0,AAPL-US
Melissa Fairbanks,Raymond James,402,AAPL-US,2025Q4,2025,0.0205781658716725,3820872.8,3571,20251231.0,28.0,AAPL-US
Pierre Ferragu,New Street Research,1634,AAPL-US,2025Q4,2025,0.0208401292506539,3820872.8,3571,20251031.0,89.0,AAPL-US
Qian Li,First Shanghai,1701,AAPL-US,2025Q4,2025,0.0213786736420987,3820872.8,3571,20251202.0,57.0,AAPL-US
Krish Sankar,TD Cowen,917,AAPL-US,2025Q4,2025,0.0204196799507616,3820872.8,3571,20251031.0,89.0,AAPL-US
Eui-Young Ko,iM Securities,2140,AAPL-US,2025Q4,2025,0.0200323126634866,3820872.8,3571,20251022.0,98.0,AAPL-US
Amman Saeed,ARC Independent Research,940,AAPL-US,2025Q4,2025,0.0207631943375904,3820872.8,3571,20250812.0,169.0,AAPL-US
James Cordwell,Rothschild & Co Redburn,1652,AAPL-US,2025Q4,2025,,3820872.8,3571,20251104.0,85.0,AAPL-US
Chun Sheng Xie,Huatai Research,1271,AAPL-US,2025Q4,2025,0.0207247268810586,3820872.8,3571,20250411.0,292.0,AAPL-US
Cheng Ning Li,China International Capital,898,AAPL-US,2025Q4,2025,0.020647791967995,3820872.8,3571,20250801.0,180.0,AAPL-US
Sophie Huang,ABCI Securities,2281,AAPL-US,2025Q4,2025,0.0212248038159716,3820872.8,3571,20251031.0,89.0,AAPL-US
Jay Goldberg,Seaport Research Partners,1321,AAPL-US,2025Q4,2025,0.0209555316202492,3820872.8,3571,20251031.0,89.0,AAPL-US
Tian Zi Fu,Everbright Securities,1299,AAPL-US,2025Q4,2025,0.0207247268810586,3820872.8,3571,20251031.0,89.0,AAPL-US
Peng Rui Huang,Capital Securities Asia,1128,AAPL-US,2025Q4,2025,0.0201092475765502,3820872.8,3571,20251031.0,89.0,AAPL-US
Tom Forte,Maxim Group,1063,AAPL-US,2025Q4,2025,0.019801507924296,3820872.8,3571,20251031.0,89.0,AAPL-US
Gil Luria,DA Davidson,556,AAPL-US,2025Q4,2025,0.0199938452069549,3820872.8,3571,20251031.0,89.0,AAPL-US
Martin Yang,Oppenheimer,498,AAPL-US,2025Q4,2025,0.0196091706416371,3820872.8,3571,20251031.0,89.0,AAPL-US
Laura Martin,Needham,477,AAPL-US,2025Q4,2025,0.0200707801200184,3820872.8,3571,20251031.0,89.0,AAPL-US
James Kelleher,Argus Research,376,AAPL-US,2025Q4,2025,0.0217633482074165,3820872.8,3571,20251031.0,89.0,AAPL-US
Mark C. Newman,Bernstein Research,1140,AAPL-US,2025Q3,2025,,3672254.3,3571,20250912.0,47.0,AAPL-US
Warren Lau,Aletheia Capital,2859,AAPL-US,2025Q3,2025,0.0249428167306526,3672254.3,3571,20251024.0,5.0,AAPL-US
Barton Crockett,Rosenblatt Securities,2623,AAPL-US,2025Q3,2025,0.0261551828652253,3672254.3,3571,20250801.0,89.0,AAPL-US
Krish Sankar,TD Cowen,917,AAPL-US,2025Q3,2025,0.0244578702768236,3672254.3,3571,20250801.0,89.0,AAPL-US
Gil Luria,DA Davidson,556,AAPL-US,2025Q3,2025,0.0236900383915942,3672254.3,3571,20250801.0,89.0,AAPL-US
Edison Lee,Jefferies,512,AAPL-US,2025Q3,2025,0.0247811679127096,3672254.3,3571,20251010.0,19.0,AAPL-US
Amit Daryanani,Evercore ISI,1772,AAPL-US,2025Q3,2025,0.0249024045261669,3672254.3,3571,20250425.0,187.0,AAPL-US
Brian J. White,"Monness, Crespi, Hardt",1080,AAPL-US,2025Q3,2025,0.0284586785209133,3672254.3,3571,20250801.0,89.0,AAPL-US
Louis Miscioscia,Daiwa Securities Co. Ltd.,467,AAPL-US,2025Q3,2025,0.0253469387755102,3672254.3,3571,20250804.0,86.0,AAPL-US
Eui-Young Ko,iM Securities,2140,AAPL-US,2025Q3,2025,0.0250640533441099,3672254.3,3571,20251022.0,7.0,AAPL-US
Aaron Rakers,Wells Fargo Securities,596,AAPL-US,2025Q3,2025,0.0251044655485956,3672254.3,3571,20251020.0,9.0,AAPL-US
Craig Moffett,MoffettNathanson Research,3177,AAPL-US,2025Q3,2025,0.024215397049909,3672254.3,3571,20250903.0,56.0,AAPL-US
Barney Yao,Haitong International Research,2898,AAPL-US,2025Q3,2025,0.0279333198625985,3672254.3,3571,20251020.0,9.0,AAPL-US
Helena Wang,Phillip Securities,651,AAPL-US,2025Q3,2025,0.0268421903414831,3672254.3,3571,20250502.0,180.0,AAPL-US
Brandon Nispel,KeyBanc Capital Markets,618,AAPL-US,2025Q3,2025,0.0240133360274803,3672254.3,3571,20251020.0,9.0,AAPL-US
Dan Ives,Wedbush Securities,590,AAPL-US,2025Q3,2025,0.0242610628409779,3672254.3,3571,20250731.0,90.0,AAPL-US
Ben Reitzes,Melius Research,3130,AAPL-US,2025Q3,2025,0.025872297433825,3672254.3,3571,20250909.0,50.0,AAPL-US
Ananda Baruah,Loop Capital Markets,1009,AAPL-US,2025Q3,2025,0.0266805415235401,3672254.3,3571,20251017.0,12.0,AAPL-US
Ben Bollin,Cleveland Research Company,2295,AAPL-US,2025Q3,2025,0.0258634229137199,3672254.3,3571,20250924.0,35.0,AAPL-US
Laura Martin,Needham,477,AAPL-US,2025Q3,2025,0.0236900383915942,3672254.3,3571,20250801.0,89.0,AAPL-US
Martin Yang,Oppenheimer,498,AAPL-US,2025Q3,2025,0.0238516872095372,3672254.3,3571,20250801.0,89.0,AAPL-US
Ivan Feinseth,Tigress Financial Partners LLC,2345,AAPL-US,2025Q3,2025,0.0272867245908264,3672254.3,3571,20250916.0,43.0,AAPL-US
James Cordwell,Rothschild & Co Redburn,1652,AAPL-US,2025Q3,2025,,3672254.3,3571,20250910.0,49.0,AAPL-US
Pierre Ferragu,New Street Research,1634,AAPL-US,2025Q3,2025,0.0235688017781369,3672254.3,3571,20250131.0,271.0,AAPL-US
James Kelleher,Argus Research,376,AAPL-US,2025Q3,2025,0.025872297433825,3672254.3,3571,20250801.0,89.0,AAPL-US
Tian Zi Fu,Everbright Securities,1299,AAPL-US,2025Q3,2025,0.0248215801171953,3672254.3,3571,20250909.0,50.0,AAPL-US
Tom Forte,Maxim Group,1063,AAPL-US,2025Q3,2025,0.021750252576278,3672254.3,3571,20250801.0,89.0,AAPL-US
Colin Liu,China Renaissance Securities (US),2903,AAPL-US,2025Q3,2025,0.0230838553243079,3672254.3,3571,20250509.0,173.0,AAPL-US
Amman Saeed,ARC Independent Research,940,AAPL-US,2025Q3,2025,0.0258318852293392,3672254.3,3571,20250812.0,78.0,AAPL-US
Chun Sheng Xie,Huatai Research,1271,AAPL-US,2025Q3,2025,0.0258318852293392,3672254.3,3571,20250411.0,201.0,AAPL-US
Xiao Yu Han,First Shanghai,1701,AAPL-US,2025Q3,2025,0.0252661143665386,3672254.3,3571,20250806.0,84.0,AAPL-US
Sophie Huang,ABCI Securities,2281,AAPL-US,2025Q3,2025,0.0234071529601939,3672254.3,3571,20250505.0,177.0,AAPL-US
Heping Qin,Guotai Haitong Securities China,1094,AAPL-US,2025Q3,2025,0.0236900383915942,3672254.3,3571,20250505.0,177.0,AAPL-US
sean Hao,Fubon Securities,1084,AAPL-US,2025Q3,2025,0.0234475651646797,3672254.3,3571,20250801.0,89.0,AAPL-US
Cheng Ning Li,China International Capital,898,AAPL-US,2025Q3,2025,0.0255085875934532,3672254.3,3571,20250502.0,180.0,AAPL-US
Amit Daryanani,Evercore ISI,1772,AAPL-US,2025Q2,2025,0.0304366250833253,3136822.3,3571,20250425.0,96.0,AAPL-US
Dan Ives,Wedbush Securities,590,AAPL-US,2025Q2,2025,0.0277702123607275,3136822.3,3571,20250502.0,89.0,AAPL-US
Edison Lee,Jefferies,512,AAPL-US,2025Q2,2025,0.030674697647843,3136822.3,3571,20250729.0,1.0,AAPL-US
Barney Yao,Haitong International Research,2898,AAPL-US,2025Q2,2025,0.0330554232930197,3136822.3,3571,20250425.0,96.0,AAPL-US
Barton Crockett,Rosenblatt Securities,2623,AAPL-US,2025Q2,2025,0.0308651556994571,3136822.3,3571,20250502.0,89.0,AAPL-US
Martin Yang,Oppenheimer,498,AAPL-US,2025Q2,2025,0.028436815541377,3136822.3,3571,20250502.0,89.0,AAPL-US
Krish Sankar,TD Cowen,917,AAPL-US,2025Q2,2025,0.0306270831349395,3136822.3,3571,20250502.0,89.0,AAPL-US
Laura Martin,Needham,477,AAPL-US,2025Q2,2025,0.0288177316446052,3136822.3,3571,20250603.0,57.0,AAPL-US
Brian J. White,"Monness, Crespi, Hardt",1080,AAPL-US,2025Q2,2025,0.0302937815446147,3136822.3,3571,20250502.0,89.0,AAPL-US
Aaron Rakers,Wells Fargo Securities,596,AAPL-US,2025Q2,2025,0.0279297209789543,3136822.3,3571,20250502.0,89.0,AAPL-US
Ben Reitzes,Melius Research,3130,AAPL-US,2025Q2,2025,0.0281987429768593,3136822.3,3571,20250502.0,89.0,AAPL-US
Ben Bollin,Cleveland Research Company,2295,AAPL-US,2025Q2,2025,0.0309857775449957,3136822.3,3571,20250624.0,36.0,AAPL-US
Helena Wang,Phillip Securities,651,AAPL-US,2025Q2,2025,0.0329601942672126,3136822.3,3571,20250502.0,89.0,AAPL-US
Louis Miscioscia,Daiwa Securities Co. Ltd.,467,AAPL-US,2025Q2,2025,0.0303890105704218,3136822.3,3571,20250512.0,79.0,AAPL-US
Brandon Nispel,KeyBanc Capital Markets,618,AAPL-US,2025Q2,2025,0.0276749833349204,3136822.3,3571,20250703.0,27.0,AAPL-US
Craig Moffett,MoffettNathanson Research,3177,AAPL-US,2025Q2,2025,0.0244848109703837,3136822.3,3571,20250627.0,33.0,AAPL-US
James Kelleher,Argus Research,376,AAPL-US,2025Q2,2025,0.0313413008284925,3136822.3,3571,20250624.0,36.0,AAPL-US
Xiao Yu Han,First Shanghai,1701,AAPL-US,2025Q2,2025,0.0301509380059042,3136822.3,3571,20250423.0,98.0,AAPL-US
Pierre Ferragu,New Street Research,1634,AAPL-US,2025Q2,2025,0.0289129606704123,3136822.3,3571,20250131.0,180.0,AAPL-US
Chun Sheng Xie,Huatai Research,1271,AAPL-US,2025Q2,2025,0.0318650604704313,3136822.3,3571,20250411.0,110.0,AAPL-US
Heping Qin,Guotai Haitong Securities China,1094,AAPL-US,2025Q2,2025,0.0293414912865441,3136822.3,3571,20250505.0,86.0,AAPL-US
Srini Pajjuri,Raymond James,402,AAPL-US,2025Q2,2025,0.0289129606704123,3136822.3,3571,20250428.0,93.0,AAPL-US
Amman Saeed,ARC Independent Research,940,AAPL-US,2025Q2,2025,0.0308175411865536,3136822.3,3571,20250520.0,71.0,AAPL-US
Colin Liu,China Renaissance Securities (US),2903,AAPL-US,2025Q2,2025,0.0286748881058946,3136822.3,3571,20250509.0,82.0,AAPL-US
Tony Shen,SPDB International,3451,AAPL-US,2025Q2,2025,0.0316269879059137,3136822.3,3571,20250506.0,85.0,AAPL-US
Sophie Huang,ABCI Securities,2281,AAPL-US,2025Q2,2025,0.0289129606704123,3136822.3,3571,20250505.0,86.0,AAPL-US
Tian Zi Fu,Everbright Securities,1299,AAPL-US,2025Q2,2025,0.0250561851252261,3136822.3,3571,20250502.0,89.0,AAPL-US
Hui Ting Tang,Mega Intl Invst Serv,1175,AAPL-US,2025Q2,2025,0.0320079040091419,3136822.3,3571,20250502.0,89.0,AAPL-US
sean Hao,Fubon Securities,1084,AAPL-US,2025Q2,2025,0.0305794686220359,3136822.3,3571,20250502.0,89.0,AAPL-US
Tom Forte,Maxim Group,1063,AAPL-US,2025Q2,2025,0.0251514141510332,3136822.3,3571,20250502.0,89.0,AAPL-US
Cheng Ning Li,China International Capital,898,AAPL-US,2025Q2,2025,0.0311032282639748,3136822.3,3571,20250502.0,89.0,AAPL-US
Gil Luria,DA Davidson,556,AAPL-US,2025Q2,2025,0.02996047995429,3136822.3,3571,20250411.0,110.0,AAPL-US
Warren Lau,Aletheia Capital,2859,AAPL-US,2025Q2,2025,0.0264846205123321,3136822.3,3571,20250425.0,96.0,AAPL-US
Barton Crockett,Rosenblatt Securities,2623,AAPL-US,2025Q1,2025,0.036568693056056,2918338.3,3571,20240625.0,309.0,AAPL-US
Brandon Nispel,KeyBanc Capital Markets,618,AAPL-US,2025Q1,2025,0.0325021876769444,2918338.3,3571,20250212.0,77.0,AAPL-US
Aaron Rakers,Wells Fargo Securities,596,AAPL-US,2025Q1,2025,0.031196787975498,2918338.3,3571,20250422.0,8.0,AAPL-US
Martin Yang,Oppenheimer,498,AAPL-US,2025Q1,2025,0.0330169351932876,2918338.3,3571,20250131.0,89.0,AAPL-US
Colin Liu,China Renaissance Securities (US),2903,AAPL-US,2025Q1,2025,0.0320903896638698,2918338.3,3571,20250416.0,14.0,AAPL-US
Amit Daryanani,Evercore ISI,1772,AAPL-US,2025Q1,2025,0.0323992381736758,2918338.3,3571,20250425.0,5.0,AAPL-US
Edison Lee,Jefferies,512,AAPL-US,2025Q1,2025,0.0304946723632058,2918338.3,3571,20250429.0,1.0,AAPL-US
Srini Pajjuri,Raymond James,402,AAPL-US,2025Q1,2025,0.031163844134452,2918338.3,3571,20250428.0,2.0,AAPL-US
Barney Yao,Haitong International Research,2898,AAPL-US,2025Q1,2025,0.0350244505070263,2918338.3,3571,20250425.0,5.0,AAPL-US
Warren Lau,Aletheia Capital,2859,AAPL-US,2025Q1,2025,0.0282297832912956,2918338.3,3571,20250425.0,5.0,AAPL-US
Brian J. White,"Monness, Crespi, Hardt",1080,AAPL-US,2025Q1,2025,0.0336346322128995,2918338.3,3571,20250131.0,89.0,AAPL-US
Krish Sankar,TD Cowen,917,AAPL-US,2025Q1,2025,0.0337375817161682,2918338.3,3571,20240726.0,278.0,AAPL-US
Xiao Yu Han,First Shanghai,1701,AAPL-US,2025Q1,2025,0.0321933391671385,2918338.3,3571,20250423.0,7.0,AAPL-US
Ben Reitzes,Melius Research,3130,AAPL-US,2025Q1,2025,0.0279209347814896,2918338.3,3571,20250404.0,26.0,AAPL-US
Craig Moffett,MoffettNathanson Research,3177,AAPL-US,2025Q1,2025,0.0278694600298553,2918338.3,3571,20250417.0,13.0,AAPL-US
Chun Sheng Xie,Huatai Research,1271,AAPL-US,2025Q1,2025,0.0340464302259741,2918338.3,3571,20250411.0,19.0,AAPL-US
Louis Miscioscia,Daiwa Securities Co. Ltd.,467,AAPL-US,2025Q1,2025,0.034509702990683,2918338.3,3571,20250204.0,85.0,AAPL-US
Ben Bollin,Cleveland Research Company,2295,AAPL-US,2025Q1,2025,0.0337416327791218,2918338.3,3571,20250124.0,96.0,AAPL-US
Dan Ives,Wedbush Securities,590,AAPL-US,2025Q1,2025,0.0301343491017655,2918338.3,3571,20250404.0,26.0,AAPL-US
Gil Luria,DA Davidson,556,AAPL-US,2025Q1,2025,0.0323477634220414,2918338.3,3571,20250411.0,19.0,AAPL-US
Laura Martin,Needham,477,AAPL-US,2025Q1,2025,0.0334802079579966,2918338.3,3571,20250131.0,89.0,AAPL-US
Pierre Ferragu,New Street Research,1634,AAPL-US,2025Q1,2025,0.0312153188860863,2918338.3,3571,20250131.0,89.0,AAPL-US
Yan Hui Hao,Founder Securities,1545,AAPL-US,2025Q1,2025,0.0343552787357801,2918338.3,3571,20250221.0,68.0,AAPL-US
Heping Qin,Guotai Haitong Securities China,1094,AAPL-US,2025Q1,2025,0.0333772584547279,2918338.3,3571,20250220.0,69.0,AAPL-US
Tom Forte,Maxim Group,1063,AAPL-US,2025Q1,2025,0.0308035208730117,2918338.3,3571,20240802.0,271.0,AAPL-US
Jun Xia,Guosheng Securities,3586,AAPL-US,2025Q1,2025,0.0332228341998249,2918338.3,3571,20250131.0,89.0,AAPL-US
Sophie Huang,ABCI Securities,2281,AAPL-US,2025Q1,2025,0.0337375817161682,2918338.3,3571,20241210.0,141.0,AAPL-US
James Cordwell,Rothschild & Co Redburn,1652,AAPL-US,2025Q1,2025,,2918338.3,3571,20250131.0,89.0,AAPL-US
Thiago Alves Kapulskis,Itau Securities,1394,AAPL-US,2025Q1,2025,0.0331713594481906,2918338.3,3571,20240503.0,362.0,AAPL-US
sean Hao,Fubon Securities,1084,AAPL-US,2025Q1,2025,0.0331198846965563,2918338.3,3571,20250131.0,89.0,AAPL-US
Mark Rosen,ARC Independent Research,940,AAPL-US,2025Q1,2025,0.0339434807227055,2918338.3,3571,20250131.0,89.0,AAPL-US
Cheng Ning Li,China International Capital,898,AAPL-US,2025Q1,2025,0.0338920059710711,2918338.3,3571,20241210.0,141.0,AAPL-US
Helena Wang,Phillip Securities,651,AAPL-US,2025Q1,2025,0.0369290163174962,2918338.3,3571,20241106.0,175.0,AAPL-US
James Kelleher,Argus Research,376,AAPL-US,2025Q1,2025,0.0349215010037576,2918338.3,3571,20250103.0,117.0,AAPL-US
Martin Yang,Oppenheimer,498,AAPL-US,2024Q4,2024,0.0233409004918653,3577059.0,3571,20250128.0,1.0,AAPL-US
Krish Sankar,TD Cowen,917,AAPL-US,2024Q4,2024,0.0243918947324168,3577059.0,3571,20240726.0,187.0,AAPL-US
Warren Lau,Aletheia Capital,2859,AAPL-US,2024Q4,2024,0.0209446336234077,3577059.0,3571,20250124.0,5.0,AAPL-US
Barton Crockett,Rosenblatt Securities,2623,AAPL-US,2024Q4,2024,0.0265779627527641,3577059.0,3571,20240625.0,218.0,AAPL-US
Ben Bollin,Cleveland Research Company,2295,AAPL-US,2024Q4,2024,0.0240987009711186,3577059.0,3571,20241212.0,48.0,AAPL-US
Brian J. White,"Monness, Crespi, Hardt",1080,AAPL-US,2024Q4,2024,0.0262416445957876,3577059.0,3571,20241101.0,89.0,AAPL-US
Aaron Rakers,Wells Fargo Securities,596,AAPL-US,2024Q4,2024,0.0246403497708832,3577059.0,3571,20241101.0,89.0,AAPL-US
Dan Ives,Wedbush Securities,590,AAPL-US,2024Q4,2024,0.0248122924286374,3577059.0,3571,20241101.0,89.0,AAPL-US
Edison Lee,Jefferies,512,AAPL-US,2024Q4,2024,0.0221637869424475,3577059.0,3571,20250117.0,12.0,AAPL-US
Laura Martin,Needham,477,AAPL-US,2024Q4,2024,0.0246441333501492,3577059.0,3571,20241101.0,89.0,AAPL-US
Srini Pajjuri,Raymond James,402,AAPL-US,2024Q4,2024,0.0243918947324168,3577059.0,3571,20241101.0,89.0,AAPL-US
Craig Moffett,MoffettNathanson Research,3177,AAPL-US,2024Q4,2024,0.0239294572665741,3577059.0,3571,20250106.0,23.0,AAPL-US
Ben Reitzes,Melius Research,3130,AAPL-US,2024Q4,2024,0.0253167696641022,3577059.0,3571,20250103.0,26.0,AAPL-US
James Kelleher,Argus Research,376,AAPL-US,2024Q4,2024,0.0250645310463698,3577059.0,3571,20250103.0,26.0,AAPL-US
Jun Xia,Guosheng Securities,3586,AAPL-US,2024Q4,2024,0.0247282128893933,3577059.0,3571,20241101.0,89.0,AAPL-US
Pierre Ferragu,New Street Research,1634,AAPL-US,2024Q4,2024,0.0212809517803842,3577059.0,3571,20240924.0,127.0,AAPL-US
Louis Miscioscia,Daiwa Securities Co. Ltd.,467,AAPL-US,2024Q4,2024,0.0262836843654096,3577059.0,3571,20241111.0,79.0,AAPL-US
Sophie Huang,ABCI Securities,2281,AAPL-US,2024Q4,2024,0.0243918947324168,3577059.0,3571,20241210.0,50.0,AAPL-US
Cheng Ning Li,China International Capital,898,AAPL-US,2024Q4,2024,0.0243078151931727,3577059.0,3571,20241210.0,50.0,AAPL-US
Xiao Yu Han,First Shanghai,1701,AAPL-US,2024Q4,2024,0.0243918947324168,3577059.0,3571,20240827.0,155.0,AAPL-US
Helena Wang,Phillip Securities,651,AAPL-US,2024Q4,2024,0.0269983604489847,3577059.0,3571,20241106.0,84.0,AAPL-US
James Cordwell,Rothschild & Co Redburn,1652,AAPL-US,2024Q4,2024,,3577059.0,3571,20241108.0,82.0,AAPL-US
Jeff Pu,Haitong International Research,2898,AAPL-US,2024Q4,2024,0.025863286669189,3577059.0,3571,20241101.0,89.0,AAPL-US
Thiago Alves Kapulskis,Itau Securities,1394,AAPL-US,2024Q4,2024,0.0239714970361962,3577059.0,3571,20240503.0,271.0,AAPL-US
Heping Qin,Guotai Haitong Securities China,1094,AAPL-US,2024Q4,2024,0.0260734855172993,3577059.0,3571,20241101.0,89.0,AAPL-US
Tom Forte,Maxim Group,1063,AAPL-US,2024Q4,2024,0.0219956278639593,3577059.0,3571,20240802.0,180.0,AAPL-US
Matthew F. Farrell,Piper Sandler Companies,570,AAPL-US,2024Q4,2024,0.0240555765754403,3577059.0,3571,20240802.0,180.0,AAPL-US
Gil Luria,DA Davidson,556,AAPL-US,2024Q4,2024,0.0243078151931727,3577059.0,3571,20241101.0,89.0,AAPL-US
Warren Lau,Aletheia Capital,2859,AAPL-US,2024Q3,2024,0.0285729054490631,3509361.8,3571,20241025.0,5.0,AAPL-US
Matthew F. Farrell,Piper Sandler Companies,570,AAPL-US,2024Q3,2024,0.0306405341374111,3509361.8,3571,20240802.0,89.0,AAPL-US
Edison Lee,Jefferies,512,AAPL-US,2024Q3,2024,0.0281399956924402,3509361.8,3571,20240202.0,271.0,AAPL-US
Krish Sankar,TD Cowen,917,AAPL-US,2024Q3,2024,0.0311574413094981,3509361.8,3571,20240726.0,96.0,AAPL-US
Brian J. White,"Monness, Crespi, Hardt",1080,AAPL-US,2024Q3,2024,0.0334404479862158,3509361.8,3571,20240802.0,89.0,AAPL-US
Aaron Rakers,Wells Fargo Securities,596,AAPL-US,2024Q3,2024,0.0318505276760715,3509361.8,3571,20240718.0,104.0,AAPL-US
Ben Reitzes,Melius Research,3130,AAPL-US,2024Q3,2024,0.033311221193194,3509361.8,3571,20240802.0,89.0,AAPL-US
Tony Shen,SPDB International,3451,AAPL-US,2024Q3,2024,0.0305543829420633,3509361.8,3571,20241007.0,23.0,AAPL-US
Craig Moffett,MoffettNathanson Research,3177,AAPL-US,2024Q3,2024,0.0321912556536721,3509361.8,3571,20240816.0,75.0,AAPL-US
Martin Yang,Oppenheimer,498,AAPL-US,2024Q3,2024,0.0315020460908895,3509361.8,3571,20240802.0,89.0,AAPL-US
Pierre Ferragu,New Street Research,1634,AAPL-US,2024Q3,2024,0.02809907387465,3509361.8,3571,20240924.0,36.0,AAPL-US
Heping Qin,Guotai Haitong Securities China,1094,AAPL-US,2024Q3,2024,0.0323635580443678,3509361.8,3571,20240802.0,89.0,AAPL-US
Tian Zi Fu,Everbright Securities,1299,AAPL-US,2024Q3,2024,0.0334835235838897,3509361.8,3571,20240802.0,89.0,AAPL-US
Tom Forte,Maxim Group,1063,AAPL-US,2024Q3,2024,0.0287021322420848,3509361.8,3571,20240802.0,89.0,AAPL-US
Thiago Alves Kapulskis,Itau Securities,1394,AAPL-US,2024Q3,2024,0.0309420633211285,3509361.8,3571,20240503.0,180.0,AAPL-US
Xiao Yu Han,First Shanghai,1701,AAPL-US,2024Q3,2024,0.0311574413094981,3509361.8,3571,20240827.0,64.0,AAPL-US
Jeff Pu,Haitong International Research,2898,AAPL-US,2024Q3,2024,0.0332250699978462,3509361.8,3571,20240802.0,89.0,AAPL-US
Brian J. White,"Monness, Crespi, Hardt",1080,AAPL-US,2024Q2,2024,0.0305227941832456,3437594.5,3571,20240202.0,180.0,AAPL-US
Krish Sankar,TD Cowen,917,AAPL-US,2024Q2,2024,0.0303443661343563,3437594.5,3571,20240726.0,5.0,AAPL-US
Aaron Rakers,Wells Fargo Securities,596,AAPL-US,2024Q2,2024,0.0312409670800249,3437594.5,3571,20240718.0,13.0,AAPL-US
Warren Lau,Aletheia Capital,2859,AAPL-US,2024Q2,2024,0.0260174859487911,3437594.5,3571,20240725.0,6.0,AAPL-US
Ben Reitzes,Melius Research,3130,AAPL-US,2024Q2,2024,0.0321286466232491,3437594.5,3571,20240621.0,40.0,AAPL-US
Barton Crockett,Rosenblatt Securities,2623,AAPL-US,2024Q2,2024,0.0324408957088054,3437594.5,3571,20240625.0,36.0,AAPL-US
Matthew F. Farrell,Piper Sandler Companies,570,AAPL-US,2024Q2,2024,0.0272664822910161,3437594.5,3571,20240708.0,23.0,AAPL-US
Martin Yang,Oppenheimer,498,AAPL-US,2024Q2,2024,0.0302551521099116,3437594.5,3571,20240627.0,34.0,AAPL-US
Tian Zi Fu,Everbright Securities,1299,AAPL-US,2024Q2,2024,0.0281140155232402,3437594.5,3571,20240524.0,68.0,AAPL-US
Thiago Alves Kapulskis,Itau Securities,1394,AAPL-US,2024Q2,2024,0.0301213310732447,3437594.5,3571,20240503.0,89.0,AAPL-US
Xiao Yu Han,First Shanghai,1701,AAPL-US,2024Q2,2024,0.0294522258899098,3437594.5,3571,20240523.0,69.0,AAPL-US
Ishan Majumdar,Baptista Research,3454,AAPL-US,2024Q2,2024,0.0274895173521277,3437594.5,3571,20240520.0,72.0,AAPL-US
Parth Talsania,Equisights,3723,AAPL-US,2024Q2,2024,0.0290061557676866,3437594.5,3571,20240510.0,82.0,AAPL-US
Jeff Pu,Haitong International Research,2898,AAPL-US,2024Q2,2024,0.0311472923543581,3437594.5,3571,20240503.0,89.0,AAPL-US
James Cordwell,Rothschild & Co Redburn,1652,AAPL-US,2024Q2,2024,,3437594.5,3571,20240209.0,173.0,AAPL-US
Brian J. White,"Monness, Crespi, Hardt",1080,AAPL-US,2024Q1,2024,0.04,2579411.8,3571,20240202.0,89.0,AAPL-US
Tom Forte,Maxim Group,1063,AAPL-US,2024Q1,2024,0.0336542145593869,2579411.8,3571,20240416.0,15.0,AAPL-US
Ben Reitzes,Melius Research,3130,AAPL-US,2024Q1,2024,0.038742816091954,2579411.8,3571,20240112.0,110.0,AAPL-US
Thiago Alves Kapulskis,Itau Securities,1394,AAPL-US,2024Q1,2024,0.0376652298850574,2579411.8,3571,20231103.0,180.0,AAPL-US
Rob Wilson,Tiburon Research Group,1033,AAPL-US,2024Q1,2024,0.0365876436781609,2579411.8,3571,20240327.0,35.0,AAPL-US
Andrew Uerkwitz,Jefferies,512,AAPL-US,2024Q1,2024,0.0357465277777777,2579411.8,3571,20240202.0,89.0,AAPL-US
James Cordwell,Rothschild & Co Redburn,1652,AAPL-US,2024Q1,2024,,2579411.8,3571,20240209.0,82.0,AAPL-US
Ishan Majumdar,Baptista Research,3454,AAPL-US,2024Q1,2024,0.0371863026819923,2579411.8,3571,20240208.0,83.0,AAPL-US
Parth Talsania,Equisights,3723,AAPL-US,2024Q1,2024,0.0350909961685823,2579411.8,3571,20240202.0,89.0,AAPL-US
Thiago Alves Kapulskis,Itau Securities,1394,AAPL-US,2023Q4,2023,0.0302846843026029,2916577.5,3571,20231103.0,89.0,AAPL-US
Ben Reitzes,Melius Research,3130,AAPL-US,2023Q4,2023,0.0308678365053278,2916577.5,3571,20240112.0,19.0,AAPL-US
James Cordwell,Rothschild & Co Redburn,1652,AAPL-US,2023Q4,2023,,2916577.5,3571,20240110.0,21.0,AAPL-US
Gil Luria,DA Davidson,556,AAPL-US,2023Q4,2023,0.0258845358638604,2916577.5,3571,20231103.0,89.0,AAPL-US
Ishan Majumdar,Baptista Research,3454,AAPL-US,2023Q4,2023,0.0302316704659916,2916577.5,3571,20231124.0,68.0,AAPL-US
Xiao Yu Han,First Shanghai,1701,AAPL-US,2023Q4,2023,0.0303376981392143,2916577.5,3571,20231122.0,70.0,AAPL-US
Thiago Alves Kapulskis,Itau Securities,1394,AAPL-US,2023Q3,2023,0.0358788327824005,2743182.5,3571,20230804.0,89.0,AAPL-US
Tom Forte,DA Davidson,556,AAPL-US,2023Q3,2023,0.0325732360652,2743182.5,3571,20230605.0,149.0,AAPL-US
James Cordwell,Rothschild & Co Redburn,1652,AAPL-US,2023Q3,2023,,2743182.5,3571,20230804.0,89.0,AAPL-US
Amit Daryanani,Evercore ISI,1772,AAPL-US,2023Q2,2023,0.0371236990628074,3037684.3,3571,20230602.0,61.0,AAPL-US
Tom Forte,DA Davidson,556,AAPL-US,2023Q2,2023,0.0310138248847926,3037684.3,3571,20230605.0,58.0,AAPL-US
Mark Lipacis,Evercore ISI,1772,AMAT-US,2026Q2,2026,0.0195140561230956,313209.03,3674,20260213.0,89.0,AMAT-US
Brian Chin,Stifel Nicolaus,548,AMAT-US,2026Q2,2026,0.0201477857486881,313209.03,3674,20260511.0,2.0,AMAT-US
Srini Pajjuri,RBC Capital Markets,1269,AMAT-US,2026Q2,2026,0.0189563740525742,313209.03,3674,20260213.0,89.0,AMAT-US
C.J. Muse,Cantor Fitzgerald,1190,AMAT-US,2026Q2,2026,0.0189817232375979,313209.03,3674,20260213.0,89.0,AMAT-US
Stacy A. Rasgon,Bernstein Research,1140,AMAT-US,2026Q2,2026,,313209.03,3674,20260213.0,89.0,AMAT-US
Craig A. Ellis,B Riley Securities,765,AMAT-US,2026Q2,2026,0.0199449922684985,313209.03,3674,20260213.0,89.0,AMAT-US
Melissa Weathers,Deutsche Bank Research,77,AMAT-US,2026Q2,2026,0.0191845167177875,313209.03,3674,20260213.0,89.0,AMAT-US
Tammy Qiu,Berenberg,577,AMAT-US,2026Q2,2026,,313209.03,3674,20260507.0,6.0,AMAT-US
Jay Goldberg,Seaport Research Partners,1321,AMAT-US,2026Q2,2026,0.0174607721361758,313209.03,3674,20260501.0,12.0,AMAT-US
Jed Dorsheimer,William Blair,198,AMAT-US,2026Q2,2026,0.0202745316738066,313209.03,3674,20260213.0,89.0,AMAT-US
Pierre Ferragu,New Street Research,1634,AMAT-US,2026Q2,2026,0.0196408020482141,313209.03,3674,20260427.0,16.0,AMAT-US
Chandler B. Converse,Cleveland Research Company,2295,AMAT-US,2026Q2,2026,0.0195411011685974,313209.03,3674,20260302.0,72.0,AMAT-US
Timm Schulze-Melander,Rothschild & Co Redburn,1652,AMAT-US,2026Q2,2026,,313209.03,3674,20260305.0,69.0,AMAT-US
Mehdi Hosseini,Susquehanna Financial Group,974,AMAT-US,2026Q2,2026,0.0197928971583563,313209.03,3674,20260408.0,35.0,AMAT-US
Joe Quatrochi,Wells Fargo Securities,596,AMAT-US,2026Q2,2026,0.0195140561230956,313209.03,3674,20260212.0,90.0,AMAT-US
Steve Barger,KeyBanc Capital Markets,618,AMAT-US,2026Q2,2026,0.0193619610129534,313209.03,3674,20260213.0,89.0,AMAT-US
Louis Miscioscia,Daiwa Securities Co. Ltd.,467,AMAT-US,2026Q2,2026,0.0186775330173134,313209.03,3674,20260218.0,84.0,AMAT-US
Krish Sankar,TD Cowen,917,AMAT-US,2026Q2,2026,0.0189817232375979,313209.03,3674,20260213.0,89.0,AMAT-US
Garvit Bhandari,GSBR Research,3718,AMAT-US,2026Q2,2026,0.0194380085680245,313209.03,3674,20260223.0,79.0,AMAT-US
James Kelleher,Argus Research,376,AMAT-US,2026Q2,2026,0.0183479936120053,313209.03,3674,20260217.0,85.0,AMAT-US
Vijay Rakesh,Mizuho Securities USA,1802,AMAT-US,2026Q2,2026,0.0185507870921949,313209.03,3674,20260213.0,89.0,AMAT-US
Christian Schwab,Craig Hallum Capital Group,1026,AMAT-US,2026Q2,2026,0.0188549773124794,313209.03,3674,20260213.0,89.0,AMAT-US
Blayne Curtis,Jefferies,512,AMAT-US,2026Q2,2026,0.0192098659028112,313209.03,3674,20260213.0,89.0,AMAT-US
Charles Shi,Needham,477,AMAT-US,2026Q2,2026,0.0191591675327638,313209.03,3674,20260213.0,89.0,AMAT-US
Joe Quatrochi,Wells Fargo Securities,596,AMAT-US,2026Q1,2026,0.0207939298060584,270928.88,3674,20251113.0,90.0,AMAT-US
Brian Chin,Stifel Nicolaus,548,AMAT-US,2026Q1,2026,0.0209594539169156,270928.88,3674,20260113.0,29.0,AMAT-US
Mark Lipacis,Evercore ISI,1772,AMAT-US,2026Q1,2026,0.0212524169449815,270928.88,3674,20251114.0,89.0,AMAT-US
Stacy A. Rasgon,Bernstein Research,1140,AMAT-US,2026Q1,2026,,270928.88,3674,20260206.0,5.0,AMAT-US
Timm Schulze-Melander,Rothschild & Co Redburn,1652,AMAT-US,2026Q1,2026,,270928.88,3674,20260206.0,5.0,AMAT-US
Srini Pajjuri,RBC Capital Markets,1269,AMAT-US,2026Q1,2026,0.0204321204663971,270928.88,3674,20260113.0,29.0,AMAT-US
C.J. Muse,Cantor Fitzgerald,1190,AMAT-US,2026Q1,2026,0.0216039725786605,270928.88,3674,20250815.0,180.0,AMAT-US
Craig A. Ellis,B Riley Securities,765,AMAT-US,2026Q1,2026,0.0200219722271049,270928.88,3674,20251114.0,89.0,AMAT-US
Melissa Weathers,Deutsche Bank Research,77,AMAT-US,2026Q1,2026,0.0209009872854045,270928.88,3674,20260122.0,20.0,AMAT-US
Blayne Curtis,Jefferies,512,AMAT-US,2026Q1,2026,0.0211352317337552,270928.88,3674,20251212.0,61.0,AMAT-US
Vijay Rakesh,Mizuho Securities USA,1802,AMAT-US,2026Q1,2026,0.0211645280365617,270928.88,3674,20260126.0,16.0,AMAT-US
Chandler B. Converse,Cleveland Research Company,2295,AMAT-US,2026Q1,2026,0.0214457696138747,270928.88,3674,20251211.0,62.0,AMAT-US
Louis Miscioscia,Daiwa Securities Co. Ltd.,467,AMAT-US,2026Q1,2026,0.0204907130720103,270928.88,3674,20250818.0,177.0,AMAT-US
Tammy Qiu,Berenberg,577,AMAT-US,2026Q1,2026,,270928.88,3674,20260121.0,21.0,AMAT-US
Pierre Ferragu,New Street Research,1634,AMAT-US,2026Q1,2026,0.0210473428253354,270928.88,3674,20260121.0,21.0,AMAT-US
Krish Sankar,TD Cowen,917,AMAT-US,2026Q1,2026,0.0198543973750512,270928.88,3674,20251114.0,89.0,AMAT-US
Charles Shi,Needham,477,AMAT-US,2026Q1,2026,0.0221995664147184,270928.88,3674,20260116.0,26.0,AMAT-US
Steve Barger,KeyBanc Capital Markets,618,AMAT-US,2026Q1,2026,0.0210180465225288,270928.88,3674,20251008.0,126.0,AMAT-US
Mehdi Hosseini,Susquehanna Financial Group,974,AMAT-US,2026Q1,2026,0.0221020097263725,270928.88,3674,20260109.0,33.0,AMAT-US
James Kelleher,Argus Research,376,AMAT-US,2026Q1,2026,0.0211645280365617,270928.88,3674,20250820.0,175.0,AMAT-US
Christian Schwab,Craig Hallum Capital Group,1026,AMAT-US,2026Q1,2026,0.0196118239878127,270928.88,3674,20251114.0,89.0,AMAT-US
Jed Dorsheimer,William Blair,198,AMAT-US,2026Q1,2026,0.0199047870158785,270928.88,3674,20251114.0,89.0,AMAT-US
Mark Lipacis,Evercore ISI,1772,AMAT-US,2025Q4,2025,0.0299410879380778,185259.2,3674,20251112.0,0.0,AMAT-US
Krish Sankar,TD Cowen,917,AMAT-US,2025Q4,2025,0.0304545259084067,185259.2,3674,20250815.0,89.0,AMAT-US
Charles Shi,Needham,477,AMAT-US,2025Q4,2025,0.0296611481401849,185259.2,3674,20251111.0,1.0,AMAT-US
Brian Chin,Stifel Nicolaus,548,AMAT-US,2025Q4,2025,0.0306291120189206,185259.2,3674,20251110.0,2.0,AMAT-US
C.J. Muse,Cantor Fitzgerald,1190,AMAT-US,2025Q4,2025,0.032177166200817,185259.2,3674,20250815.0,89.0,AMAT-US
Craig A. Ellis,B Riley Securities,765,AMAT-US,2025Q4,2025,0.0278770156955493,185259.2,3674,20250815.0,89.0,AMAT-US
Melissa Weathers,Deutsche Bank Research,77,AMAT-US,2025Q4,2025,0.028153949688239,185259.2,3674,20250926.0,47.0,AMAT-US
Stacy A. Rasgon,Bernstein Research,1140,AMAT-US,2025Q4,2025,,185259.2,3674,20250820.0,84.0,AMAT-US
Louis Miscioscia,Daiwa Securities Co. Ltd.,467,AMAT-US,2025Q4,2025,0.0305001075037626,185259.2,3674,20250818.0,86.0,AMAT-US
Heping Qin,Guotai Haitong Securities China,1094,AMAT-US,2025Q4,2025,0.0357032896151365,185259.2,3674,20251021.0,22.0,AMAT-US
Vijay Rakesh,Mizuho Securities USA,1802,AMAT-US,2025Q4,2025,0.030715115029026,185259.2,3674,20251014.0,29.0,AMAT-US
Timm Schulze-Melander,Rothschild & Co Redburn,1652,AMAT-US,2025Q4,2025,,185259.2,3674,20250819.0,85.0,AMAT-US
Jed Dorsheimer,William Blair,198,AMAT-US,2025Q4,2025,0.0321939367877875,185259.2,3674,20250815.0,89.0,AMAT-US
Chandler B. Converse,Cleveland Research Company,2295,AMAT-US,2025Q4,2025,0.0308511889916147,185259.2,3674,20251010.0,33.0,AMAT-US
Steve Barger,KeyBanc Capital Markets,618,AMAT-US,2025Q4,2025,0.0313601376048161,185259.2,3674,20251008.0,35.0,AMAT-US
Joe Quatrochi,Wells Fargo Securities,596,AMAT-US,2025Q4,2025,0.0342842399483981,185259.2,3674,20251007.0,36.0,AMAT-US
Blayne Curtis,Jefferies,512,AMAT-US,2025Q4,2025,0.0305001075037626,185259.2,3674,20250815.0,89.0,AMAT-US
Pierre Ferragu,New Street Research,1634,AMAT-US,2025Q4,2025,0.0310161255643947,185259.2,3674,20250904.0,69.0,AMAT-US
Tammy Qiu,Berenberg,577,AMAT-US,2025Q4,2025,,185259.2,3674,20250815.0,89.0,AMAT-US
James Kelleher,Argus Research,376,AMAT-US,2025Q4,2025,0.0316611481401849,185259.2,3674,20250820.0,84.0,AMAT-US
Christian Schwab,Craig Hallum Capital Group,1026,AMAT-US,2025Q4,2025,0.0306721135239733,185259.2,3674,20250815.0,89.0,AMAT-US
Mehdi Hosseini,Susquehanna Financial Group,974,AMAT-US,2025Q4,2025,0.0298120834229198,185259.2,3674,20250516.0,180.0,AMAT-US
Brian Chin,Stifel Nicolaus,548,AMAT-US,2025Q3,2025,0.0461612795734755,143443.44,3674,20250414.0,121.0,AMAT-US
C.J. Muse,Cantor Fitzgerald,1190,AMAT-US,2025Q3,2025,0.0462723536598911,143443.44,3674,20250516.0,89.0,AMAT-US
Craig A. Ellis,B Riley Securities,765,AMAT-US,2025Q3,2025,0.0442174830612018,143443.44,3674,20250214.0,180.0,AMAT-US
Mark Lipacis,Evercore ISI,1772,AMAT-US,2025Q3,2025,0.043217816283461,143443.44,3674,20250516.0,89.0,AMAT-US
Stacy A. Rasgon,Bernstein Research,1140,AMAT-US,2025Q3,2025,,143443.44,3674,20250214.0,180.0,AMAT-US
Melissa Weathers,Deutsche Bank Research,77,AMAT-US,2025Q3,2025,0.0444978173942019,143443.44,3674,20250516.0,89.0,AMAT-US
Krish Sankar,TD Cowen,917,AMAT-US,2025Q3,2025,0.0431150727535266,143443.44,3674,20250516.0,89.0,AMAT-US
Pierre Ferragu,New Street Research,1634,AMAT-US,2025Q3,2025,0.04477285349328,143443.44,3674,20250723.0,21.0,AMAT-US
Vijay Rakesh,Mizuho Securities USA,1802,AMAT-US,2025Q3,2025,0.0441708319449072,143443.44,3674,20250710.0,34.0,AMAT-US
Charles Shi,Needham,477,AMAT-US,2025Q3,2025,0.0429401310674219,143443.44,3674,20250718.0,26.0,AMAT-US
Chandler B. Converse,Cleveland Research Company,2295,AMAT-US,2025Q3,2025,0.0434027324225258,143443.44,3674,20250604.0,70.0,AMAT-US
Louis Miscioscia,Daiwa Securities Co. Ltd.,467,AMAT-US,2025Q3,2025,0.0436621126291236,143443.44,3674,20250519.0,86.0,AMAT-US
Timm Schulze-Melander,Rothschild & Co Redburn,1652,AMAT-US,2025Q3,2025,,143443.44,3674,20250707.0,37.0,AMAT-US
Joe Quatrochi,Wells Fargo Securities,596,AMAT-US,2025Q3,2025,0.0445507053204487,143443.44,3674,20250516.0,89.0,AMAT-US
Christian Schwab,Craig Hallum Capital Group,1026,AMAT-US,2025Q3,2025,0.0444951682772409,143443.44,3674,20250214.0,180.0,AMAT-US
Mehdi Hosseini,Susquehanna Financial Group,974,AMAT-US,2025Q3,2025,0.0396079084749528,143443.44,3674,20250516.0,89.0,AMAT-US
Steve Barger,KeyBanc Capital Markets,618,AMAT-US,2025Q3,2025,0.0459391314006442,143443.44,3674,20250415.0,120.0,AMAT-US
Tammy Qiu,Berenberg,577,AMAT-US,2025Q3,2025,,143443.44,3674,20250214.0,180.0,AMAT-US
Blayne Curtis,Jefferies,512,AMAT-US,2025Q3,2025,0.043828723758747,143443.44,3674,20250516.0,89.0,AMAT-US
James Kelleher,Argus Research,376,AMAT-US,2025Q3,2025,0.0446617794068643,143443.44,3674,20250218.0,176.0,AMAT-US
Jed Dorsheimer,William Blair,198,AMAT-US,2025Q3,2025,0.0406075752526935,143443.44,3674,20250516.0,89.0,AMAT-US
Stacy A. Rasgon,Bernstein Research,1140,AMAT-US,2025Q2,2025,,119540.14,3674,20250214.0,89.0,AMAT-US
Craig A. Ellis,B Riley Securities,765,AMAT-US,2025Q2,2025,0.0508740601503759,119540.14,3674,20250214.0,89.0,AMAT-US
Brian Chin,Stifel Nicolaus,548,AMAT-US,2025Q2,2025,0.0528208915145005,119540.14,3674,20250414.0,30.0,AMAT-US
C.J. Muse,Cantor Fitzgerald,1190,AMAT-US,2025Q2,2025,0.0517467776584317,119540.14,3674,20250214.0,89.0,AMAT-US
Steve Barger,KeyBanc Capital Markets,618,AMAT-US,2025Q2,2025,0.0527537593984962,119540.14,3674,20250415.0,29.0,AMAT-US
Mark Lipacis,Evercore ISI,1772,AMAT-US,2025Q2,2025,0.0516796455424274,119540.14,3674,20250214.0,89.0,AMAT-US
Melissa Weathers,Deutsche Bank Research,77,AMAT-US,2025Q2,2025,0.0500684747583243,119540.14,3674,20241213.0,152.0,AMAT-US
Timm Schulze-Melander,Rothschild & Co Redburn,1652,AMAT-US,2025Q2,2025,,119540.14,3674,20250214.0,89.0,AMAT-US
Krish Sankar,TD Cowen,917,AMAT-US,2025Q2,2025,0.0504564983888292,119540.14,3674,20241115.0,180.0,AMAT-US
Louis Miscioscia,Daiwa Securities Co. Ltd.,467,AMAT-US,2025Q2,2025,0.0511425886143931,119540.14,3674,20250306.0,69.0,AMAT-US
Pierre Ferragu,New Street Research,1634,AMAT-US,2025Q2,2025,0.051343984962406,119540.14,3674,20250214.0,89.0,AMAT-US
Joe Quatrochi,Wells Fargo Securities,596,AMAT-US,2025Q2,2025,0.0508062567132115,119540.14,3674,20250214.0,89.0,AMAT-US
Chandler B. Converse,Cleveland Research Company,2295,AMAT-US,2025Q2,2025,0.0491370569280343,119540.14,3674,20250314.0,61.0,AMAT-US
James Kelleher,Argus Research,376,AMAT-US,2025Q2,2025,0.0518810418904403,119540.14,3674,20250218.0,85.0,AMAT-US
Blayne Curtis,Jefferies,512,AMAT-US,2025Q2,2025,0.0493300214822771,119540.14,3674,20250326.0,49.0,AMAT-US
Vijay Rakesh,Mizuho Securities USA,1802,AMAT-US,2025Q2,2025,0.0511425886143931,119540.14,3674,20250214.0,89.0,AMAT-US
Rita Tung,Fubon Securities,1084,AMAT-US,2025Q2,2025,0.0469803974221267,119540.14,3674,20250214.0,89.0,AMAT-US
Christian Schwab,Craig Hallum Capital Group,1026,AMAT-US,2025Q2,2025,0.0508740601503759,119540.14,3674,20250214.0,89.0,AMAT-US
Mehdi Hosseini,Susquehanna Financial Group,974,AMAT-US,2025Q2,2025,0.0436909237379162,119540.14,3674,20250214.0,89.0,AMAT-US
Tammy Qiu,Berenberg,577,AMAT-US,2025Q2,2025,,119540.14,3674,20250214.0,89.0,AMAT-US
Charles Shi,Needham,477,AMAT-US,2025Q2,2025,0.045906283566058,119540.14,3674,20250214.0,89.0,AMAT-US
Srini Pajjuri,Raymond James,402,AMAT-US,2025Q2,2025,0.0523509667024704,119540.14,3674,20241115.0,180.0,AMAT-US
Jed Dorsheimer,William Blair,198,AMAT-US,2025Q2,2025,0.0491286251342642,119540.14,3674,20250214.0,89.0,AMAT-US
Louis Miscioscia,Daiwa Securities Co. Ltd.,467,AMAT-US,2025Q1,2025,0.0505893682588597,147636.75,3674,20241206.0,68.0,AMAT-US
Brian Chin,Stifel Nicolaus,548,AMAT-US,2025Q1,2025,0.0532858243451463,147636.75,3674,20250210.0,2.0,AMAT-US
C.J. Muse,Cantor Fitzgerald,1190,AMAT-US,2025Q1,2025,0.0499290116662998,147636.75,3674,20241115.0,89.0,AMAT-US
Craig A. Ellis,B Riley Securities,765,AMAT-US,2025Q1,2025,0.0515799031476997,147636.75,3674,20240816.0,180.0,AMAT-US
Melissa Weathers,Deutsche Bank Research,77,AMAT-US,2025Q1,2025,0.0480303488883997,147636.75,3674,20241213.0,61.0,AMAT-US
Mark Lipacis,Evercore ISI,1772,AMAT-US,2025Q1,2025,0.0473426150121065,147636.75,3674,20241115.0,89.0,AMAT-US
Stacy A. Rasgon,Bernstein Research,1140,AMAT-US,2025Q1,2025,,147636.75,3674,20241126.0,78.0,AMAT-US
Chandler B. Converse,Cleveland Research Company,2295,AMAT-US,2025Q1,2025,0.0483066751045564,147636.75,3674,20250124.0,19.0,AMAT-US
Steve Barger,KeyBanc Capital Markets,618,AMAT-US,2025Q1,2025,0.052350319172353,147636.75,3674,20241213.0,61.0,AMAT-US
Krish Sankar,TD Cowen,917,AMAT-US,2025Q1,2025,0.0482203389830508,147636.75,3674,20241115.0,89.0,AMAT-US
Mehdi Hosseini,Susquehanna Financial Group,974,AMAT-US,2025Q1,2025,0.0432704160246533,147636.75,3674,20250121.0,22.0,AMAT-US
Charles Shi,Needham,477,AMAT-US,2025Q1,2025,0.0449213075060532,147636.75,3674,20250117.0,26.0,AMAT-US
Timm Schulze-Melander,Rothschild & Co Redburn,1652,AMAT-US,2025Q1,2025,,147636.75,3674,20250116.0,27.0,AMAT-US
Tammy Qiu,Berenberg,577,AMAT-US,2025Q1,2025,,147636.75,3674,20250115.0,28.0,AMAT-US
Joe Quatrochi,Wells Fargo Securities,596,AMAT-US,2025Q1,2025,0.0500781421967862,147636.75,3674,20241205.0,69.0,AMAT-US
Vijay Rakesh,Mizuho Securities USA,1802,AMAT-US,2025Q1,2025,0.0499840413823464,147636.75,3674,20250108.0,35.0,AMAT-US
Pierre Ferragu,New Street Research,1634,AMAT-US,2025Q1,2025,0.0503142196786264,147636.75,3674,20241115.0,89.0,AMAT-US
Rita Tung,Fubon Securities,1084,AMAT-US,2025Q1,2025,0.0444810697776799,147636.75,3674,20241115.0,89.0,AMAT-US
Srini Pajjuri,Raymond James,402,AMAT-US,2025Q1,2025,0.0492686550737398,147636.75,3674,20241115.0,89.0,AMAT-US
James Kelleher,Argus Research,376,AMAT-US,2025Q1,2025,0.0520751705921197,147636.75,3674,20241115.0,89.0,AMAT-US
Jed Dorsheimer,William Blair,198,AMAT-US,2025Q1,2025,0.0485532687651331,147636.75,3674,20241115.0,89.0,AMAT-US
Craig A. Ellis,B Riley Securities,765,AMAT-US,2024Q4,2024,0.047964533538936,149695.3,3674,20240816.0,89.0,AMAT-US
Pierre Ferragu,New Street Research,1634,AMAT-US,2024Q4,2024,0.0462022249146381,149695.3,3674,20240927.0,47.0,AMAT-US
Stacy A. Rasgon,Bernstein Research,1140,AMAT-US,2024Q4,2024,,149695.3,3674,20240816.0,89.0,AMAT-US
Melissa Weathers,Deutsche Bank Research,77,AMAT-US,2024Q4,2024,0.0454276462165436,149695.3,3674,20241004.0,40.0,AMAT-US
Timm Schulze-Melander,Rothschild & Co Redburn,1652,AMAT-US,2024Q4,2024,,149695.3,3674,20241028.0,16.0,AMAT-US
Krish Sankar,TD Cowen,917,AMAT-US,2024Q4,2024,0.0463145720894371,149695.3,3674,20240517.0,180.0,AMAT-US
Joe Quatrochi,Wells Fargo Securities,596,AMAT-US,2024Q4,2024,0.0475790285273708,149695.3,3674,20241002.0,42.0,AMAT-US
Tammy Qiu,Berenberg,577,AMAT-US,2024Q4,2024,,149695.3,3674,20240930.0,44.0,AMAT-US
Vijay Rakesh,Mizuho Securities USA,1802,AMAT-US,2024Q4,2024,0.0462022249146381,149695.3,3674,20240918.0,56.0,AMAT-US
Steve Barger,KeyBanc Capital Markets,618,AMAT-US,2024Q4,2024,0.0504427800418548,149695.3,3674,20240517.0,180.0,AMAT-US
Krish Sankar,TD Cowen,917,AMAT-US,2024Q3,2024,0.0429954151808456,161830.53,3674,20240517.0,89.0,AMAT-US
Craig A. Ellis,B Riley Securities,765,AMAT-US,2024Q3,2024,0.0427060621497707,161830.53,3674,20240517.0,89.0,AMAT-US
Melissa Weathers,Deutsche Bank Research,77,AMAT-US,2024Q3,2024,0.0452967345899134,161830.53,3674,20240715.0,30.0,AMAT-US
Mark Li,Bernstein Research,1140,AMAT-US,2024Q3,2024,,161830.53,3674,20240603.0,72.0,AMAT-US
Timm Schulze-Melander,Rothschild & Co Redburn,1652,AMAT-US,2024Q3,2024,,161830.53,3674,20240711.0,34.0,AMAT-US
Steve Barger,KeyBanc Capital Markets,618,AMAT-US,2024Q3,2024,0.0468833418237391,161830.53,3674,20240517.0,89.0,AMAT-US
Joe Quatrochi,Wells Fargo Securities,596,AMAT-US,2024Q3,2024,0.0447437595517065,161830.53,3674,20240628.0,47.0,AMAT-US
Pierre Ferragu,New Street Research,1634,AMAT-US,2024Q3,2024,0.0503983698420784,161830.53,3674,20240517.0,89.0,AMAT-US
Vijay Rakesh,Mizuho Securities USA,1802,AMAT-US,2024Q3,2024,0.0454060112073357,161830.53,3674,20240517.0,89.0,AMAT-US
Tammy Qiu,Berenberg,577,AMAT-US,2024Q3,2024,,161830.53,3674,20240118.0,209.0,AMAT-US
Melissa Weathers,Deutsche Bank Research,77,AMAT-US,2024Q2,2024,0.0415302662826537,163864.5,3674,20240409.0,36.0,AMAT-US
Mark Li,Bernstein Research,1140,AMAT-US,2024Q2,2024,,163864.5,3674,20240308.0,68.0,AMAT-US
Joe Quatrochi,Wells Fargo Securities,596,AMAT-US,2024Q2,2024,0.0388019806982972,163864.5,3674,20240216.0,89.0,AMAT-US
Timm Schulze-Melander,Rothschild & Co Redburn,1652,AMAT-US,2024Q2,2024,,163864.5,3674,20240405.0,40.0,AMAT-US
Krish Sankar,TD Cowen,917,AMAT-US,2024Q2,2024,0.0408276489313324,163864.5,3674,20240216.0,89.0,AMAT-US
Steve Barger,KeyBanc Capital Markets,618,AMAT-US,2024Q2,2024,0.0441119700874134,163864.5,3674,20240412.0,33.0,AMAT-US
Pierre Ferragu,New Street Research,1634,AMAT-US,2024Q2,2024,0.0488110757414986,163864.5,3674,20240222.0,83.0,AMAT-US
Stacy A. Rasgon,Bernstein Research,1140,AMAT-US,2024Q1,2024,,138734.92,3674,20231117.0,89.0,AMAT-US
Tammy Qiu,Berenberg,577,AMAT-US,2024Q1,2024,,138734.92,3674,20240118.0,27.0,AMAT-US
Timm Schulze-Melander,Rothschild & Co Redburn,1652,AMAT-US,2024Q1,2024,,138734.92,3674,20231122.0,84.0,AMAT-US
Joe Quatrochi,Wells Fargo Securities,596,AMAT-US,2024Q1,2024,0.0395747739114811,138734.92,3674,20240102.0,43.0,AMAT-US
Pierre Ferragu,New Street Research,1634,AMAT-US,2024Q1,2024,0.0387961909325028,138734.92,3674,20231215.0,61.0,AMAT-US
N. Quinn Bolton,Needham,477,AMAT-US,2023Q3,2023,0.0622386847980515,124123.07,3674,20230613.0,64.0,AMAT-US
Timm Schulze-Melander,Rothschild & Co Redburn,1652,AMAT-US,2023Q3,2023,,124123.07,3674,20230613.0,64.0,AMAT-US
Ben Reitzes,Melius Research,3130,AMD-US,2026Q1,2026,0.0206045906710253,463815.06,3674,20251105.0,180.0,AMD-US
C.J. Muse,Cantor Fitzgerald,1190,AMD-US,2026Q1,2026,0.0242954058139126,463815.06,3674,20260501.0,3.0,AMD-US
Stacy A. Rasgon,Bernstein Research,1140,AMD-US,2026Q1,2026,,463815.06,3674,20260415.0,19.0,AMD-US
John N. Vinh,KeyBanc Capital Markets,618,AMD-US,2026Q1,2026,0.0249984182220816,463815.06,3674,20260402.0,32.0,AMD-US
Matthew Bryson,Wedbush Securities,590,AMD-US,2026Q1,2026,0.0202882350873492,463815.06,3674,20260501.0,3.0,AMD-US
Blayne Curtis,Jefferies,512,AMD-US,2026Q1,2026,0.0211670005975605,463815.06,3674,20260410.0,24.0,AMD-US
Srini Pajjuri,RBC Capital Markets,1269,AMD-US,2026Q1,2026,0.0206045906710253,463815.06,3674,20260204.0,89.0,AMD-US
Myoung-Sub Song,iM Securities,2140,AMD-US,2026Q1,2026,0.0209560968751098,463815.06,3674,20260428.0,6.0,AMD-US
Mark Lipacis,Evercore ISI,1772,AMD-US,2026Q1,2026,0.0217645611445042,463815.06,3674,20260223.0,70.0,AMD-US
Christopher Rolland,Susquehanna Financial Group,974,AMD-US,2026Q1,2026,0.0228190797567577,463815.06,3674,20260428.0,6.0,AMD-US
Aaron Rakers,Wells Fargo Securities,596,AMD-US,2026Q1,2026,0.018706457168969,463815.06,3674,20260406.0,28.0,AMD-US
Ross Seymore,Deutsche Bank Research,77,AMD-US,2026Q1,2026,0.0221034763963583,463815.06,3674,20260204.0,89.0,AMD-US
Gus Richard,Northland Securities,1093,AMD-US,2026Q1,2026,0.0202530844669408,463815.06,3674,20260204.0,89.0,AMD-US
Gil Luria,DA Davidson,556,AMD-US,2026Q1,2026,0.0222918204506309,463815.06,3674,20260423.0,11.0,AMD-US
Pierre Ferragu,New Street Research,1634,AMD-US,2026Q1,2026,0.0206397412914337,463815.06,3674,20260417.0,17.0,AMD-US
Ruben Roy,Stifel Nicolaus,548,AMD-US,2026Q1,2026,0.021131849977152,463815.06,3674,20260417.0,17.0,AMD-US
Rick Schafer,Oppenheimer,498,AMD-US,2026Q1,2026,0.0208857956342929,463815.06,3674,20260416.0,18.0,AMD-US
Kevin Rottinghaus,Edgewater Research,3222,AMD-US,2026Q1,2026,0.0224324229322647,463815.06,3674,20260204.0,89.0,AMD-US
Kevin Cassidy,Rosenblatt Securities,2623,AMD-US,2026Q1,2026,0.0216591092832788,463815.06,3674,20260204.0,89.0,AMD-US
Chandler B. Converse,Cleveland Research Company,2295,AMD-US,2026Q1,2026,0.0223686245562234,463815.06,3674,20260414.0,20.0,AMD-US
Joshua Buchalter,TD Cowen,917,AMD-US,2026Q1,2026,0.0211402861260501,463815.06,3674,20260408.0,26.0,AMD-US
Louis Miscioscia,Daiwa Securities Co. Ltd.,467,AMD-US,2026Q1,2026,0.0206045906710253,463815.06,3674,20260212.0,81.0,AMD-US
Vijay Rakesh,Mizuho Securities USA,1802,AMD-US,2026Q1,2026,0.0207581988822102,463815.06,3674,20260204.0,89.0,AMD-US
Stefan Chang,Aletheia Capital,2859,AMD-US,2026Q1,2026,0.0230651340996168,463815.06,3674,20260327.0,38.0,AMD-US
Dawei Wang,Bocom International,1746,AMD-US,2026Q1,2026,0.0204393827551056,463815.06,3674,20260227.0,66.0,AMD-US
Siyu Cai,Mega Intl Invst Serv,1175,AMD-US,2026Q1,2026,0.023311188442476,463815.06,3674,20260204.0,89.0,AMD-US
Barney Yao,Haitong International Research,2898,AMD-US,2026Q1,2026,0.0207100425322506,463815.06,3674,20260204.0,89.0,AMD-US
Purdy Ho,Huatai Research,1271,AMD-US,2026Q1,2026,0.0311497767935604,463815.06,3674,20260224.0,69.0,AMD-US
Cody Acree,"Benchmark, a StoneX Company",1124,AMD-US,2026Q1,2026,0.0207803437730675,463815.06,3674,20260203.0,90.0,AMD-US
William Stein,Truist Securities,852,AMD-US,2026Q1,2026,0.0202935076804105,463815.06,3674,20260204.0,89.0,AMD-US
Gary Mobley,Loop Capital Markets,1009,AMD-US,2026Q1,2026,0.0204991388097999,463815.06,3674,20260126.0,98.0,AMD-US
Simon Leopold,Raymond James,402,AMD-US,2026Q1,2026,0.0196579844634257,463815.06,3674,20260204.0,89.0,AMD-US
Ling Ji Cao,First Shanghai,1701,AMD-US,2026Q1,2026,0.0216591092832788,463815.06,3674,20251105.0,180.0,AMD-US
sean Hao,Fubon Securities,1084,AMD-US,2026Q1,2026,0.0174058842138563,463815.06,3674,20260204.0,89.0,AMD-US
Han Jing Wen,China International Capital,898,AMD-US,2026Q1,2026,0.0186010053077436,463815.06,3674,20251106.0,179.0,AMD-US
James Kelleher,Argus Research,376,AMD-US,2026Q1,2026,0.0206748919118422,463815.06,3674,20260204.0,89.0,AMD-US
Ben Reitzes,Melius Research,3130,AMD-US,2025Q4,2025,0.0250676957571576,377575.38,3674,20251003.0,122.0,AMD-US
Srini Pajjuri,RBC Capital Markets,1269,AMD-US,2025Q4,2025,0.0242484477406002,377575.38,3674,20260113.0,20.0,AMD-US
C.J. Muse,Cantor Fitzgerald,1190,AMD-US,2025Q4,2025,0.0236447913073473,377575.38,3674,20251105.0,89.0,AMD-US
Matthew Bryson,Wedbush Securities,590,AMD-US,2025Q4,2025,0.0223512418075198,377575.38,3674,20251105.0,89.0,AMD-US
Mark Lipacis,Evercore ISI,1772,AMD-US,2025Q4,2025,0.0226961883408071,377575.38,3674,20251110.0,84.0,AMD-US
Aaron Rakers,Wells Fargo Securities,596,AMD-US,2025Q4,2025,0.0215319937909624,377575.38,3674,20251105.0,89.0,AMD-US
Blayne Curtis,Jefferies,512,AMD-US,2025Q4,2025,0.0252832873404622,377575.38,3674,20260114.0,19.0,AMD-US
Christopher Rolland,Susquehanna Financial Group,974,AMD-US,2025Q4,2025,0.0279566229734391,377575.38,3674,20260128.0,5.0,AMD-US
Stacy A. Rasgon,Bernstein Research,1140,AMD-US,2025Q4,2025,,377575.38,3674,20251031.0,94.0,AMD-US
Gary Mobley,Loop Capital Markets,1009,AMD-US,2025Q4,2025,0.0247658675405312,377575.38,3674,20260126.0,7.0,AMD-US
Ross Seymore,Deutsche Bank Research,77,AMD-US,2025Q4,2025,0.0240759744739565,377575.38,3674,20251105.0,89.0,AMD-US
Barney Yao,Haitong International Research,2898,AMD-US,2025Q4,2025,0.0345106071058985,377575.38,3674,20260123.0,10.0,AMD-US
Harsh Kumar,Piper Sandler Companies,570,AMD-US,2025Q4,2025,0.0213595205243187,377575.38,3674,20251105.0,89.0,AMD-US
Louis Miscioscia,Daiwa Securities Co. Ltd.,467,AMD-US,2025Q4,2025,0.0245071576405657,377575.38,3674,20251111.0,83.0,AMD-US
Kevin Rottinghaus,Edgewater Research,3222,AMD-US,2025Q4,2025,0.0277841497067954,377575.38,3674,20260120.0,13.0,AMD-US
Chandler B. Converse,Cleveland Research Company,2295,AMD-US,2025Q4,2025,0.0273032554329079,377575.38,3674,20260120.0,13.0,AMD-US
John N. Vinh,KeyBanc Capital Markets,618,AMD-US,2025Q4,2025,0.0302418937564677,377575.38,3674,20260109.0,24.0,AMD-US
Kevin Cassidy,Rosenblatt Securities,2623,AMD-US,2025Q4,2025,0.0283740082787168,377575.38,3674,20251111.0,83.0,AMD-US
Joshua Buchalter,TD Cowen,917,AMD-US,2025Q4,2025,0.0238013107968264,377575.38,3674,20251009.0,116.0,AMD-US
Rick Schafer,Oppenheimer,498,AMD-US,2025Q4,2025,0.0247658675405312,377575.38,3674,20260114.0,19.0,AMD-US
Pierre Ferragu,New Street Research,1634,AMD-US,2025Q4,2025,0.0260162987236978,377575.38,3674,20260106.0,27.0,AMD-US
Purdy Ho,Huatai Research,1271,AMD-US,2025Q4,2025,0.0301987754398068,377575.38,3674,20251105.0,89.0,AMD-US
Vijay Rakesh,Mizuho Securities USA,1802,AMD-US,2025Q4,2025,0.0256829941359089,377575.38,3674,20251110.0,84.0,AMD-US
Stefan Chang,Aletheia Capital,2859,AMD-US,2025Q4,2025,0.030629958606416,377575.38,3674,20260102.0,31.0,AMD-US
Ling Ji Cao,First Shanghai,1701,AMD-US,2025Q4,2025,0.0262318903070024,377575.38,3674,20251105.0,89.0,AMD-US
William Stein,Truist Securities,852,AMD-US,2025Q4,2025,0.0221356502242152,377575.38,3674,20251105.0,89.0,AMD-US
Dawei Wang,Bocom International,1746,AMD-US,2025Q4,2025,0.0241190927906174,377575.38,3674,20251105.0,89.0,AMD-US
Simon Leopold,Raymond James,402,AMD-US,2025Q4,2025,0.0232136081407381,377575.38,3674,20251119.0,75.0,AMD-US
Jay Goldberg,Seaport Research Partners,1321,AMD-US,2025Q4,2025,0.0219631769575715,377575.38,3674,20251105.0,89.0,AMD-US
Cody Acree,"Benchmark, a StoneX Company",1124,AMD-US,2025Q4,2025,0.0242053294239392,377575.38,3674,20251111.0,83.0,AMD-US
Ruben Roy,Stifel Nicolaus,548,AMD-US,2025Q4,2025,0.0230842531907554,377575.38,3674,20251105.0,89.0,AMD-US
Han Jing Wen,China International Capital,898,AMD-US,2025Q4,2025,0.0225668333908244,377575.38,3674,20251106.0,88.0,AMD-US
Gus Richard,Northland Securities,1093,AMD-US,2025Q4,2025,0.0240759744739565,377575.38,3674,20251105.0,89.0,AMD-US
James Kelleher,Argus Research,376,AMD-US,2025Q4,2025,0.0242484477406002,377575.38,3674,20251105.0,89.0,AMD-US
C.J. Muse,Cantor Fitzgerald,1190,AMD-US,2025Q3,2025,0.0230748225013653,386285.5,3674,20250806.0,89.0,AMD-US
Stacy A. Rasgon,Bernstein Research,1140,AMD-US,2025Q3,2025,,386285.5,3674,20251014.0,20.0,AMD-US
Mark Lipacis,Evercore ISI,1772,AMD-US,2025Q3,2025,0.020596143343276,386285.5,3674,20250806.0,89.0,AMD-US
Christopher Rolland,Susquehanna Financial Group,974,AMD-US,2025Q3,2025,0.0239150527244465,386285.5,3674,20251030.0,4.0,AMD-US
Blayne Curtis,Jefferies,512,AMD-US,2025Q3,2025,0.0236335755997143,386285.5,3674,20251030.0,4.0,AMD-US
Barney Yao,Haitong International Research,2898,AMD-US,2025Q3,2025,0.0303428139310171,386285.5,3674,20251007.0,27.0,AMD-US
Aaron Rakers,Wells Fargo Securities,596,AMD-US,2025Q3,2025,0.021310339032895,386285.5,3674,20250715.0,111.0,AMD-US
Louis Miscioscia,Daiwa Securities Co. Ltd.,467,AMD-US,2025Q3,2025,0.0218564886778977,386285.5,3674,20250806.0,89.0,AMD-US
Kevin Cassidy,Rosenblatt Securities,2623,AMD-US,2025Q3,2025,0.0388291391841364,386285.5,3674,20251003.0,31.0,AMD-US
Kevin Rottinghaus,Edgewater Research,3222,AMD-US,2025Q3,2025,0.0254694786371465,386285.5,3674,20251020.0,14.0,AMD-US
Joshua Buchalter,TD Cowen,917,AMD-US,2025Q3,2025,0.0241167079779859,386285.5,3674,20251009.0,25.0,AMD-US
Chandler B. Converse,Cleveland Research Company,2295,AMD-US,2025Q3,2025,0.0266503255892114,386285.5,3674,20251017.0,17.0,AMD-US
Vijay Rakesh,Mizuho Securities USA,1802,AMD-US,2025Q3,2025,0.0225404360794857,386285.5,3674,20250812.0,83.0,AMD-US
Matthew Bryson,Wedbush Securities,590,AMD-US,2025Q3,2025,0.0212263160105868,386285.5,3674,20251014.0,20.0,AMD-US
William Stein,Truist Securities,852,AMD-US,2025Q3,2025,0.0226547073898248,386285.5,3674,20251003.0,31.0,AMD-US
Rick Schafer,Oppenheimer,498,AMD-US,2025Q3,2025,0.0237049951686762,386285.5,3674,20251003.0,31.0,AMD-US
Ben Reitzes,Melius Research,3130,AMD-US,2025Q3,2025,0.0252594210813762,386285.5,3674,20251003.0,31.0,AMD-US
Ross Seymore,Deutsche Bank Research,77,AMD-US,2025Q3,2025,0.025049363525606,386285.5,3674,20251010.0,24.0,AMD-US
Li Xiong,Guosen Securities,1894,AMD-US,2025Q3,2025,0.0147145317817081,386285.5,3674,20250826.0,69.0,AMD-US
Dawei Wang,Bocom International,1746,AMD-US,2025Q3,2025,0.022709322354325,386285.5,3674,20251007.0,27.0,AMD-US
Gary Mobley,Loop Capital Markets,1009,AMD-US,2025Q3,2025,0.0206381548544301,386285.5,3674,20250507.0,180.0,AMD-US
Pierre Ferragu,New Street Research,1634,AMD-US,2025Q3,2025,0.0234949376129059,386285.5,3674,20250507.0,180.0,AMD-US
Jay Goldberg,Seaport Research Partners,1321,AMD-US,2025Q3,2025,0.0196298785867327,386285.5,3674,20250903.0,61.0,AMD-US
Purdy Ho,Huatai Research,1271,AMD-US,2025Q3,2025,0.0285363189513926,386285.5,3674,20251006.0,28.0,AMD-US
Cody Acree,"Benchmark, a StoneX Company",1124,AMD-US,2025Q3,2025,0.022864764945595,386285.5,3674,20251003.0,31.0,AMD-US
Harsh Kumar,Piper Sandler Companies,570,AMD-US,2025Q3,2025,0.0192517749863462,386285.5,3674,20250806.0,89.0,AMD-US
James Kelleher,Argus Research,376,AMD-US,2025Q3,2025,0.0239570642356005,386285.5,3674,20250806.0,89.0,AMD-US
John N. Vinh,KeyBanc Capital Markets,618,AMD-US,2025Q3,2025,0.0219825232113599,386285.5,3674,20250926.0,38.0,AMD-US
Ruben Roy,Stifel Nicolaus,548,AMD-US,2025Q3,2025,0.020554131832122,386285.5,3674,20250806.0,89.0,AMD-US
Ling Ji Cao,First Shanghai,1701,AMD-US,2025Q3,2025,0.0253854556148384,386285.5,3674,20250807.0,88.0,AMD-US
Heping Qin,Guotai Haitong Securities China,1094,AMD-US,2025Q3,2025,0.0237470066798302,386285.5,3674,20250820.0,75.0,AMD-US
Siyu Cai,Mega Intl Invst Serv,1175,AMD-US,2025Q3,2025,0.0203020627651976,386285.5,3674,20250808.0,87.0,AMD-US
Han Jing Wen,China International Capital,898,AMD-US,2025Q3,2025,0.0219405117002058,386285.5,3674,20250806.0,89.0,AMD-US
Tao Xu,Citic Securities,1123,AMD-US,2025Q3,2025,0.0217304541444355,386285.5,3674,20250806.0,89.0,AMD-US
Gus Richard,Northland Securities,1093,AMD-US,2025Q3,2025,0.0245452253917573,386285.5,3674,20250507.0,180.0,AMD-US
sean Hao,Fubon Securities,1084,AMD-US,2025Q3,2025,0.0233268915682897,386285.5,3674,20250806.0,89.0,AMD-US
Pierre Ferragu,New Street Research,1634,AMD-US,2025Q2,2025,0.0375840227507755,250863.66,3674,20250507.0,89.0,AMD-US
Vijay Rakesh,Mizuho Securities USA,1802,AMD-US,2025Q2,2025,0.0365822130299896,250863.66,3674,20250714.0,21.0,AMD-US
C.J. Muse,Cantor Fitzgerald,1190,AMD-US,2025Q2,2025,0.030797569803516,250863.66,3674,20250507.0,89.0,AMD-US
Stacy A. Rasgon,Bernstein Research,1140,AMD-US,2025Q2,2025,,250863.66,3674,20250718.0,17.0,AMD-US
Mark Lipacis,Evercore ISI,1772,AMD-US,2025Q2,2025,0.0357096690796277,250863.66,3674,20250507.0,89.0,AMD-US
Christopher Rolland,Susquehanna Financial Group,974,AMD-US,2025Q2,2025,0.0353218717683557,250863.66,3674,20250729.0,6.0,AMD-US
Ross Seymore,Deutsche Bank Research,77,AMD-US,2025Q2,2025,0.0298044144260599,250863.66,3674,20250507.0,89.0,AMD-US
Aaron Rakers,Wells Fargo Securities,596,AMD-US,2025Q2,2025,0.0342276370217166,250863.66,3674,20250715.0,20.0,AMD-US
Kevin Cassidy,Rosenblatt Securities,2623,AMD-US,2025Q2,2025,0.0540654084798345,250863.66,3674,20250507.0,89.0,AMD-US
Kevin Rottinghaus,Edgewater Research,3222,AMD-US,2025Q2,2025,0.0376486556359875,250863.66,3674,20250716.0,19.0,AMD-US
Matthew Bryson,Wedbush Securities,590,AMD-US,2025Q2,2025,0.0322194932781799,250863.66,3674,20250716.0,19.0,AMD-US
Chandler B. Converse,Cleveland Research Company,2295,AMD-US,2025Q2,2025,0.037734610910031,250863.66,3674,20250715.0,20.0,AMD-US
Ben Reitzes,Melius Research,3130,AMD-US,2025Q2,2025,0.0338353154084798,250863.66,3674,20250620.0,45.0,AMD-US
Warren Lau,Aletheia Capital,2859,AMD-US,2025Q2,2025,0.0355804033092037,250863.66,3674,20250618.0,47.0,AMD-US
Gary Mobley,Loop Capital Markets,1009,AMD-US,2025Q2,2025,0.0333182523267838,250863.66,3674,20250507.0,89.0,AMD-US
Joshua Buchalter,TD Cowen,917,AMD-US,2025Q2,2025,0.034003360910031,250863.66,3674,20250507.0,89.0,AMD-US
Ruben Roy,Stifel Nicolaus,548,AMD-US,2025Q2,2025,0.0324133919338159,250863.66,3674,20250507.0,89.0,AMD-US
Blayne Curtis,Jefferies,512,AMD-US,2025Q2,2025,0.0346109100310237,250863.66,3674,20250714.0,21.0,AMD-US
John N. Vinh,KeyBanc Capital Markets,618,AMD-US,2025Q2,2025,0.0342231127197518,250863.66,3674,20250703.0,32.0,AMD-US
Rick Schafer,Oppenheimer,498,AMD-US,2025Q2,2025,0.0344170113753878,250863.66,3674,20250507.0,89.0,AMD-US
Louis Miscioscia,Daiwa Securities Co. Ltd.,467,AMD-US,2025Q2,2025,0.0333828852119958,250863.66,3674,20250513.0,83.0,AMD-US
James Kelleher,Argus Research,376,AMD-US,2025Q2,2025,0.0355804033092037,250863.66,3674,20250205.0,180.0,AMD-US
William Stein,Truist Securities,852,AMD-US,2025Q2,2025,0.0323797227249224,250863.66,3674,20250507.0,89.0,AMD-US
Dawei Wang,Bocom International,1746,AMD-US,2025Q2,2025,0.0327494829369183,250863.66,3674,20250618.0,47.0,AMD-US
Barney Yao,Haitong International Research,2898,AMD-US,2025Q2,2025,0.0327365563598759,250863.66,3674,20250616.0,49.0,AMD-US
Harsh Kumar,Piper Sandler Companies,570,AMD-US,2025Q2,2025,0.0325426577042399,250863.66,3674,20250507.0,89.0,AMD-US
Jay Goldberg,Seaport Research Partners,1321,AMD-US,2025Q2,2025,0.0333182523267838,250863.66,3674,20250612.0,53.0,AMD-US
Purdy Ho,Huatai Research,1271,AMD-US,2025Q2,2025,0.0325426577042399,250863.66,3674,20250507.0,89.0,AMD-US
Cody Acree,"Benchmark, a StoneX Company",1124,AMD-US,2025Q2,2025,0.0333182523267838,250863.66,3674,20250612.0,53.0,AMD-US
Srini Pajjuri,Raymond James,402,AMD-US,2025Q2,2025,0.029698810754912,250863.66,3674,20250507.0,89.0,AMD-US
Tao Xu,Citic Securities,1123,AMD-US,2025Q2,2025,0.0324133919338159,250863.66,3674,20250520.0,76.0,AMD-US
Tony Shen,SPDB International,3451,AMD-US,2025Q2,2025,0.0411388314374353,250863.66,3674,20250515.0,81.0,AMD-US
Ling Ji Cao,First Shanghai,1701,AMD-US,2025Q2,2025,0.0340292140641158,250863.66,3674,20250512.0,84.0,AMD-US
Han Jing Wen,China International Capital,898,AMD-US,2025Q2,2025,0.0328658221302999,250863.66,3674,20250205.0,180.0,AMD-US
Sophie Huang,ABCI Securities,2281,AMD-US,2025Q2,2025,0.029828076525336,250863.66,3674,20250507.0,89.0,AMD-US
Gus Richard,Northland Securities,1093,AMD-US,2025Q2,2025,0.0391998448810754,250863.66,3674,20250507.0,89.0,AMD-US
sean Hao,Fubon Securities,1084,AMD-US,2025Q2,2025,0.0385535160289555,250863.66,3674,20250507.0,89.0,AMD-US
Warren Lau,Aletheia Capital,2859,AMD-US,2025Q1,2025,0.0642708091815441,140140.88,3674,20250415.0,20.0,AMD-US
C.J. Muse,Cantor Fitzgerald,1190,AMD-US,2025Q1,2025,0.0645026663575237,140140.88,3674,20250205.0,89.0,AMD-US
Stacy A. Rasgon,Bernstein Research,1140,AMD-US,2025Q1,2025,,140140.88,3674,20250418.0,17.0,AMD-US
Mark Lipacis,Evercore ISI,1772,AMD-US,2025Q1,2025,0.0664734523533503,140140.88,3674,20250415.0,20.0,AMD-US
Blayne Curtis,Jefferies,512,AMD-US,2025Q1,2025,0.059749594249942,140140.88,3674,20250326.0,40.0,AMD-US
John N. Vinh,KeyBanc Capital Markets,618,AMD-US,2025Q1,2025,0.0565035937862276,140140.88,3674,20250415.0,20.0,AMD-US
Jay Goldberg,Seaport Research Partners,1321,AMD-US,2025Q1,2025,0.0672849524692789,140140.88,3674,20250429.0,6.0,AMD-US
Ruben Roy,Stifel Nicolaus,548,AMD-US,2025Q1,2025,0.0635752376536053,140140.88,3674,20250425.0,10.0,AMD-US
Vijay Rakesh,Mizuho Securities USA,1802,AMD-US,2025Q1,2025,0.0683016461859494,140140.88,3674,20250312.0,54.0,AMD-US
Christopher Rolland,Susquehanna Financial Group,974,AMD-US,2025Q1,2025,0.0604451657778808,140140.88,3674,20250423.0,12.0,AMD-US
Harsh Kumar,Piper Sandler Companies,570,AMD-US,2025Q1,2025,0.058010665430095,140140.88,3674,20250205.0,89.0,AMD-US
Kevin Cassidy,Rosenblatt Securities,2623,AMD-US,2025Q1,2025,0.1004405286343612,140140.88,3674,20250205.0,89.0,AMD-US
Matthew Bryson,Wedbush Securities,590,AMD-US,2025Q1,2025,0.0669371667053095,140140.88,3674,20250422.0,13.0,AMD-US
Ross Seymore,Deutsche Bank Research,77,AMD-US,2025Q1,2025,0.0570014143287734,140140.88,3674,20250421.0,14.0,AMD-US
Ben Reitzes,Melius Research,3130,AMD-US,2025Q1,2025,0.0485045212149316,140140.88,3674,20250417.0,18.0,AMD-US
Aaron Rakers,Wells Fargo Securities,596,AMD-US,2025Q1,2025,0.0523301646185949,140140.88,3674,20250416.0,19.0,AMD-US
Rick Schafer,Oppenheimer,498,AMD-US,2025Q1,2025,0.0596336656619522,140140.88,3674,20250416.0,19.0,AMD-US
Louis Miscioscia,Daiwa Securities Co. Ltd.,467,AMD-US,2025Q1,2025,0.0670530952932993,140140.88,3674,20250212.0,82.0,AMD-US
Gary Mobley,Loop Capital Markets,1009,AMD-US,2025Q1,2025,0.0762114537444933,140140.88,3674,20250110.0,115.0,AMD-US
Chandler B. Converse,Cleveland Research Company,2295,AMD-US,2025Q1,2025,0.067260723394389,140140.88,3674,20250303.0,63.0,AMD-US
Joshua Buchalter,TD Cowen,917,AMD-US,2025Q1,2025,0.0650823092974727,140140.88,3674,20250407.0,28.0,AMD-US
Purdy Ho,Huatai Research,1271,AMD-US,2025Q1,2025,0.0654300950614421,140140.88,3674,20250205.0,89.0,AMD-US
Pierre Ferragu,New Street Research,1634,AMD-US,2025Q1,2025,0.0730813818687688,140140.88,3674,20250205.0,89.0,AMD-US
Dawei Wang,Bocom International,1746,AMD-US,2025Q1,2025,0.0652677950382564,140140.88,3674,20250205.0,89.0,AMD-US
Cody Acree,"Benchmark, a StoneX Company",1124,AMD-US,2025Q1,2025,0.0663575237653605,140140.88,3674,20250214.0,80.0,AMD-US
Ling Ji Cao,First Shanghai,1701,AMD-US,2025Q1,2025,0.0679805239972177,140140.88,3674,20250206.0,88.0,AMD-US
Haofei Chen,Haitong International Research,2898,AMD-US,2025Q1,2025,0.0589380941340134,140140.88,3674,20250205.0,89.0,AMD-US
Sophie Huang,ABCI Securities,2281,AMD-US,2025Q1,2025,0.0610248087178298,140140.88,3674,20250205.0,89.0,AMD-US
Gus Richard,Northland Securities,1093,AMD-US,2025Q1,2025,0.0772548110364015,140140.88,3674,20250205.0,89.0,AMD-US
Han Jing Wen,China International Capital,898,AMD-US,2025Q1,2025,0.0599814514259216,140140.88,3674,20250205.0,89.0,AMD-US
William Stein,Truist Securities,852,AMD-US,2025Q1,2025,0.0606770229538604,140140.88,3674,20250205.0,89.0,AMD-US
Srini Pajjuri,Raymond James,402,AMD-US,2025Q1,2025,0.0628796661256665,140140.88,3674,20250205.0,89.0,AMD-US
James Kelleher,Argus Research,376,AMD-US,2025Q1,2025,0.0656619522374217,140140.88,3674,20250205.0,89.0,AMD-US
Harsh Kumar,Piper Sandler Companies,570,AMD-US,2024Q4,2024,0.056714098789663,198436.89,3674,20241030.0,96.0,AMD-US
Hans Mosesmann,Rosenblatt Securities,2623,AMD-US,2024Q4,2024,0.0793670264965652,198436.89,3674,20240725.0,193.0,AMD-US
C.J. Muse,Cantor Fitzgerald,1190,AMD-US,2024Q4,2024,0.0491086032057572,198436.89,3674,20241030.0,96.0,AMD-US
Stacy A. Rasgon,Bernstein Research,1140,AMD-US,2024Q4,2024,,198436.89,3674,20241030.0,96.0,AMD-US
Gus Richard,Northland Securities,1093,AMD-US,2024Q4,2024,0.0536064769381746,198436.89,3674,20241209.0,56.0,AMD-US
Mark Lipacis,Evercore ISI,1772,AMD-US,2024Q4,2024,0.0544242721622505,198436.89,3674,20241030.0,96.0,AMD-US
Blayne Curtis,Jefferies,512,AMD-US,2024Q4,2024,0.041993784756297,198436.89,3674,20241030.0,96.0,AMD-US
Warren Lau,Aletheia Capital,2859,AMD-US,2024Q4,2024,0.0569594373568858,198436.89,3674,20240925.0,131.0,AMD-US
Christopher Rolland,Susquehanna Financial Group,974,AMD-US,2024Q4,2024,0.0530340202813215,198436.89,3674,20250128.0,6.0,AMD-US
Aaron Rakers,Wells Fargo Securities,596,AMD-US,2024Q4,2024,0.0503254824991822,198436.89,3674,20250110.0,24.0,AMD-US
Ross Seymore,Deutsche Bank Research,77,AMD-US,2024Q4,2024,0.0499257114818449,198436.89,3674,20240501.0,278.0,AMD-US
Ben Reitzes,Melius Research,3130,AMD-US,2024Q4,2024,0.0446107294733398,198436.89,3674,20250127.0,7.0,AMD-US
Vijay Rakesh,Mizuho Securities USA,1802,AMD-US,2024Q4,2024,0.0561342819757932,198436.89,3674,20241203.0,62.0,AMD-US
Dawei Wang,Bocom International,1746,AMD-US,2024Q4,2024,0.0530258423290808,198436.89,3674,20241126.0,69.0,AMD-US
William Stein,Truist Securities,852,AMD-US,2024Q4,2024,0.0451014066077854,198436.89,3674,20241213.0,52.0,AMD-US
Matthew Bryson,Wedbush Securities,590,AMD-US,2024Q4,2024,0.0556509649983644,198436.89,3674,20250124.0,10.0,AMD-US
Gary Mobley,Loop Capital Markets,1009,AMD-US,2024Q4,2024,0.0554874059535492,198436.89,3674,20250110.0,24.0,AMD-US
Pierre Ferragu,New Street Research,1634,AMD-US,2024Q4,2024,0.0560598626104023,198436.89,3674,20250117.0,17.0,AMD-US
Rick Schafer,Oppenheimer,498,AMD-US,2024Q4,2024,0.0469005561007523,198436.89,3674,20241030.0,96.0,AMD-US
Joshua Buchalter,TD Cowen,917,AMD-US,2024Q4,2024,0.058104350670592,198436.89,3674,20241030.0,96.0,AMD-US
sean Hao,Fubon Securities,1084,AMD-US,2024Q4,2024,0.0576136735361465,198436.89,3674,20241030.0,96.0,AMD-US
Sophie Huang,ABCI Securities,2281,AMD-US,2024Q4,2024,0.051153091265947,198436.89,3674,20241004.0,122.0,AMD-US
Ling Ji Cao,First Shanghai,1701,AMD-US,2024Q4,2024,0.0556509649983644,198436.89,3674,20241031.0,95.0,AMD-US
Heping Qin,Guotai Haitong Securities China,1094,AMD-US,2024Q4,2024,0.0536882564605822,198436.89,3674,20241031.0,95.0,AMD-US
Pianpian He,Huatai Research,1271,AMD-US,2024Q4,2024,0.0594946025515211,198436.89,3674,20241030.0,96.0,AMD-US
Hans Mosesmann,Rosenblatt Securities,2623,AMD-US,2024Q3,2024,0.0608318437180796,253518.98,3674,20240725.0,95.0,AMD-US
Stacy A. Rasgon,Bernstein Research,1140,AMD-US,2024Q3,2024,,253518.98,3674,20240731.0,89.0,AMD-US
Blayne Curtis,Jefferies,512,AMD-US,2024Q3,2024,0.0373844484167517,253518.98,3674,20240816.0,73.0,AMD-US
Ross Seymore,Deutsche Bank Research,77,AMD-US,2024Q3,2024,0.0381684116445352,253518.98,3674,20240501.0,180.0,AMD-US
Aaron Rakers,Wells Fargo Securities,596,AMD-US,2024Q3,2024,0.0393813840653728,253518.98,3674,20240501.0,180.0,AMD-US
Tao Xu,Citic Securities,1123,AMD-US,2024Q3,2024,0.0448078396322778,253518.98,3674,20240805.0,84.0,AMD-US
Vijay Rakesh,Mizuho Securities USA,1802,AMD-US,2024Q3,2024,0.0433727017364657,253518.98,3674,20240731.0,89.0,AMD-US
Pianpian He,Huatai Research,1271,AMD-US,2024Q3,2024,0.044424795709908,253518.98,3674,20241010.0,18.0,AMD-US
Joshua Buchalter,TD Cowen,917,AMD-US,2024Q3,2024,0.0480637129724208,253518.98,3674,20240712.0,108.0,AMD-US
Rick Schafer,Oppenheimer,498,AMD-US,2024Q3,2024,0.0368915985699693,253518.98,3674,20240710.0,110.0,AMD-US
Ben Reitzes,Melius Research,3130,AMD-US,2024Q3,2024,0.0441694330949948,253518.98,3674,20240731.0,89.0,AMD-US
Sophie Huang,ABCI Securities,2281,AMD-US,2024Q3,2024,0.0388068181818181,253518.98,3674,20241004.0,24.0,AMD-US
Dawei Wang,Bocom International,1746,AMD-US,2024Q3,2024,0.0431352145045965,253518.98,3674,20240731.0,89.0,AMD-US
Warren Lau,Aletheia Capital,2859,AMD-US,2024Q3,2024,0.043339504596527,253518.98,3674,20240925.0,33.0,AMD-US
Pierre Ferragu,New Street Research,1634,AMD-US,2024Q3,2024,0.0457016087844739,253518.98,3674,20240731.0,89.0,AMD-US
Heping Qin,Guotai Haitong Securities China,1094,AMD-US,2024Q3,2024,0.0424457354443309,253518.98,3674,20240819.0,70.0,AMD-US
Ling Ji Cao,First Shanghai,1701,AMD-US,2024Q3,2024,0.0429564606741573,253518.98,3674,20240801.0,88.0,AMD-US
Liang Wei Zhang,Soochow Securities,3048,AMD-US,2024Q3,2024,0.046148493360572,253518.98,3674,20240506.0,175.0,AMD-US
Hans Mosesmann,Rosenblatt Securities,2623,AMD-US,2024Q2,2024,0.0554103069557871,286976.53,3674,20240725.0,4.0,AMD-US
Stacy A. Rasgon,Bernstein Research,1140,AMD-US,2024Q2,2024,,286976.53,3674,20240501.0,89.0,AMD-US
Matthew D. Ramsay,TD Cowen,917,AMD-US,2024Q2,2024,0.044145874401577,286976.53,3674,20240712.0,17.0,AMD-US
Ross Seymore,Deutsche Bank Research,77,AMD-US,2024Q2,2024,0.0354159391720642,286976.53,3674,20240501.0,89.0,AMD-US
Ben Reitzes,Melius Research,3130,AMD-US,2024Q2,2024,0.0413860884257955,286976.53,3674,20240501.0,89.0,AMD-US
Dawei Wang,Bocom International,1746,AMD-US,2024Q2,2024,0.0388515911010982,286976.53,3674,20240531.0,59.0,AMD-US
Aaron Rakers,Wells Fargo Securities,596,AMD-US,2024Q2,2024,0.036270346381301,286976.53,3674,20240501.0,89.0,AMD-US
Rick Schafer,Oppenheimer,498,AMD-US,2024Q2,2024,0.0341768515911011,286976.53,3674,20240710.0,19.0,AMD-US
Pierre Ferragu,New Street Research,1634,AMD-US,2024Q2,2024,0.0411044776119403,286976.53,3674,20240501.0,89.0,AMD-US
Sun-Woo Kim,Meritz Securities,1778,AMD-US,2024Q2,2024,0.0402596451703745,286976.53,3674,20240610.0,49.0,AMD-US
Pianpian He,Huatai Research,1271,AMD-US,2024Q2,2024,0.0438642635877217,286976.53,3674,20240501.0,89.0,AMD-US
Blayne Curtis,Jefferies,512,AMD-US,2024Q2,2024,0.0347400732188116,286976.53,3674,20240510.0,80.0,AMD-US
Liang Wei Zhang,Soochow Securities,3048,AMD-US,2024Q2,2024,0.0424562095184455,286976.53,3674,20240506.0,84.0,AMD-US
Ling Ji Cao,First Shanghai,1701,AMD-US,2024Q2,2024,0.0413297662630244,286976.53,3674,20240507.0,83.0,AMD-US
Matthew D. Ramsay,TD Cowen,917,AMD-US,2024Q1,2024,0.0454239569313593,264174.25,3674,20240417.0,12.0,AMD-US
Ross Seymore,Deutsche Bank Research,77,AMD-US,2024Q1,2024,0.0383912822708919,264174.25,3674,20240131.0,89.0,AMD-US
Ben Reitzes,Melius Research,3130,AMD-US,2024Q1,2024,0.0497063501774134,264174.25,3674,20240307.0,53.0,AMD-US
Stacy A. Rasgon,Bernstein Research,1140,AMD-US,2024Q1,2024,,264174.25,3674,20240419.0,10.0,AMD-US
Pierre Ferragu,New Street Research,1634,AMD-US,2024Q1,2024,0.0462804355805701,264174.25,3674,20240131.0,89.0,AMD-US
Ling Ji Cao,First Shanghai,1701,AMD-US,2024Q1,2024,0.0374709409029732,264174.25,3674,20240206.0,83.0,AMD-US
Pianpian He,Huatai Research,1271,AMD-US,2024Q1,2024,0.0422427505200048,264174.25,3674,20240205.0,84.0,AMD-US
Liang Wei Zhang,Soochow Securities,3048,AMD-US,2024Q1,2024,0.0401015538969778,264174.25,3674,20240205.0,84.0,AMD-US
Rong Jin,Huaan Securities,3624,AMD-US,2024Q1,2024,0.0349626820017129,264174.25,3674,20240131.0,89.0,AMD-US
Pierre Ferragu,New Street Research,1634,AMD-US,2023Q4,2023,0.0423352652135567,256444.3,3674,20240122.0,7.0,AMD-US
Ben Reitzes,Melius Research,3130,AMD-US,2023Q4,2023,0.0446661207005165,256444.3,3674,20240105.0,24.0,AMD-US
Ben Reitzes,Melius Research,3130,AMD-US,2023Q3,2023,0.0587445311013886,169871.69,3674,20230802.0,89.0,AMD-US
Ben Reitzes,Melius Research,3130,AMD-US,2023Q2,2023,0.0570117866530992,189909.97,3674,20230714.0,17.0,AMD-US
Lloyd Walmsley,Mizuho Securities USA,1802,AMZN-US,2026Q1,2026,0.0193066398390342,2672431.5,5961,20260206.0,81.0,AMZN-US
Justin Patterson,KeyBanc Capital Markets,618,AMZN-US,2026Q1,2026,0.0195480885311871,2672431.5,5961,20260417.0,11.0,AMZN-US
Barton Crockett,Rosenblatt Securities,2623,AMZN-US,2026Q1,2026,0.021358953722334,2672431.5,5961,20260206.0,81.0,AMZN-US
Mark Mahaney,Evercore ISI,1772,AMZN-US,2026Q1,2026,0.0193871227364185,2672431.5,5961,20260206.0,81.0,AMZN-US
Brad Erickson,RBC Capital Markets,1269,AMZN-US,2026Q1,2026,0.0199505030181086,2672431.5,5961,20260206.0,81.0,AMZN-US
Daniel L. Kurnos,"Benchmark, a StoneX Company",1124,AMZN-US,2026Q1,2026,0.0166104627766599,2672431.5,5961,20260206.0,81.0,AMZN-US
Brian J. White,"Monness, Crespi, Hardt",1080,AMZN-US,2026Q1,2026,0.0206748490945674,2672431.5,5961,20260206.0,81.0,AMZN-US
Nathaniel Schindler,Scotiabank GBM,810,AMZN-US,2026Q1,2026,0.020097384305835,2672431.5,5961,20260206.0,81.0,AMZN-US
Alex Haissl,Rothschild & Co Redburn,1652,AMZN-US,2026Q1,2026,,2672431.5,5961,20260423.0,5.0,AMZN-US
John Blackledge,TD Cowen,917,AMZN-US,2026Q1,2026,0.0218820925553319,2672431.5,5961,20260206.0,81.0,AMZN-US
Ken Gawrelski,Wells Fargo Securities,596,AMZN-US,2026Q1,2026,0.0209967806841046,2672431.5,5961,20260423.0,5.0,AMZN-US
Brent Thill,Jefferies,512,AMZN-US,2026Q1,2026,0.0205138832997987,2672431.5,5961,20260206.0,81.0,AMZN-US
Dylan Carden,William Blair,198,AMZN-US,2026Q1,2026,0.0174555331991951,2672431.5,5961,20260206.0,81.0,AMZN-US
Daryl Boehringer,Edgewater Research,3222,AMZN-US,2026Q1,2026,0.0206748490945674,2672431.5,5961,20260422.0,6.0,AMZN-US
Scott Bender,Cleveland Research Company,2295,AMZN-US,2026Q1,2026,0.0199577142857142,2672431.5,5961,20260206.0,81.0,AMZN-US
Mark Shmulik,Bernstein Research,1140,AMZN-US,2026Q1,2026,,2672431.5,5961,20260206.0,81.0,AMZN-US
Jason Helfstein,Oppenheimer,498,AMZN-US,2026Q1,2026,0.0215601609657947,2672431.5,5961,20260206.0,81.0,AMZN-US
Brian J. Pitz,BMO Capital Markets,181,AMZN-US,2026Q1,2026,0.0205541247484909,2672431.5,5961,20260422.0,6.0,AMZN-US
Maria Ripps,Canaccord Genuity,466,AMZN-US,2026Q1,2026,0.0185420523138832,2672431.5,5961,20260421.0,7.0,AMZN-US
Deepak Mathivanan,Cantor Fitzgerald,1190,AMZN-US,2026Q1,2026,0.0182603621730382,2672431.5,5961,20260406.0,22.0,AMZN-US
Youssef Squali,Truist Securities,852,AMZN-US,2026Q1,2026,0.0178981891348088,2672431.5,5961,20260413.0,15.0,AMZN-US
Mark Kelley,Stifel Nicolaus,548,AMZN-US,2026Q1,2026,0.0172140845070422,2672431.5,5961,20260410.0,18.0,AMZN-US
Benjamin Black,Deutsche Bank Research,77,AMZN-US,2026Q1,2026,0.0196285714285714,2672431.5,5961,20260420.0,8.0,AMZN-US
Andrew Cheng,KGI Securities,671,AMZN-US,2026Q1,2026,0.0199505030181086,2672431.5,5961,20260417.0,11.0,AMZN-US
Joseph Feldman,Telsey Advisory Group,2252,AMZN-US,2026Q1,2026,0.0195883299798792,2672431.5,5961,20260206.0,81.0,AMZN-US
Helena Wang,Phillip Securities,651,AMZN-US,2026Q1,2026,0.0192261569416498,2672431.5,5961,20260206.0,81.0,AMZN-US
Rob Sanderson,Loop Capital Markets,1009,AMZN-US,2026Q1,2026,0.0200309859154929,2672431.5,5961,20260220.0,67.0,AMZN-US
Andrew Boone,Citizens,805,AMZN-US,2026Q1,2026,0.0206748490945674,2672431.5,5961,20260130.0,88.0,AMZN-US
Thomas Champion,Piper Sandler Companies,570,AMZN-US,2026Q1,2026,0.0199102615694165,2672431.5,5961,20260206.0,81.0,AMZN-US
Daniel Salmon,New Street Research,1634,AMZN-US,2026Q1,2026,0.0185822937625754,2672431.5,5961,20260327.0,32.0,AMZN-US
Laura Martin,Needham,477,AMZN-US,2026Q1,2026,0.0195883299798792,2672431.5,5961,20251031.0,179.0,AMZN-US
Michael Morton,MoffettNathanson Research,3177,AMZN-US,2026Q1,2026,0.0195078470824949,2672431.5,5961,20260406.0,22.0,AMZN-US
Ivan Feinseth,Tigress Financial Partners LLC,2345,AMZN-US,2026Q1,2026,0.0228881287726358,2672431.5,5961,20260324.0,35.0,AMZN-US
Saiyi He,CMB International,2157,AMZN-US,2026Q1,2026,0.0197492957746478,2672431.5,5961,20260206.0,81.0,AMZN-US
Kadambari Daptardar,ARC Independent Research,940,AMZN-US,2026Q1,2026,0.0195078470824949,2672431.5,5961,20260213.0,74.0,AMZN-US
Ye Tao,China International Capital,898,AMZN-US,2026Q1,2026,0.0239344064386317,2672431.5,5961,20260209.0,78.0,AMZN-US
Satoshi Tanaka,Daiwa Securities Co. Ltd.,467,AMZN-US,2026Q1,2026,0.0207955734406438,2672431.5,5961,20251107.0,172.0,AMZN-US
Ella Ji,China Renaissance Securities (US),2903,AMZN-US,2026Q1,2026,0.0196688128772635,2672431.5,5961,20260206.0,81.0,AMZN-US
Barney Yao,Haitong International Research,2898,AMZN-US,2026Q1,2026,0.0228881287726358,2672431.5,5961,20251031.0,179.0,AMZN-US
Lun Ke Zhang,Guosen Securities,1894,AMZN-US,2026Q1,2026,0.0218016096579476,2672431.5,5961,20260206.0,81.0,AMZN-US
Tommy Wong,China Merchants Securities,1788,AMZN-US,2026Q1,2026,0.0209967806841046,2672431.5,5961,20260206.0,81.0,AMZN-US
Jeffrey Wlodarczak,Pivotal Research Group,1662,AMZN-US,2026Q1,2026,0.0181798792756539,2672431.5,5961,20260206.0,81.0,AMZN-US
Simeon Siegel,Guggenheim Securities,1515,AMZN-US,2026Q1,2026,0.0200309859154929,2672431.5,5961,20260206.0,81.0,AMZN-US
Lulu Xia,Huatai Research,1271,AMZN-US,2026Q1,2026,0.0202724346076458,2672431.5,5961,20260206.0,81.0,AMZN-US
Jia Qing Dong,Capital Securities Asia,1128,AMZN-US,2026Q1,2026,0.0208760563380281,2672431.5,5961,20260206.0,81.0,AMZN-US
Irene Weng,Fubon Securities,1084,AMZN-US,2026Q1,2026,0.0174957746478873,2672431.5,5961,20260206.0,81.0,AMZN-US
Tom Forte,Maxim Group,1063,AMZN-US,2026Q1,2026,0.0168116700201207,2672431.5,5961,20260206.0,81.0,AMZN-US
Shyam Patil,Susquehanna Financial Group,974,AMZN-US,2026Q1,2026,0.0148398390342052,2672431.5,5961,20260206.0,81.0,AMZN-US
Bo Tao Yu,China Securities,697,AMZN-US,2026Q1,2026,0.0210370221327967,2672431.5,5961,20260206.0,81.0,AMZN-US
Gil Luria,DA Davidson,556,AMZN-US,2026Q1,2026,0.0201517102615694,2672431.5,5961,20260206.0,81.0,AMZN-US
Yong-Jei Jeong,Mirae Asset Securities,484,AMZN-US,2026Q1,2026,0.0201919517102615,2672431.5,5961,20260206.0,81.0,AMZN-US
Josh J. Beck,Raymond James,402,AMZN-US,2026Q1,2026,0.0183810865191146,2672431.5,5961,20260206.0,81.0,AMZN-US
James Kelleher,Argus Research,376,AMZN-US,2026Q1,2026,0.0223649899396378,2672431.5,5961,20260206.0,81.0,AMZN-US
Dylan Carden,William Blair,198,AMZN-US,2025Q4,2025,0.0226559699581804,2505145.3,5961,20251031.0,96.0,AMZN-US
Mark Mahaney,Evercore ISI,1772,AMZN-US,2025Q4,2025,0.0255150635828283,2505145.3,5961,20251031.0,96.0,AMZN-US
Mark Shmulik,Bernstein Research,1140,AMZN-US,2025Q4,2025,,2505145.3,5961,20260202.0,2.0,AMZN-US
Nathaniel Schindler,Scotiabank GBM,810,AMZN-US,2025Q4,2025,0.0278194076982162,2505145.3,5961,20251031.0,96.0,AMZN-US
Brian J. Pitz,BMO Capital Markets,181,AMZN-US,2025Q4,2025,0.0244055645643082,2505145.3,5961,20251031.0,96.0,AMZN-US
Lee Horowitz,Deutsche Bank Research,77,AMZN-US,2025Q4,2025,0.0251310062302637,2505145.3,5961,20260112.0,23.0,AMZN-US
Barton Crockett,Rosenblatt Securities,2623,AMZN-US,2025Q4,2025,0.0290569258342579,2505145.3,5961,20250801.0,187.0,AMZN-US
Lloyd Walmsley,Mizuho Securities USA,1802,AMZN-US,2025Q4,2025,0.0233814116241358,2505145.3,5961,20251031.0,96.0,AMZN-US
Deepak Mathivanan,Cantor Fitzgerald,1190,AMZN-US,2025Q4,2025,0.0264111974054792,2505145.3,5961,20251031.0,96.0,AMZN-US
Brian J. White,"Monness, Crespi, Hardt",1080,AMZN-US,2025Q4,2025,0.0242775454467867,2505145.3,5961,20251031.0,96.0,AMZN-US
Andrew Boone,Citizens,805,AMZN-US,2025Q4,2025,0.0253016983869591,2505145.3,5961,20260130.0,5.0,AMZN-US
Mark Kelley,Stifel Nicolaus,548,AMZN-US,2025Q4,2025,0.0252590253477852,2505145.3,5961,20251031.0,96.0,AMZN-US
Brent Thill,Jefferies,512,AMZN-US,2025Q4,2025,0.025045660151916,2505145.3,5961,20260130.0,5.0,AMZN-US
Laura Martin,Needham,477,AMZN-US,2025Q4,2025,0.0241068532900913,2505145.3,5961,20251031.0,96.0,AMZN-US
Maria Ripps,Canaccord Genuity,466,AMZN-US,2025Q4,2025,0.0252163523086114,2505145.3,5961,20260130.0,5.0,AMZN-US
Joseph Feldman,Telsey Advisory Group,2252,AMZN-US,2025Q4,2025,0.024746948877699,2505145.3,5961,20251031.0,96.0,AMZN-US
Scott Bender,Cleveland Research Company,2295,AMZN-US,2025Q4,2025,0.0251337373047708,2505145.3,5961,20251217.0,49.0,AMZN-US
Daniel L. Kurnos,"Benchmark, a StoneX Company",1124,AMZN-US,2025Q4,2025,0.0235094307416574,2505145.3,5961,20251031.0,96.0,AMZN-US
Scott Devitt,Wedbush Securities,590,AMZN-US,2025Q4,2025,0.0258137748570453,2505145.3,5961,20251218.0,48.0,AMZN-US
Ella Ji,China Renaissance Securities (US),2903,AMZN-US,2025Q4,2025,0.0297396944610395,2505145.3,5961,20251031.0,96.0,AMZN-US
Justin Patterson,KeyBanc Capital Markets,618,AMZN-US,2025Q4,2025,0.0263258513271315,2505145.3,5961,20260126.0,9.0,AMZN-US
Jason Helfstein,Oppenheimer,498,AMZN-US,2025Q4,2025,0.0258564478962191,2505145.3,5961,20260126.0,9.0,AMZN-US
Brad Erickson,RBC Capital Markets,1269,AMZN-US,2025Q4,2025,0.0253443714261329,2505145.3,5961,20251216.0,50.0,AMZN-US
Helena Wang,Phillip Securities,651,AMZN-US,2025Q4,2025,0.0227413160365281,2505145.3,5961,20251031.0,96.0,AMZN-US
Michael Morton,MoffettNathanson Research,3177,AMZN-US,2025Q4,2025,0.0268379277972177,2505145.3,5961,20251031.0,96.0,AMZN-US
Alex Haissl,Rothschild & Co Redburn,1652,AMZN-US,2025Q4,2025,,2505145.3,5961,20260121.0,14.0,AMZN-US
Ye Tao,China International Capital,898,AMZN-US,2025Q4,2025,0.0261551591704361,2505145.3,5961,20251103.0,93.0,AMZN-US
Daryl Boehringer,Edgewater Research,3222,AMZN-US,2025Q4,2025,0.0261124861312622,2505145.3,5961,20260115.0,20.0,AMZN-US
Josh J. Beck,Raymond James,402,AMZN-US,2025Q4,2025,0.025600409661176,2505145.3,5961,20260114.0,21.0,AMZN-US
Tommy Wong,China Merchants Securities,1788,AMZN-US,2025Q4,2025,0.0266672356405223,2505145.3,5961,20251103.0,93.0,AMZN-US
John Blackledge,TD Cowen,917,AMZN-US,2025Q4,2025,0.0278620807373901,2505145.3,5961,20251031.0,96.0,AMZN-US
Ken Gawrelski,Wells Fargo Securities,596,AMZN-US,2025Q4,2025,0.0266672356405223,2505145.3,5961,20251031.0,96.0,AMZN-US
Thomas Champion,Piper Sandler Companies,570,AMZN-US,2025Q4,2025,0.0270939660322608,2505145.3,5961,20251031.0,96.0,AMZN-US
Daniel Salmon,New Street Research,1634,AMZN-US,2025Q4,2025,0.0253870444653068,2505145.3,5961,20251103.0,93.0,AMZN-US
Youssef Squali,Truist Securities,852,AMZN-US,2025Q4,2025,0.0237227959375266,2505145.3,5961,20251031.0,96.0,AMZN-US
Jun Yun Chen,Citic Securities,1123,AMZN-US,2025Q4,2025,0.0258137748570453,2505145.3,5961,20251230.0,36.0,AMZN-US
Saiyi He,CMB International,2157,AMZN-US,2025Q4,2025,0.0257284287786976,2505145.3,5961,20251031.0,96.0,AMZN-US
Alice Tang,First Shanghai,1701,AMZN-US,2025Q4,2025,0.025600409661176,2505145.3,5961,20251203.0,63.0,AMZN-US
Rong Jin,Huaan Securities,3624,AMZN-US,2025Q4,2025,0.0253870444653068,2505145.3,5961,20251105.0,91.0,AMZN-US
Lulu Xia,Huatai Research,1271,AMZN-US,2025Q4,2025,0.0264111974054792,2505145.3,5961,20251031.0,96.0,AMZN-US
Shyam Patil,Susquehanna Financial Group,974,AMZN-US,2025Q4,2025,0.022186566527268,2505145.3,5961,20251031.0,96.0,AMZN-US
Rob Sanderson,Loop Capital Markets,1009,AMZN-US,2025Q4,2025,0.0244055645643082,2505145.3,5961,20250815.0,173.0,AMZN-US
Kadambari Daptardar,ARC Independent Research,940,AMZN-US,2025Q4,2025,0.0237227959375266,2505145.3,5961,20251114.0,82.0,AMZN-US
Satoshi Tanaka,Daiwa Securities Co. Ltd.,467,AMZN-US,2025Q4,2025,0.0257284287786976,2505145.3,5961,20251107.0,89.0,AMZN-US
Barney Yao,Haitong International Research,2898,AMZN-US,2025Q4,2025,0.0278194076982162,2505145.3,5961,20251031.0,96.0,AMZN-US
Lun Ke Zhang,Guosen Securities,1894,AMZN-US,2025Q4,2025,0.0275206964239993,2505145.3,5961,20251031.0,96.0,AMZN-US
Tian Zi Fu,Everbright Securities,1299,AMZN-US,2025Q4,2025,0.0251310062302637,2505145.3,5961,20251031.0,96.0,AMZN-US
Irene Weng,Fubon Securities,1084,AMZN-US,2025Q4,2025,0.0248749679952206,2505145.3,5961,20250801.0,187.0,AMZN-US
Tom Forte,Maxim Group,1063,AMZN-US,2025Q4,2025,0.0242348724076128,2505145.3,5961,20251031.0,96.0,AMZN-US
Gil Luria,DA Davidson,556,AMZN-US,2025Q4,2025,0.023893488094222,2505145.3,5961,20251031.0,96.0,AMZN-US
Yong-Jei Jeong,Mirae Asset Securities,484,AMZN-US,2025Q4,2025,0.0215464709396603,2505145.3,5961,20251031.0,96.0,AMZN-US
James Kelleher,Argus Research,376,AMZN-US,2025Q4,2025,0.0267099086796961,2505145.3,5961,20251031.0,96.0,AMZN-US
Mark Shmulik,Bernstein Research,1140,AMZN-US,2025Q3,2025,,2287303.8,5961,20251017.0,12.0,AMZN-US
Ken Gawrelski,Wells Fargo Securities,596,AMZN-US,2025Q3,2025,0.0269333706345875,2287303.8,5961,20250923.0,36.0,AMZN-US
Scott Bender,Cleveland Research Company,2295,AMZN-US,2025Q3,2025,0.0263813381824963,2287303.8,5961,20250916.0,43.0,AMZN-US
Rob Sanderson,Loop Capital Markets,1009,AMZN-US,2025Q3,2025,0.0263738518207674,2287303.8,5961,20250815.0,75.0,AMZN-US
Dylan Carden,William Blair,198,AMZN-US,2025Q3,2025,0.0234830046160302,2287303.8,5961,20250801.0,89.0,AMZN-US
Barton Crockett,Rosenblatt Securities,2623,AMZN-US,2025Q3,2025,0.0320622930946053,2287303.8,5961,20250801.0,89.0,AMZN-US
Joseph Feldman,Telsey Advisory Group,2252,AMZN-US,2025Q3,2025,0.0262805986851307,2287303.8,5961,20250801.0,89.0,AMZN-US
Mark Mahaney,Evercore ISI,1772,AMZN-US,2025Q3,2025,0.0292180724576863,2287303.8,5961,20250501.0,181.0,AMZN-US
Aaron Kessler,Seaport Research Partners,1321,AMZN-US,2025Q3,2025,0.0266536112276775,2287303.8,5961,20250801.0,89.0,AMZN-US
Brian J. White,"Monness, Crespi, Hardt",1080,AMZN-US,2025Q3,2025,0.0239958968620319,2287303.8,5961,20250801.0,89.0,AMZN-US
Andrew Boone,Citizens,805,AMZN-US,2025Q3,2025,0.025907586142584,2287303.8,5961,20250801.0,89.0,AMZN-US
Gil Luria,DA Davidson,556,AMZN-US,2025Q3,2025,0.0303837366531449,2287303.8,5961,20250801.0,89.0,AMZN-US
Mark Kelley,Stifel Nicolaus,548,AMZN-US,2025Q3,2025,0.0246020422436704,2287303.8,5961,20250731.0,90.0,AMZN-US
Maria Ripps,Canaccord Genuity,466,AMZN-US,2025Q3,2025,0.0255345736000373,2287303.8,5961,20251024.0,5.0,AMZN-US
Justin Patterson,KeyBanc Capital Markets,618,AMZN-US,2025Q3,2025,0.0268867440667692,2287303.8,5961,20251022.0,7.0,AMZN-US
Scott Devitt,Wedbush Securities,590,AMZN-US,2025Q3,2025,0.0267002377954958,2287303.8,5961,20251023.0,6.0,AMZN-US
Brian J. Pitz,BMO Capital Markets,181,AMZN-US,2025Q3,2025,0.022526693710076,2287303.8,5961,20250801.0,89.0,AMZN-US
Daryl Boehringer,Edgewater Research,3222,AMZN-US,2025Q3,2025,0.0270732503380426,2287303.8,5961,20251021.0,8.0,AMZN-US
Daniel L. Kurnos,"Benchmark, a StoneX Company",1124,AMZN-US,2025Q3,2025,0.0251615610574905,2287303.8,5961,20250801.0,89.0,AMZN-US
Brad Erickson,RBC Capital Markets,1269,AMZN-US,2025Q3,2025,0.0267934909311325,2287303.8,5961,20251020.0,9.0,AMZN-US
Helena Wang,Phillip Securities,651,AMZN-US,2025Q3,2025,0.0224572201240266,2287303.8,5961,20250502.0,180.0,AMZN-US
Ye Tao,China International Capital,898,AMZN-US,2025Q3,2025,0.0277726488553177,2287303.8,5961,20250801.0,89.0,AMZN-US
Brent Thill,Jefferies,512,AMZN-US,2025Q3,2025,0.0241824031333053,2287303.8,5961,20250801.0,89.0,AMZN-US
Youssef Squali,Truist Securities,852,AMZN-US,2025Q3,2025,0.0250683079218538,2287303.8,5961,20250915.0,44.0,AMZN-US
Nathaniel Schindler,Scotiabank GBM,810,AMZN-US,2025Q3,2025,0.0282855411013195,2287303.8,5961,20251015.0,14.0,AMZN-US
Lee Horowitz,Deutsche Bank Research,77,AMZN-US,2025Q3,2025,0.0268401174989509,2287303.8,5961,20250801.0,89.0,AMZN-US
Josh J. Beck,Raymond James,402,AMZN-US,2025Q3,2025,0.0267468643633142,2287303.8,5961,20250801.0,89.0,AMZN-US
Deepak Mathivanan,Cantor Fitzgerald,1190,AMZN-US,2025Q3,2025,0.0266536112276775,2287303.8,5961,20250801.0,89.0,AMZN-US
Thomas Champion,Piper Sandler Companies,570,AMZN-US,2025Q3,2025,0.0274928894484077,2287303.8,5961,20250801.0,89.0,AMZN-US
Lloyd Walmsley,Mizuho Securities USA,1802,AMZN-US,2025Q3,2025,0.0263272252529491,2287303.8,5961,20250926.0,33.0,AMZN-US
John Blackledge,TD Cowen,917,AMZN-US,2025Q3,2025,0.0289383130507763,2287303.8,5961,20251006.0,23.0,AMZN-US
Michael Morton,MoffettNathanson Research,3177,AMZN-US,2025Q3,2025,0.0271198769058609,2287303.8,5961,20250801.0,89.0,AMZN-US
Laura Martin,Needham,477,AMZN-US,2025Q3,2025,0.0255345736000373,2287303.8,5961,20250502.0,180.0,AMZN-US
Kadambari Daptardar,ARC Independent Research,940,AMZN-US,2025Q3,2025,0.0249284282183988,2287303.8,5961,20250826.0,64.0,AMZN-US
Egor Tolmachev,Freedom Broker,3713,AMZN-US,2025Q3,2025,0.0269799972024059,2287303.8,5961,20250808.0,82.0,AMZN-US
Satoshi Tanaka,Daiwa Securities Co. Ltd.,467,AMZN-US,2025Q3,2025,0.0267468643633142,2287303.8,5961,20250807.0,83.0,AMZN-US
Barney Yao,Haitong International Research,2898,AMZN-US,2025Q3,2025,0.0261407189816757,2287303.8,5961,20250806.0,84.0,AMZN-US
Siyu Cai,Mega Intl Invst Serv,1175,AMZN-US,2025Q3,2025,0.0253946938965822,2287303.8,5961,20250509.0,173.0,AMZN-US
Rong Jin,Huaan Securities,3624,AMZN-US,2025Q3,2025,0.0273530097449526,2287303.8,5961,20250805.0,85.0,AMZN-US
Saiyi He,CMB International,2157,AMZN-US,2025Q3,2025,0.0273063831771343,2287303.8,5961,20250801.0,89.0,AMZN-US
James Kelleher,Argus Research,376,AMZN-US,2025Q3,2025,0.0270266237702242,2287303.8,5961,20250804.0,86.0,AMZN-US
Lun Ke Zhang,Guosen Securities,1894,AMZN-US,2025Q3,2025,0.0272597566093159,2287303.8,5961,20250801.0,89.0,AMZN-US
Tommy Wong,China Merchants Securities,1788,AMZN-US,2025Q3,2025,0.0267934909311325,2287303.8,5961,20250801.0,89.0,AMZN-US
Daniel Salmon,New Street Research,1634,AMZN-US,2025Q3,2025,0.0272597566093159,2287303.8,5961,20250602.0,149.0,AMZN-US
Lulu Xia,Huatai Research,1271,AMZN-US,2025Q3,2025,0.0294978318645964,2287303.8,5961,20250801.0,89.0,AMZN-US
Irene Weng,Fubon Securities,1084,AMZN-US,2025Q3,2025,0.0268401174989509,2287303.8,5961,20250801.0,89.0,AMZN-US
Tom Forte,Maxim Group,1063,AMZN-US,2025Q3,2025,0.0219909544458432,2287303.8,5961,20250801.0,89.0,AMZN-US
Shyam Patil,Susquehanna Financial Group,974,AMZN-US,2025Q3,2025,0.0215246887676598,2287303.8,5961,20250801.0,89.0,AMZN-US
Jason Helfstein,Oppenheimer,498,AMZN-US,2025Q3,2025,0.0269333706345875,2287303.8,5961,20250801.0,89.0,AMZN-US
Yong-Jei Jeong,Mirae Asset Securities,484,AMZN-US,2025Q3,2025,0.0174681773674639,2287303.8,5961,20250801.0,89.0,AMZN-US
Scott Devitt,Wedbush Securities,590,AMZN-US,2025Q2,2025,0.026706717884581,2376789.0,5961,20250729.0,1.0,AMZN-US
Ken Gawrelski,Wells Fargo Securities,596,AMZN-US,2025Q2,2025,0.0256793818116848,2376789.0,5961,20250728.0,2.0,AMZN-US
Mark Kelley,Stifel Nicolaus,548,AMZN-US,2025Q2,2025,0.0233120421654457,2376789.0,5961,20250728.0,2.0,AMZN-US
Scott Bender,Cleveland Research Company,2295,AMZN-US,2025Q2,2025,0.0241709947293192,2376789.0,5961,20250725.0,5.0,AMZN-US
Mark Mahaney,Evercore ISI,1772,AMZN-US,2025Q2,2025,0.0289400571734857,2376789.0,5961,20250206.0,174.0,AMZN-US
Aaron Kessler,Seaport Research Partners,1321,AMZN-US,2025Q2,2025,0.0252773807396819,2376789.0,5961,20250502.0,89.0,AMZN-US
Brad Erickson,RBC Capital Markets,1269,AMZN-US,2025Q2,2025,0.0292973914597105,2376789.0,5961,20250502.0,89.0,AMZN-US
Daniel L. Kurnos,"Benchmark, a StoneX Company",1124,AMZN-US,2025Q2,2025,0.0266173843130248,2376789.0,5961,20250502.0,89.0,AMZN-US
Maria Ripps,Canaccord Genuity,466,AMZN-US,2025Q2,2025,0.0237140432374486,2376789.0,5961,20250502.0,89.0,AMZN-US
Daryl Boehringer,Edgewater Research,3222,AMZN-US,2025Q2,2025,0.0254560478827943,2376789.0,5961,20250724.0,6.0,AMZN-US
Brian J. White,"Monness, Crespi, Hardt",1080,AMZN-US,2025Q2,2025,0.0209000357334286,2376789.0,5961,20250502.0,89.0,AMZN-US
John Blackledge,TD Cowen,917,AMZN-US,2025Q2,2025,0.0284040557441486,2376789.0,5961,20250502.0,89.0,AMZN-US
Brian J. Pitz,BMO Capital Markets,181,AMZN-US,2025Q2,2025,0.0217933714489905,2376789.0,5961,20250721.0,9.0,AMZN-US
Ye Tao,China International Capital,898,AMZN-US,2025Q2,2025,0.0230887082365552,2376789.0,5961,20250502.0,89.0,AMZN-US
Dylan Carden,William Blair,198,AMZN-US,2025Q2,2025,0.0251880471681257,2376789.0,5961,20250502.0,89.0,AMZN-US
Rob Sanderson,Loop Capital Markets,1009,AMZN-US,2025Q2,2025,0.0258133821690191,2376789.0,5961,20250530.0,61.0,AMZN-US
Barton Crockett,Rosenblatt Securities,2623,AMZN-US,2025Q2,2025,0.0277340539574772,2376789.0,5961,20250207.0,173.0,AMZN-US
Nathaniel Schindler,Scotiabank GBM,810,AMZN-US,2025Q2,2025,0.0260367160979095,2376789.0,5961,20250502.0,89.0,AMZN-US
Laura Martin,Needham,477,AMZN-US,2025Q2,2025,0.0256793818116848,2376789.0,5961,20250502.0,89.0,AMZN-US
Lee Horowitz,Deutsche Bank Research,77,AMZN-US,2025Q2,2025,0.0242053778810076,2376789.0,5961,20250718.0,12.0,AMZN-US
Andrew Boone,Citizens,805,AMZN-US,2025Q2,2025,0.0252773807396819,2376789.0,5961,20250708.0,22.0,AMZN-US
Alex Haissl,Rothschild & Co Redburn,1652,AMZN-US,2025Q2,2025,,2376789.0,5961,20250626.0,34.0,AMZN-US
Mark Shmulik,Bernstein Research,1140,AMZN-US,2025Q2,2025,,2376789.0,5961,20250502.0,89.0,AMZN-US
Brent Thill,Jefferies,512,AMZN-US,2025Q2,2025,0.0215253707343219,2376789.0,5961,20250421.0,100.0,AMZN-US
Deepak Mathivanan,Cantor Fitzgerald,1190,AMZN-US,2025Q2,2025,0.0249647132392353,2376789.0,5961,20250715.0,15.0,AMZN-US
Michael Morton,MoffettNathanson Research,3177,AMZN-US,2025Q2,2025,0.0250987135965695,2376789.0,5961,20250623.0,37.0,AMZN-US
Thomas Champion,Piper Sandler Companies,570,AMZN-US,2025Q2,2025,0.0253667143112381,2376789.0,5961,20250502.0,89.0,AMZN-US
Youssef Squali,Truist Securities,852,AMZN-US,2025Q2,2025,0.0246073789530105,2376789.0,5961,20250701.0,29.0,AMZN-US
Saiyi He,CMB International,2157,AMZN-US,2025Q2,2025,0.0262153832410219,2376789.0,5961,20250505.0,86.0,AMZN-US
Helena Wang,Phillip Securities,651,AMZN-US,2025Q2,2025,0.0227313739503305,2376789.0,5961,20250502.0,89.0,AMZN-US
Jason Helfstein,Oppenheimer,498,AMZN-US,2025Q2,2025,0.0263047168125781,2376789.0,5961,20250618.0,42.0,AMZN-US
Tommy Wong,China Merchants Securities,1788,AMZN-US,2025Q2,2025,0.0259920493121314,2376789.0,5961,20250505.0,86.0,AMZN-US
Daniel Salmon,New Street Research,1634,AMZN-US,2025Q2,2025,0.0270640521708057,2376789.0,5961,20250602.0,58.0,AMZN-US
Rong Jin,Huaan Securities,3624,AMZN-US,2025Q2,2025,0.0239820439521172,2376789.0,5961,20250509.0,82.0,AMZN-US
Siyu Cai,Mega Intl Invst Serv,1175,AMZN-US,2025Q2,2025,0.0255453814543505,2376789.0,5961,20250509.0,82.0,AMZN-US
Kadambari Daptardar,ARC Independent Research,940,AMZN-US,2025Q2,2025,0.0236693764516705,2376789.0,5961,20250506.0,85.0,AMZN-US
Satoshi Tanaka,Daiwa Securities Co. Ltd.,467,AMZN-US,2025Q2,2025,0.0235353760943362,2376789.0,5961,20250506.0,85.0,AMZN-US
Ella Ji,China Renaissance Securities (US),2903,AMZN-US,2025Q2,2025,0.030458727889941,2376789.0,5961,20250502.0,89.0,AMZN-US
Barney Yao,Haitong International Research,2898,AMZN-US,2025Q2,2025,0.0277340539574772,2376789.0,5961,20250502.0,89.0,AMZN-US
Lun Ke Zhang,Guosen Securities,1894,AMZN-US,2025Q2,2025,0.0277787207432553,2376789.0,5961,20250502.0,89.0,AMZN-US
Lulu Xia,Huatai Research,1271,AMZN-US,2025Q2,2025,0.0255007146685724,2376789.0,5961,20250502.0,89.0,AMZN-US
Irene Weng,Fubon Securities,1084,AMZN-US,2025Q2,2025,0.0246073789530105,2376789.0,5961,20250502.0,89.0,AMZN-US
Tom Forte,Maxim Group,1063,AMZN-US,2025Q2,2025,0.019202697873861,2376789.0,5961,20250502.0,89.0,AMZN-US
Shyam Patil,Susquehanna Financial Group,974,AMZN-US,2025Q2,2025,0.0209000357334286,2376789.0,5961,20250502.0,89.0,AMZN-US
Josh J. Beck,Raymond James,402,AMZN-US,2025Q2,2025,0.0240267107378953,2376789.0,5961,20250502.0,89.0,AMZN-US
James Kelleher,Argus Research,376,AMZN-US,2025Q2,2025,0.0257240485974629,2376789.0,5961,20250502.0,89.0,AMZN-US
Mark Mahaney,Evercore ISI,1772,AMZN-US,2025Q1,2025,0.0374754775425916,1850053.5,5961,20250206.0,83.0,AMZN-US
Daniel L. Kurnos,"Benchmark, a StoneX Company",1124,AMZN-US,2025Q1,2025,0.0338042792405208,1850053.5,5961,20250207.0,82.0,AMZN-US
Michael Morton,MoffettNathanson Research,3177,AMZN-US,2025Q1,2025,0.0331159295588825,1850053.5,5961,20250422.0,8.0,AMZN-US
Mark Shmulik,Bernstein Research,1140,AMZN-US,2025Q1,2025,,1850053.5,5961,20250428.0,2.0,AMZN-US
Rob Sanderson,Loop Capital Markets,1009,AMZN-US,2025Q1,2025,0.0343779039752194,1850053.5,5961,20250210.0,79.0,AMZN-US
Barton Crockett,Rosenblatt Securities,2623,AMZN-US,2025Q1,2025,0.0361561406527849,1850053.5,5961,20250207.0,82.0,AMZN-US
Aaron Kessler,Seaport Research Partners,1321,AMZN-US,2025Q1,2025,0.0344352664486892,1850053.5,5961,20250207.0,82.0,AMZN-US
Brad Erickson,RBC Capital Markets,1269,AMZN-US,2025Q1,2025,0.0393684391670968,1850053.5,5961,20250401.0,29.0,AMZN-US
Brian J. White,"Monness, Crespi, Hardt",1080,AMZN-US,2025Q1,2025,0.0307067056731486,1850053.5,5961,20250207.0,82.0,AMZN-US
Jason Helfstein,Oppenheimer,498,AMZN-US,2025Q1,2025,0.0294447312568117,1850053.5,5961,20250425.0,5.0,AMZN-US
Maria Ripps,Canaccord Genuity,466,AMZN-US,2025Q1,2025,0.0327143922445935,1850053.5,5961,20250207.0,82.0,AMZN-US
Brian J. Pitz,BMO Capital Markets,181,AMZN-US,2025Q1,2025,0.0278959444731256,1850053.5,5961,20250415.0,15.0,AMZN-US
Lee Horowitz,Deutsche Bank Research,77,AMZN-US,2025Q1,2025,0.0303051683588596,1850053.5,5961,20250411.0,19.0,AMZN-US
Dylan Carden,William Blair,198,AMZN-US,2025Q1,2025,0.0264045201629094,1850053.5,5961,20250207.0,82.0,AMZN-US
Joseph Feldman,Telsey Advisory Group,2252,AMZN-US,2025Q1,2025,0.0339190041874605,1850053.5,5961,20250207.0,82.0,AMZN-US
Ken Gawrelski,Wells Fargo Securities,596,AMZN-US,2025Q1,2025,0.0324849423507141,1850053.5,5961,20250422.0,8.0,AMZN-US
Mark Kelley,Stifel Nicolaus,548,AMZN-US,2025Q1,2025,0.0257161704812711,1850053.5,5961,20250207.0,82.0,AMZN-US
Louis Ng,Haitong International Research,2898,AMZN-US,2025Q1,2025,0.0330585670854127,1850053.5,5961,20250421.0,9.0,AMZN-US
Nathaniel Schindler,Scotiabank GBM,810,AMZN-US,2025Q1,2025,0.0375150576492858,1850053.5,5961,20250207.0,82.0,AMZN-US
Brent Thill,Jefferies,512,AMZN-US,2025Q1,2025,0.0282974817874146,1850053.5,5961,20250421.0,9.0,AMZN-US
Josh J. Beck,Raymond James,402,AMZN-US,2025Q1,2025,0.0290087764584408,1850053.5,5961,20250417.0,13.0,AMZN-US
Daryl Boehringer,Edgewater Research,3222,AMZN-US,2025Q1,2025,0.0312803304078471,1850053.5,5961,20250417.0,13.0,AMZN-US
Alex Haissl,Rothschild & Co Redburn,1652,AMZN-US,2025Q1,2025,,1850053.5,5961,20250303.0,58.0,AMZN-US
Deepak Mathivanan,Cantor Fitzgerald,1190,AMZN-US,2025Q1,2025,0.0266913325302587,1850053.5,5961,20250415.0,15.0,AMZN-US
Ye Tao,China International Capital,898,AMZN-US,2025Q1,2025,0.0359840532323753,1850053.5,5961,20250207.0,82.0,AMZN-US
Scott Devitt,Wedbush Securities,590,AMZN-US,2025Q1,2025,0.0342631790282796,1850053.5,5961,20250414.0,16.0,AMZN-US
Gil Luria,DA Davidson,556,AMZN-US,2025Q1,2025,0.0378196523834107,1850053.5,5961,20250411.0,19.0,AMZN-US
Youssef Squali,Truist Securities,852,AMZN-US,2025Q1,2025,0.0330585670854127,1850053.5,5961,20250409.0,21.0,AMZN-US
Laura Martin,Needham,477,AMZN-US,2025Q1,2025,0.0350662536568576,1850053.5,5961,20241113.0,168.0,AMZN-US
Tommy Wong,China Merchants Securities,1788,AMZN-US,2025Q1,2025,0.0299036310445706,1850053.5,5961,20250409.0,21.0,AMZN-US
Thomas Champion,Piper Sandler Companies,570,AMZN-US,2025Q1,2025,0.0354677909711466,1850053.5,5961,20250409.0,21.0,AMZN-US
John Blackledge,TD Cowen,917,AMZN-US,2025Q1,2025,0.0390816267997476,1850053.5,5961,20250403.0,27.0,AMZN-US
Curtis A Shauger,WestPark Capital,3079,AMZN-US,2025Q1,2025,0.0387374519589284,1850053.5,5961,20250328.0,33.0,AMZN-US
James Kelleher,Argus Research,376,AMZN-US,2025Q1,2025,0.0303625308323294,1850053.5,5961,20250207.0,82.0,AMZN-US
Ella Ji,China Renaissance Securities (US),2903,AMZN-US,2025Q1,2025,0.0374754775425916,1850053.5,5961,20241101.0,180.0,AMZN-US
Scott Bender,Cleveland Research Company,2295,AMZN-US,2025Q1,2025,0.0327325457465725,1850053.5,5961,20250207.0,82.0,AMZN-US
Daniel Salmon,New Street Research,1634,AMZN-US,2025Q1,2025,0.0399994263752653,1850053.5,5961,20250207.0,82.0,AMZN-US
Lun Ke Zhang,Guosen Securities,1894,AMZN-US,2025Q1,2025,0.0356398783915562,1850053.5,5961,20250207.0,82.0,AMZN-US
Megan Tao,Phillip Securities,651,AMZN-US,2025Q1,2025,0.0356398783915562,1850053.5,5961,20250226.0,63.0,AMZN-US
Rong Jin,Huaan Securities,3624,AMZN-US,2025Q1,2025,0.0348368037629782,1850053.5,5961,20250211.0,78.0,AMZN-US
Kadambari Daptardar,ARC Independent Research,940,AMZN-US,2025Q1,2025,0.032140767509895,1850053.5,5961,20250210.0,79.0,AMZN-US
Satoshi Tanaka,Daiwa Securities Co. Ltd.,467,AMZN-US,2025Q1,2025,0.0339190041874605,1850053.5,5961,20250210.0,79.0,AMZN-US
Saiyi He,CMB International,2157,AMZN-US,2025Q1,2025,0.0379343773303504,1850053.5,5961,20250207.0,82.0,AMZN-US
Thiago Alves Kapulskis,Itau Securities,1394,AMZN-US,2025Q1,2025,0.036901852807893,1850053.5,5961,20250207.0,82.0,AMZN-US
Tian Zi Fu,Everbright Securities,1299,AMZN-US,2025Q1,2025,0.0353530660242069,1850053.5,5961,20250207.0,82.0,AMZN-US
Lulu Xia,Huatai Research,1271,AMZN-US,2025Q1,2025,0.0388521769058681,1850053.5,5961,20250207.0,82.0,AMZN-US
Irene Weng,Fubon Securities,1084,AMZN-US,2025Q1,2025,0.0335174668731715,1850053.5,5961,20250207.0,82.0,AMZN-US
Tom Forte,Maxim Group,1063,AMZN-US,2025Q1,2025,0.0288137440486433,1850053.5,5961,20250207.0,82.0,AMZN-US
Shyam Patil,Susquehanna Financial Group,974,AMZN-US,2025Q1,2025,0.0278959444731256,1850053.5,5961,20250207.0,82.0,AMZN-US
James Lee,Mizuho Securities USA,1802,AMZN-US,2024Q4,2024,0.0225248492056749,2475443.8,5961,20250115.0,21.0,AMZN-US
Alex Haissl,Rothschild & Co Redburn,1652,AMZN-US,2024Q4,2024,,2475443.8,5961,20250114.0,22.0,AMZN-US
Mark Mahaney,Evercore ISI,1772,AMZN-US,2024Q4,2024,0.0234168719734941,2475443.8,5961,20241101.0,96.0,AMZN-US
Brian J. Pitz,BMO Capital Markets,181,AMZN-US,2024Q4,2024,0.0221425537337524,2475443.8,5961,20250116.0,20.0,AMZN-US
Tommy Wong,China Merchants Securities,1788,AMZN-US,2024Q4,2024,0.0256681675303712,2475443.8,5961,20241108.0,89.0,AMZN-US
Brad Erickson,RBC Capital Markets,1269,AMZN-US,2024Q4,2024,0.0272823039673774,2475443.8,5961,20241101.0,96.0,AMZN-US
Nathaniel Schindler,Scotiabank GBM,810,AMZN-US,2024Q4,2024,0.025448560020389,2475443.8,5961,20250123.0,13.0,AMZN-US
Joseph Feldman,Telsey Advisory Group,2252,AMZN-US,2024Q4,2024,0.0244363265652875,2475443.8,5961,20250130.0,6.0,AMZN-US
Michael Graham,Canaccord Genuity,466,AMZN-US,2024Q4,2024,0.0237142128961005,2475443.8,5961,20250130.0,6.0,AMZN-US
Mark Shmulik,Bernstein Research,1140,AMZN-US,2024Q4,2024,,2475443.8,5961,20250129.0,7.0,AMZN-US
Mark Kelley,Stifel Nicolaus,548,AMZN-US,2024Q4,2024,0.0223974173817007,2475443.8,5961,20241101.0,96.0,AMZN-US
Lee Horowitz,Deutsche Bank Research,77,AMZN-US,2024Q4,2024,0.0256681675303712,2475443.8,5961,20250124.0,12.0,AMZN-US
Scott Devitt,Wedbush Securities,590,AMZN-US,2024Q4,2024,0.0259230311783196,2475443.8,5961,20250124.0,12.0,AMZN-US
Brent Thill,Jefferies,512,AMZN-US,2024Q4,2024,0.0245212811146036,2475443.8,5961,20241213.0,54.0,AMZN-US
Youssef Squali,Truist Securities,852,AMZN-US,2024Q4,2024,0.0285566222071191,2475443.8,5961,20241101.0,96.0,AMZN-US
Josh J. Beck,Raymond James,402,AMZN-US,2024Q4,2024,0.0233455101520686,2475443.8,5961,20250115.0,21.0,AMZN-US
Michael Morton,MoffettNathanson Research,3177,AMZN-US,2024Q4,2024,0.0229071446775974,2475443.8,5961,20241101.0,96.0,AMZN-US
Deepak Mathivanan,Cantor Fitzgerald,1190,AMZN-US,2024Q4,2024,0.0270699175940871,2475443.8,5961,20250103.0,33.0,AMZN-US
Laura Martin,Needham,477,AMZN-US,2024Q4,2024,0.0245637583892617,2475443.8,5961,20241113.0,84.0,AMZN-US
John Blackledge,TD Cowen,917,AMZN-US,2024Q4,2024,0.0283017585591708,2475443.8,5961,20241211.0,56.0,AMZN-US
Ken Gawrelski,Wells Fargo Securities,596,AMZN-US,2024Q4,2024,0.02481862203721,2475443.8,5961,20250113.0,23.0,AMZN-US
Thomas Champion,Piper Sandler Companies,570,AMZN-US,2024Q4,2024,0.0269000084954549,2475443.8,5961,20241101.0,96.0,AMZN-US
Yong-Jei Jeong,Mirae Asset Securities,484,AMZN-US,2024Q4,2024,0.0231195310508877,2475443.8,5961,20250107.0,29.0,AMZN-US
Saiyi He,CMB International,2157,AMZN-US,2024Q4,2024,0.0243513720159714,2475443.8,5961,20241101.0,96.0,AMZN-US
Rob Sanderson,Loop Capital Markets,1009,AMZN-US,2024Q4,2024,0.0235018265228103,2475443.8,5961,20241105.0,92.0,AMZN-US
Alice Tang,First Shanghai,1701,AMZN-US,2024Q4,2024,0.0248610993118681,2475443.8,5961,20241212.0,55.0,AMZN-US
Irene Weng,Fubon Securities,1084,AMZN-US,2024Q4,2024,0.0229920992269136,2475443.8,5961,20241205.0,62.0,AMZN-US
Dan Zhao,SPDB International,3451,AMZN-US,2024Q4,2024,0.0243938492906295,2475443.8,5961,20241204.0,63.0,AMZN-US
Lulu Xia,Huatai Research,1271,AMZN-US,2024Q4,2024,0.0260504630022937,2475443.8,5961,20241101.0,96.0,AMZN-US
Satoshi Tanaka,Daiwa Securities Co. Ltd.,467,AMZN-US,2024Q4,2024,0.0220575991844363,2475443.8,5961,20241106.0,91.0,AMZN-US
Rong Jin,Huaan Securities,3624,AMZN-US,2024Q4,2024,0.0289389176790417,2475443.8,5961,20241104.0,93.0,AMZN-US
Jason Helfstein,Oppenheimer,498,AMZN-US,2024Q4,2024,0.0239265992693908,2475443.8,5961,20241101.0,96.0,AMZN-US
Ella Ji,China Renaissance Securities (US),2903,AMZN-US,2024Q4,2024,0.0265601902981904,2475443.8,5961,20241101.0,96.0,AMZN-US
Lun Ke Zhang,Guosen Securities,1894,AMZN-US,2024Q4,2024,0.02481862203721,2475443.8,5961,20241101.0,96.0,AMZN-US
Thiago Alves Kapulskis,Itau Securities,1394,AMZN-US,2024Q4,2024,0.0285566222071191,2475443.8,5961,20241101.0,96.0,AMZN-US
Tian Zi Fu,Everbright Securities,1299,AMZN-US,2024Q4,2024,0.0243088947413134,2475443.8,5961,20241101.0,96.0,AMZN-US
James Lee,Mizuho Securities USA,1802,AMZN-US,2024Q3,2024,0.0279539273716205,1968233.5,5961,20240927.0,33.0,AMZN-US
Josh J. Beck,Raymond James,402,AMZN-US,2024Q3,2024,0.0303002186316855,1968233.5,5961,20240802.0,89.0,AMZN-US
Mark Shmulik,Bernstein Research,1140,AMZN-US,2024Q3,2024,,1968233.5,5961,20240802.0,89.0,AMZN-US
Daniel Salmon,New Street Research,1634,AMZN-US,2024Q3,2024,0.0342462539327041,1968233.5,5961,20241025.0,5.0,AMZN-US
Brad Erickson,RBC Capital Markets,1269,AMZN-US,2024Q3,2024,0.0315800138644483,1968233.5,5961,20240802.0,89.0,AMZN-US
Mark Kelley,Stifel Nicolaus,548,AMZN-US,2024Q3,2024,0.0297136458166693,1968233.5,5961,20241025.0,5.0,AMZN-US
Scott Bender,Cleveland Research Company,2295,AMZN-US,2024Q3,2024,0.0320595904655255,1968233.5,5961,20240724.0,98.0,AMZN-US
Michael Graham,Canaccord Genuity,466,AMZN-US,2024Q3,2024,0.0313667146589878,1968233.5,5961,20241024.0,6.0,AMZN-US
Brian J. Pitz,BMO Capital Markets,181,AMZN-US,2024Q3,2024,0.0243811656801578,1968233.5,5961,20241021.0,9.0,AMZN-US
Jason Helfstein,Oppenheimer,498,AMZN-US,2024Q3,2024,0.0306734922412414,1968233.5,5961,20241023.0,7.0,AMZN-US
Michael Morton,MoffettNathanson Research,3177,AMZN-US,2024Q3,2024,0.0326998346931157,1968233.5,5961,20240924.0,36.0,AMZN-US
Youssef Squali,Truist Securities,852,AMZN-US,2024Q3,2024,0.0330197835013064,1968233.5,5961,20240927.0,33.0,AMZN-US
Scott Devitt,Wedbush Securities,590,AMZN-US,2024Q3,2024,0.0307801418439716,1968233.5,5961,20241016.0,14.0,AMZN-US
John Blackledge,TD Cowen,917,AMZN-US,2024Q3,2024,0.0340329547272436,1968233.5,5961,20241004.0,26.0,AMZN-US
Ken Gawrelski,Wells Fargo Securities,596,AMZN-US,2024Q3,2024,0.0314733642617181,1968233.5,5961,20241004.0,26.0,AMZN-US
Deepak Mathivanan,Cantor Fitzgerald,1190,AMZN-US,2024Q3,2024,0.0312600650562576,1968233.5,5961,20241007.0,23.0,AMZN-US
Thomas Champion,Piper Sandler Companies,570,AMZN-US,2024Q3,2024,0.0373924172132458,1968233.5,5961,20240802.0,89.0,AMZN-US
Alex Haissl,Rothschild & Co Redburn,1652,AMZN-US,2024Q3,2024,,1968233.5,5961,20240808.0,83.0,AMZN-US
Rong Jin,Huaan Securities,3624,AMZN-US,2024Q3,2024,0.0303002186316855,1968233.5,5961,20240806.0,85.0,AMZN-US
Satoshi Tanaka,Daiwa Securities Co. Ltd.,467,AMZN-US,2024Q3,2024,0.0295536714125739,1968233.5,5961,20240806.0,85.0,AMZN-US
Ella Ji,China Renaissance Securities (US),2903,AMZN-US,2024Q3,2024,0.0325931850903855,1968233.5,5961,20240501.0,182.0,AMZN-US
Saiyi He,CMB International,2157,AMZN-US,2024Q3,2024,0.0357926731722924,1968233.5,5961,20240802.0,89.0,AMZN-US
Lun Ke Zhang,Guosen Securities,1894,AMZN-US,2024Q3,2024,0.0313133898576227,1968233.5,5961,20240802.0,89.0,AMZN-US
Thiago Alves Kapulskis,Itau Securities,1394,AMZN-US,2024Q3,2024,0.0316866634671785,1968233.5,5961,20240802.0,89.0,AMZN-US
Lulu Xia,Huatai Research,1271,AMZN-US,2024Q3,2024,0.0326998346931157,1968233.5,5961,20240605.0,147.0,AMZN-US
Mark Shmulik,Bernstein Research,1140,AMZN-US,2024Q2,2024,,1912217.8,5961,20240719.0,12.0,AMZN-US
Michael Morton,MoffettNathanson Research,3177,AMZN-US,2024Q2,2024,0.0374459863945578,1912217.8,5961,20240522.0,70.0,AMZN-US
James Lee,Mizuho Securities USA,1802,AMZN-US,2024Q2,2024,0.0262351020408163,1912217.8,5961,20240429.0,93.0,AMZN-US
Brad Erickson,RBC Capital Markets,1269,AMZN-US,2024Q2,2024,0.0327112925170068,1912217.8,5961,20240202.0,180.0,AMZN-US
Youssef Squali,Truist Securities,852,AMZN-US,2024Q2,2024,0.0357589115646258,1912217.8,5961,20240719.0,12.0,AMZN-US
Maria Ripps,Canaccord Genuity,466,AMZN-US,2024Q2,2024,0.0327657142857142,1912217.8,5961,20240725.0,6.0,AMZN-US
Scott Bender,Cleveland Research Company,2295,AMZN-US,2024Q2,2024,0.0336361088435374,1912217.8,5961,20240724.0,7.0,AMZN-US
Brian J. Pitz,BMO Capital Markets,181,AMZN-US,2024Q2,2024,0.0250922448979591,1912217.8,5961,20240724.0,7.0,AMZN-US
Ken Gawrelski,Wells Fargo Securities,596,AMZN-US,2024Q2,2024,0.0365752380952381,1912217.8,5961,20240627.0,34.0,AMZN-US
Saiyi He,CMB International,2157,AMZN-US,2024Q2,2024,0.0379357823129251,1912217.8,5961,20240501.0,91.0,AMZN-US
Thomas Champion,Piper Sandler Companies,570,AMZN-US,2024Q2,2024,0.0378813605442176,1912217.8,5961,20240501.0,91.0,AMZN-US
Alex Haissl,Rothschild & Co Redburn,1652,AMZN-US,2024Q2,2024,,1912217.8,5961,20240319.0,134.0,AMZN-US
John Blackledge,TD Cowen,917,AMZN-US,2024Q2,2024,0.0345072108843537,1912217.8,5961,20240501.0,91.0,AMZN-US
Lulu Xia,Huatai Research,1271,AMZN-US,2024Q2,2024,0.0342895238095238,1912217.8,5961,20240605.0,56.0,AMZN-US
Ishan Majumdar,Baptista Research,3454,AMZN-US,2024Q2,2024,0.0350514285714285,1912217.8,5961,20240508.0,84.0,AMZN-US
Rong Jin,Huaan Securities,3624,AMZN-US,2024Q2,2024,0.0356500680272108,1912217.8,5961,20240506.0,86.0,AMZN-US
Lun Ke Zhang,Guosen Securities,1894,AMZN-US,2024Q2,2024,0.0361398639455782,1912217.8,5961,20240503.0,89.0,AMZN-US
Satoshi Tanaka,Daiwa Securities Co. Ltd.,467,AMZN-US,2024Q2,2024,0.031949387755102,1912217.8,5961,20240503.0,89.0,AMZN-US
Parth Talsania,Equisights,3723,AMZN-US,2024Q2,2024,0.0326024489795918,1912217.8,5961,20240502.0,90.0,AMZN-US
Ella Ji,China Renaissance Securities (US),2903,AMZN-US,2024Q2,2024,0.0340174149659864,1912217.8,5961,20240501.0,91.0,AMZN-US
Thiago Alves Kapulskis,Itau Securities,1394,AMZN-US,2024Q2,2024,0.0338541496598639,1912217.8,5961,20240501.0,91.0,AMZN-US
Tom Forte,Maxim Group,1063,AMZN-US,2024Q2,2024,0.0185072108843537,1912217.8,5961,20240416.0,106.0,AMZN-US
Josh J. Beck,Raymond James,402,AMZN-US,2024Q2,2024,0.0336908843537414,1912217.8,5961,20240501.0,91.0,AMZN-US
James Lee,Mizuho Securities USA,1802,AMZN-US,2024Q1,2024,0.0278332969670521,1906012.3,5961,20240429.0,0.0,AMZN-US
Daniel Salmon,New Street Research,1634,AMZN-US,2024Q1,2024,0.0410342570368754,1906012.3,5961,20240202.0,87.0,AMZN-US
Brad Erickson,RBC Capital Markets,1269,AMZN-US,2024Q1,2024,0.0342701287366353,1906012.3,5961,20240202.0,87.0,AMZN-US
Michael Graham,Canaccord Genuity,466,AMZN-US,2024Q1,2024,0.0319790530220379,1906012.3,5961,20240426.0,3.0,AMZN-US
Josh J. Beck,Raymond James,402,AMZN-US,2024Q1,2024,0.0344337770019637,1906012.3,5961,20240426.0,3.0,AMZN-US
Alex Haissl,Rothschild & Co Redburn,1652,AMZN-US,2024Q1,2024,,1906012.3,5961,20240319.0,41.0,AMZN-US
Nikhil Devnani,Bernstein Research,1140,AMZN-US,2024Q1,2024,,1906012.3,5961,20240326.0,34.0,AMZN-US
Tom Forte,Maxim Group,1063,AMZN-US,2024Q1,2024,0.0200872790748418,1906012.3,5961,20240416.0,13.0,AMZN-US
Brian J. Pitz,BMO Capital Markets,181,AMZN-US,2024Q1,2024,0.0217783111499018,1906012.3,5961,20240422.0,7.0,AMZN-US
Michael Morton,MoffettNathanson Research,3177,AMZN-US,2024Q1,2024,0.0329609426140082,1906012.3,5961,20240419.0,10.0,AMZN-US
Saiyi He,CMB International,2157,AMZN-US,2024Q1,2024,0.0341610298930831,1906012.3,5961,20240220.0,69.0,AMZN-US
Youssef Squali,Truist Securities,852,AMZN-US,2024Q1,2024,0.0342155793148592,1906012.3,5961,20240416.0,13.0,AMZN-US
Thomas Champion,Piper Sandler Companies,570,AMZN-US,2024Q1,2024,0.032415448396247,1906012.3,5961,20240202.0,87.0,AMZN-US
Lee Horowitz,Deutsche Bank Research,77,AMZN-US,2024Q1,2024,0.0288151865590224,1906012.3,5961,20240126.0,94.0,AMZN-US
John Blackledge,TD Cowen,917,AMZN-US,2024Q1,2024,0.0356338642810386,1906012.3,5961,20240202.0,87.0,AMZN-US
Rong Jin,Huaan Securities,3624,AMZN-US,2024Q1,2024,0.0351429194850534,1906012.3,5961,20240403.0,26.0,AMZN-US
Ken Gawrelski,Wells Fargo Securities,596,AMZN-US,2024Q1,2024,0.034106480471307,1906012.3,5961,20240328.0,32.0,AMZN-US
Ella Ji,China Renaissance Securities (US),2903,AMZN-US,2024Q1,2024,0.0297970761509928,1906012.3,5961,20240202.0,87.0,AMZN-US
Ishan Majumdar,Baptista Research,3454,AMZN-US,2024Q1,2024,0.0317063059131573,1906012.3,5961,20240209.0,80.0,AMZN-US
Satoshi Tanaka,Daiwa Securities Co. Ltd.,467,AMZN-US,2024Q1,2024,0.0322518001309186,1906012.3,5961,20240206.0,83.0,AMZN-US
Parth Talsania,Equisights,3723,AMZN-US,2024Q1,2024,0.0321427012873663,1906012.3,5961,20240202.0,87.0,AMZN-US
Lun Ke Zhang,Guosen Securities,1894,AMZN-US,2024Q1,2024,0.032851843770456,1906012.3,5961,20240202.0,87.0,AMZN-US
Thiago Alves Kapulskis,Itau Securities,1394,AMZN-US,2024Q1,2024,0.0359611608116954,1906012.3,5961,20240202.0,87.0,AMZN-US
Heping Qin,Guotai Haitong Securities China,1094,AMZN-US,2024Q1,2024,0.0492166703032947,1906012.3,5961,20240202.0,87.0,AMZN-US
James Lee,Mizuho Securities USA,1802,AMZN-US,2023Q4,2023,0.0325648208469055,1593790.5,5961,20240131.0,0.0,AMZN-US
Thomas Champion,Piper Sandler Companies,570,AMZN-US,2023Q4,2023,0.0351055374592833,1593790.5,5961,20231213.0,49.0,AMZN-US
Brad Erickson,RBC Capital Markets,1269,AMZN-US,2023Q4,2023,0.0344540716612377,1593790.5,5961,20231027.0,96.0,AMZN-US
Nikhil Devnani,Bernstein Research,1140,AMZN-US,2023Q4,2023,,1593790.5,5961,20231027.0,96.0,AMZN-US
Maria Ripps,Canaccord Genuity,466,AMZN-US,2023Q4,2023,0.0321739413680781,1593790.5,5961,20240126.0,5.0,AMZN-US
Josh J. Beck,Raymond James,402,AMZN-US,2023Q4,2023,0.0349100977198697,1593790.5,5961,20240126.0,5.0,AMZN-US
Lee Horowitz,Deutsche Bank Research,77,AMZN-US,2023Q4,2023,0.0342586319218241,1593790.5,5961,20240126.0,5.0,AMZN-US
Michael Morton,MoffettNathanson Research,3177,AMZN-US,2023Q4,2023,0.0345843648208469,1593790.5,5961,20231208.0,54.0,AMZN-US
Brian J. Pitz,BMO Capital Markets,181,AMZN-US,2023Q4,2023,0.0177765472312703,1593790.5,5961,20240105.0,26.0,AMZN-US
Alex Haissl,Rothschild & Co Redburn,1652,AMZN-US,2023Q4,2023,,1593790.5,5961,20230928.0,125.0,AMZN-US
Youssef Squali,Truist Securities,852,AMZN-US,2023Q4,2023,0.0399915309446254,1593790.5,5961,20240111.0,20.0,AMZN-US
Gil Luria,DA Davidson,556,AMZN-US,2023Q4,2023,0.0343889250814332,1593790.5,5961,20231027.0,96.0,AMZN-US
Ken Gawrelski,Wells Fargo Securities,596,AMZN-US,2023Q4,2023,0.03634332247557,1593790.5,5961,20240112.0,19.0,AMZN-US
John Blackledge,TD Cowen,917,AMZN-US,2023Q4,2023,0.0407732899022801,1593790.5,5961,20231027.0,96.0,AMZN-US
John Blackledge,TD Cowen,917,AMZN-US,2023Q3,2023,0.0420486662132547,1357752.6,5961,20230804.0,82.0,AMZN-US
Maria Ripps,Canaccord Genuity,466,AMZN-US,2023Q3,2023,0.0352474873422504,1357752.6,5961,20231020.0,5.0,AMZN-US
Brad Erickson,RBC Capital Markets,1269,AMZN-US,2023Q3,2023,0.0371367036953071,1357752.6,5961,20230804.0,82.0,AMZN-US
Youssef Squali,Truist Securities,852,AMZN-US,2023Q3,2023,0.0389503513942416,1357752.6,5961,20230804.0,82.0,AMZN-US
Tom Forte,DA Davidson,556,AMZN-US,2023Q3,2023,0.0372878410035517,1357752.6,5961,20230804.0,82.0,AMZN-US
Ken Gawrelski,Wells Fargo Securities,596,AMZN-US,2023Q3,2023,0.0391014887024862,1357752.6,5961,20230920.0,35.0,AMZN-US
Craig Moffett,MoffettNathanson Research,3177,AMZN-US,2023Q3,2023,0.0412174110179097,1357752.6,5961,20231010.0,15.0,AMZN-US
Thomas Champion,Piper Sandler Companies,570,AMZN-US,2023Q3,2023,0.0448447064157787,1357752.6,5961,20230823.0,63.0,AMZN-US
Alex Haissl,Rothschild & Co Redburn,1652,AMZN-US,2023Q3,2023,,1357752.6,5961,20230928.0,27.0,AMZN-US
Thomas Champion,Piper Sandler Companies,570,AMZN-US,2023Q2,2023,0.0361188057863958,1333435.6,5961,20230606.0,57.0,AMZN-US
Brad Erickson,RBC Capital Markets,1269,AMZN-US,2023Q2,2023,0.0337334564481378,1333435.6,5961,20230428.0,96.0,AMZN-US
Maria Ripps,Canaccord Genuity,466,AMZN-US,2023Q2,2023,0.0326562019082794,1333435.6,5961,20230728.0,5.0,AMZN-US
Tom Forte,DA Davidson,556,AMZN-US,2023Q2,2023,0.0311942136041859,1333435.6,5961,20230428.0,96.0,AMZN-US
Youssef Squali,Truist Securities,852,AMZN-US,2023Q2,2023,0.0379655278547245,1333435.6,5961,20230428.0,96.0,AMZN-US
John Blackledge,TD Cowen,917,AMZN-US,2023Q2,2023,0.0358110187750076,1333435.6,5961,20230428.0,96.0,AMZN-US
Ken Gawrelski,Wells Fargo Securities,596,AMZN-US,2023Q2,2023,0.036657433056325,1333435.6,5961,20230606.0,57.0,AMZN-US
Alex Haissl,Rothschild & Co Redburn,1652,AMZN-US,2023Q2,2023,,1333435.6,5961,20230530.0,64.0,AMZN-US
Brian Bedell,Deutsche Bank Research,77,APO-US,2025Q4,2025,0.0619724840377014,76360.39,6282,20260112.0,25.0,APO-US
Glenn Schorr,Evercore ISI,1772,APO-US,2025Q4,2025,0.0614404074186682,76360.39,6282,20260121.0,16.0,APO-US
Brian McKenna,Citizens,805,APO-US,2025Q4,2025,0.059920188507145,76360.39,6282,20260126.0,11.0,APO-US
John Barnidge,Piper Sandler Companies,570,APO-US,2025Q4,2025,0.059920188507145,76360.39,6282,20251104.0,94.0,APO-US
Brennan Hawken,BMO Capital Markets,181,APO-US,2025Q4,2025,0.061820462146549,76360.39,6282,20260109.0,28.0,APO-US
Bill Katz,TD Cowen,917,APO-US,2025Q4,2025,0.0617444512009729,76360.39,6282,20260113.0,24.0,APO-US
Chris Kotowski,Oppenheimer,498,APO-US,2025Q4,2025,0.0603002432350258,76360.39,6282,20250805.0,185.0,APO-US
Wilma Burdis,Raymond James,402,APO-US,2025Q4,2025,0.0628086044390392,76360.39,6282,20251124.0,74.0,APO-US
Daniel T. Fannon,Jefferies,512,APO-US,2025Q4,2025,0.0609843417452113,76360.39,6282,20251104.0,94.0,APO-US
Steve Biggar,Argus Research,376,APO-US,2025Q4,2025,0.0622005168744299,76360.39,6282,20250818.0,172.0,APO-US
Glenn Schorr,Evercore ISI,1772,APO-US,2025Q3,2025,0.0503444991268455,72487.17,6282,20251021.0,13.0,APO-US
John Barnidge,Piper Sandler Companies,570,APO-US,2025Q3,2025,0.0501063660898555,72487.17,6282,20251006.0,28.0,APO-US
Brennan Hawken,BMO Capital Markets,181,APO-US,2025Q3,2025,0.0520908080647721,72487.17,6282,20251001.0,33.0,APO-US
Chris Kotowski,Oppenheimer,498,APO-US,2025Q3,2025,0.0502651214478488,72487.17,6282,20250805.0,90.0,APO-US
Kyle Voigt,Keefe Bruyette & Woods,525,APO-US,2025Q3,2025,0.0492332116208922,72487.17,6282,20251010.0,24.0,APO-US
Brian McKenna,Citizens,805,APO-US,2025Q3,2025,0.0485188125099222,72487.17,6282,20250805.0,90.0,APO-US
Brian Bedell,Deutsche Bank Research,77,APO-US,2025Q3,2025,0.0487569455469122,72487.17,6282,20251008.0,26.0,APO-US
Bill Katz,TD Cowen,917,APO-US,2025Q3,2025,0.0524083187807588,72487.17,6282,20251007.0,27.0,APO-US
Wilma Burdis,Raymond James,402,APO-US,2025Q3,2025,0.0545515161136688,72487.17,6282,20250702.0,124.0,APO-US
Daniel T. Fannon,Jefferies,512,APO-US,2025Q3,2025,0.0497094776948721,72487.17,6282,20250811.0,84.0,APO-US
Steve Biggar,Argus Research,376,APO-US,2025Q3,2025,0.0510588982378155,72487.17,6282,20250818.0,77.0,APO-US
Bill Katz,TD Cowen,917,APO-US,2025Q2,2025,0.056604076177748,85524.11,6282,20250708.0,27.0,APO-US
Brian McKenna,Citizens,805,APO-US,2025Q2,2025,0.0518596725693284,85524.11,6282,20250506.0,90.0,APO-US
Kyle Voigt,Keefe Bruyette & Woods,525,APO-US,2025Q2,2025,0.0550003341129301,85524.11,6282,20250502.0,94.0,APO-US
Glenn Schorr,Evercore ISI,1772,APO-US,2025Q2,2025,0.0552008018710324,85524.11,6282,20250709.0,26.0,APO-US
Brian Bedell,Deutsche Bank Research,77,APO-US,2025Q2,2025,0.0543989308386234,85524.11,6282,20250709.0,26.0,APO-US
Daniel T. Fannon,Jefferies,512,APO-US,2025Q2,2025,0.05319612429001,85524.11,6282,20250509.0,87.0,APO-US
John Barnidge,Piper Sandler Companies,570,APO-US,2025Q2,2025,0.0565372535917139,85524.11,6282,20250502.0,94.0,APO-US
Wilma Burdis,Raymond James,402,APO-US,2025Q2,2025,0.057405947210157,85524.11,6282,20250702.0,33.0,APO-US
Chris Kotowski,Oppenheimer,498,APO-US,2025Q2,2025,0.0515923822251921,85524.11,6282,20250502.0,94.0,APO-US
Steve Biggar,Argus Research,376,APO-US,2025Q2,2025,0.0563367858336117,85524.11,6282,20250513.0,83.0,APO-US
Brian Bedell,Deutsche Bank Research,77,APO-US,2025Q1,2025,0.0692837987064205,72456.336,6282,20250407.0,24.0,APO-US
Bill Katz,TD Cowen,917,APO-US,2025Q1,2025,0.0722811168954093,72456.336,6282,20250221.0,69.0,APO-US
Chris Kotowski,Oppenheimer,498,APO-US,2025Q1,2025,0.0658132197507493,72456.336,6282,20250414.0,17.0,APO-US
Glenn Schorr,Evercore ISI,1772,APO-US,2025Q1,2025,0.0703091970342325,72456.336,6282,20250411.0,20.0,APO-US
Wilma Burdis,Raymond James,402,APO-US,2025Q1,2025,0.0722022401009623,72456.336,6282,20250409.0,22.0,APO-US
Kyle Voigt,Keefe Bruyette & Woods,525,APO-US,2025Q1,2025,0.0700725666508913,72456.336,6282,20250408.0,23.0,APO-US
Brian McKenna,Citizens,805,APO-US,2025Q1,2025,0.0652610821896198,72456.336,6282,20250407.0,24.0,APO-US
Michael C. Brown,Wells Fargo Securities,596,APO-US,2025Q1,2025,0.0735431456065625,72456.336,6282,20250204.0,86.0,APO-US
Daniel T. Fannon,Jefferies,512,APO-US,2025Q1,2025,0.0695993058842088,72456.336,6282,20250407.0,24.0,APO-US
John Barnidge,Piper Sandler Companies,570,APO-US,2025Q1,2025,0.0703880738286796,72456.336,6282,20250401.0,30.0,APO-US
Steve Biggar,Argus Research,376,APO-US,2025Q1,2025,0.0727543776620918,72456.336,6282,20250217.0,73.0,APO-US
Michael C. Brown,Wells Fargo Securities,596,APO-US,2024Q4,2024,0.0464110139446939,95758.78,6282,20241105.0,90.0,APO-US
Daniel T. Fannon,Jefferies,512,APO-US,2024Q4,2024,0.0440527062160245,95758.78,6282,20250107.0,27.0,APO-US
Bill Katz,TD Cowen,917,APO-US,2024Q4,2024,0.0462857480501063,95758.78,6282,20250121.0,13.0,APO-US
Brian Bedell,Deutsche Bank Research,77,APO-US,2024Q4,2024,0.0487674308674072,95758.78,6282,20250106.0,28.0,APO-US
Chris Kotowski,Oppenheimer,498,APO-US,2024Q4,2024,0.0412042070432521,95758.78,6282,20241105.0,90.0,APO-US
Glenn Schorr,Evercore ISI,1772,APO-US,2024Q4,2024,0.0444540297801938,95758.78,6282,20241105.0,90.0,APO-US
Etienne Ricard,BMO Capital Markets,181,APO-US,2024Q4,2024,0.0453994327582131,95758.78,6282,20241217.0,48.0,APO-US
Brian McKenna,Citizens,805,APO-US,2024Q4,2024,0.0413814701016308,95758.78,6282,20250110.0,24.0,APO-US
Kyle Voigt,Keefe Bruyette & Woods,525,APO-US,2024Q4,2024,0.0444540297801938,95758.78,6282,20241219.0,46.0,APO-US
Kyle Voigt,Keefe Bruyette & Woods,525,APO-US,2024Q3,2024,0.0584417118243712,81978.76,6282,20241008.0,27.0,APO-US
Daniel T. Fannon,Jefferies,512,APO-US,2024Q3,2024,0.0607343337501736,81978.76,6282,20241007.0,28.0,APO-US
Chris Kotowski,Oppenheimer,498,APO-US,2024Q3,2024,0.0548290954564401,81978.76,6282,20241015.0,20.0,APO-US
Michael C. Brown,Wells Fargo Securities,596,APO-US,2024Q3,2024,0.0608732805335556,81978.76,6282,20241008.0,27.0,APO-US
Etienne Ricard,BMO Capital Markets,181,APO-US,2024Q3,2024,0.0606648603584826,81978.76,6282,20240801.0,95.0,APO-US
Brian Bedell,Deutsche Bank Research,77,APO-US,2024Q3,2024,0.0639995831596498,81978.76,6282,20241008.0,27.0,APO-US
Daniel T. Fannon,Jefferies,512,APO-US,2024Q2,2024,0.0678440954043048,68468.24,6282,20240709.0,22.0,APO-US
Etienne Ricard,BMO Capital Markets,181,APO-US,2024Q2,2024,0.0757051441868195,68468.24,6282,20240712.0,19.0,APO-US
Kyle Voigt,Keefe Bruyette & Woods,525,APO-US,2024Q2,2024,0.0755389345965262,68468.24,6282,20240710.0,21.0,APO-US
Brian Bedell,Deutsche Bank Research,77,APO-US,2024Q2,2024,0.0838494141111942,68468.24,6282,20240708.0,23.0,APO-US
Kyle Voigt,Keefe Bruyette & Woods,525,APO-US,2024Q1,2024,0.073937558247903,60963.703,6282,20240304.0,58.0,APO-US
Etienne Ricard,BMO Capital Markets,181,APO-US,2024Q1,2024,0.0759878844361603,60963.703,6282,20240404.0,27.0,APO-US
Brian Bedell,Deutsche Bank Research,77,APO-US,2024Q1,2024,0.0831640260950605,60963.703,6282,20240404.0,27.0,APO-US
Michael C. Brown,Keefe Bruyette & Woods,525,APO-US,2023Q4,2023,0.0554380876175235,56744.18,6282,20240110.0,28.0,APO-US
Brian Bedell,Deutsche Bank Research,77,APO-US,2023Q4,2023,0.059728125625125,56744.18,6282,20240105.0,33.0,APO-US
Michael C. Brown,Keefe Bruyette & Woods,525,APO-US,2023Q3,2023,0.1086670487106017,49461.26,6282,20231006.0,25.0,APO-US
Michael C. Brown,Keefe Bruyette & Woods,525,APO-US,2022Q3,2022,0.1325191977077364,49461.26,6282,20231006.0,25.0,APO-US
Greg Melich,Evercore ISI,1772,BJ-US,2026Q2,2026,0.0370754006668817,11871.565,5331,20260515.0,6.0,BJ-US
Scott Bender,Cleveland Research Company,2295,BJ-US,2026Q2,2026,0.0364946176185866,11871.565,5331,20260305.0,77.0,BJ-US
Michael Baker,DA Davidson,556,BJ-US,2026Q2,2026,0.0369678390878778,11871.565,5331,20260305.0,77.0,BJ-US
Krisztina Katai,Deutsche Bank Research,77,BJ-US,2026Q2,2026,0.0365356028826503,11871.565,5331,20260305.0,77.0,BJ-US
Chuck Grom,Gordon Haskett,2467,BJ-US,2026Q2,2026,0.035461976981822,11871.565,5331,20260511.0,10.0,BJ-US
Edward Kelly,Wells Fargo Securities,596,BJ-US,2026Q2,2026,0.0365375927718618,11871.565,5331,20260511.0,10.0,BJ-US
Jacob Aiken-Phillips,Melius Research,3130,BJ-US,2026Q2,2026,0.0372905238248897,11871.565,5331,20260311.0,71.0,BJ-US
Oliver Chen,TD Cowen,917,BJ-US,2026Q2,2026,0.0369678390878778,11871.565,5331,20260305.0,77.0,BJ-US
Chuck Cerankosky,Northcoast Research,1406,BJ-US,2026Q2,2026,,11871.565,5331,20260312.0,70.0,BJ-US
Phillip Blee,William Blair,198,BJ-US,2026Q2,2026,0.0370754006668817,11871.565,5331,20260305.0,77.0,BJ-US
Christopher Graja,Argus Research,376,BJ-US,2026Q2,2026,0.0370754006668817,11871.565,5331,20260402.0,49.0,BJ-US
Rupesh Parikh,Oppenheimer,498,BJ-US,2026Q2,2026,0.0365375927718618,11871.565,5331,20260305.0,77.0,BJ-US
Robert Drbul,BTIG,1538,BJ-US,2026Q2,2026,0.0370754006668817,11871.565,5331,20260305.0,77.0,BJ-US
Corey Tarlowe,Jefferies,512,BJ-US,2026Q2,2026,0.035461976981822,11871.565,5331,20260305.0,77.0,BJ-US
Greg Melich,Evercore ISI,1772,BJ-US,2026Q1,2026,0.0366952313741304,12978.785,5331,20251121.0,103.0,BJ-US
Chuck Cerankosky,Northcoast Research,1406,BJ-US,2026Q1,2026,,12978.785,5331,20260130.0,33.0,BJ-US
Krisztina Katai,Deutsche Bank Research,77,BJ-US,2026Q1,2026,0.0363927815303962,12978.785,5331,20260227.0,5.0,BJ-US
Edward Kelly,Wells Fargo Securities,596,BJ-US,2026Q1,2026,0.0371993144470208,12978.785,5331,20260226.0,6.0,BJ-US
Scott Bender,Cleveland Research Company,2295,BJ-US,2026Q1,2026,0.038619765097288,12978.785,5331,20260223.0,9.0,BJ-US
Chuck Grom,Gordon Haskett,2467,BJ-US,2026Q1,2026,0.03619114830124,12978.785,5331,20260209.0,23.0,BJ-US
Jacob Aiken-Phillips,Melius Research,3130,BJ-US,2026Q1,2026,0.0370984978324427,12978.785,5331,20260206.0,26.0,BJ-US
Corey Tarlowe,Jefferies,512,BJ-US,2026Q1,2026,0.0371993144470208,12978.785,5331,20260203.0,29.0,BJ-US
Oliver Chen,TD Cowen,917,BJ-US,2026Q1,2026,0.0384091138219578,12978.785,5331,20260202.0,30.0,BJ-US
Michael Baker,DA Davidson,556,BJ-US,2026Q1,2026,0.039820546426051,12978.785,5331,20251121.0,103.0,BJ-US
Robert Drbul,BTIG,1538,BJ-US,2026Q1,2026,0.0371993144470208,12978.785,5331,20251121.0,103.0,BJ-US
Christopher Graja,Argus Research,376,BJ-US,2026Q1,2026,0.0375017642907551,12978.785,5331,20250613.0,264.0,BJ-US
Scott Mushkin,R5 Capital,3399,BJ-US,2026Q1,2026,0.0375017642907551,12978.785,5331,20251202.0,92.0,BJ-US
Rupesh Parikh,Oppenheimer,498,BJ-US,2026Q1,2026,0.0366952313741304,12978.785,5331,20251121.0,103.0,BJ-US
Phillip Blee,William Blair,198,BJ-US,2026Q1,2026,0.0379050307490674,12978.785,5331,20250306.0,363.0,BJ-US
Greg Melich,Evercore ISI,1772,BJ-US,2025Q4,2025,0.0393545563942675,12043.576,5331,20250804.0,108.0,BJ-US
Jacob Aiken-Phillips,Melius Research,3130,BJ-US,2025Q4,2025,0.0394639536155781,12043.576,5331,20250818.0,94.0,BJ-US
Scott Bender,Cleveland Research Company,2295,BJ-US,2025Q4,2025,0.0388663417569193,12043.576,5331,20251114.0,6.0,BJ-US
Edward Kelly,Wells Fargo Securities,596,BJ-US,2025Q4,2025,0.0366196258615031,12043.576,5331,20251111.0,9.0,BJ-US
Chuck Grom,Gordon Haskett,2467,BJ-US,2025Q4,2025,0.0382605841811618,12043.576,5331,20251110.0,10.0,BJ-US
Michael Baker,DA Davidson,556,BJ-US,2025Q4,2025,0.040010939722131,12043.576,5331,20250807.0,105.0,BJ-US
Corey Tarlowe,Jefferies,512,BJ-US,2025Q4,2025,0.0396827480581993,12043.576,5331,20250306.0,259.0,BJ-US
Oliver Chen,TD Cowen,917,BJ-US,2025Q4,2025,0.0388075702877146,12043.576,5331,20251107.0,13.0,BJ-US
Chuck Cerankosky,Northcoast Research,1406,BJ-US,2025Q4,2025,,12043.576,5331,20250312.0,253.0,BJ-US
Robert Drbul,BTIG,1538,BJ-US,2025Q4,2025,0.0377135980746089,12043.576,5331,20251009.0,42.0,BJ-US
Scott Mushkin,R5 Capital,3399,BJ-US,2025Q4,2025,0.03793239251723,12043.576,5331,20250828.0,84.0,BJ-US
Christopher Graja,Argus Research,376,BJ-US,2025Q4,2025,0.0388075702877146,12043.576,5331,20250613.0,160.0,BJ-US
Rupesh Parikh,Oppenheimer,498,BJ-US,2025Q4,2025,0.0388075702877146,12043.576,5331,20250822.0,90.0,BJ-US
Phillip Blee,William Blair,198,BJ-US,2025Q4,2025,0.0393545563942675,12043.576,5331,20250306.0,259.0,BJ-US
Jacob Aiken-Phillips,Melius Research,3130,BJ-US,2025Q3,2025,0.0331363300036995,14277.322,5331,20241121.0,273.0,BJ-US
Oliver Chen,TD Cowen,917,BJ-US,2025Q3,2025,0.0334137994820569,14277.322,5331,20250331.0,143.0,BJ-US
Greg Melich,Evercore ISI,1772,BJ-US,2025Q3,2025,0.0334137994820569,14277.322,5331,20250804.0,17.0,BJ-US
Chuck Grom,Gordon Haskett,2467,BJ-US,2025Q3,2025,0.0338762486126526,14277.322,5331,20250522.0,91.0,BJ-US
Edward Kelly,Wells Fargo Securities,596,BJ-US,2025Q3,2025,0.03202645209027,14277.322,5331,20250522.0,91.0,BJ-US
Scott Bender,Cleveland Research Company,2295,BJ-US,2025Q3,2025,0.0320516518682944,14277.322,5331,20250812.0,9.0,BJ-US
Michael Baker,DA Davidson,556,BJ-US,2025Q3,2025,0.0337837587865334,14277.322,5331,20250305.0,169.0,BJ-US
Chuck Cerankosky,Northcoast Research,1406,BJ-US,2025Q3,2025,,14277.322,5331,20250312.0,162.0,BJ-US
Christopher Graja,Argus Research,376,BJ-US,2025Q3,2025,0.0329513503514613,14277.322,5331,20250613.0,69.0,BJ-US
Scott Mushkin,R5 Capital,3399,BJ-US,2025Q3,2025,0.0329513503514613,14277.322,5331,20250319.0,155.0,BJ-US
Corey Tarlowe,Jefferies,512,BJ-US,2025Q3,2025,0.0337837587865334,14277.322,5331,20250306.0,168.0,BJ-US
Rupesh Parikh,Oppenheimer,498,BJ-US,2025Q3,2025,0.0324889012208657,14277.322,5331,20250226.0,176.0,BJ-US
Phillip Blee,William Blair,198,BJ-US,2025Q3,2025,0.0334137994820569,14277.322,5331,20250306.0,168.0,BJ-US
Edward Kelly,Wells Fargo Securities,596,BJ-US,2025Q2,2025,0.0298518260263226,15150.293,5331,20250306.0,76.0,BJ-US
Greg Melich,Evercore ISI,1772,BJ-US,2025Q2,2025,0.0306964176762834,15150.293,5331,20250403.0,48.0,BJ-US
Krisztina Katai,Deutsche Bank Research,77,BJ-US,2025Q2,2025,0.0292146779395101,15150.293,5331,20250228.0,82.0,BJ-US
Scott Bender,Cleveland Research Company,2295,BJ-US,2025Q2,2025,0.0313802667131526,15150.293,5331,20250515.0,6.0,BJ-US
Michael Baker,DA Davidson,556,BJ-US,2025Q2,2025,0.0317423516081234,15150.293,5331,20250305.0,77.0,BJ-US
Oliver Chen,TD Cowen,917,BJ-US,2025Q2,2025,0.03156802928615,15150.293,5331,20250331.0,51.0,BJ-US
Chuck Grom,Gordon Haskett,2467,BJ-US,2025Q2,2025,0.03156802928615,15150.293,5331,20250306.0,76.0,BJ-US
Chuck Cerankosky,Northcoast Research,1406,BJ-US,2025Q2,2025,,15150.293,5331,20250312.0,70.0,BJ-US
Corey Tarlowe,Jefferies,512,BJ-US,2025Q2,2025,0.0319166739300967,15150.293,5331,20250306.0,76.0,BJ-US
Christopher Graja,Argus Research,376,BJ-US,2025Q2,2025,0.0306964176762834,15150.293,5331,20250403.0,48.0,BJ-US
Rupesh Parikh,Oppenheimer,498,BJ-US,2025Q2,2025,0.0307260524710189,15150.293,5331,20250226.0,84.0,BJ-US
Scott Mushkin,R5 Capital,3399,BJ-US,2025Q2,2025,0.0308707399982567,15150.293,5331,20250319.0,63.0,BJ-US
Laura Champine,Loop Capital Markets,1009,BJ-US,2025Q2,2025,0.0320038350910834,15150.293,5331,20250306.0,76.0,BJ-US
Phillip Blee,William Blair,198,BJ-US,2025Q2,2025,0.03156802928615,15150.293,5331,20250306.0,76.0,BJ-US
Michael Baker,DA Davidson,556,BJ-US,2025Q1,2025,0.0371361003861003,13684.909,5331,20250305.0,0.0,BJ-US
Krisztina Katai,Deutsche Bank Research,77,BJ-US,2025Q1,2025,0.0347507625482625,13684.909,5331,20250228.0,5.0,BJ-US
Greg Melich,Evercore ISI,1772,BJ-US,2025Q1,2025,0.0364729729729729,13684.909,5331,20250228.0,5.0,BJ-US
Rupesh Parikh,Oppenheimer,498,BJ-US,2025Q1,2025,0.0359903474903474,13684.909,5331,20250226.0,7.0,BJ-US
Oliver Chen,TD Cowen,917,BJ-US,2025Q1,2025,0.0367625482625482,13684.909,5331,20241211.0,84.0,BJ-US
Karen Short,Melius Research,3130,BJ-US,2025Q1,2025,0.036569498069498,13684.909,5331,20241121.0,104.0,BJ-US
Laura Champine,Loop Capital Markets,1009,BJ-US,2025Q1,2025,0.042554054054054,13684.909,5331,20241121.0,104.0,BJ-US
Michael Baker,DA Davidson,556,BJ-US,2024Q4,2024,0.036851001903056,11843.868,5331,20240923.0,58.0,BJ-US
Krisztina Katai,Deutsche Bank Research,77,BJ-US,2024Q4,2024,0.0336387439829844,11843.868,5331,20241112.0,8.0,BJ-US
Laura Champine,Loop Capital Markets,1009,BJ-US,2024Q4,2024,0.0439035038620844,11843.868,5331,20240822.0,90.0,BJ-US
Karen Short,Melius Research,3130,BJ-US,2024Q4,2024,0.0413287809246613,11843.868,5331,20240920.0,61.0,BJ-US
Michael Baker,DA Davidson,556,BJ-US,2024Q3,2024,0.0415198290192353,11176.759,5331,20240307.0,167.0,BJ-US
Laura Champine,Loop Capital Markets,1009,BJ-US,2024Q3,2024,0.0462692947043457,11176.759,5331,20240523.0,90.0,BJ-US
Laura Champine,Loop Capital Markets,1009,BJ-US,2024Q2,2024,0.0528968356058657,10336.4,5331,20240417.0,35.0,BJ-US
Michael Baker,DA Davidson,556,BJ-US,2024Q2,2024,0.0478801131978389,10336.4,5331,20240307.0,76.0,BJ-US
Michael Baker,DA Davidson,556,BJ-US,2024Q1,2024,0.0624351958525345,9261.978,5331,20230309.0,363.0,BJ-US
Laura Champine,Loop Capital Markets,1009,BJ-US,2024Q1,2024,0.0634432603686636,9261.978,5331,20231208.0,89.0,BJ-US
Michael Baker,DA Davidson,556,BJ-US,2023Q4,2023,0.0647687609075043,9195.382,5331,20230309.0,252.0,BJ-US
Laura Champine,Loop Capital Markets,1009,BJ-US,2023Q4,2023,0.0675319953461314,9195.382,5331,20230822.0,86.0,BJ-US
Michael Baker,DA Davidson,556,BJ-US,2023Q3,2023,0.0653723482077542,9184.15,5331,20230309.0,165.0,BJ-US
Laura Champine,Loop Capital Markets,1009,BJ-US,2023Q3,2023,0.0627388441843452,9184.15,5331,20230703.0,49.0,BJ-US
Scott Mushkin,R5 Capital,3399,BJ-US,2023Q3,2023,0.0579107534747622,9184.15,5331,20230530.0,83.0,BJ-US
Patrick Moley,Piper Sandler Companies,570,CME-US,2026Q1,2026,0.0305534823816914,109725.08,6200,20260413.0,8.0,CME-US
Simon Clinch,Rothschild & Co Redburn,1652,CME-US,2026Q1,2026,,109725.08,6200,20260413.0,8.0,CME-US
Daniel T. Fannon,Jefferies,512,CME-US,2026Q1,2026,0.0298625837984214,109725.08,6200,20260410.0,11.0,CME-US
Bill Katz,TD Cowen,917,CME-US,2026Q1,2026,0.0302892903140583,109725.08,6200,20260408.0,13.0,CME-US
Brian Bedell,Deutsche Bank Research,77,CME-US,2026Q1,2026,0.0305534823816914,109725.08,6200,20260407.0,14.0,CME-US
Chris Allen,Keefe Bruyette & Woods,525,CME-US,2026Q1,2026,0.0303883623394207,109725.08,6200,20260406.0,15.0,CME-US
Patrick O'Shaughnessy,Raymond James,402,CME-US,2026Q1,2026,0.0302787226313529,109725.08,6200,20260402.0,19.0,CME-US
Ashish Sabadra,RBC Capital Markets,1269,CME-US,2026Q1,2026,0.0283078498068095,109725.08,6200,20260204.0,76.0,CME-US
Kevin Heal,Argus Research,376,CME-US,2026Q1,2026,0.029100426009709,109725.08,6200,20260303.0,49.0,CME-US
Ashish Sabadra,RBC Capital Markets,1269,CME-US,2025Q4,2025,0.0289447092127423,100631.71,6200,20260108.0,26.0,CME-US
Patrick Moley,Piper Sandler Companies,570,CME-US,2025Q4,2025,0.0300555416203819,100631.71,6200,20260113.0,21.0,CME-US
Brian Bedell,Deutsche Bank Research,77,CME-US,2025Q4,2025,0.0313813738488551,100631.71,6200,20260112.0,22.0,CME-US
Simon Clinch,Rothschild & Co Redburn,1652,CME-US,2025Q4,2025,,100631.71,6200,20260127.0,7.0,CME-US
Bill Katz,TD Cowen,917,CME-US,2025Q4,2025,0.0309513742071881,100631.71,6200,20260113.0,21.0,CME-US
Daniel T. Fannon,Jefferies,512,CME-US,2025Q4,2025,0.0299480417099652,100631.71,6200,20260109.0,25.0,CME-US
Kevin Heal,Argus Research,376,CME-US,2025Q4,2025,0.0307363743863546,100631.71,6200,20251030.0,96.0,CME-US
Patrick Moley,Piper Sandler Companies,570,CME-US,2025Q3,2025,0.0335638257718728,95536.48,6200,20250407.0,197.0,CME-US
Kyle Voigt,Keefe Bruyette & Woods,525,CME-US,2025Q3,2025,0.0340545029063184,95536.48,6200,20250723.0,90.0,CME-US
Patrick O'Shaughnessy,Raymond James,402,CME-US,2025Q3,2025,0.034771646410508,95536.48,6200,20250307.0,228.0,CME-US
Daniel T. Fannon,Jefferies,512,CME-US,2025Q3,2025,0.033903525326489,95536.48,6200,20250711.0,102.0,CME-US
Simon Clinch,Rothschild & Co Redburn,1652,CME-US,2025Q3,2025,,95536.48,6200,20250609.0,134.0,CME-US
Brian Bedell,Deutsche Bank Research,77,CME-US,2025Q3,2025,0.0329976598475126,95536.48,6200,20251008.0,13.0,CME-US
Bill Katz,TD Cowen,917,CME-US,2025Q3,2025,0.0346584132256359,95536.48,6200,20251007.0,14.0,CME-US
Ashish Sabadra,RBC Capital Markets,1269,CME-US,2025Q3,2025,0.0337525477466596,95536.48,6200,20251003.0,18.0,CME-US
Kevin Heal,Argus Research,376,CME-US,2025Q3,2025,0.0364323997886313,95536.48,6200,20250505.0,169.0,CME-US
Simon Clinch,Rothschild & Co Redburn,1652,CME-US,2025Q2,2025,,99334.336,6200,20250609.0,43.0,CME-US
Ashish Sabadra,RBC Capital Markets,1269,CME-US,2025Q2,2025,0.0322562037440139,99334.336,6200,20250618.0,34.0,CME-US
Patrick Moley,Piper Sandler Companies,570,CME-US,2025Q2,2025,0.0310952691916993,99334.336,6200,20250407.0,106.0,CME-US
Owen Lau,Oppenheimer,498,CME-US,2025Q2,2025,0.0315306196488173,99334.336,6200,20250603.0,49.0,CME-US
Kyle Voigt,Keefe Bruyette & Woods,525,CME-US,2025Q2,2025,0.0321110869249746,99334.336,6200,20250423.0,90.0,CME-US
Daniel T. Fannon,Jefferies,512,CME-US,2025Q2,2025,0.0310589899869394,99334.336,6200,20250711.0,11.0,CME-US
Brian Bedell,Deutsche Bank Research,77,CME-US,2025Q2,2025,0.0313492236250181,99334.336,6200,20250709.0,13.0,CME-US
Bill Katz,TD Cowen,917,CME-US,2025Q2,2025,0.0310589899869394,99334.336,6200,20250423.0,90.0,CME-US
Patrick O'Shaughnessy,Raymond James,402,CME-US,2025Q2,2025,0.0326189957916122,99334.336,6200,20250423.0,90.0,CME-US
Kevin Heal,Argus Research,376,CME-US,2025Q2,2025,0.0335985343201277,99334.336,6200,20250505.0,78.0,CME-US
Bill Katz,TD Cowen,917,CME-US,2025Q1,2025,0.0353248637415206,91907.6,6200,20250408.0,14.0,CME-US
Kyle Voigt,Keefe Bruyette & Woods,525,CME-US,2025Q1,2025,0.0342269536917225,91907.6,6200,20250408.0,14.0,CME-US
Daniel T. Fannon,Jefferies,512,CME-US,2025Q1,2025,0.0322664000313688,91907.6,6200,20250219.0,62.0,CME-US
Owen Lau,Oppenheimer,498,CME-US,2025Q1,2025,0.0334819433007881,91907.6,6200,20250409.0,13.0,CME-US
Patrick Moley,Piper Sandler Companies,570,CME-US,2025Q1,2025,0.0341093204721013,91907.6,6200,20250407.0,15.0,CME-US
Brian Bedell,Deutsche Bank Research,77,CME-US,2025Q1,2025,0.0350827902599694,91907.6,6200,20250407.0,15.0,CME-US
Simon Clinch,Rothschild & Co Redburn,1652,CME-US,2025Q1,2025,,91907.6,6200,20250402.0,20.0,CME-US
Patrick O'Shaughnessy,Raymond James,402,CME-US,2025Q1,2025,0.0354032858879347,91907.6,6200,20250307.0,46.0,CME-US
Ashish Sabadra,RBC Capital Markets,1269,CME-US,2025Q1,2025,0.0351680194486923,91907.6,6200,20250401.0,21.0,CME-US
Kevin Heal,Argus Research,376,CME-US,2025Q1,2025,0.035011175155864,91907.6,6200,20250312.0,41.0,CME-US
Brian Bedell,Deutsche Bank Research,77,CME-US,2024Q4,2024,0.0355320430107526,83783.484,6200,20250106.0,36.0,CME-US
Patrick Moley,Piper Sandler Companies,570,CME-US,2024Q4,2024,0.035876129032258,83783.484,6200,20250106.0,36.0,CME-US
Bill Katz,TD Cowen,917,CME-US,2024Q4,2024,0.0366073118279569,83783.484,6200,20241217.0,56.0,CME-US
Kyle Voigt,Keefe Bruyette & Woods,525,CME-US,2024Q4,2024,0.0375105376344086,83783.484,6200,20241219.0,54.0,CME-US
Owen Lau,Oppenheimer,498,CME-US,2024Q4,2024,0.0359621505376344,83783.484,6200,20241023.0,111.0,CME-US
Simon Clinch,Rothschild & Co Redburn,1652,CME-US,2024Q4,2024,,83783.484,6200,20241209.0,64.0,CME-US
Daniel T. Fannon,Jefferies,512,CME-US,2024Q4,2024,0.0350589247311828,83783.484,6200,20250107.0,35.0,CME-US
Patrick O'Shaughnessy,Raymond James,402,CME-US,2024Q4,2024,0.0374245161290322,83783.484,6200,20250103.0,39.0,CME-US
Ashish Sabadra,RBC Capital Markets,1269,CME-US,2024Q4,2024,0.0367793548387096,83783.484,6200,20240925.0,139.0,CME-US
Ashish Sabadra,RBC Capital Markets,1269,CME-US,2024Q3,2024,0.0382746319877178,79805.125,6200,20240925.0,27.0,CME-US
Patrick O'Shaughnessy,Raymond James,402,CME-US,2024Q3,2024,0.03678452090671,79805.125,6200,20240724.0,90.0,CME-US
Simon Clinch,Rothschild & Co Redburn,1652,CME-US,2024Q3,2024,,79805.125,6200,20241008.0,14.0,CME-US
Kyle Voigt,Keefe Bruyette & Woods,525,CME-US,2024Q3,2024,0.0372812246003793,79805.125,6200,20241008.0,14.0,CME-US
Owen Lau,Oppenheimer,498,CME-US,2024Q3,2024,0.0366942111442246,79805.125,6200,20241008.0,14.0,CME-US
Brian Bedell,Deutsche Bank Research,77,CME-US,2024Q3,2024,0.0355201842319154,79805.125,6200,20241008.0,14.0,CME-US
Daniel T. Fannon,Jefferies,512,CME-US,2024Q3,2024,0.0363329720942833,79805.125,6200,20241007.0,15.0,CME-US
Simon Clinch,Rothschild & Co Redburn,1652,CME-US,2024Q2,2024,,69706.92,6200,20240620.0,33.0,CME-US
Brian Bedell,Deutsche Bank Research,77,CME-US,2024Q2,2024,0.0378801425767124,69706.92,6200,20240708.0,15.0,CME-US
Kyle Voigt,Keefe Bruyette & Woods,525,CME-US,2024Q2,2024,0.0411540448393429,69706.92,6200,20240710.0,13.0,CME-US
Daniel T. Fannon,Jefferies,512,CME-US,2024Q2,2024,0.0408440954644074,69706.92,6200,20240709.0,14.0,CME-US
Patrick O'Shaughnessy,Raymond James,402,CME-US,2024Q2,2024,0.0406891207769397,69706.92,6200,20240214.0,160.0,CME-US
Kyle Voigt,Keefe Bruyette & Woods,525,CME-US,2024Q1,2024,0.0379405660377358,76325.34,6200,20240410.0,13.0,CME-US
Simon Clinch,Rothschild & Co Redburn,1652,CME-US,2024Q1,2024,,76325.34,6200,20240408.0,15.0,CME-US
Brian Bedell,Deutsche Bank Research,77,CME-US,2024Q1,2024,0.0379405660377358,76325.34,6200,20240404.0,19.0,CME-US
Patrick O'Shaughnessy,Raymond James,402,CME-US,2024Q1,2024,0.0372801886792452,76325.34,6200,20240214.0,69.0,CME-US
Brian Bedell,Deutsche Bank Research,77,CME-US,2023Q4,2023,0.041070248736883,74100.305,6200,20240105.0,39.0,CME-US
Simon Clinch,Rothschild & Co Redburn,1652,CME-US,2023Q4,2023,,74100.305,6200,20231005.0,131.0,CME-US
Patrick O'Shaughnessy,Raymond James,402,CME-US,2023Q4,2023,0.038203944811504,74100.305,6200,20240103.0,41.0,CME-US
Simon Clinch,Rothschild & Co Redburn,1652,CME-US,2023Q3,2023,,78100.91,6200,20231005.0,19.0,CME-US
Patrick O'Shaughnessy,Raymond James,402,CME-US,2023Q3,2023,0.0363426992169507,78100.91,6200,20231002.0,22.0,CME-US
Nicholas Watts,Rothschild & Co Redburn,1652,CME-US,2023Q2,2023,,65219.836,6200,20230710.0,15.0,CME-US
Patrick O'Shaughnessy,Raymond James,402,CME-US,2023Q2,2023,0.0450267497655948,65219.836,6200,20230208.0,167.0,CME-US
Sarang Vora,Telsey Advisory Group,2252,CMG-US,2026Q1,2026,0.0260255319148936,45910.41,5812,20260204.0,83.0,CMG-US
David Palmer,Evercore ISI,1772,CMG-US,2026Q1,2026,0.0260255319148936,45910.41,5812,20260423.0,5.0,CMG-US
Danilo Gargiulo,Bernstein Research,1140,CMG-US,2026Q1,2026,,45910.41,5812,20260204.0,83.0,CMG-US
Steven Gojak,Cleveland Research Company,2295,CMG-US,2026Q1,2026,0.025332734751773,45910.41,5812,20260204.0,83.0,CMG-US
Nick Setyan,Mizuho Securities USA,1802,CMG-US,2026Q1,2026,0.0251744680851063,45910.41,5812,20260204.0,83.0,CMG-US
Chris Luyckx,Rothschild & Co Redburn,1652,CMG-US,2026Q1,2026,,45910.41,5812,20260303.0,56.0,CMG-US
Peter Saleh,BTIG,1538,CMG-US,2026Q1,2026,0.0247971631205673,45910.41,5812,20260204.0,83.0,CMG-US
Jeff Farmer,Gordon Haskett,2467,CMG-US,2026Q1,2026,0.0257418439716312,45910.41,5812,20260204.0,83.0,CMG-US
Chris O'Cull,Stifel Nicolaus,548,CMG-US,2026Q1,2026,0.0260255319148936,45910.41,5812,20260204.0,83.0,CMG-US
Jim Salera,Stephens Inc,472,CMG-US,2026Q1,2026,0.0260255319148936,45910.41,5812,20260204.0,83.0,CMG-US
Brian Vaccaro,Raymond James,402,CMG-US,2026Q1,2026,0.023795744680851,45910.41,5812,20260204.0,83.0,CMG-US
Jacob Aiken-Phillips,Melius Research,3130,CMG-US,2026Q1,2026,0.0254581560283687,45910.41,5812,20260209.0,78.0,CMG-US
Christopher Carril,KeyBanc Capital Markets,618,CMG-US,2026Q1,2026,0.0265929078014184,45910.41,5812,20260204.0,83.0,CMG-US
Matt Curtis,DA Davidson,556,CMG-US,2026Q1,2026,0.0268765957446808,45910.41,5812,20260303.0,56.0,CMG-US
Zachary Fadem,Wells Fargo Securities,596,CMG-US,2026Q1,2026,0.0261019375886524,45910.41,5812,20260204.0,83.0,CMG-US
Sharon Zackfia,William Blair,198,CMG-US,2026Q1,2026,0.0248907801418439,45910.41,5812,20260204.0,83.0,CMG-US
Logan Reich,RBC Capital Markets,1269,CMG-US,2026Q1,2026,0.0254581560283687,45910.41,5812,20260406.0,22.0,CMG-US
Andrew M. Charles,TD Cowen,917,CMG-US,2026Q1,2026,0.0253191489361702,45910.41,5812,20260204.0,83.0,CMG-US
Lauren Silberman,Deutsche Bank Research,77,CMG-US,2026Q1,2026,0.0255722553191489,45910.41,5812,20260413.0,15.0,CMG-US
Mark Kalinowski,Kalinowski Equity Research,3202,CMG-US,2026Q1,2026,0.0251744680851063,45910.41,5812,20260204.0,83.0,CMG-US
Brian Bittner,Oppenheimer,498,CMG-US,2026Q1,2026,0.0246070921985815,45910.41,5812,20260204.0,83.0,CMG-US
Lynne Collier,Freedom Capital Markets,3772,CMG-US,2026Q1,2026,0.0260255319148936,45910.41,5812,20260204.0,83.0,CMG-US
Gregory Paul Francfort,Guggenheim Securities,1515,CMG-US,2026Q1,2026,0.0251744680851063,45910.41,5812,20260204.0,83.0,CMG-US
Jim Sanderson,Northcoast Research,1406,CMG-US,2026Q1,2026,,45910.41,5812,20260204.0,83.0,CMG-US
Alton Stump,Loop Capital Markets,1009,CMG-US,2026Q1,2026,0.0260255319148936,45910.41,5812,20260204.0,83.0,CMG-US
Brian Mullan,Piper Sandler Companies,570,CMG-US,2026Q1,2026,0.0268765957446808,45910.41,5812,20260204.0,83.0,CMG-US
Andy Barish,Jefferies,512,CMG-US,2026Q1,2026,0.0257418439716312,45910.41,5812,20260204.0,83.0,CMG-US
John Staszak,Argus Research,376,CMG-US,2026Q1,2026,0.0274439716312056,45910.41,5812,20260204.0,83.0,CMG-US
Andrew Strelzik,BMO Capital Markets,181,CMG-US,2026Q1,2026,0.0248907801418439,45910.41,5812,20260204.0,83.0,CMG-US
Danilo Gargiulo,Bernstein Research,1140,CMG-US,2025Q4,2025,,51568.84,5812,20260102.0,31.0,CMG-US
Brian Bittner,Oppenheimer,498,CMG-US,2025Q4,2025,0.0245974358974358,51568.84,5812,20251030.0,95.0,CMG-US
Lauren Silberman,Deutsche Bank Research,77,CMG-US,2025Q4,2025,0.0240846153846153,51568.84,5812,20251231.0,33.0,CMG-US
Jim Salera,Stephens Inc,472,CMG-US,2025Q4,2025,0.0245974358974358,51568.84,5812,20251030.0,95.0,CMG-US
Jim Sanderson,Northcoast Research,1406,CMG-US,2025Q4,2025,,51568.84,5812,20251030.0,95.0,CMG-US
Andrew M. Charles,TD Cowen,917,CMG-US,2025Q4,2025,0.0233282051282051,51568.84,5812,20251030.0,95.0,CMG-US
Sharon Zackfia,William Blair,198,CMG-US,2025Q4,2025,0.0242179487179487,51568.84,5812,20260123.0,10.0,CMG-US
Jacob Aiken-Phillips,Melius Research,3130,CMG-US,2025Q4,2025,0.0251102564102564,51568.84,5812,20251110.0,84.0,CMG-US
Alton Stump,Loop Capital Markets,1009,CMG-US,2025Q4,2025,0.0256230769230769,51568.84,5812,20251030.0,95.0,CMG-US
Brian Mullan,Piper Sandler Companies,570,CMG-US,2025Q4,2025,0.0258794871794871,51568.84,5812,20251030.0,95.0,CMG-US
Logan Reich,RBC Capital Markets,1269,CMG-US,2025Q4,2025,0.0230589743589743,51568.84,5812,20251030.0,95.0,CMG-US
Eric Gonzalez,KeyBanc Capital Markets,618,CMG-US,2025Q4,2025,0.0253666666666666,51568.84,5812,20251030.0,95.0,CMG-US
Zachary Fadem,Wells Fargo Securities,596,CMG-US,2025Q4,2025,0.0243410256410256,51568.84,5812,20260121.0,12.0,CMG-US
Brian Vaccaro,Raymond James,402,CMG-US,2025Q4,2025,0.0233153846153846,51568.84,5812,20260120.0,13.0,CMG-US
Sarang Vora,Telsey Advisory Group,2252,CMG-US,2025Q4,2025,0.0245974358974358,51568.84,5812,20260108.0,25.0,CMG-US
Nick Setyan,Mizuho Securities USA,1802,CMG-US,2025Q4,2025,0.0233153846153846,51568.84,5812,20251231.0,33.0,CMG-US
Jeff Farmer,Gordon Haskett,2467,CMG-US,2025Q4,2025,0.0245974358974358,51568.84,5812,20260107.0,26.0,CMG-US
David Palmer,Evercore ISI,1772,CMG-US,2025Q4,2025,0.0240846153846153,51568.84,5812,20251218.0,46.0,CMG-US
Chris Luyckx,Rothschild & Co Redburn,1652,CMG-US,2025Q4,2025,,51568.84,5812,20251114.0,80.0,CMG-US
Jake Bartlett,Truist Securities,852,CMG-US,2025Q4,2025,0.0233153846153846,51568.84,5812,20251030.0,95.0,CMG-US
Mark Kalinowski,Kalinowski Equity Research,3202,CMG-US,2025Q4,2025,0.0228025641025641,51568.84,5812,20251030.0,95.0,CMG-US
Steven Gojak,Cleveland Research Company,2295,CMG-US,2025Q4,2025,0.0244588435897435,51568.84,5812,20251212.0,52.0,CMG-US
Andy Barish,Jefferies,512,CMG-US,2025Q4,2025,0.0261358974358974,51568.84,5812,20251030.0,95.0,CMG-US
Peter Saleh,BTIG,1538,CMG-US,2025Q4,2025,0.0243410256410256,51568.84,5812,20251030.0,95.0,CMG-US
John Staszak,Argus Research,376,CMG-US,2025Q4,2025,0.0274179487179487,51568.84,5812,20251106.0,88.0,CMG-US
Lynne Collier,Freedom Capital Markets,3772,CMG-US,2025Q4,2025,0.0251102564102564,51568.84,5812,20251030.0,95.0,CMG-US
Gregory Paul Francfort,Guggenheim Securities,1515,CMG-US,2025Q4,2025,0.0230589743589743,51568.84,5812,20251030.0,95.0,CMG-US
Chris O'Cull,Stifel Nicolaus,548,CMG-US,2025Q4,2025,0.0243410256410256,51568.84,5812,20251030.0,95.0,CMG-US
Andrew Strelzik,BMO Capital Markets,181,CMG-US,2025Q4,2025,0.0263923076923076,51568.84,5812,20251030.0,95.0,CMG-US
Lynne Collier,Freedom Capital Markets,3772,CMG-US,2025Q3,2025,0.0247737610725401,56008.766,5812,20251024.0,4.0,CMG-US
Nick Setyan,Mizuho Securities USA,1802,CMG-US,2025Q3,2025,0.0242949485276514,56008.766,5812,20251024.0,4.0,CMG-US
Chris Luyckx,Rothschild & Co Redburn,1652,CMG-US,2025Q3,2025,,56008.766,5812,20250610.0,140.0,CMG-US
Logan Reich,RBC Capital Markets,1269,CMG-US,2025Q3,2025,0.0250131673449844,56008.766,5812,20251017.0,11.0,CMG-US
Danilo Gargiulo,Bernstein Research,1140,CMG-US,2025Q3,2025,,56008.766,5812,20251001.0,27.0,CMG-US
Andrew M. Charles,TD Cowen,917,CMG-US,2025Q3,2025,0.0247641848216423,56008.766,5812,20251002.0,26.0,CMG-US
Chris O'Cull,Stifel Nicolaus,548,CMG-US,2025Q3,2025,0.0264496049796504,56008.766,5812,20250318.0,224.0,CMG-US
Sharon Zackfia,William Blair,198,CMG-US,2025Q3,2025,0.0261120421355039,56008.766,5812,20251006.0,22.0,CMG-US
Steven Gojak,Cleveland Research Company,2295,CMG-US,2025Q3,2025,0.0264192410821163,56008.766,5812,20251020.0,8.0,CMG-US
Eric Gonzalez,KeyBanc Capital Markets,618,CMG-US,2025Q3,2025,0.0250131673449844,56008.766,5812,20251017.0,11.0,CMG-US
Zachary Fadem,Wells Fargo Securities,596,CMG-US,2025Q3,2025,0.0264876442422791,56008.766,5812,20251015.0,13.0,CMG-US
Jeff Farmer,Gordon Haskett,2467,CMG-US,2025Q3,2025,0.0252525736174287,56008.766,5812,20251015.0,13.0,CMG-US
Brian Vaccaro,Raymond James,402,CMG-US,2025Q3,2025,0.0247737610725401,56008.766,5812,20251015.0,13.0,CMG-US
Jake Bartlett,Truist Securities,852,CMG-US,2025Q3,2025,0.0254919798898731,56008.766,5812,20251010.0,18.0,CMG-US
Jacob Aiken-Phillips,Melius Research,3130,CMG-US,2025Q3,2025,0.0276466363418721,56008.766,5812,20250711.0,109.0,CMG-US
Andy Barish,Jefferies,512,CMG-US,2025Q3,2025,0.0266890112520948,56008.766,5812,20250724.0,96.0,CMG-US
Jim Salera,Stephens Inc,472,CMG-US,2025Q3,2025,0.0259707924347617,56008.766,5812,20251010.0,18.0,CMG-US
Alton Stump,Loop Capital Markets,1009,CMG-US,2025Q3,2025,0.0250131673449844,56008.766,5812,20250724.0,96.0,CMG-US
Lauren Silberman,Deutsche Bank Research,77,CMG-US,2025Q3,2025,0.0245343548000957,56008.766,5812,20251008.0,20.0,CMG-US
David Palmer,Evercore ISI,1772,CMG-US,2025Q3,2025,0.0250131673449844,56008.766,5812,20251006.0,22.0,CMG-US
Peter Saleh,BTIG,1538,CMG-US,2025Q3,2025,0.0274072300694278,56008.766,5812,20251007.0,21.0,CMG-US
Brian Bittner,Oppenheimer,498,CMG-US,2025Q3,2025,0.0274072300694278,56008.766,5812,20250813.0,76.0,CMG-US
Brian Mullan,Piper Sandler Companies,570,CMG-US,2025Q3,2025,0.0252525736174287,56008.766,5812,20250724.0,96.0,CMG-US
Mark Kalinowski,Kalinowski Equity Research,3202,CMG-US,2025Q3,2025,0.0274072300694278,56008.766,5812,20250623.0,127.0,CMG-US
Gregory Paul Francfort,Guggenheim Securities,1515,CMG-US,2025Q3,2025,0.0242949485276514,56008.766,5812,20250724.0,96.0,CMG-US
Jim Sanderson,Northcoast Research,1406,CMG-US,2025Q3,2025,,56008.766,5812,20250721.0,99.0,CMG-US
John Staszak,Argus Research,376,CMG-US,2025Q3,2025,0.0278860426143164,56008.766,5812,20250724.0,96.0,CMG-US
Andrew Strelzik,BMO Capital Markets,181,CMG-US,2025Q3,2025,0.0278860426143164,56008.766,5812,20250424.0,187.0,CMG-US
Jim Sanderson,Northcoast Research,1406,CMG-US,2025Q2,2025,,75371.54,5812,20250424.0,89.0,CMG-US
Andrew M. Charles,TD Cowen,917,CMG-US,2025Q2,2025,0.0196102967465141,75371.54,5812,20250610.0,42.0,CMG-US
Sharon Zackfia,William Blair,198,CMG-US,2025Q2,2025,0.0199678226671433,75371.54,5812,20250424.0,89.0,CMG-US
David Palmer,Evercore ISI,1772,CMG-US,2025Q2,2025,0.0208616374687164,75371.54,5812,20250424.0,89.0,CMG-US
Zachary Fadem,Wells Fargo Securities,596,CMG-US,2025Q2,2025,0.0200715051841258,75371.54,5812,20250529.0,54.0,CMG-US
Andrew Strelzik,BMO Capital Markets,181,CMG-US,2025Q2,2025,0.0201465856274579,75371.54,5812,20250424.0,89.0,CMG-US
Jacob Aiken-Phillips,Melius Research,3130,CMG-US,2025Q2,2025,0.0201465856274579,75371.54,5812,20250711.0,11.0,CMG-US
Steven Gojak,Cleveland Research Company,2295,CMG-US,2025Q2,2025,0.0198478494815874,75371.54,5812,20250611.0,41.0,CMG-US
Brian Vaccaro,Raymond James,402,CMG-US,2025Q2,2025,0.018716481944941,75371.54,5812,20250424.0,89.0,CMG-US
Jim Salera,Stephens Inc,472,CMG-US,2025Q2,2025,0.0203253485877726,75371.54,5812,20250715.0,7.0,CMG-US
Eric Gonzalez,KeyBanc Capital Markets,618,CMG-US,2025Q2,2025,0.0201465856274579,75371.54,5812,20250424.0,89.0,CMG-US
Lauren Silberman,Deutsche Bank Research,77,CMG-US,2025Q2,2025,0.0205162853056846,75371.54,5812,20250424.0,89.0,CMG-US
Jeff Farmer,Gordon Haskett,2467,CMG-US,2025Q2,2025,0.0188952449052556,75371.54,5812,20250424.0,89.0,CMG-US
Logan Reich,RBC Capital Markets,1269,CMG-US,2025Q2,2025,0.0210404004290311,75371.54,5812,20250424.0,89.0,CMG-US
Jake Bartlett,Truist Securities,852,CMG-US,2025Q2,2025,0.0203253485877726,75371.54,5812,20250421.0,92.0,CMG-US
Danilo Gargiulo,Bernstein Research,1140,CMG-US,2025Q2,2025,,75371.54,5812,20250415.0,98.0,CMG-US
Mark Kalinowski,Kalinowski Equity Research,3202,CMG-US,2025Q2,2025,0.0199678226671433,75371.54,5812,20250623.0,29.0,CMG-US
Chris Luyckx,Rothschild & Co Redburn,1652,CMG-US,2025Q2,2025,,75371.54,5812,20250610.0,42.0,CMG-US
Peter Saleh,BTIG,1538,CMG-US,2025Q2,2025,0.0212191633893457,75371.54,5812,20250424.0,89.0,CMG-US
John Staszak,Argus Research,376,CMG-US,2025Q2,2025,0.0210404004290311,75371.54,5812,20250425.0,88.0,CMG-US
Gregory Paul Francfort,Guggenheim Securities,1515,CMG-US,2025Q2,2025,0.0178226671433678,75371.54,5812,20250424.0,89.0,CMG-US
Alton Stump,Loop Capital Markets,1009,CMG-US,2025Q2,2025,0.0176439041830532,75371.54,5812,20250424.0,89.0,CMG-US
Brian Mullan,Piper Sandler Companies,570,CMG-US,2025Q2,2025,0.0185377189846263,75371.54,5812,20250424.0,89.0,CMG-US
Chris O'Cull,Stifel Nicolaus,548,CMG-US,2025Q2,2025,0.0192527708258848,75371.54,5812,20250318.0,126.0,CMG-US
Andy Barish,Jefferies,512,CMG-US,2025Q2,2025,0.0196102967465141,75371.54,5812,20250424.0,89.0,CMG-US
Brian Bittner,Oppenheimer,498,CMG-US,2025Q2,2025,0.0190740078655702,75371.54,5812,20250424.0,89.0,CMG-US
Sharon Zackfia,William Blair,198,CMG-US,2025Q1,2025,0.0281709438886472,62318.395,5812,20250205.0,76.0,CMG-US
David Palmer,Evercore ISI,1772,CMG-US,2025Q1,2025,0.0268790778599391,62318.395,5812,20250421.0,1.0,CMG-US
Gregory Paul Francfort,Guggenheim Securities,1515,CMG-US,2025Q1,2025,0.0229643323183993,62318.395,5812,20250421.0,1.0,CMG-US
Jake Bartlett,Truist Securities,852,CMG-US,2025Q1,2025,0.0257916485428447,62318.395,5812,20250421.0,1.0,CMG-US
Zachary Fadem,Wells Fargo Securities,596,CMG-US,2025Q1,2025,0.0264441061331013,62318.395,5812,20250421.0,1.0,CMG-US
Andrew M. Charles,TD Cowen,917,CMG-US,2025Q1,2025,0.0262266202696824,62318.395,5812,20250417.0,5.0,CMG-US
Jim Salera,Stephens Inc,472,CMG-US,2025Q1,2025,0.0266615919965202,62318.395,5812,20240207.0,440.0,CMG-US
Danilo Gargiulo,Bernstein Research,1140,CMG-US,2025Q1,2025,,62318.395,5812,20250415.0,7.0,CMG-US
Brian Vaccaro,Raymond James,402,CMG-US,2025Q1,2025,0.0242692474989125,62318.395,5812,20250415.0,7.0,CMG-US
Lauren Silberman,Deutsche Bank Research,77,CMG-US,2025Q1,2025,0.0279878207916485,62318.395,5812,20250415.0,7.0,CMG-US
Steven Gojak,Cleveland Research Company,2295,CMG-US,2025Q1,2025,0.0271263984341017,62318.395,5812,20250411.0,11.0,CMG-US
Logan Reich,RBC Capital Markets,1269,CMG-US,2025Q1,2025,0.0273140495867768,62318.395,5812,20250411.0,11.0,CMG-US
Jeff Farmer,Gordon Haskett,2467,CMG-US,2025Q1,2025,0.0247042192257503,62318.395,5812,20250410.0,12.0,CMG-US
Andy Barish,Jefferies,512,CMG-US,2025Q1,2025,0.0264441061331013,62318.395,5812,20250408.0,14.0,CMG-US
Peter Saleh,BTIG,1538,CMG-US,2025Q1,2025,0.0286189647672901,62318.395,5812,20250205.0,76.0,CMG-US
Chris O'Cull,Stifel Nicolaus,548,CMG-US,2025Q1,2025,0.0242692474989125,62318.395,5812,20250318.0,35.0,CMG-US
Brian Bittner,Oppenheimer,498,CMG-US,2025Q1,2025,0.0257916485428447,62318.395,5812,20250205.0,76.0,CMG-US
Alton Stump,Loop Capital Markets,1009,CMG-US,2025Q1,2025,0.0231818181818181,62318.395,5812,20250205.0,76.0,CMG-US
Brian Mullan,Piper Sandler Companies,570,CMG-US,2025Q1,2025,0.0264441061331013,62318.395,5812,20250205.0,76.0,CMG-US
John Staszak,Argus Research,376,CMG-US,2025Q1,2025,0.0329686820356676,62318.395,5812,20250210.0,71.0,CMG-US
Mark Kalinowski,Kalinowski Equity Research,3202,CMG-US,2025Q1,2025,0.0266615919965202,62318.395,5812,20250205.0,76.0,CMG-US
Jim Sanderson,Northcoast Research,1406,CMG-US,2025Q1,2025,,62318.395,5812,20250205.0,76.0,CMG-US
Nick Setyan,Wedbush Securities,590,CMG-US,2025Q1,2025,0.0266615919965202,62318.395,5812,20250205.0,76.0,CMG-US
Andrew Strelzik,BMO Capital Markets,181,CMG-US,2025Q1,2025,0.0275315354501957,62318.395,5812,20250205.0,76.0,CMG-US
Danilo Gargiulo,Bernstein Research,1140,CMG-US,2024Q4,2024,,76577.73,5812,20240723.0,195.0,CMG-US
Lauren Silberman,Deutsche Bank Research,77,CMG-US,2024Q4,2024,0.0246792170818505,76577.73,5812,20241016.0,110.0,CMG-US
Andrew M. Charles,TD Cowen,917,CMG-US,2024Q4,2024,0.0236227758007117,76577.73,5812,20241030.0,96.0,CMG-US
Brian Vaccaro,Raymond James,402,CMG-US,2024Q4,2024,0.0223772241992882,76577.73,5812,20241213.0,52.0,CMG-US
Jeff Farmer,Gordon Haskett,2467,CMG-US,2024Q4,2024,0.0221992882562277,76577.73,5812,20241011.0,115.0,CMG-US
Logan Reich,RBC Capital Markets,1269,CMG-US,2024Q4,2024,0.0241565836298932,76577.73,5812,20241114.0,81.0,CMG-US
Steven Gojak,Cleveland Research Company,2295,CMG-US,2024Q4,2024,0.0241415391459074,76577.73,5812,20241204.0,61.0,CMG-US
David Palmer,Evercore ISI,1772,CMG-US,2024Q4,2024,0.0241565836298932,76577.73,5812,20250108.0,26.0,CMG-US
Sharon Zackfia,William Blair,198,CMG-US,2024Q4,2024,0.0250409252669039,76577.73,5812,20241204.0,61.0,CMG-US
Zachary Fadem,Wells Fargo Securities,596,CMG-US,2024Q4,2024,0.0246903914590747,76577.73,5812,20241211.0,54.0,CMG-US
Brian Bittner,Oppenheimer,498,CMG-US,2024Q4,2024,0.0232669039145907,76577.73,5812,20250103.0,31.0,CMG-US
Andy Barish,Jefferies,512,CMG-US,2024Q4,2024,0.0236227758007117,76577.73,5812,20241030.0,96.0,CMG-US
Mark Kalinowski,Kalinowski Equity Research,3202,CMG-US,2024Q4,2024,0.0234448398576512,76577.73,5812,20241030.0,96.0,CMG-US
Gregory Paul Francfort,Guggenheim Securities,1515,CMG-US,2024Q4,2024,0.0227330960854092,76577.73,5812,20241030.0,96.0,CMG-US
Brian Mullan,Piper Sandler Companies,570,CMG-US,2024Q4,2024,0.0229110320284697,76577.73,5812,20241030.0,96.0,CMG-US
Danilo Gargiulo,Bernstein Research,1140,CMG-US,2024Q3,2024,,81908.36,5812,20240626.0,124.0,CMG-US
Steven Gojak,Cleveland Research Company,2295,CMG-US,2024Q3,2024,0.021453669954857,81908.36,5812,20240905.0,53.0,CMG-US
Zachary Fadem,Wells Fargo Securities,596,CMG-US,2024Q3,2024,0.0223741849189098,81908.36,5812,20240920.0,38.0,CMG-US
Lauren Silberman,Deutsche Bank Research,77,CMG-US,2024Q3,2024,0.0223114027754556,81908.36,5812,20240725.0,95.0,CMG-US
Jeff Farmer,Gordon Haskett,2467,CMG-US,2024Q3,2024,0.0200334392242099,81908.36,5812,20241011.0,17.0,CMG-US
Brian Mullan,Piper Sandler Companies,570,CMG-US,2024Q3,2024,0.0213710081926099,81908.36,5812,20241010.0,18.0,CMG-US
Andrew M. Charles,TD Cowen,917,CMG-US,2024Q3,2024,0.0213710081926099,81908.36,5812,20240830.0,59.0,CMG-US
Gregory Paul Francfort,Guggenheim Securities,1515,CMG-US,2024Q3,2024,0.01919745861896,81908.36,5812,20240725.0,95.0,CMG-US
Danilo Gargiulo,Bernstein Research,1140,CMG-US,2024Q2,2024,,80066.305,5812,20240626.0,27.0,CMG-US
Andrew M. Charles,TD Cowen,917,CMG-US,2024Q2,2024,0.0219588336192109,80066.305,5812,20240712.0,11.0,CMG-US
Gregory Paul Francfort,Guggenheim Securities,1515,CMG-US,2024Q2,2024,0.0197289879931389,80066.305,5812,20240722.0,1.0,CMG-US
Steven Gojak,Cleveland Research Company,2295,CMG-US,2024Q2,2024,0.0220324751286449,80066.305,5812,20240716.0,7.0,CMG-US
Brian Mullan,Piper Sandler Companies,570,CMG-US,2024Q2,2024,0.0231595197255574,80066.305,5812,20240425.0,89.0,CMG-US
Lauren Silberman,Deutsche Bank Research,77,CMG-US,2024Q2,2024,0.0226354545454545,80066.305,5812,20240425.0,89.0,CMG-US
Jeff Farmer,Gordon Haskett,2467,CMG-US,2024Q2,2024,0.0202435677530017,80066.305,5812,20240207.0,167.0,CMG-US
Jim Sanderson,Northcoast Research,1406,CMG-US,2024Q2,2024,,80066.305,5812,20240624.0,29.0,CMG-US
Jeff Farmer,Gordon Haskett,2467,CMG-US,2024Q1,2024,0.0208534955197692,81322.69,5812,20240207.0,76.0,CMG-US
Steven Gojak,Cleveland Research Company,2295,CMG-US,2024Q1,2024,0.0225563303593597,81322.69,5812,20240307.0,47.0,CMG-US
Lauren Silberman,Deutsche Bank Research,77,CMG-US,2024Q1,2024,0.023149755528212,81322.69,5812,20240319.0,35.0,CMG-US
Andrew M. Charles,TD Cowen,917,CMG-US,2024Q1,2024,0.0224214275137368,81322.69,5812,20240207.0,76.0,CMG-US
Gregory Paul Francfort,Guggenheim Securities,1515,CMG-US,2024Q1,2024,0.0199262239104335,81322.69,5812,20240319.0,35.0,CMG-US
Danilo Gargiulo,Bernstein Research,1140,CMG-US,2024Q1,2024,,81322.69,5812,20240108.0,106.0,CMG-US
Danilo Gargiulo,Bernstein Research,1140,CMG-US,2023Q4,2023,,63721.563,5812,20240108.0,28.0,CMG-US
Lauren Silberman,Deutsche Bank Research,77,CMG-US,2023Q4,2023,0.0304389056860566,63721.563,5812,20231027.0,101.0,CMG-US
Andrew M. Charles,TD Cowen,917,CMG-US,2023Q4,2023,0.0292593741116882,63721.563,5812,20231027.0,101.0,CMG-US
Lauren Silberman,Deutsche Bank Research,77,CMG-US,2023Q3,2023,0.038080928593729,49483.348,5812,20231017.0,8.0,CMG-US
Andrew M. Charles,TD Cowen,917,CMG-US,2023Q3,2023,0.0368265242406672,49483.348,5812,20231010.0,15.0,CMG-US
Danilo Gargiulo,Bernstein Research,1140,CMG-US,2023Q3,2023,,49483.348,5812,20230727.0,90.0,CMG-US
Andrew M. Charles,TD Cowen,917,CMG-US,2023Q2,2023,0.0333911368015414,57276.508,5812,20230426.0,90.0,CMG-US
Danilo Gargiulo,Bernstein Research,1140,CMG-US,2023Q2,2023,,57276.508,5812,20230426.0,90.0,CMG-US
Brian Brophy,Stifel Nicolaus,548,EME-US,2026Q1,2026,0.0264843711114429,35788.152,1731,20260227.0,60.0,EME-US
Manish A. Somaiya,Cantor Fitzgerald,1190,EME-US,2026Q1,2026,0.027367851276691,35788.152,1731,20260309.0,50.0,EME-US
Sangita Jain,KeyBanc Capital Markets,618,EME-US,2026Q1,2026,0.0266461350853616,35788.152,1731,20260227.0,60.0,EME-US
Aaron Reed,Northcoast Research,1406,EME-US,2026Q1,2026,,35788.152,1731,20260226.0,61.0,EME-US
Tim Mulrooney,William Blair,198,EME-US,2026Q1,2026,0.0260239659549051,35788.152,1731,20260226.0,61.0,EME-US
Adam R. Thalhimer,Thompson Davis & Co,1020,EME-US,2026Q1,2026,0.0261235130157782,35788.152,1731,20260227.0,60.0,EME-US
Tim Mulrooney,William Blair,198,EME-US,2025Q4,2025,0.0226710863192786,36193.65,1731,20251030.0,118.0,EME-US
Brian Brophy,Stifel Nicolaus,548,EME-US,2025Q4,2025,0.0201333316842092,36193.65,1731,20251030.0,118.0,EME-US
Sangita Jain,KeyBanc Capital Markets,618,EME-US,2025Q4,2025,0.0224531966209447,36193.65,1731,20251029.0,119.0,EME-US
Brent Thielman,DA Davidson,556,EME-US,2025Q4,2025,0.0227059652941831,36193.65,1731,20250731.0,209.0,EME-US
Aaron Reed,Northcoast Research,1406,EME-US,2025Q4,2025,,36193.65,1731,20251104.0,113.0,EME-US
Adam R. Thalhimer,Thompson Davis & Co,1020,EME-US,2025Q4,2025,0.0228667548948064,36193.65,1731,20251030.0,118.0,EME-US
Sangita Jain,KeyBanc Capital Markets,618,EME-US,2025Q3,2025,0.0313749599837024,30762.889,1731,20251029.0,0.0,EME-US
Tim Mulrooney,William Blair,198,EME-US,2025Q3,2025,0.0306037367946218,30762.889,1731,20250909.0,50.0,EME-US
Brian Brophy,Stifel Nicolaus,548,EME-US,2025Q3,2025,0.0279408340851546,30762.889,1731,20251010.0,19.0,EME-US
Brent Thielman,DA Davidson,556,EME-US,2025Q3,2025,0.0310111754605512,30762.889,1731,20250731.0,90.0,EME-US
Sam Snyder,Northcoast Research,1406,EME-US,2025Q3,2025,,30762.889,1731,20250806.0,84.0,EME-US
Adam R. Thalhimer,Thompson Davis & Co,1020,EME-US,2025Q3,2025,0.0308947644131428,30762.889,1731,20250731.0,90.0,EME-US
Sangita Jain,KeyBanc Capital Markets,618,EME-US,2025Q2,2025,0.034159856951274,25030.914,1731,20250430.0,91.0,EME-US
Brian Brophy,Stifel Nicolaus,548,EME-US,2025Q2,2025,0.0318531962449709,25030.914,1731,20250226.0,154.0,EME-US
Brent Thielman,DA Davidson,556,EME-US,2025Q2,2025,0.0354472954850245,25030.914,1731,20250224.0,156.0,EME-US
Sam Snyder,Northcoast Research,1406,EME-US,2025Q2,2025,,25030.914,1731,20250304.0,148.0,EME-US
Adam R. Thalhimer,Thompson Davis & Co,1020,EME-US,2025Q2,2025,0.0333194456861868,25030.914,1731,20250430.0,91.0,EME-US
Alexander Dwyer,KeyBanc Capital Markets,618,EME-US,2025Q1,2025,0.0517128941297103,17578.02,1731,20250226.0,62.0,EME-US
Brian Brophy,Stifel Nicolaus,548,EME-US,2025Q1,2025,0.0490725455011535,17578.02,1731,20250226.0,62.0,EME-US
Sam Snyder,Northcoast Research,1406,EME-US,2025Q1,2025,,17578.02,1731,20250304.0,56.0,EME-US
Adam R. Thalhimer,Thompson Davis & Co,1020,EME-US,2025Q1,2025,0.0506106126634196,17578.02,1731,20250226.0,62.0,EME-US
Brent Thielman,DA Davidson,556,EME-US,2025Q1,2025,0.0541994360420405,17578.02,1731,20250224.0,64.0,EME-US
Katja Jancic,BMO Capital Markets,181,FCX-US,2026Q1,2026,0.0388969149736644,95502.05,1000,20260407.0,15.0,FCX-US
Timna Tanners,Wells Fargo Securities,596,FCX-US,2026Q1,2026,0.0337802859292701,95502.05,1000,20260414.0,8.0,FCX-US
Orest Wowkodaw,Scotiabank GBM,810,FCX-US,2026Q1,2026,0.0264063205417607,95502.05,1000,20260413.0,9.0,FCX-US
Martin W. Malloy,Johnson Rice & Company,591,FCX-US,2026Q1,2026,,95502.05,1000,20260413.0,9.0,FCX-US
Ralph M. Profiti,Stifel Canada,416,FCX-US,2026Q1,2026,0.032425884123401,95502.05,1000,20260413.0,9.0,FCX-US
Liam Fitzpatrick,Deutsche Bank Research,77,FCX-US,2026Q1,2026,0.0361881113619262,95502.05,1000,20260413.0,9.0,FCX-US
Christopher LaFemina,Jefferies,512,FCX-US,2026Q1,2026,0.0313724604966139,95502.05,1000,20260408.0,14.0,FCX-US
Sam Crittenden,RBC Capital Markets,1269,FCX-US,2026Q1,2026,0.0483777276147479,95502.05,1000,20260406.0,16.0,FCX-US
Brian Macarthur,Raymond James,402,FCX-US,2026Q1,2026,0.0358871331828442,95502.05,1000,20260401.0,21.0,FCX-US
Vitaly Kononov,Freedom Broker,3713,FCX-US,2026Q1,2026,0.0649315274642588,95502.05,1000,20260219.0,62.0,FCX-US
Alexandra Yates,Argus Research,376,FCX-US,2026Q1,2026,0.031522949586155,95502.05,1000,20260212.0,69.0,FCX-US
Tingshuai Feng,China International Capital,898,FCX-US,2026Q1,2026,0.0399503386004514,95502.05,1000,20260123.0,89.0,FCX-US
Roald Ross,Clarksons Securities,1728,FCX-US,2026Q1,2026,0.0378434913468773,95502.05,1000,20260122.0,90.0,FCX-US
Martin W. Malloy,Johnson Rice & Company,591,FCX-US,2025Q4,2025,,79694.15,1000,20260107.0,14.0,FCX-US
Katja Jancic,BMO Capital Markets,181,FCX-US,2025Q4,2025,0.0563711711711711,79694.15,1000,20260112.0,9.0,FCX-US
Brian Macarthur,Raymond James,402,FCX-US,2025Q4,2025,0.0475423423423423,79694.15,1000,20260113.0,8.0,FCX-US
Timna Tanners,Wells Fargo Securities,596,FCX-US,2025Q4,2025,0.0543891891891891,79694.15,1000,20251222.0,30.0,FCX-US
Christopher LaFemina,Jefferies,512,FCX-US,2025Q4,2025,0.0403351351351351,79694.15,1000,20251205.0,47.0,FCX-US
Sam Crittenden,RBC Capital Markets,1269,FCX-US,2025Q4,2025,0.0280828828828828,79694.15,1000,20260108.0,13.0,FCX-US
Orest Wowkodaw,Scotiabank GBM,810,FCX-US,2025Q4,2025,0.0300648648648648,79694.15,1000,20260107.0,14.0,FCX-US
Liam Fitzpatrick,Deutsche Bank Research,77,FCX-US,2025Q4,2025,0.0486376576576576,79694.15,1000,20260106.0,15.0,FCX-US
Tingshuai Feng,China International Capital,898,FCX-US,2025Q4,2025,0.041236036036036,79694.15,1000,20251119.0,63.0,FCX-US
Roald Ross,Clarksons Securities,1728,FCX-US,2025Q4,2025,0.0252,79694.15,1000,20251118.0,64.0,FCX-US
Ralph M. Profiti,Stifel Canada,416,FCX-US,2025Q4,2025,0.0224972972972973,79694.15,1000,20251118.0,64.0,FCX-US
Alexandra Yates,Argus Research,376,FCX-US,2025Q4,2025,0.0399747747747747,79694.15,1000,20250804.0,170.0,FCX-US
Martin W. Malloy,Johnson Rice & Company,591,FCX-US,2025Q3,2025,,62183.383,1000,20251015.0,7.0,FCX-US
Orest Wowkodaw,Scotiabank GBM,810,FCX-US,2025Q3,2025,0.03804664049873,62183.383,1000,20251010.0,12.0,FCX-US
Ralph M. Profiti,Stifel Canada,416,FCX-US,2025Q3,2025,0.0325051951050565,62183.383,1000,20251017.0,5.0,FCX-US
Katja Jancic,BMO Capital Markets,181,FCX-US,2025Q3,2025,0.0498222119602863,62183.383,1000,20250926.0,26.0,FCX-US
Vitaly Kononov,Freedom Broker,3713,FCX-US,2025Q3,2025,0.03804664049873,62183.383,1000,20251008.0,14.0,FCX-US
Brian Macarthur,Raymond James,402,FCX-US,2025Q3,2025,0.0345832371276841,62183.383,1000,20251008.0,14.0,FCX-US
Liam Fitzpatrick,Deutsche Bank Research,77,FCX-US,2025Q3,2025,0.0439349572846917,62183.383,1000,20251008.0,14.0,FCX-US
Sam Crittenden,RBC Capital Markets,1269,FCX-US,2025Q3,2025,0.0232694527822673,62183.383,1000,20251007.0,15.0,FCX-US
Timna Tanners,Wells Fargo Securities,596,FCX-US,2025Q3,2025,0.0574416993765873,62183.383,1000,20251006.0,16.0,FCX-US
Christopher LaFemina,Jefferies,512,FCX-US,2025Q3,2025,0.0371230662664511,62183.383,1000,20251003.0,19.0,FCX-US
Tingshuai Feng,China International Capital,898,FCX-US,2025Q3,2025,0.018420688062803,62183.383,1000,20250924.0,28.0,FCX-US
Roald Ross,Clarksons Securities,1728,FCX-US,2025Q3,2025,0.0232694527822673,62183.383,1000,20250924.0,28.0,FCX-US
Alexandra Yates,Argus Research,376,FCX-US,2025Q3,2025,0.0470514892634495,62183.383,1000,20250804.0,79.0,FCX-US
Orest Wowkodaw,Scotiabank GBM,810,FCX-US,2025Q2,2025,0.025426628646633,65476.367,1000,20250718.0,4.0,FCX-US
Ralph M. Profiti,Stifel Canada,416,FCX-US,2025Q2,2025,0.0278394384733494,65476.367,1000,20250718.0,4.0,FCX-US
Katja Jancic,BMO Capital Markets,181,FCX-US,2025Q2,2025,0.0491160342180302,65476.367,1000,20250708.0,14.0,FCX-US
Tingshuai Feng,China International Capital,898,FCX-US,2025Q2,2025,0.0708313226584777,65476.367,1000,20250708.0,14.0,FCX-US
Martin W. Malloy,Johnson Rice & Company,591,FCX-US,2025Q2,2025,,65476.367,1000,20250424.0,89.0,FCX-US
Liam Fitzpatrick,Deutsche Bank Research,77,FCX-US,2025Q2,2025,0.0565738100460627,65476.367,1000,20250424.0,89.0,FCX-US
Sam Crittenden,RBC Capital Markets,1269,FCX-US,2025Q2,2025,0.0295942092564158,65476.367,1000,20250701.0,21.0,FCX-US
Christopher LaFemina,Jefferies,512,FCX-US,2025Q2,2025,0.0491160342180302,65476.367,1000,20250626.0,26.0,FCX-US
Brian Macarthur,Raymond James,402,FCX-US,2025Q2,2025,0.0344198289098486,65476.367,1000,20250424.0,89.0,FCX-US
Alexandra Yates,Argus Research,376,FCX-US,2025Q2,2025,0.0388067558675147,65476.367,1000,20250130.0,173.0,FCX-US
Katja Jancic,BMO Capital Markets,181,FCX-US,2025Q1,2025,0.0634380557202134,48486.844,1000,20250327.0,27.0,FCX-US
Martin W. Malloy,Johnson Rice & Company,591,FCX-US,2025Q1,2025,,48486.844,1000,20250403.0,20.0,FCX-US
Christopher LaFemina,Jefferies,512,FCX-US,2025Q1,2025,0.0658091286307054,48486.844,1000,20250225.0,57.0,FCX-US
Orest Wowkodaw,Scotiabank GBM,810,FCX-US,2025Q1,2025,0.0371286692353289,48486.844,1000,20250123.0,90.0,FCX-US
Liam Fitzpatrick,Deutsche Bank Research,77,FCX-US,2025Q1,2025,0.0860944279786603,48486.844,1000,20250407.0,16.0,FCX-US
Brian Macarthur,Raymond James,402,FCX-US,2025Q1,2025,0.0569176052163604,48486.844,1000,20250123.0,90.0,FCX-US
Sam Crittenden,RBC Capital Markets,1269,FCX-US,2025Q1,2025,0.0459513930053349,48486.844,1000,20250312.0,42.0,FCX-US
Roald Ross,Clarksons Securities,1728,FCX-US,2025Q1,2025,0.0741078838174273,48486.844,1000,20250227.0,55.0,FCX-US
Alexandra Yates,Argus Research,376,FCX-US,2025Q1,2025,0.0610669828097213,48486.844,1000,20250130.0,83.0,FCX-US
Tingshuai Feng,China International Capital,898,FCX-US,2025Q1,2025,0.0586959098992294,48486.844,1000,20250123.0,90.0,FCX-US
Katja Jancic,BMO Capital Markets,181,FCX-US,2024Q4,2024,0.0530562725864739,55666.582,1000,20241212.0,41.0,FCX-US
Tingshuai Feng,China International Capital,898,FCX-US,2024Q4,2024,0.0482808466701084,55666.582,1000,20250117.0,5.0,FCX-US
Orest Wowkodaw,Scotiabank GBM,810,FCX-US,2024Q4,2024,0.0317604543107898,55666.582,1000,20250103.0,19.0,FCX-US
Liam Fitzpatrick,Deutsche Bank Research,77,FCX-US,2024Q4,2024,0.0846048786783686,55666.582,1000,20250107.0,15.0,FCX-US
Sam Crittenden,RBC Capital Markets,1269,FCX-US,2024Q4,2024,0.0539597315436241,55666.582,1000,20241204.0,49.0,FCX-US
Martin W. Malloy,Johnson Rice & Company,591,FCX-US,2024Q4,2024,,55666.582,1000,20250103.0,19.0,FCX-US
Christopher LaFemina,Jefferies,512,FCX-US,2024Q4,2024,0.0556027929788332,55666.582,1000,20250102.0,20.0,FCX-US
Hans Lund,Clarksons Securities,1728,FCX-US,2024Q4,2024,0.0642849767681982,55666.582,1000,20241022.0,92.0,FCX-US
Yijie Wu,Haitong International Research,2898,FCX-US,2024Q4,2024,0.0797728446050593,55666.582,1000,20241017.0,97.0,FCX-US
Orest Wowkodaw,Scotiabank GBM,810,FCX-US,2024Q3,2024,0.0218131302737188,69816.85,1000,20241004.0,17.0,FCX-US
Katja Jancic,BMO Capital Markets,181,FCX-US,2024Q3,2024,0.0364251903683885,69816.85,1000,20240927.0,24.0,FCX-US
Yijie Wu,Haitong International Research,2898,FCX-US,2024Q3,2024,0.0600926116484873,69816.85,1000,20241017.0,4.0,FCX-US
Bob Brackett,Bernstein Research,1140,FCX-US,2024Q3,2024,,69816.85,1000,20240723.0,90.0,FCX-US
Christopher LaFemina,Jefferies,512,FCX-US,2024Q3,2024,0.0736756534266309,69816.85,1000,20241002.0,19.0,FCX-US
Liam Fitzpatrick,Deutsche Bank Research,77,FCX-US,2024Q3,2024,0.0570055566989092,69816.85,1000,20241003.0,18.0,FCX-US
Sam Crittenden,RBC Capital Markets,1269,FCX-US,2024Q3,2024,0.0533010907594155,69816.85,1000,20241001.0,20.0,FCX-US
Hans Lund,Clarksons Securities,1728,FCX-US,2024Q3,2024,0.0489792138300061,69816.85,1000,20240828.0,54.0,FCX-US
Katja Jancic,BMO Capital Markets,181,FCX-US,2024Q2,2024,0.0359803149606299,72973.69,1000,20240628.0,24.0,FCX-US
Bob Brackett,Bernstein Research,1140,FCX-US,2024Q2,2024,,72973.69,1000,20240703.0,19.0,FCX-US
Orest Wowkodaw,Scotiabank GBM,810,FCX-US,2024Q2,2024,0.0244744094488189,72973.69,1000,20240529.0,54.0,FCX-US
Liam Fitzpatrick,Deutsche Bank Research,77,FCX-US,2024Q2,2024,0.0527105905511811,72973.69,1000,20240702.0,20.0,FCX-US
Sam Crittenden,RBC Capital Markets,1269,FCX-US,2024Q2,2024,0.0475944881889763,72973.69,1000,20240705.0,17.0,FCX-US
Christopher LaFemina,Jefferies,512,FCX-US,2024Q2,2024,0.0649173228346456,72973.69,1000,20240705.0,17.0,FCX-US
Orest Wowkodaw,Scotiabank GBM,810,FCX-US,2024Q1,2024,0.0301345029239766,73585.18,1000,20240408.0,14.0,FCX-US
Katja Jancic,BMO Capital Markets,181,FCX-US,2024Q1,2024,0.040270955165692,73585.18,1000,20240419.0,3.0,FCX-US
Bob Brackett,Bernstein Research,1140,FCX-US,2024Q1,2024,,73585.18,1000,20240405.0,17.0,FCX-US
Christopher LaFemina,Jefferies,512,FCX-US,2024Q1,2024,0.0644424951267056,73585.18,1000,20240328.0,25.0,FCX-US
Liam Fitzpatrick,Deutsche Bank Research,77,FCX-US,2024Q1,2024,0.0441695906432748,73585.18,1000,20240402.0,20.0,FCX-US
Sam Crittenden,RBC Capital Markets,1269,FCX-US,2024Q1,2024,0.0287699805068226,73585.18,1000,20240401.0,21.0,FCX-US
Liam Fitzpatrick,Deutsche Bank Research,77,FCX-US,2023Q4,2023,0.0453717026378896,59796.855,1000,20240112.0,11.0,FCX-US
Orest Wowkodaw,Scotiabank GBM,810,FCX-US,2023Q4,2023,0.0592805755395683,59796.855,1000,20231019.0,96.0,FCX-US
Orest Wowkodaw,Scotiabank GBM,810,FCX-US,2023Q3,2023,0.0895900480633305,50707.69,1000,20230724.0,86.0,FCX-US
Orest Wowkodaw,Scotiabank GBM,810,FCX-US,2023Q2,2023,0.0666209443418623,54335.883,1000,20230125.0,175.0,FCX-US
C.J. Muse,Cantor Fitzgerald,1190,GFS-US,2026Q1,2026,0.026405603848426,32490.932,3674,20260211.0,82.0,GFS-US
Matthew Bryson,Wedbush Securities,590,GFS-US,2026Q1,2026,0.0280935100008439,32490.932,3674,20260211.0,82.0,GFS-US
Ross Seymore,Deutsche Bank Research,77,GFS-US,2026Q1,2026,0.0291062536922947,32490.932,3674,20260211.0,82.0,GFS-US
Mark Lipacis,Evercore ISI,1772,GFS-US,2026Q1,2026,0.0274183475398767,32490.932,3674,20260211.0,82.0,GFS-US
Krish Sankar,TD Cowen,917,GFS-US,2026Q1,2026,0.0289374630770529,32490.932,3674,20260211.0,82.0,GFS-US
Mehdi Hosseini,Susquehanna Financial Group,974,GFS-US,2026Q1,2026,0.0275871381551185,32490.932,3674,20260211.0,82.0,GFS-US
Kevin Garrigan,Jefferies,512,GFS-US,2026Q1,2026,0.0260680226179424,32490.932,3674,20260211.0,82.0,GFS-US
Charles Shi,Needham,477,GFS-US,2026Q1,2026,0.0272495569246349,32490.932,3674,20260211.0,82.0,GFS-US
Melissa Fairbanks,Raymond James,402,GFS-US,2026Q1,2026,0.0265743944636678,32490.932,3674,20260211.0,82.0,GFS-US
James Kelleher,Argus Research,376,GFS-US,2026Q1,2026,0.0294438349227782,32490.932,3674,20260211.0,82.0,GFS-US
C.J. Muse,Cantor Fitzgerald,1190,GFS-US,2025Q4,2025,0.0293098929897357,25454.13,3674,20251112.0,90.0,GFS-US
Mark Lipacis,Evercore ISI,1772,GFS-US,2025Q4,2025,0.0288731164009609,25454.13,3674,20251112.0,90.0,GFS-US
Kevin Garrigan,Jefferies,512,GFS-US,2025Q4,2025,0.0319305525223848,25454.13,3674,20251112.0,90.0,GFS-US
Ross Seymore,Deutsche Bank Research,77,GFS-US,2025Q4,2025,0.0352063769381961,25454.13,3674,20251112.0,90.0,GFS-US
Krish Sankar,TD Cowen,917,GFS-US,2025Q4,2025,0.0347696003494212,25454.13,3674,20251112.0,90.0,GFS-US
Matthew Bryson,Wedbush Securities,590,GFS-US,2025Q4,2025,0.0282179515177986,25454.13,3674,20251112.0,90.0,GFS-US
Mehdi Hosseini,Susquehanna Financial Group,974,GFS-US,2025Q4,2025,0.0395741428259445,25454.13,3674,20251112.0,90.0,GFS-US
N. Quinn Bolton,Needham,477,GFS-US,2025Q4,2025,0.0336776588774841,25454.13,3674,20251112.0,90.0,GFS-US
Melissa Fairbanks,Raymond James,402,GFS-US,2025Q4,2025,0.0336776588774841,25454.13,3674,20251112.0,90.0,GFS-US
James Kelleher,Argus Research,376,GFS-US,2025Q4,2025,0.0376086481764577,25454.13,3674,20251112.0,90.0,GFS-US
C.J. Muse,Cantor Fitzgerald,1190,GFS-US,2025Q3,2025,0.0495836972343522,18992.555,3674,20250805.0,98.0,GFS-US
Mark Lipacis,Evercore ISI,1772,GFS-US,2025Q3,2025,0.0425967976710334,18992.555,3674,20250805.0,98.0,GFS-US
Ross Seymore,Deutsche Bank Research,77,GFS-US,2025Q3,2025,0.052494905385735,18992.555,3674,20250805.0,98.0,GFS-US
Krish Sankar,TD Cowen,917,GFS-US,2025Q3,2025,0.0421688500727802,18992.555,3674,20250805.0,98.0,GFS-US
Kevin Garrigan,Jefferies,512,GFS-US,2025Q3,2025,0.0427976710334788,18992.555,3674,20251023.0,19.0,GFS-US
Matthew Bryson,Wedbush Securities,590,GFS-US,2025Q3,2025,0.033863173216885,18992.555,3674,20250805.0,98.0,GFS-US
N. Quinn Bolton,Needham,477,GFS-US,2025Q3,2025,0.0409548762736535,18992.555,3674,20250821.0,82.0,GFS-US
Mehdi Hosseini,Susquehanna Financial Group,974,GFS-US,2025Q3,2025,0.052494905385735,18992.555,3674,20250805.0,98.0,GFS-US
Melissa Fairbanks,Raymond James,402,GFS-US,2025Q3,2025,0.0463813682678311,18992.555,3674,20250805.0,98.0,GFS-US
James Kelleher,Argus Research,376,GFS-US,2025Q3,2025,0.0463813682678311,18992.555,3674,20250805.0,98.0,GFS-US
C.J. Muse,Cantor Fitzgerald,1190,GFS-US,2025Q2,2025,0.045637717121588,22282.387,3674,20250506.0,90.0,GFS-US
Mark Lipacis,Evercore ISI,1772,GFS-US,2025Q2,2025,0.0409230769230769,22282.387,3674,20250506.0,90.0,GFS-US
Ross Seymore,Deutsche Bank Research,77,GFS-US,2025Q2,2025,0.0506728039702233,22282.387,3674,20250506.0,90.0,GFS-US
Krish Sankar,TD Cowen,917,GFS-US,2025Q2,2025,0.0381240694789081,22282.387,3674,20250506.0,90.0,GFS-US
Matthew Bryson,Wedbush Securities,590,GFS-US,2025Q2,2025,0.0374491315136476,22282.387,3674,20250418.0,108.0,GFS-US
James Kelleher,Argus Research,376,GFS-US,2025Q2,2025,0.0319900744416873,22282.387,3674,20250630.0,35.0,GFS-US
Mehdi Hosseini,Susquehanna Financial Group,974,GFS-US,2025Q2,2025,0.0493598014888337,22282.387,3674,20250506.0,90.0,GFS-US
Blayne Curtis,Jefferies,512,GFS-US,2025Q2,2025,0.0419156327543424,22282.387,3674,20250506.0,90.0,GFS-US
N. Quinn Bolton,Needham,477,GFS-US,2025Q2,2025,0.0394342431761786,22282.387,3674,20250506.0,90.0,GFS-US
Melissa Fairbanks,Raymond James,402,GFS-US,2025Q2,2025,0.045637717121588,22282.387,3674,20250506.0,90.0,GFS-US
C.J. Muse,Cantor Fitzgerald,1190,GFS-US,2025Q1,2025,0.0511163670766319,17532.865,3674,20241105.0,181.0,GFS-US
Mark Lipacis,Evercore ISI,1772,GFS-US,2025Q1,2025,0.0618385367391989,17532.865,3674,20250417.0,18.0,GFS-US
Ross Seymore,Deutsche Bank Research,77,GFS-US,2025Q1,2025,0.0667327972248502,17532.865,3674,20241105.0,181.0,GFS-US
Krish Sankar,TD Cowen,917,GFS-US,2025Q1,2025,0.0511195206559445,17532.865,3674,20250211.0,83.0,GFS-US
Matthew Bryson,Wedbush Securities,590,GFS-US,2025Q1,2025,0.048483128350678,17532.865,3674,20250418.0,17.0,GFS-US
Mehdi Hosseini,Susquehanna Financial Group,974,GFS-US,2025Q1,2025,0.0668842636392305,17532.865,3674,20250211.0,83.0,GFS-US
Blayne Curtis,Jefferies,512,GFS-US,2025Q1,2025,0.0640460422579627,17532.865,3674,20250211.0,83.0,GFS-US
N. Quinn Bolton,Needham,477,GFS-US,2025Q1,2025,0.0590003153579312,17532.865,3674,20250211.0,83.0,GFS-US
Melissa Fairbanks,Raymond James,402,GFS-US,2025Q1,2025,0.0630999684642068,17532.865,3674,20250211.0,83.0,GFS-US
Devin Ryan,Citizens,805,GS-US,2026Q1,2026,0.0528772310030016,236847.67,6211,20260115.0,85.0,GS-US
Christopher McGratty,Keefe Bruyette & Woods,525,GS-US,2026Q1,2026,0.0519431055312683,236847.67,6211,20260407.0,3.0,GS-US
Nicholas Watts,Rothschild & Co Redburn,1652,GS-US,2026Q1,2026,,236847.67,6211,20260407.0,3.0,GS-US
Glenn Schorr,Evercore ISI,1772,GS-US,2026Q1,2026,0.0516317303740238,236847.67,6211,20260402.0,8.0,GS-US
Daniel T. Fannon,Jefferies,512,GS-US,2026Q1,2026,0.0506945833177645,236847.67,6211,20260115.0,85.0,GS-US
Mike Mayo,Wells Fargo Securities,596,GS-US,2026Q1,2026,0.0592292842107885,236847.67,6211,20260401.0,9.0,GS-US
Kazuya Nishimura,Daiwa Securities Co. Ltd.,467,GS-US,2026Q1,2026,0.0521423856319047,236847.67,6211,20260127.0,73.0,GS-US
Matthew O'Connor,Deutsche Bank Research,77,GS-US,2026Q1,2026,0.052291845707382,236847.67,6211,20260326.0,15.0,GS-US
Jim Mitchell,Seaport Research Partners,1321,GS-US,2026Q1,2026,0.0514449052796771,236847.67,6211,20260116.0,84.0,GS-US
Chris Kotowski,Oppenheimer,498,GS-US,2026Q1,2026,0.0476087633424254,236847.67,6211,20260326.0,15.0,GS-US
Gerard Cassidy,RBC Capital Markets,1269,GS-US,2026Q1,2026,0.0471230180971241,236847.67,6211,20260324.0,17.0,GS-US
Mikhail Paramonov,Freedom Broker,3713,GS-US,2026Q1,2026,0.0506602398834211,236847.67,6211,20260126.0,74.0,GS-US
Steve Biggar,Argus Research,376,GS-US,2026Q1,2026,0.0480322335562779,236847.67,6211,20260116.0,84.0,GS-US
Peng Rui Huang,Capital Securities Asia,1128,GS-US,2026Q1,2026,0.0477333134053232,236847.67,6211,20260115.0,85.0,GS-US
Daniel T. Fannon,Jefferies,512,GS-US,2025Q4,2025,0.0474856803185438,263637.16,6211,20260105.0,9.0,GS-US
Gerard Cassidy,RBC Capital Markets,1269,GS-US,2025Q4,2025,0.0478260523321956,263637.16,6211,20251210.0,35.0,GS-US
Devin Ryan,Citizens,805,GS-US,2025Q4,2025,0.0472003412969283,263637.16,6211,20250716.0,182.0,GS-US
Matthew O'Connor,Deutsche Bank Research,77,GS-US,2025Q4,2025,0.0492158896473265,263637.16,6211,20260109.0,5.0,GS-US
Glenn Schorr,Evercore ISI,1772,GS-US,2025Q4,2025,0.0493050056882821,263637.16,6211,20260105.0,9.0,GS-US
Christopher McGratty,Keefe Bruyette & Woods,525,GS-US,2025Q4,2025,0.0477691695108077,263637.16,6211,20251215.0,30.0,GS-US
Jim Mitchell,Seaport Research Partners,1321,GS-US,2025Q4,2025,0.0489068259385665,263637.16,6211,20251017.0,89.0,GS-US
Mike Mayo,Wells Fargo Securities,596,GS-US,2025Q4,2025,0.0555052332195676,263637.16,6211,20260102.0,12.0,GS-US
Kazuya Nishimura,Daiwa Securities Co. Ltd.,467,GS-US,2025Q4,2025,0.0489523321956769,263637.16,6211,20251104.0,71.0,GS-US
Chris Kotowski,Oppenheimer,498,GS-US,2025Q4,2025,0.0490433447098976,263637.16,6211,20251216.0,29.0,GS-US
Alec Huang,Mega Intl Invst Serv,1175,GS-US,2025Q4,2025,0.0500444823663253,263637.16,6211,20251216.0,29.0,GS-US
Nicholas Watts,Rothschild & Co Redburn,1652,GS-US,2025Q4,2025,,263637.16,6211,20251212.0,33.0,GS-US
Mikhail Paramonov,Freedom Broker,3713,GS-US,2025Q4,2025,0.044060409556314,263637.16,6211,20250728.0,170.0,GS-US
Pei Feng Li,China International Capital,898,GS-US,2025Q4,2025,0.0427862343572241,263637.16,6211,20251014.0,92.0,GS-US
Steve Biggar,Argus Research,376,GS-US,2025Q4,2025,0.0456872582480091,263637.16,6211,20251014.0,92.0,GS-US
Christopher McGratty,Keefe Bruyette & Woods,525,GS-US,2025Q3,2025,0.0524216738871099,241071.94,6211,20251008.0,5.0,GS-US
Devin Ryan,Citizens,805,GS-US,2025Q3,2025,0.0536774031518804,241071.94,6211,20250716.0,89.0,GS-US
Daniel T. Fannon,Jefferies,512,GS-US,2025Q3,2025,0.0524798229421736,241071.94,6211,20251003.0,10.0,GS-US
Kazuya Nishimura,Daiwa Securities Co. Ltd.,467,GS-US,2025Q3,2025,0.0548326740754693,241071.94,6211,20251006.0,7.0,GS-US
Jim Mitchell,Seaport Research Partners,1321,GS-US,2025Q3,2025,0.0529867520562566,241071.94,6211,20251003.0,10.0,GS-US
Matthew O'Connor,Deutsche Bank Research,77,GS-US,2025Q3,2025,0.0529616374709612,241071.94,6211,20250716.0,89.0,GS-US
Glenn Schorr,Evercore ISI,1772,GS-US,2025Q3,2025,0.0525598041062346,241071.94,6211,20250929.0,14.0,GS-US
Gerard Cassidy,RBC Capital Markets,1269,GS-US,2025Q3,2025,0.0560005022917059,241071.94,6211,20250929.0,14.0,GS-US
Chris Kotowski,Oppenheimer,498,GS-US,2025Q3,2025,0.0519947259370879,241071.94,6211,20250922.0,21.0,GS-US
Mike Mayo,Wells Fargo Securities,596,GS-US,2025Q3,2025,0.059956049475733,241071.94,6211,20250915.0,28.0,GS-US
Mikhail Paramonov,Freedom Broker,3713,GS-US,2025Q3,2025,0.050839455013499,241071.94,6211,20250728.0,77.0,GS-US
Nicholas Watts,Rothschild & Co Redburn,1652,GS-US,2025Q3,2025,,241071.94,6211,20250718.0,87.0,GS-US
Pei Feng Li,China International Capital,898,GS-US,2025Q3,2025,0.0468713505368242,241071.94,6211,20250414.0,182.0,GS-US
Steve Biggar,Argus Research,376,GS-US,2025Q3,2025,0.0494707101148992,241071.94,6211,20250716.0,89.0,GS-US
Daniel T. Fannon,Jefferies,512,GS-US,2025Q2,2025,0.0576853848767092,216770.98,6211,20250707.0,8.0,GS-US
Devin Ryan,Citizens,805,GS-US,2025Q2,2025,0.0609926959771253,216770.98,6211,20250711.0,4.0,GS-US
Matthew O'Connor,Deutsche Bank Research,77,GS-US,2025Q2,2025,0.0585792260000566,216770.98,6211,20250612.0,33.0,GS-US
Christopher McGratty,Keefe Bruyette & Woods,525,GS-US,2025Q2,2025,0.0549767856637318,216770.98,6211,20250701.0,14.0,GS-US
Kazuya Nishimura,Daiwa Securities Co. Ltd.,467,GS-US,2025Q2,2025,0.0574822353707216,216770.98,6211,20250708.0,7.0,GS-US
Jim Mitchell,Seaport Research Partners,1321,GS-US,2025Q2,2025,0.0560384168955071,216770.98,6211,20250707.0,8.0,GS-US
Mike Mayo,Wells Fargo Securities,596,GS-US,2025Q2,2025,0.0648853438269682,216770.98,6211,20250707.0,8.0,GS-US
Glenn Schorr,Evercore ISI,1772,GS-US,2025Q2,2025,0.0561658126433202,216770.98,6211,20250701.0,14.0,GS-US
Gerard Cassidy,RBC Capital Markets,1269,GS-US,2025Q2,2025,0.0541274806783115,216770.98,6211,20250313.0,124.0,GS-US
Chris Kotowski,Oppenheimer,498,GS-US,2025Q2,2025,0.0555996093197067,216770.98,6211,20250618.0,27.0,GS-US
Mikhail Paramonov,Freedom Broker,3713,GS-US,2025Q2,2025,0.0555854542366163,216770.98,6211,20250425.0,81.0,GS-US
Nicholas Watts,Rothschild & Co Redburn,1652,GS-US,2025Q2,2025,,216770.98,6211,20250116.0,180.0,GS-US
Steve Biggar,Argus Research,376,GS-US,2025Q2,2025,0.0531366248619879,216770.98,6211,20250115.0,181.0,GS-US
Pei Feng Li,China International Capital,898,GS-US,2025Q2,2025,0.05448135775557,216770.98,6211,20250414.0,92.0,GS-US
Nicholas Watts,Rothschild & Co Redburn,1652,GS-US,2025Q1,2025,,169781.67,6211,20250116.0,85.0,GS-US
David Konrad,Keefe Bruyette & Woods,525,GS-US,2025Q1,2025,0.0653072543886946,169781.67,6211,20250401.0,10.0,GS-US
Devin Ryan,Citizens,805,GS-US,2025Q1,2025,0.0656733603031357,169781.67,6211,20250110.0,91.0,GS-US
Daniel T. Fannon,Jefferies,512,GS-US,2025Q1,2025,0.0650509802485859,169781.67,6211,20250407.0,4.0,GS-US
Jim Mitchell,Seaport Research Partners,1321,GS-US,2025Q1,2025,0.0651242014314741,169781.67,6211,20250116.0,85.0,GS-US
Kazuya Nishimura,Daiwa Securities Co. Ltd.,467,GS-US,2025Q1,2025,0.0679798275641143,169781.67,6211,20250402.0,9.0,GS-US
Glenn Schorr,Evercore ISI,1772,GS-US,2025Q1,2025,0.064739790221311,169781.67,6211,20250115.0,86.0,GS-US
Chris Kotowski,Oppenheimer,498,GS-US,2025Q1,2025,0.068602207618664,169781.67,6211,20250318.0,24.0,GS-US
Matthew O'Connor,Deutsche Bank Research,77,GS-US,2025Q1,2025,0.0699384942063739,169781.67,6211,20250115.0,86.0,GS-US
Mike Mayo,Wells Fargo Securities,596,GS-US,2025Q1,2025,0.0731785315491771,169781.67,6211,20250327.0,15.0,GS-US
Gerard Cassidy,RBC Capital Markets,1269,GS-US,2025Q1,2025,0.0644835160812023,169781.67,6211,20250313.0,29.0,GS-US
Pei Feng Li,China International Capital,898,GS-US,2025Q1,2025,0.0656733603031357,169781.67,6211,20250115.0,86.0,GS-US
Steve Biggar,Argus Research,376,GS-US,2025Q1,2025,0.0619939958630031,169781.67,6211,20250115.0,86.0,GS-US
Devin Ryan,Citizens,805,GS-US,2024Q4,2024,0.0663485310783715,180042.97,6211,20250110.0,4.0,GS-US
Nicholas Watts,Rothschild & Co Redburn,1652,GS-US,2024Q4,2024,,180042.97,6211,20241023.0,83.0,GS-US
David Konrad,Keefe Bruyette & Woods,525,GS-US,2024Q4,2024,0.0704458198936448,180042.97,6211,20241129.0,46.0,GS-US
Chris Kotowski,Oppenheimer,498,GS-US,2024Q4,2024,0.0698355853892424,180042.97,6211,20241104.0,71.0,GS-US
Matthew O'Connor,Deutsche Bank Research,77,GS-US,2024Q4,2024,0.0659126492895127,180042.97,6211,20241217.0,28.0,GS-US
Jim Mitchell,Seaport Research Partners,1321,GS-US,2024Q4,2024,0.0632101821985877,180042.97,6211,20250106.0,8.0,GS-US
Daniel T. Fannon,Jefferies,512,GS-US,2024Q4,2024,0.0621640659053264,180042.97,6211,20250106.0,8.0,GS-US
Kazuya Nishimura,Daiwa Securities Co. Ltd.,467,GS-US,2024Q4,2024,0.069469444686601,180042.97,6211,20241119.0,56.0,GS-US
Glenn Schorr,Evercore ISI,1772,GS-US,2024Q4,2024,0.061553831400924,180042.97,6211,20241231.0,14.0,GS-US
Mike Mayo,Wells Fargo Securities,596,GS-US,2024Q4,2024,0.0698355853892424,180042.97,6211,20241231.0,14.0,GS-US
Pei Feng Li,China International Capital,898,GS-US,2024Q4,2024,0.060420538749891,180042.97,6211,20241217.0,28.0,GS-US
Gerard Cassidy,RBC Capital Markets,1269,GS-US,2024Q4,2024,0.0665926248801325,180042.97,6211,20241210.0,35.0,GS-US
Daniel T. Fannon,Jefferies,512,GS-US,2024Q3,2024,0.0712875451374013,154795.47,6211,20241003.0,11.0,GS-US
Matthew O'Connor,Deutsche Bank Research,77,GS-US,2024Q3,2024,0.0780669971642491,154795.47,6211,20240722.0,84.0,GS-US
David Konrad,Keefe Bruyette & Woods,525,GS-US,2024Q3,2024,0.0793522655405267,154795.47,6211,20241004.0,10.0,GS-US
Kazuya Nishimura,Daiwa Securities Co. Ltd.,467,GS-US,2024Q3,2024,0.0811271599649101,154795.47,6211,20241004.0,10.0,GS-US
Mike Mayo,Wells Fargo Securities,596,GS-US,2024Q3,2024,0.0828204500479425,154795.47,6211,20240925.0,19.0,GS-US
Nicholas Watts,Rothschild & Co Redburn,1652,GS-US,2024Q3,2024,,154795.47,6211,20240723.0,83.0,GS-US
James Fotheringham,BMO Capital Markets,181,GS-US,2024Q2,2024,0.0766559073222497,145856.69,6211,20240415.0,88.0,GS-US
John Heagerty,Rothschild & Co Redburn,1652,GS-US,2024Q2,2024,,145856.69,6211,20240327.0,107.0,GS-US
Mike Mayo,Wells Fargo Securities,596,GS-US,2024Q2,2024,0.0845264414573753,145856.69,6211,20240702.0,10.0,GS-US
Kazuya Nishimura,Daiwa Securities Co. Ltd.,467,GS-US,2024Q2,2024,0.0836863282631765,145856.69,6211,20240702.0,10.0,GS-US
James Fotheringham,BMO Capital Markets,181,GS-US,2024Q1,2024,0.0728185533602573,134623.45,6211,20240408.0,4.0,GS-US
John Heagerty,Rothschild & Co Redburn,1652,GS-US,2024Q1,2024,,134623.45,6211,20240327.0,16.0,GS-US
Mike Mayo,Wells Fargo Securities,596,GS-US,2024Q1,2024,0.0747773935334091,134623.45,6211,20240116.0,87.0,GS-US
Parth Talsania,Equisights,3723,GS-US,2024Q1,2024,0.0717061256076032,134623.45,6211,20240312.0,31.0,GS-US
Kazuya Nishimura,Daiwa Securities Co. Ltd.,467,GS-US,2024Q1,2024,0.0831689681023433,134623.45,6211,20240312.0,31.0,GS-US
Pierre Ferragu,New Street Research,1634,KLAC-US,2026Q1,2026,0.0226267199859596,229136.36,3827,,,KLAC-US
C.J. Muse,Cantor Fitzgerald,1190,KLAC-US,2026Q1,2026,0.0226267199859596,229136.36,3827,,,KLAC-US
Blayne Curtis,Jefferies,512,KLAC-US,2026Q1,2026,0.0234161439021407,229136.36,3827,,,KLAC-US
Melissa Weathers,Deutsche Bank Research,77,KLAC-US,2026Q1,2026,0.0223804712082796,229136.36,3827,,,KLAC-US
Stacy A. Rasgon,Bernstein Research,1140,KLAC-US,2026Q1,2026,,229136.36,3827,,,KLAC-US
Chandler B. Converse,Cleveland Research Company,2295,KLAC-US,2026Q1,2026,0.0240500227045182,229136.36,3827,,,KLAC-US
Edward H. Yang,Oppenheimer,498,KLAC-US,2026Q1,2026,0.0226152790596382,229136.36,3827,,,KLAC-US
Timm Schulze-Melander,Rothschild & Co Redburn,1652,KLAC-US,2026Q1,2026,,229136.36,3827,,,KLAC-US
Steve Barger,KeyBanc Capital Markets,618,KLAC-US,2026Q1,2026,0.0224665470174591,229136.36,3827,,,KLAC-US
Krish Sankar,TD Cowen,917,KLAC-US,2026Q1,2026,0.0206646011218285,229136.36,3827,,,KLAC-US
Joe Quatrochi,Wells Fargo Securities,596,KLAC-US,2026Q1,2026,0.0227239678596921,229136.36,3827,,,KLAC-US
Charles Shi,Needham,477,KLAC-US,2026Q1,2026,0.0233188960284082,229136.36,3827,,,KLAC-US
Mehdi Hosseini,Susquehanna Financial Group,974,KLAC-US,2026Q1,2026,0.0258072975033267,229136.36,3827,,,KLAC-US
Brian Chin,Stifel Nicolaus,548,KLAC-US,2026Q1,2026,0.0229356249966392,229136.36,3827,,,KLAC-US
Srini Pajjuri,RBC Capital Markets,1269,KLAC-US,2026Q1,2026,0.0229241840703177,229136.36,3827,,,KLAC-US
James Kelleher,Argus Research,376,KLAC-US,2026Q1,2026,0.0202355663847736,229136.36,3827,,,KLAC-US
Tammy Qiu,Berenberg,577,KLAC-US,2026Q1,2026,,229136.36,3827,,,KLAC-US
Chandler B. Converse,Cleveland Research Company,2295,KLAC-US,2025Q4,2025,0.0249163123039386,188482.3,3827,,,KLAC-US
C.J. Muse,Cantor Fitzgerald,1190,KLAC-US,2025Q4,2025,0.0245820843499477,188482.3,3827,,,KLAC-US
Tammy Qiu,Berenberg,577,KLAC-US,2025Q4,2025,,188482.3,3827,,,KLAC-US
Blayne Curtis,Jefferies,512,KLAC-US,2025Q4,2025,0.0238082955733705,188482.3,3827,,,KLAC-US
Pierre Ferragu,New Street Research,1634,KLAC-US,2025Q4,2025,0.0256835134193098,188482.3,3827,,,KLAC-US
Stacy A. Rasgon,Bernstein Research,1140,KLAC-US,2025Q4,2025,,188482.3,3827,,,KLAC-US
Joe Quatrochi,Wells Fargo Securities,596,KLAC-US,2025Q4,2025,0.0233346810735447,188482.3,3827,,,KLAC-US
Melissa Weathers,Deutsche Bank Research,77,KLAC-US,2025Q4,2025,0.0240744161728825,188482.3,3827,,,KLAC-US
Krish Sankar,TD Cowen,917,KLAC-US,2025Q4,2025,0.0261611711397699,188482.3,3827,,,KLAC-US
Charles Shi,Needham,477,KLAC-US,2025Q4,2025,0.0290806552805855,188482.3,3827,,,KLAC-US
Steve Barger,KeyBanc Capital Markets,618,KLAC-US,2025Q4,2025,0.0225744161728825,188482.3,3827,,,KLAC-US
Srini Pajjuri,RBC Capital Markets,1269,KLAC-US,2025Q4,2025,0.0232366678285116,188482.3,3827,,,KLAC-US
Brian Chin,Stifel Nicolaus,548,KLAC-US,2025Q4,2025,0.0263527361449982,188482.3,3827,,,KLAC-US
Mehdi Hosseini,Susquehanna Financial Group,974,KLAC-US,2025Q4,2025,0.0316368072499128,188482.3,3827,,,KLAC-US
Timm Schulze-Melander,Rothschild & Co Redburn,1652,KLAC-US,2025Q4,2025,,188482.3,3827,,,KLAC-US
Edward H. Yang,Oppenheimer,498,KLAC-US,2025Q4,2025,0.0221840362495643,188482.3,3827,,,KLAC-US
James Kelleher,Argus Research,376,KLAC-US,2025Q4,2025,0.021682119205298,188482.3,3827,,,KLAC-US
Krish Sankar,TD Cowen,917,KLAC-US,2025Q3,2025,0.0271210006487152,143142.4,3827,,,KLAC-US
Melissa Weathers,Deutsche Bank Research,77,KLAC-US,2025Q3,2025,0.0290443315500563,143142.4,3827,,,KLAC-US
Timm Schulze-Melander,Rothschild & Co Redburn,1652,KLAC-US,2025Q3,2025,,143142.4,3827,,,KLAC-US
Charles Shi,Needham,477,KLAC-US,2025Q3,2025,0.0293391954319023,143142.4,3827,,,KLAC-US
Joe Quatrochi,Wells Fargo Securities,596,KLAC-US,2025Q3,2025,0.0268645172771357,143142.4,3827,,,KLAC-US
Steve Barger,KeyBanc Capital Markets,618,KLAC-US,2025Q3,2025,0.0285848325743155,143142.4,3827,,,KLAC-US
Pierre Ferragu,New Street Research,1634,KLAC-US,2025Q3,2025,0.0293207963378148,143142.4,3827,,,KLAC-US
Tammy Qiu,Berenberg,577,KLAC-US,2025Q3,2025,,143142.4,3827,,,KLAC-US
James Kelleher,Argus Research,376,KLAC-US,2025Q3,2025,0.0280604583928222,143142.4,3827,,,KLAC-US
Edward H. Yang,Oppenheimer,498,KLAC-US,2025Q3,2025,0.0263401430956424,143142.4,3827,,,KLAC-US
Melissa Weathers,Deutsche Bank Research,77,KLAC-US,2025Q2,2025,0.0307212745976864,123920.8,3827,,,KLAC-US
Pierre Ferragu,New Street Research,1634,KLAC-US,2025Q2,2025,0.0310411064156742,123920.8,3827,,,KLAC-US
Krish Sankar,TD Cowen,917,KLAC-US,2025Q2,2025,0.0287443974900755,123920.8,3827,,,KLAC-US
Joe Quatrochi,Wells Fargo Securities,596,KLAC-US,2025Q2,2025,0.0301980620651385,123920.8,3827,,,KLAC-US
Edward H. Yang,Oppenheimer,498,KLAC-US,2025Q2,2025,0.0264737268963162,123920.8,3827,,,KLAC-US
Timm Schulze-Melander,Rothschild & Co Redburn,1652,KLAC-US,2025Q2,2025,,123920.8,3827,,,KLAC-US
Steve Barger,KeyBanc Capital Markets,618,KLAC-US,2025Q2,2025,0.0310090920732488,123920.8,3827,,,KLAC-US
Tammy Qiu,Berenberg,577,KLAC-US,2025Q2,2025,,123920.8,3827,,,KLAC-US
Blayne Curtis,Jefferies,512,KLAC-US,2025Q2,2025,0.0330046527510991,123920.8,3827,,,KLAC-US
Melissa Weathers,Deutsche Bank Research,77,KLAC-US,2025Q1,2025,0.0427736768163736,89859.34,3827,,,KLAC-US
Steve Barger,KeyBanc Capital Markets,618,KLAC-US,2025Q1,2025,0.0428786915307375,89859.34,3827,,,KLAC-US
Edward H. Yang,Oppenheimer,498,KLAC-US,2025Q1,2025,0.0356472101861847,89859.34,3827,,,KLAC-US
Timm Schulze-Melander,Rothschild & Co Redburn,1652,KLAC-US,2025Q1,2025,,89859.34,3827,,,KLAC-US
Joe Quatrochi,Wells Fargo Securities,596,KLAC-US,2025Q1,2025,0.0426864435604324,89859.34,3827,,,KLAC-US
Tammy Qiu,Berenberg,577,KLAC-US,2025Q1,2025,,89859.34,3827,,,KLAC-US
Edward H. Yang,Oppenheimer,498,KLAC-US,2024Q4,2024,0.0423636998254799,95805.44,3827,,,KLAC-US
Melissa Weathers,Deutsche Bank Research,77,KLAC-US,2024Q4,2024,0.0431283518324607,95805.44,3827,,,KLAC-US
Timm Schulze-Melander,Rothschild & Co Redburn,1652,KLAC-US,2024Q4,2024,,95805.44,3827,,,KLAC-US
Steve Barger,KeyBanc Capital Markets,618,KLAC-US,2024Q4,2024,0.0444160558464223,95805.44,3827,,,KLAC-US
Tammy Qiu,Berenberg,577,KLAC-US,2024Q4,2024,,95805.44,3827,,,KLAC-US
Joe Quatrochi,Wells Fargo Securities,596,KLAC-US,2024Q4,2024,0.0404706457242582,95805.44,3827,,,KLAC-US
Timm Schulze-Melander,Rothschild & Co Redburn,1652,KLAC-US,2024Q3,2024,,91450.56,3827,,,KLAC-US
Tammy Qiu,Berenberg,577,KLAC-US,2024Q3,2024,,91450.56,3827,,,KLAC-US
Edward H. Yang,Oppenheimer,498,KLAC-US,2024Q3,2024,0.0448673435004907,91450.56,3827,,,KLAC-US
Timm Schulze-Melander,Rothschild & Co Redburn,1652,KLAC-US,2024Q2,2024,,120145.96,3827,,,KLAC-US
Steve Barger,KeyBanc Capital Markets,618,KLAC-US,2024Q2,2024,0.0387628172802151,120145.96,3827,,,KLAC-US
Steve Barger,KeyBanc Capital Markets,618,KLAC-US,2024Q1,2024,0.042494397739113,94746.05,3827,,,KLAC-US
Timm Schulze-Melander,Rothschild & Co Redburn,1652,KLAC-US,2024Q1,2024,,94746.05,3827,,,KLAC-US
Ann Hynes,Mizuho Securities USA,1802,LH-US,2026Q1,2026,0.053495269559994,21891.34,8071,20260217.0,71.0,LH-US
Michael Cherny,Leerink Partners,1079,LH-US,2026Q1,2026,0.0548092806727736,21891.34,8071,20250724.0,279.0,LH-US
David S. MacDonald,Truist Securities,852,LH-US,2026Q1,2026,0.0544338489262652,21891.34,8071,20250724.0,279.0,LH-US
Jack Meehan,Nephron Research,3154,LH-US,2026Q1,2026,0.0546215647995194,21891.34,8071,20260217.0,71.0,LH-US
Elizabeth Anderson,Evercore ISI,1772,LH-US,2026Q1,2026,0.0539082444811533,21891.34,8071,20260407.0,22.0,LH-US
David Toung,Argus Research,376,LH-US,2026Q1,2026,0.0546215647995194,21891.34,8071,20260331.0,29.0,LH-US
Tycho Peterson,Jefferies,512,LH-US,2026Q1,2026,0.0547341943234719,21891.34,8071,20260217.0,71.0,LH-US
David Westenberg,Piper Sandler Companies,570,LH-US,2026Q1,2026,0.0534201832106922,21891.34,8071,20250725.0,278.0,LH-US
Jamie Clark,Rothschild & Co Redburn,1652,LH-US,2026Q1,2026,,21891.34,8071,20251030.0,181.0,LH-US
Andrew F. Brackmann,William Blair,198,LH-US,2026Q1,2026,0.0544338489262652,21891.34,8071,20260217.0,71.0,LH-US
Pito Chickering,Deutsche Bank Research,77,LH-US,2026Q1,2026,0.0546215647995194,21891.34,8071,20260217.0,71.0,LH-US
Andrew F. Brackmann,William Blair,198,LH-US,2025Q4,2025,0.0574952828443523,22407.043,8071,20260213.0,0.0,LH-US
Ann Hynes,Mizuho Securities USA,1802,LH-US,2025Q4,2025,0.055559584150357,22407.043,8071,20250729.0,199.0,LH-US
Jack Meehan,Nephron Research,3154,LH-US,2025Q4,2025,0.057421288245958,22407.043,8071,20260122.0,22.0,LH-US
Pito Chickering,Deutsche Bank Research,77,LH-US,2025Q4,2025,0.0570524251729623,22407.043,8071,20251028.0,108.0,LH-US
Elizabeth Anderson,Evercore ISI,1772,LH-US,2025Q4,2025,0.055090458396537,22407.043,8071,20251028.0,108.0,LH-US
Michael Cherny,Leerink Partners,1079,LH-US,2025Q4,2025,0.05882718561545,22407.043,8071,20250724.0,204.0,LH-US
David S. MacDonald,Truist Securities,852,LH-US,2025Q4,2025,0.0587161937178586,22407.043,8071,20250724.0,204.0,LH-US
David Westenberg,Piper Sandler Companies,570,LH-US,2025Q4,2025,0.0571253098523807,22407.043,8071,20241025.0,476.0,LH-US
David Toung,Argus Research,376,LH-US,2025Q4,2025,0.0581982315290983,22407.043,8071,20250306.0,344.0,LH-US
Jamie Clark,Rothschild & Co Redburn,1652,LH-US,2025Q4,2025,,22407.043,8071,20251030.0,106.0,LH-US
Tycho Peterson,Jefferies,512,LH-US,2025Q4,2025,0.0578282585371267,22407.043,8071,20250206.0,372.0,LH-US
David S. MacDonald,Truist Securities,852,LH-US,2025Q3,2025,0.0526502966616627,23249.717,8071,20250724.0,95.0,LH-US
Tycho Peterson,Jefferies,512,LH-US,2025Q3,2025,0.0517821145185502,23249.717,8071,20250206.0,263.0,LH-US
Andrew F. Brackmann,William Blair,198,LH-US,2025Q3,2025,0.0503295446422188,23249.717,8071,20250206.0,263.0,LH-US
Ann Hynes,Mizuho Securities USA,1802,LH-US,2025Q3,2025,0.0494334834512831,23249.717,8071,20250729.0,90.0,LH-US
Elizabeth Anderson,Evercore ISI,1772,LH-US,2025Q3,2025,0.0510418900564729,23249.717,8071,20251001.0,26.0,LH-US
Michael Cherny,Leerink Partners,1079,LH-US,2025Q3,2025,0.053186432196726,23249.717,8071,20250724.0,95.0,LH-US
Jack Meehan,Nephron Research,3154,LH-US,2025Q3,2025,0.0496121952963042,23249.717,8071,20250520.0,160.0,LH-US
David Westenberg,Piper Sandler Companies,570,LH-US,2025Q3,2025,0.0511491171634856,23249.717,8071,20241025.0,367.0,LH-US
Jamie Clark,Rothschild & Co Redburn,1652,LH-US,2025Q3,2025,,23249.717,8071,20250811.0,77.0,LH-US
David Toung,Argus Research,376,LH-US,2025Q3,2025,0.0521141611265994,23249.717,8071,20250306.0,235.0,LH-US
Pito Chickering,Deutsche Bank Research,77,LH-US,2025Q3,2025,0.0519483737222103,23249.717,8071,20250206.0,263.0,LH-US
Elizabeth Anderson,Evercore ISI,1772,LH-US,2025Q2,2025,0.0574242006071836,21220.86,8071,20250707.0,16.0,LH-US
Ann Hynes,Mizuho Securities USA,1802,LH-US,2025Q2,2025,0.0574242006071836,21220.86,8071,20250312.0,133.0,LH-US
David S. MacDonald,Truist Securities,852,LH-US,2025Q2,2025,0.0584098884201395,21220.86,8071,20241004.0,292.0,LH-US
Jack Meehan,Nephron Research,3154,LH-US,2025Q2,2025,0.0558471001064542,21220.86,8071,20250520.0,64.0,LH-US
Michael Cherny,Leerink Partners,1079,LH-US,2025Q2,2025,0.0587253085202854,21220.86,8071,20250707.0,16.0,LH-US
David Toung,Argus Research,376,LH-US,2025Q2,2025,0.0584098884201395,21220.86,8071,20250306.0,139.0,LH-US
Jamie Clark,Rothschild & Co Redburn,1652,LH-US,2025Q2,2025,,21220.86,8071,20250507.0,77.0,LH-US
Andrew F. Brackmann,William Blair,198,LH-US,2025Q2,2025,0.0572270630445925,21220.86,8071,20250206.0,167.0,LH-US
David Westenberg,Piper Sandler Companies,570,LH-US,2025Q2,2025,0.0571087805070378,21220.86,8071,20241025.0,271.0,LH-US
Tycho Peterson,Jefferies,512,LH-US,2025Q2,2025,0.0582127508575484,21220.86,8071,20250206.0,167.0,LH-US
Pito Chickering,Deutsche Bank Research,77,LH-US,2025Q2,2025,0.0581039190947443,21220.86,8071,20250206.0,167.0,LH-US
Ann Hynes,Mizuho Securities USA,1802,LH-US,2025Q1,2025,0.0652328538852832,19079.781,8071,20250312.0,47.0,LH-US
Jack Meehan,Nephron Research,3154,LH-US,2025Q1,2025,0.0674254516751447,19079.781,8071,20240425.0,368.0,LH-US
David S. MacDonald,Truist Securities,852,LH-US,2025Q1,2025,0.0662853008244167,19079.781,8071,20241004.0,206.0,LH-US
Elizabeth Anderson,Evercore ISI,1772,LH-US,2025Q1,2025,0.0684778986142782,19079.781,8071,20241024.0,186.0,LH-US
Michael Cherny,Leerink Partners,1079,LH-US,2025Q1,2025,0.0645312225925276,19079.781,8071,20250103.0,115.0,LH-US
Jamie Clark,Rothschild & Co Redburn,1652,LH-US,2025Q1,2025,,19079.781,8071,20250402.0,26.0,LH-US
David Toung,Argus Research,376,LH-US,2025Q1,2025,0.0661098930012278,19079.781,8071,20250306.0,53.0,LH-US
David Westenberg,Piper Sandler Companies,570,LH-US,2025Q1,2025,0.065189001929486,19079.781,8071,20241025.0,185.0,LH-US
Andrew F. Brackmann,William Blair,198,LH-US,2025Q1,2025,0.064794334327311,19079.781,8071,20250206.0,81.0,LH-US
Tycho Peterson,Jefferies,512,LH-US,2025Q1,2025,0.0661098930012278,19079.781,8071,20250206.0,81.0,LH-US
Pito Chickering,Deutsche Bank Research,77,LH-US,2025Q1,2025,0.0655857656551482,19079.781,8071,20250206.0,81.0,LH-US
Ann Hynes,Mizuho Securities USA,1802,LH-US,2024Q4,2024,0.0634287000654878,20434.744,8071,20241118.0,79.0,LH-US
Jack Meehan,Nephron Research,3154,LH-US,2024Q4,2024,0.066703094302554,20434.744,8071,20240425.0,286.0,LH-US
Tycho Peterson,Jefferies,512,LH-US,2024Q4,2024,0.0636411714145383,20434.744,8071,20241206.0,61.0,LH-US
Elizabeth Anderson,Evercore ISI,1772,LH-US,2024Q4,2024,0.0674398330058939,20434.744,8071,20241024.0,104.0,LH-US
Michael Cherny,Leerink Partners,1079,LH-US,2024Q4,2024,0.0637561394891945,20434.744,8071,20250103.0,33.0,LH-US
David S. MacDonald,Truist Securities,852,LH-US,2024Q4,2024,0.0652296168958742,20434.744,8071,20241004.0,124.0,LH-US
David Westenberg,Piper Sandler Companies,570,LH-US,2024Q4,2024,0.064451948264571,20434.744,8071,20241025.0,103.0,LH-US
David S. MacDonald,Truist Securities,852,LH-US,2024Q3,2024,0.0727505816658911,18043.709,8071,20241004.0,19.0,LH-US
Pito Chickering,Deutsche Bank Research,77,LH-US,2024Q3,2024,0.0690507212657049,18043.709,8071,20241023.0,0.0,LH-US
Ann Hynes,Mizuho Securities USA,1802,LH-US,2024Q3,2024,0.0697724523033969,18043.709,8071,20240801.0,83.0,LH-US
Elizabeth Anderson,Evercore ISI,1772,LH-US,2024Q3,2024,0.071214983713355,18043.709,8071,20240425.0,181.0,LH-US
Jack Meehan,Nephron Research,3154,LH-US,2024Q3,2024,0.074425779432294,18043.709,8071,20240425.0,181.0,LH-US
Michael Cherny,Leerink Partners,1079,LH-US,2024Q3,2024,0.0701912517449976,18043.709,8071,20241003.0,20.0,LH-US
David Westenberg,Piper Sandler Companies,570,LH-US,2024Q3,2024,0.0707961842717543,18043.709,8071,20240930.0,23.0,LH-US
Ann Hynes,Mizuho Securities USA,1802,LH-US,2024Q2,2024,0.0699492196599114,18093.627,8071,20240305.0,148.0,LH-US
Michael Cherny,Leerink Partners,1079,LH-US,2024Q2,2024,0.071766130910785,18093.627,8071,20240223.0,159.0,LH-US
Elizabeth Anderson,Evercore ISI,1772,LH-US,2024Q2,2024,0.0693435825762869,18093.627,8071,20240425.0,97.0,LH-US
Jack Meehan,Nephron Research,3154,LH-US,2024Q2,2024,0.0725115303983228,18093.627,8071,20240425.0,97.0,LH-US
Pito Chickering,Deutsche Bank Research,77,LH-US,2024Q2,2024,0.0691218075937572,18093.627,8071,20240215.0,167.0,LH-US
Ann Hynes,Mizuho Securities USA,1802,LH-US,2024Q1,2024,0.0712261501210653,17366.65,8071,20240305.0,50.0,LH-US
Elizabeth Anderson,Evercore ISI,1772,LH-US,2024Q1,2024,0.0743254237288135,17366.65,8071,20240408.0,16.0,LH-US
Michael Cherny,Leerink Partners,1079,LH-US,2024Q1,2024,0.0738895883777239,17366.65,8071,20240223.0,61.0,LH-US
Pito Chickering,Deutsche Bank Research,77,LH-US,2024Q1,2024,0.0707154237288135,17366.65,8071,20240215.0,69.0,LH-US
Jack Meehan,Nephron Research,3154,LH-US,2024Q1,2024,0.0758266343825666,17366.65,8071,20240215.0,69.0,LH-US
Elizabeth Anderson,Evercore ISI,1772,LH-US,2023Q4,2023,0.0880030317892014,18817.932,8071,20240202.0,12.0,LH-US
Jack Meehan,Nephron Research,3154,LH-US,2023Q4,2023,0.0890284899014668,18817.932,8071,20230914.0,153.0,LH-US
Jack Meehan,Nephron Research,3154,LH-US,2023Q3,2023,0.0803209177742962,17531.281,8071,20230914.0,41.0,LH-US
Seamus Fernandez,Guggenheim Securities,1515,LLY-US,2026Q1,2026,0.0279036272525138,854106.8,2834,20260420.0,9.0,LLY-US
Srikripa Devarakonda,Truist Securities,852,LLY-US,2026Q1,2026,0.0291757652186418,854106.8,2834,20260204.0,84.0,LLY-US
Akash Tewari,Jefferies,512,LLY-US,2026Q1,2026,0.0289604973506344,854106.8,2834,20260416.0,13.0,LLY-US
Yoon-Chul Park,iM Securities,2140,LLY-US,2026Q1,2026,0.0291425790108297,854106.8,2834,20260428.0,1.0,LLY-US
Courtney Breen,Bernstein Research,1140,LLY-US,2026Q1,2026,,854106.8,2834,20260420.0,9.0,LLY-US
Louise Chen,Scotiabank GBM,810,LLY-US,2026Q1,2026,0.0273505237889799,854106.8,2834,20260408.0,21.0,LLY-US
Trung Huynh,RBC Capital Markets,1269,LLY-US,2026Q1,2026,0.0280253100144913,854106.8,2834,20260409.0,20.0,LLY-US
David Risinger,Leerink Partners,1079,LLY-US,2026Q1,2026,0.0274722065509574,854106.8,2834,20260424.0,5.0,LLY-US
Carter Gould,Cantor Fitzgerald,1190,LLY-US,2026Q1,2026,0.0296403721280102,854106.8,2834,20260204.0,84.0,LLY-US
James Shin,Deutsche Bank Research,77,LLY-US,2026Q1,2026,0.0288770893483334,854106.8,2834,20251216.0,134.0,LLY-US
Mohit Bansal,Wells Fargo Securities,596,LLY-US,2026Q1,2026,0.0283903583004236,854106.8,2834,20260410.0,19.0,LLY-US
Kerry Holford,Berenberg,577,LLY-US,2026Q1,2026,,854106.8,2834,20260217.0,71.0,LLY-US
Steve Scala,TD Cowen,917,LLY-US,2026Q1,2026,0.0290098341795816,854106.8,2834,20260416.0,13.0,LLY-US
Steve Chesney,Rothschild & Co Redburn,1652,LLY-US,2026Q1,2026,,854106.8,2834,20260223.0,65.0,LLY-US
Narumi Nakagiri,Daiwa Securities Co. Ltd.,467,LLY-US,2026Q1,2026,0.0289766479717696,854106.8,2834,20260213.0,75.0,LLY-US
Ilya Zubkov,Freedom Broker,3713,LLY-US,2026Q1,2026,0.0291093928030177,854106.8,2834,20260209.0,79.0,LLY-US
Jin Zhang,China International Capital,898,LLY-US,2026Q1,2026,0.0283571720926116,854106.8,2834,20260206.0,82.0,LLY-US
Jasper Hellweg,Argus Research,376,LLY-US,2026Q1,2026,0.0281469927764687,854106.8,2834,20260206.0,82.0,LLY-US
Mohit Bansal,Wells Fargo Securities,596,LLY-US,2025Q4,2025,0.0253461224641174,1019615.25,2834,20260116.0,18.0,LLY-US
Kerry Holford,Berenberg,577,LLY-US,2025Q4,2025,,1019615.25,2834,20251128.0,67.0,LLY-US
Courtney Breen,Bernstein Research,1140,LLY-US,2025Q4,2025,,1019615.25,2834,20260116.0,18.0,LLY-US
Ilya Zubkov,Freedom Broker,3713,LLY-US,2025Q4,2025,0.0241407669769684,1019615.25,2834,20260130.0,4.0,LLY-US
Akash Tewari,Jefferies,512,LLY-US,2025Q4,2025,0.0268203649445536,1019615.25,2834,20260107.0,27.0,LLY-US
James Shin,Deutsche Bank Research,77,LLY-US,2025Q4,2025,0.0252714896339428,1019615.25,2834,20251216.0,49.0,LLY-US
Steve Scala,TD Cowen,917,LLY-US,2025Q4,2025,0.0224161814338167,1019615.25,2834,20260123.0,11.0,LLY-US
Steve Chesney,Rothschild & Co Redburn,1652,LLY-US,2025Q4,2025,,1019615.25,2834,20260126.0,8.0,LLY-US
Louise Chen,Scotiabank GBM,810,LLY-US,2025Q4,2025,0.0217095649593887,1019615.25,2834,20251103.0,92.0,LLY-US
Evan David Seigerman,BMO Capital Markets,181,LLY-US,2025Q4,2025,0.024622909171828,1019615.25,2834,20260123.0,11.0,LLY-US
Srikripa Devarakonda,Truist Securities,852,LLY-US,2025Q4,2025,0.0292867077105663,1019615.25,2834,20260122.0,12.0,LLY-US
David Risinger,Leerink Partners,1079,LLY-US,2025Q4,2025,0.0237049846085376,1019615.25,2834,20251107.0,88.0,LLY-US
Jonah Chen,China Merchants Securities,1788,LLY-US,2025Q4,2025,0.0190782739309424,1019615.25,2834,20260116.0,18.0,LLY-US
Seamus Fernandez,Guggenheim Securities,1515,LLY-US,2025Q4,2025,0.024001687497682,1019615.25,2834,20260116.0,18.0,LLY-US
Carter Gould,Cantor Fitzgerald,1190,LLY-US,2025Q4,2025,0.0239275117753959,1019615.25,2834,20250812.0,175.0,LLY-US
Narumi Nakagiri,Daiwa Securities Co. Ltd.,467,LLY-US,2025Q4,2025,0.0238533360531098,1019615.25,2834,20251212.0,53.0,LLY-US
Jin Zhang,China International Capital,898,LLY-US,2025Q4,2025,0.0186146756666543,1019615.25,2834,20251110.0,85.0,LLY-US
Jasper Hellweg,Argus Research,376,LLY-US,2025Q4,2025,0.0215817045580981,1019615.25,2834,20251031.0,95.0,LLY-US
Mohit Bansal,Wells Fargo Securities,596,LLY-US,2025Q3,2025,0.0289356586687495,775507.75,2834,20250807.0,83.0,LLY-US
Ilya Zubkov,Freedom Broker,3713,LLY-US,2025Q3,2025,0.0273608093924674,775507.75,2834,20250813.0,77.0,LLY-US
Courtney Breen,Bernstein Research,1140,LLY-US,2025Q3,2025,,775507.75,2834,20250807.0,83.0,LLY-US
Steve Scala,TD Cowen,917,LLY-US,2025Q3,2025,0.0290281676389465,775507.75,2834,20250825.0,65.0,LLY-US
Carter Gould,Cantor Fitzgerald,1190,LLY-US,2025Q3,2025,0.0326941101808684,775507.75,2834,20250812.0,78.0,LLY-US
David Risinger,Leerink Partners,1079,LLY-US,2025Q3,2025,0.0287643095999414,775507.75,2834,20250807.0,83.0,LLY-US
Kerry Holford,Berenberg,577,LLY-US,2025Q3,2025,,775507.75,2834,20250915.0,44.0,LLY-US
Evan David Seigerman,BMO Capital Markets,181,LLY-US,2025Q3,2025,0.027898777124167,775507.75,2834,20250808.0,82.0,LLY-US
James Shin,Deutsche Bank Research,77,LLY-US,2025Q3,2025,0.0310465229807903,775507.75,2834,20251007.0,22.0,LLY-US
Seamus Fernandez,Guggenheim Securities,1515,LLY-US,2025Q3,2025,0.0300091532622226,775507.75,2834,20251006.0,23.0,LLY-US
Akash Tewari,Jefferies,512,LLY-US,2025Q3,2025,0.031559105665259,775507.75,2834,20250807.0,83.0,LLY-US
Srikripa Devarakonda,Truist Securities,852,LLY-US,2025Q3,2025,0.0259695135346237,775507.75,2834,20250807.0,83.0,LLY-US
Steve Chesney,Rothschild & Co Redburn,1652,LLY-US,2025Q3,2025,,775507.75,2834,20250818.0,72.0,LLY-US
Narumi Nakagiri,Daiwa Securities Co. Ltd.,467,LLY-US,2025Q3,2025,0.0274218311406185,775507.75,2834,20250814.0,76.0,LLY-US
Jasper Hellweg,Argus Research,376,LLY-US,2025Q3,2025,0.0286056530547487,775507.75,2834,20250811.0,79.0,LLY-US
Jonah Chen,China Merchants Securities,1788,LLY-US,2025Q3,2025,0.0255667699968268,775507.75,2834,20250808.0,82.0,LLY-US
Hui Ting Tang,Mega Intl Invst Serv,1175,LLY-US,2025Q3,2025,0.0288375356977226,775507.75,2834,20250506.0,176.0,LLY-US
Carter Gould,Cantor Fitzgerald,1190,LLY-US,2025Q2,2025,0.0322667395056057,763334.75,2834,20250417.0,111.0,LLY-US
Steve Scala,TD Cowen,917,LLY-US,2025Q2,2025,0.0283806165650646,763334.75,2834,20250421.0,107.0,LLY-US
Mohit Bansal,Wells Fargo Securities,596,LLY-US,2025Q2,2025,0.0285916839452218,763334.75,2834,20250703.0,34.0,LLY-US
Akash Tewari,Jefferies,512,LLY-US,2025Q2,2025,0.0310624138658853,763334.75,2834,20250722.0,15.0,LLY-US
Evan David Seigerman,BMO Capital Markets,181,LLY-US,2025Q2,2025,0.0302802229864792,763334.75,2834,20250501.0,97.0,LLY-US
Courtney Breen,Bernstein Research,1140,LLY-US,2025Q2,2025,,763334.75,2834,20250723.0,14.0,LLY-US
James Shin,Deutsche Bank Research,77,LLY-US,2025Q2,2025,0.0301560657040338,763334.75,2834,20250723.0,14.0,LLY-US
Steve Chesney,Rothschild & Co Redburn,1652,LLY-US,2025Q2,2025,,763334.75,2834,20250318.0,141.0,LLY-US
Srikripa Devarakonda,Truist Securities,852,LLY-US,2025Q2,2025,0.0279088188917721,763334.75,2834,20250715.0,22.0,LLY-US
Seamus Fernandez,Guggenheim Securities,1515,LLY-US,2025Q2,2025,0.0292745489986715,763334.75,2834,20250710.0,27.0,LLY-US
David Risinger,Leerink Partners,1079,LLY-US,2025Q2,2025,0.0277101672398594,763334.75,2834,20250501.0,97.0,LLY-US
Jonah Chen,China Merchants Securities,1788,LLY-US,2025Q2,2025,0.0263941000459381,763334.75,2834,20250508.0,90.0,LLY-US
Jin Zhang,China International Capital,898,LLY-US,2025Q2,2025,0.0247179767329252,763334.75,2834,20250507.0,91.0,LLY-US
Jasper Hellweg,Argus Research,376,LLY-US,2025Q2,2025,0.0283185379238419,763334.75,2834,20250508.0,90.0,LLY-US
Hui Ting Tang,Mega Intl Invst Serv,1175,LLY-US,2025Q2,2025,0.0292373018139379,763334.75,2834,20250506.0,92.0,LLY-US
Ilya Zubkov,Freedom Broker,3713,LLY-US,2025Q2,2025,0.0299574140521212,763334.75,2834,20250505.0,93.0,LLY-US
Steve Scala,TD Cowen,917,LLY-US,2025Q1,2025,0.0358318138522247,696677.25,2834,20250421.0,9.0,LLY-US
Mohit Bansal,Wells Fargo Securities,596,LLY-US,2025Q1,2025,0.0358364403320179,696677.25,2834,20250328.0,33.0,LLY-US
Steve Chesney,Rothschild & Co Redburn,1652,LLY-US,2025Q1,2025,,696677.25,2834,20250318.0,43.0,LLY-US
Evan David Seigerman,BMO Capital Markets,181,LLY-US,2025Q1,2025,0.0355938222887467,696677.25,2834,20250206.0,83.0,LLY-US
Courtney Breen,Bernstein Research,1140,LLY-US,2025Q1,2025,,696677.25,2834,20241015.0,197.0,LLY-US
James Shin,Deutsche Bank Research,77,LLY-US,2025Q1,2025,0.036257115253776,696677.25,2834,20250417.0,13.0,LLY-US
Carter Gould,Cantor Fitzgerald,1190,LLY-US,2025Q1,2025,0.0399186283848142,696677.25,2834,20250417.0,13.0,LLY-US
David Risinger,Leerink Partners,1079,LLY-US,2025Q1,2025,0.0366256633555585,696677.25,2834,20250206.0,83.0,LLY-US
Srikripa Devarakonda,Truist Securities,852,LLY-US,2025Q1,2025,0.0360405497346577,696677.25,2834,20250411.0,19.0,LLY-US
Kerry Holford,Berenberg,577,LLY-US,2025Q1,2025,,696677.25,2834,20250320.0,41.0,LLY-US
Akash Tewari,Jefferies,512,LLY-US,2025Q1,2025,0.0413882160838209,696677.25,2834,20250206.0,83.0,LLY-US
Seamus Fernandez,Guggenheim Securities,1515,LLY-US,2025Q1,2025,0.0357684038644713,696677.25,2834,20250411.0,19.0,LLY-US
Xiaodi Gao,First Shanghai,1701,LLY-US,2025Q1,2025,0.0333599129133215,696677.25,2834,20250319.0,42.0,LLY-US
Jasper Hellweg,Argus Research,376,LLY-US,2025Q1,2025,0.0332510545652469,696677.25,2834,20250219.0,70.0,LLY-US
Jin Zhang,China International Capital,898,LLY-US,2025Q1,2025,0.0330061232820792,696677.25,2834,20250210.0,79.0,LLY-US
Courtney Breen,Bernstein Research,1140,LLY-US,2024Q4,2024,,727745.4,2834,20241015.0,113.0,LLY-US
Srikripa Devarakonda,Truist Securities,852,LLY-US,2024Q4,2024,0.0327628489433863,727745.4,2834,20250129.0,7.0,LLY-US
James Shin,Deutsche Bank Research,77,LLY-US,2024Q4,2024,0.035394878685103,727745.4,2834,20241031.0,97.0,LLY-US
Jonah Chen,China Merchants Securities,1788,LLY-US,2024Q4,2024,0.0325410905296112,727745.4,2834,20250108.0,28.0,LLY-US
Akash Tewari,Jefferies,512,LLY-US,2024Q4,2024,0.0346804069919123,727745.4,2834,20250113.0,23.0,LLY-US
Evan David Seigerman,BMO Capital Markets,181,LLY-US,2024Q4,2024,0.0328672058439864,727745.4,2834,20250131.0,5.0,LLY-US
Mohit Bansal,Wells Fargo Securities,596,LLY-US,2024Q4,2024,0.0322410644403861,727745.4,2834,20250127.0,9.0,LLY-US
Steve Scala,TD Cowen,917,LLY-US,2024Q4,2024,0.0311061831463605,727745.4,2834,20241211.0,56.0,LLY-US
Kerry Holford,Berenberg,577,LLY-US,2024Q4,2024,,727745.4,2834,20250114.0,22.0,LLY-US
Seamus Fernandez,Guggenheim Securities,1515,LLY-US,2024Q4,2024,0.0305583094182102,727745.4,2834,20250116.0,20.0,LLY-US
David Risinger,Leerink Partners,1079,LLY-US,2024Q4,2024,0.034106444038612,727745.4,2834,20250115.0,21.0,LLY-US
Xiaodi Gao,First Shanghai,1701,LLY-US,2024Q4,2024,0.0290320897469345,727745.4,2834,20241206.0,61.0,LLY-US
Narumi Nakagiri,Daiwa Securities Co. Ltd.,467,LLY-US,2024Q4,2024,0.0242708061570571,727745.4,2834,20240812.0,177.0,LLY-US
Steve Chesney,Rothschild & Co Redburn,1652,LLY-US,2024Q4,2024,,727745.4,2834,20240903.0,155.0,LLY-US
Courtney Breen,Bernstein Research,1140,LLY-US,2024Q3,2024,,870989.2,2834,20241015.0,14.0,LLY-US
Srikripa Devarakonda,Truist Securities,852,LLY-US,2024Q3,2024,0.0314024137404247,870989.2,2834,20241008.0,21.0,LLY-US
Mohit Bansal,Wells Fargo Securities,596,LLY-US,2024Q3,2024,0.0319152790205364,870989.2,2834,20240808.0,82.0,LLY-US
Evan David Seigerman,BMO Capital Markets,181,LLY-US,2024Q3,2024,0.0292429235503371,870989.2,2834,20240808.0,82.0,LLY-US
Akash Tewari,Jefferies,512,LLY-US,2024Q3,2024,0.0288271753126295,870989.2,2834,20241017.0,12.0,LLY-US
Kerry Holford,Berenberg,577,LLY-US,2024Q3,2024,,870989.2,2834,20240905.0,54.0,LLY-US
Steve Scala,TD Cowen,917,LLY-US,2024Q3,2024,0.0290563278845944,870989.2,2834,20240904.0,55.0,LLY-US
James Shin,Deutsche Bank Research,77,LLY-US,2024Q3,2024,0.0348568276554418,870989.2,2834,20241016.0,13.0,LLY-US
Seamus Fernandez,Guggenheim Securities,1515,LLY-US,2024Q3,2024,0.0324827044368302,870989.2,2834,20240815.0,75.0,LLY-US
David Risinger,Leerink Partners,1079,LLY-US,2024Q3,2024,0.0339558281137469,870989.2,2834,20240808.0,82.0,LLY-US
Louise Chen,Cantor Fitzgerald,1190,LLY-US,2024Q3,2024,0.0257936317409048,870989.2,2834,20240808.0,82.0,LLY-US
Jonah Chen,China Merchants Securities,1788,LLY-US,2024Q3,2024,0.0292854804565592,870989.2,2834,20240808.0,82.0,LLY-US
Steve Chesney,Rothschild & Co Redburn,1652,LLY-US,2024Q3,2024,,870989.2,2834,20240903.0,56.0,LLY-US
Xiaodi Gao,First Shanghai,1701,LLY-US,2024Q3,2024,0.0276159402893869,870989.2,2834,20240502.0,180.0,LLY-US
Narumi Nakagiri,Daiwa Securities Co. Ltd.,467,LLY-US,2024Q3,2024,0.024396892254643,870989.2,2834,20240812.0,78.0,LLY-US
Steve Scala,TD Cowen,917,LLY-US,2024Q2,2024,0.0230380301757205,780463.44,2834,20240516.0,83.0,LLY-US
Srikripa Devarakonda,Truist Securities,852,LLY-US,2024Q2,2024,0.026520780818081,780463.44,2834,20240206.0,183.0,LLY-US
Mohit Bansal,Wells Fargo Securities,596,LLY-US,2024Q2,2024,0.0264233612196933,780463.44,2834,20240430.0,99.0,LLY-US
Seamus Fernandez,Guggenheim Securities,1515,LLY-US,2024Q2,2024,0.0276045738501443,780463.44,2834,20240409.0,120.0,LLY-US
Akash Tewari,Jefferies,512,LLY-US,2024Q2,2024,0.0262406994727164,780463.44,2834,20240719.0,19.0,LLY-US
Evan David Seigerman,BMO Capital Markets,181,LLY-US,2024Q2,2024,0.0285524665424566,780463.44,2834,20240718.0,20.0,LLY-US
James Shin,Deutsche Bank Research,77,LLY-US,2024Q2,2024,0.0269469915610272,780463.44,2834,20240430.0,99.0,LLY-US
David Risinger,Leerink Partners,1079,LLY-US,2024Q2,2024,0.0270078788100196,780463.44,2834,20240430.0,99.0,LLY-US
Kerry Holford,Berenberg,577,LLY-US,2024Q2,2024,,780463.44,2834,20240507.0,92.0,LLY-US
Steve Chesney,Rothschild & Co Redburn,1652,LLY-US,2024Q2,2024,,780463.44,2834,20240501.0,98.0,LLY-US
Louise Chen,Cantor Fitzgerald,1190,LLY-US,2024Q2,2024,0.0216741557982927,780463.44,2834,20240430.0,99.0,LLY-US
Warren Dai,China Merchants Securities,1788,LLY-US,2024Q2,2024,0.0258997308783594,780463.44,2834,20240507.0,92.0,LLY-US
Narumi Nakagiri,Daiwa Securities Co. Ltd.,467,LLY-US,2024Q2,2024,0.0204929431678417,780463.44,2834,20240507.0,92.0,LLY-US
Yu Cui Dan,First Shanghai,1701,LLY-US,2024Q2,2024,0.0279942522436951,780463.44,2834,20240502.0,97.0,LLY-US
Steve Scala,TD Cowen,917,LLY-US,2024Q1,2024,0.022321557704154,709975.06,2834,20240208.0,81.0,LLY-US
Kerry Holford,Berenberg,577,LLY-US,2024Q1,2024,,709975.06,2834,20240223.0,66.0,LLY-US
Evan David Seigerman,BMO Capital Markets,181,LLY-US,2024Q1,2024,0.03282976671934,709975.06,2834,20240418.0,11.0,LLY-US
James Shin,Deutsche Bank Research,77,LLY-US,2024Q1,2024,0.0301957843426092,709975.06,2834,20240207.0,82.0,LLY-US
Mohit Bansal,Wells Fargo Securities,596,LLY-US,2024Q1,2024,0.029285159493264,709975.06,2834,20240206.0,83.0,LLY-US
Louise Chen,Cantor Fitzgerald,1190,LLY-US,2024Q1,2024,0.0233928810563248,709975.06,2834,20240206.0,83.0,LLY-US
Akash Tewari,Jefferies,512,LLY-US,2024Q1,2024,0.0290575032809277,709975.06,2834,20240416.0,13.0,LLY-US
Srikripa Devarakonda,Truist Securities,852,LLY-US,2024Q1,2024,0.0299547365883707,709975.06,2834,20240206.0,83.0,LLY-US
David Risinger,Leerink Partners,1079,LLY-US,2024Q1,2024,0.0291110694485363,709975.06,2834,20240411.0,18.0,LLY-US
Seamus Fernandez,Guggenheim Securities,1515,LLY-US,2024Q1,2024,0.0313876315718991,709975.06,2834,20240409.0,20.0,LLY-US
Steve Chesney,Rothschild & Co Redburn,1652,LLY-US,2024Q1,2024,,709975.06,2834,20240207.0,82.0,LLY-US
Narumi Nakagiri,Daiwa Securities Co. Ltd.,467,LLY-US,2024Q1,2024,0.0196566408656292,709975.06,2834,20240208.0,81.0,LLY-US
Evan David Seigerman,BMO Capital Markets,181,LLY-US,2023Q4,2023,0.0392670880447211,597759.8,2834,20240125.0,11.0,LLY-US
Mohit Bansal,Wells Fargo Securities,596,LLY-US,2023Q4,2023,0.0327842713759369,597759.8,2834,20240123.0,13.0,LLY-US
Seamus Fernandez,Guggenheim Securities,1515,LLY-US,2023Q4,2023,0.0363892770931266,597759.8,2834,20231102.0,95.0,LLY-US
Steve Scala,TD Cowen,917,LLY-US,2023Q4,2023,0.0265112438063778,597759.8,2834,20240125.0,11.0,LLY-US
Kerry Holford,Berenberg,577,LLY-US,2023Q4,2023,,597759.8,2834,20231128.0,69.0,LLY-US
David Risinger,Leerink Partners,1079,LLY-US,2023Q4,2023,0.0317678820988438,597759.8,2834,20231102.0,95.0,LLY-US
Louise Chen,Cantor Fitzgerald,1190,LLY-US,2023Q4,2023,0.023668530047008,597759.8,2834,20231102.0,95.0,LLY-US
James Shin,Deutsche Bank Research,77,LLY-US,2023Q4,2023,0.0305630796595095,597759.8,2834,20231107.0,90.0,LLY-US
Robyn Karnauskas,Truist Securities,852,LLY-US,2023Q4,2023,0.038040909668403,597759.8,2834,20231106.0,91.0,LLY-US
Narumi Nakagiri,Daiwa Securities Co. Ltd.,467,LLY-US,2023Q4,2023,0.0203970270613645,597759.8,2834,20231107.0,90.0,LLY-US
Evan David Seigerman,BMO Capital Markets,181,LLY-US,2023Q3,2023,0.0383425863236289,560843.56,2834,20231018.0,14.0,LLY-US
David Risinger,Leerink Partners,1079,LLY-US,2023Q3,2023,0.038344278943805,560843.56,2834,20230809.0,84.0,LLY-US
Kerry Holford,Berenberg,577,LLY-US,2023Q3,2023,,560843.56,2834,20230901.0,61.0,LLY-US
Louise Chen,Cantor Fitzgerald,1190,LLY-US,2023Q3,2023,0.0307782667569397,560843.56,2834,20230808.0,85.0,LLY-US
Seamus Fernandez,Guggenheim Securities,1515,LLY-US,2023Q3,2023,0.0422203791469194,560843.56,2834,20231013.0,19.0,LLY-US
Steve Scala,TD Cowen,917,LLY-US,2023Q3,2023,0.0306597833446174,560843.56,2834,20230928.0,34.0,LLY-US
Steve Chesney,Rothschild & Co Redburn,1652,LLY-US,2023Q3,2023,,560843.56,2834,20230809.0,84.0,LLY-US
Narumi Nakagiri,Daiwa Securities Co. Ltd.,467,LLY-US,2023Q3,2023,0.0250572105619499,560843.56,2834,20230811.0,82.0,LLY-US
Robyn Karnauskas,Truist Securities,852,LLY-US,2023Q3,2023,0.0336895734597156,560843.56,2834,20230808.0,85.0,LLY-US
Robyn Karnauskas,Truist Securities,852,LLY-US,2023Q2,2023,0.0405796214538619,434330.34,2834,20230427.0,102.0,LLY-US
Mohit Bansal,Wells Fargo Securities,596,LLY-US,2023Q2,2023,0.0398583730384228,434330.34,2834,20230525.0,74.0,LLY-US
Evan David Seigerman,BMO Capital Markets,181,LLY-US,2023Q2,2023,0.0511459107400445,434330.34,2834,20230720.0,18.0,LLY-US
Louise Chen,Cantor Fitzgerald,1190,LLY-US,2023Q2,2023,0.0322961926826069,434330.34,2834,20230427.0,102.0,LLY-US
Kerry Holford,Berenberg,577,LLY-US,2023Q2,2023,,434330.34,2834,20230616.0,52.0,LLY-US
Steve Scala,TD Cowen,917,LLY-US,2023Q2,2023,0.0336512654631289,434330.34,2834,20230522.0,77.0,LLY-US
Seamus Fernandez,Guggenheim Securities,1515,LLY-US,2023Q2,2023,0.0438143113170433,434330.34,2834,20230515.0,84.0,LLY-US
David Risinger,Leerink Partners,1079,LLY-US,2023Q2,2023,0.0393338287362853,434330.34,2834,20230428.0,101.0,LLY-US
Steve Chesney,Rothschild & Co Redburn,1652,LLY-US,2023Q2,2023,,434330.34,2834,20230510.0,89.0,LLY-US
Narumi Nakagiri,Daiwa Securities Co. Ltd.,467,LLY-US,2023Q2,2023,0.0283183983913974,434330.34,2834,20230502.0,97.0,LLY-US
Emma Schwartz,Jefferies,512,LNG-US,2026Q1,2026,0.1270899140713091,54045.11,4924,20260402.0,34.0,LNG-US
Greg Wasikowski,Webber Research & Advisory,3412,LNG-US,2026Q1,2026,0.1158913643609782,54045.11,4924,20260504.0,2.0,LNG-US
Elvira Scotto,RBC Capital Markets,1269,LNG-US,2026Q1,2026,0.1289945176717602,54045.11,4924,20260410.0,26.0,LNG-US
Brandon Bingham,Scotiabank GBM,810,LNG-US,2026Q1,2026,0.1231233718262762,54045.11,4924,20260414.0,22.0,LNG-US
James Carreker,U.S. Capital Advisors,1866,LNG-US,2026Q1,2026,0.1172522259807924,54045.11,4924,20260320.0,47.0,LNG-US
Jason Gabelman,TD Cowen,917,LNG-US,2026Q1,2026,0.1293285119950231,54045.11,4924,20260416.0,20.0,LNG-US
Ameet Thakkar,BMO Capital Markets,181,LNG-US,2026Q1,2026,0.1197017768964578,54045.11,4924,20260417.0,19.0,LNG-US
Michael Blum,Wells Fargo Securities,596,LNG-US,2026Q1,2026,0.1161246549243749,54045.11,4924,20260324.0,43.0,LNG-US
Bob Brackett,Bernstein Research,1140,LNG-US,2026Q1,2026,,54045.11,4924,20251107.0,180.0,LNG-US
William Selesky,Argus Research,376,LNG-US,2026Q1,2026,0.1206349391500447,54045.11,4924,20260310.0,57.0,LNG-US
Gabriel Moreen,Mizuho Securities USA,1802,LNG-US,2026Q1,2026,0.1270504296434542,54045.11,4924,20260223.0,72.0,LNG-US
Lloyd Byrne,Jefferies,512,LNG-US,2025Q4,2025,0.0231710541907843,47224.66,4924,20260123.0,33.0,LNG-US
Greg Wasikowski,Webber Research & Advisory,3412,LNG-US,2025Q4,2025,0.0121749236589034,47224.66,4924,20260223.0,2.0,LNG-US
Gabriel Moreen,Mizuho Securities USA,1802,LNG-US,2025Q4,2025,0.0243439223371769,47224.66,4924,20260223.0,2.0,LNG-US
Brandon Bingham,Scotiabank GBM,810,LNG-US,2025Q4,2025,0.0168693313887243,47224.66,4924,20260115.0,41.0,LNG-US
Elvira Scotto,RBC Capital Markets,1269,LNG-US,2025Q4,2025,0.0197406681555079,47224.66,4924,20260127.0,29.0,LNG-US
James Carreker,U.S. Capital Advisors,1866,LNG-US,2025Q4,2025,0.0074805159290825,47224.66,4924,20260130.0,26.0,LNG-US
Ameet Thakkar,BMO Capital Markets,181,LNG-US,2025Q4,2025,0.00515610045121,47224.66,4924,20251209.0,78.0,LNG-US
Jason Gabelman,TD Cowen,917,LNG-US,2025Q4,2025,0.0105870288500979,47224.66,4924,20260115.0,41.0,LNG-US
Michael Blum,Wells Fargo Securities,596,LNG-US,2025Q4,2025,0.0068880178660954,47224.66,4924,20260109.0,47.0,LNG-US
Bob Brackett,Bernstein Research,1140,LNG-US,2025Q4,2025,,47224.66,4924,20251107.0,110.0,LNG-US
William Selesky,Argus Research,376,LNG-US,2025Q4,2025,0.0256656487853789,47224.66,4924,20251113.0,104.0,LNG-US
James Carreker,U.S. Capital Advisors,1866,LNG-US,2025Q3,2025,0.0405225610033171,48364.367,4924,20250519.0,163.0,LNG-US
Justin  Jenkins,Raymond James,402,LNG-US,2025Q3,2025,0.0397046394329077,48364.367,4924,20251023.0,6.0,LNG-US
Elvira Scotto,RBC Capital Markets,1269,LNG-US,2025Q3,2025,0.0474294542645521,48364.367,4924,20251021.0,8.0,LNG-US
Bob Brackett,Bernstein Research,1140,LNG-US,2025Q3,2025,,48364.367,4924,20251009.0,20.0,LNG-US
Jason Gabelman,TD Cowen,917,LNG-US,2025Q3,2025,0.0367510337619848,48364.367,4924,20251016.0,13.0,LNG-US
Ameet Thakkar,BMO Capital Markets,181,LNG-US,2025Q3,2025,0.0414313627482164,48364.367,4924,20250917.0,42.0,LNG-US
Lloyd Byrne,Jefferies,512,LNG-US,2025Q3,2025,0.0532912255191529,48364.367,4924,20251007.0,22.0,LNG-US
Brandon Bingham,Scotiabank GBM,810,LNG-US,2025Q3,2025,0.053154905257418,48364.367,4924,20250711.0,110.0,LNG-US
Robert Mosca,Mizuho Securities USA,1802,LNG-US,2025Q3,2025,0.0529277048211932,48364.367,4924,20250827.0,63.0,LNG-US
William Selesky,Argus Research,376,LNG-US,2025Q3,2025,0.0431580860635252,48364.367,4924,20250825.0,65.0,LNG-US
Peter Low,Rothschild & Co Redburn,1652,LNG-US,2025Q3,2025,,48364.367,4924,20240809.0,446.0,LNG-US
Greg Wasikowski,Webber Research & Advisory,3412,LNG-US,2025Q3,2025,0.0472476939155723,48364.367,4924,20250808.0,82.0,LNG-US
Michael Blum,Wells Fargo Securities,596,LNG-US,2025Q3,2025,0.0423401644931158,48364.367,4924,20250808.0,82.0,LNG-US
Jason Gabelman,TD Cowen,917,LNG-US,2025Q2,2025,0.0209154118689105,50079.16,4924,20250624.0,43.0,LNG-US
Lloyd Byrne,Jefferies,512,LNG-US,2025Q2,2025,0.0312586359610274,50079.16,4924,20250624.0,43.0,LNG-US
James Carreker,U.S. Capital Advisors,1866,LNG-US,2025Q2,2025,0.0285456155890168,50079.16,4924,20250425.0,103.0,LNG-US
Bob Brackett,Bernstein Research,1140,LNG-US,2025Q2,2025,,50079.16,4924,20250610.0,57.0,LNG-US
Brandon Bingham,Scotiabank GBM,810,LNG-US,2025Q2,2025,0.040193091231178,50079.16,4924,20250711.0,26.0,LNG-US
Robert Mosca,Mizuho Securities USA,1802,LNG-US,2025Q2,2025,0.0346129317980513,50079.16,4924,20250627.0,40.0,LNG-US
Michael Blum,Wells Fargo Securities,596,LNG-US,2025Q2,2025,0.0315571302037201,50079.16,4924,20250623.0,44.0,LNG-US
William Selesky,Argus Research,376,LNG-US,2025Q2,2025,0.0236740478299379,50079.16,4924,20250516.0,82.0,LNG-US
Peter Low,Rothschild & Co Redburn,1652,LNG-US,2025Q2,2025,,50079.16,4924,20240809.0,362.0,LNG-US
Justin  Jenkins,Raymond James,402,LNG-US,2025Q2,2025,0.0281027457927369,50079.16,4924,20250508.0,90.0,LNG-US
Brandon Bingham,Scotiabank GBM,810,LNG-US,2025Q1,2025,0.0652744478408748,51753.11,4924,20250425.0,12.0,LNG-US
James Carreker,U.S. Capital Advisors,1866,LNG-US,2025Q1,2025,0.0527179575494037,51753.11,4924,20250425.0,12.0,LNG-US
Lloyd Byrne,Jefferies,512,LNG-US,2025Q1,2025,0.0536651310974297,51753.11,4924,20250321.0,47.0,LNG-US
Justin  Jenkins,Raymond James,402,LNG-US,2025Q1,2025,0.0514263572566409,51753.11,4924,20250421.0,16.0,LNG-US
William Selesky,Argus Research,376,LNG-US,2025Q1,2025,0.0504791837086149,51753.11,4924,20250317.0,51.0,LNG-US
Elvira Scotto,RBC Capital Markets,1269,LNG-US,2025Q1,2025,0.052416584147759,51753.11,4924,20250303.0,65.0,LNG-US
Jason Gabelman,TD Cowen,917,LNG-US,2025Q1,2025,0.0426434752658543,51753.11,4924,20250220.0,76.0,LNG-US
Robert Mosca,Mizuho Securities USA,1802,LNG-US,2025Q1,2025,0.0545261979592715,51753.11,4924,20250314.0,54.0,LNG-US
Michael Blum,Wells Fargo Securities,596,LNG-US,2025Q1,2025,0.054784518017824,51753.11,4924,20250220.0,76.0,LNG-US
Peter Low,Rothschild & Co Redburn,1652,LNG-US,2025Q1,2025,,51753.11,4924,20240809.0,271.0,LNG-US
Jason Gabelman,TD Cowen,917,LNG-US,2024Q4,2024,0.0304432108937941,51736.34,4924,20250124.0,26.0,LNG-US
Brandon Bingham,Scotiabank GBM,810,LNG-US,2024Q4,2024,0.0517862873498417,51736.34,4924,20250108.0,42.0,LNG-US
Michael Blum,Wells Fargo Securities,596,LNG-US,2024Q4,2024,0.0370159156945227,51736.34,4924,20241217.0,64.0,LNG-US
Benjamin J. Nolan,Stifel Nicolaus,548,LNG-US,2024Q4,2024,0.0372761177848128,51736.34,4924,20241202.0,79.0,LNG-US
James Carreker,U.S. Capital Advisors,1866,LNG-US,2024Q4,2024,0.0364955115139424,51736.34,4924,20241125.0,86.0,LNG-US
Elvira Scotto,RBC Capital Markets,1269,LNG-US,2024Q4,2024,0.0337200225508478,51736.34,4924,20250131.0,19.0,LNG-US
Peter Low,Rothschild & Co Redburn,1652,LNG-US,2024Q4,2024,,51736.34,4924,20240809.0,194.0,LNG-US
Justin  Jenkins,Raymond James,402,LNG-US,2024Q4,2024,0.0299904592566893,51736.34,4924,20241202.0,79.0,LNG-US
Lloyd Byrne,Jefferies,512,LNG-US,2024Q4,2024,0.0445877618283533,51736.34,4924,20250103.0,47.0,LNG-US
Robert Mosca,Mizuho Securities USA,1802,LNG-US,2024Q4,2024,0.0417429203347933,51736.34,4924,20241211.0,70.0,LNG-US
Jason Gabelman,TD Cowen,917,LNG-US,2024Q3,2024,0.0425032887524665,41281.27,4924,20240614.0,138.0,LNG-US
Robert Mosca,Mizuho Securities USA,1802,LNG-US,2024Q3,2024,0.0512283490462617,41281.27,4924,20241025.0,5.0,LNG-US
James Carreker,U.S. Capital Advisors,1866,LNG-US,2024Q3,2024,0.0393090988818241,41281.27,4924,20240820.0,71.0,LNG-US
Elvira Scotto,RBC Capital Markets,1269,LNG-US,2024Q3,2024,0.0444315939486954,41281.27,4924,20241015.0,15.0,LNG-US
Benjamin J. Nolan,Stifel Nicolaus,548,LNG-US,2024Q3,2024,0.0453085946064459,41281.27,4924,20240808.0,83.0,LNG-US
Michael Blum,Wells Fargo Securities,596,LNG-US,2024Q3,2024,0.0601222319666739,41281.27,4924,20240808.0,83.0,LNG-US
Peter Low,Rothschild & Co Redburn,1652,LNG-US,2024Q3,2024,,41281.27,4924,20240809.0,82.0,LNG-US
Jason Gabelman,TD Cowen,917,LNG-US,2024Q2,2024,0.0449571874113977,40368.723,4924,20240614.0,54.0,LNG-US
Robert Mosca,Mizuho Securities USA,1802,LNG-US,2024Q2,2024,0.0552622625460731,40368.723,4924,20240628.0,40.0,LNG-US
Tristan J. Richardson,Scotiabank GBM,810,LNG-US,2024Q2,2024,0.0662823929685285,40368.723,4924,20240503.0,96.0,LNG-US
James Carreker,U.S. Capital Advisors,1866,LNG-US,2024Q2,2024,0.0399134788772327,40368.723,4924,20240726.0,12.0,LNG-US
Lloyd Byrne,Jefferies,512,LNG-US,2024Q2,2024,0.0438644740572724,40368.723,4924,20240621.0,47.0,LNG-US
Michael Blum,Wells Fargo Securities,596,LNG-US,2024Q2,2024,0.035859937624043,40368.723,4924,20240514.0,85.0,LNG-US
Peter Low,Rothschild & Co Redburn,1652,LNG-US,2024Q2,2024,,40368.723,4924,20240509.0,90.0,LNG-US
Benjamin J. Nolan,Stifel Nicolaus,548,LNG-US,2024Q2,2024,0.0712531896796144,40368.723,4924,20240503.0,96.0,LNG-US
Robert Mosca,Mizuho Securities USA,1802,LNG-US,2024Q1,2024,0.0678755325060196,37360.22,4924,20240429.0,3.0,LNG-US
James Carreker,U.S. Capital Advisors,1866,LNG-US,2024Q1,2024,0.0619278384886089,37360.22,4924,20240426.0,6.0,LNG-US
Tristan J. Richardson,Scotiabank GBM,810,LNG-US,2024Q1,2024,0.0742004198308328,37360.22,4924,20240306.0,57.0,LNG-US
Peter Low,Rothschild & Co Redburn,1652,LNG-US,2024Q1,2024,,37360.22,4924,20240416.0,16.0,LNG-US
Lloyd Byrne,Jefferies,512,LNG-US,2024Q1,2024,0.0548484287213681,37360.22,4924,20240315.0,48.0,LNG-US
Michael Blum,Wells Fargo Securities,596,LNG-US,2024Q1,2024,0.0566388837439031,37360.22,4924,20240226.0,66.0,LNG-US
Benjamin J. Nolan,Stifel Nicolaus,548,LNG-US,2024Q1,2024,0.0796060998950422,37360.22,4924,20240222.0,70.0,LNG-US
Jason Gabelman,TD Cowen,917,LNG-US,2024Q1,2024,0.0471926900043217,37360.22,4924,20240226.0,66.0,LNG-US
Tristan J. Richardson,Scotiabank GBM,810,LNG-US,2023Q4,2023,0.0663786731634182,38139.84,4924,20240130.0,22.0,LNG-US
Michael Blum,Wells Fargo Securities,596,LNG-US,2023Q4,2023,0.0510900799600199,38139.84,4924,20231213.0,70.0,LNG-US
Michael Blum,Wells Fargo Securities,596,LNG-US,2023Q3,2023,0.0223373590064942,42238.996,4924,20231024.0,8.0,LNG-US
Tristan J. Richardson,Scotiabank GBM,810,LNG-US,2023Q3,2023,0.0678380597014925,42238.996,4924,20231002.0,30.0,LNG-US
Tristan J. Richardson,Scotiabank GBM,810,LNG-US,2023Q2,2023,0.0982388212030362,38088.555,4924,20230529.0,65.0,LNG-US
Michael Blum,Wells Fargo Securities,596,LNG-US,2023Q2,2023,0.0367079160553677,38088.555,4924,20230306.0,149.0,LNG-US
Mark Zgutowicz,"Benchmark, a StoneX Company",1124,META-US,2026Q1,2026,0.0306711039637868,1474820.4,7370,20260427.0,1.0,META-US
Barton Crockett,Rosenblatt Securities,2623,META-US,2026Q1,2026,0.0250723666577325,1474820.4,7370,20260408.0,20.0,META-US
Brad Erickson,RBC Capital Markets,1269,META-US,2026Q1,2026,0.0296585663658834,1474820.4,7370,20260129.0,89.0,META-US
Mark Shmulik,Bernstein Research,1140,META-US,2026Q1,2026,,1474820.4,7370,20260129.0,89.0,META-US
Nathaniel Schindler,Scotiabank GBM,810,META-US,2026Q1,2026,0.0305924833973614,1474820.4,7370,20260129.0,89.0,META-US
Brent Thill,Jefferies,512,META-US,2026Q1,2026,0.0274994788409422,1474820.4,7370,20260129.0,89.0,META-US
Joe Wittine,Edgewater Research,3222,META-US,2026Q1,2026,0.0285269066976384,1474820.4,7370,20260129.0,89.0,META-US
Ross Walthall,Cleveland Research Company,2295,META-US,2026Q1,2026,0.0289661693320229,1474820.4,7370,20260309.0,50.0,META-US
Mark Mahaney,Evercore ISI,1772,META-US,2026Q1,2026,0.0274548080645641,1474820.4,7370,20260129.0,89.0,META-US
Michael Morris,Guggenheim Securities,1515,META-US,2026Q1,2026,0.02997126180053,1474820.4,7370,20260422.0,6.0,META-US
Jason Helfstein,Oppenheimer,498,META-US,2026Q1,2026,0.0262933678787337,1474820.4,7370,20260129.0,89.0,META-US
Brian J. White,"Monness, Crespi, Hardt",1080,META-US,2026Q1,2026,0.0288098216146996,1474820.4,7370,20251030.0,180.0,META-US
Brian J. Pitz,BMO Capital Markets,181,META-US,2026Q1,2026,0.0282886625569552,1474820.4,7370,20260129.0,89.0,META-US
Youssef Squali,Truist Securities,852,META-US,2026Q1,2026,0.0267847464188927,1474820.4,7370,20260129.0,89.0,META-US
Mark Kelley,Stifel Nicolaus,548,META-US,2026Q1,2026,0.0272016736650883,1474820.4,7370,20260410.0,18.0,META-US
Lloyd Walmsley,Mizuho Securities USA,1802,META-US,2026Q1,2026,0.0312816045742875,1474820.4,7370,20260417.0,11.0,META-US
Xiao Yu Han,First Shanghai,1701,META-US,2026Q1,2026,0.0319516662199588,1474820.4,7370,20260416.0,12.0,META-US
Deepak Mathivanan,Cantor Fitzgerald,1190,META-US,2026Q1,2026,0.0273654665118079,1474820.4,7370,20260417.0,11.0,META-US
Rob Sanderson,Loop Capital Markets,1009,META-US,2026Q1,2026,0.0284524554036749,1474820.4,7370,20260213.0,74.0,META-US
Andrew Boone,Citizens,805,META-US,2026Q1,2026,0.0276930522052473,1474820.4,7370,20260417.0,11.0,META-US
Maria Ripps,Canaccord Genuity,466,META-US,2026Q1,2026,0.026918758748027,1474820.4,7370,20260129.0,89.0,META-US
Michael Nathanson,MoffettNathanson Research,3177,META-US,2026Q1,2026,0.0299265910241519,1474820.4,7370,20260129.0,89.0,META-US
John Blackledge,TD Cowen,917,META-US,2026Q1,2026,0.0298521397301885,1474820.4,7370,20260129.0,89.0,META-US
Josh J. Beck,Raymond James,402,META-US,2026Q1,2026,0.0313113850918728,1474820.4,7370,20260415.0,13.0,META-US
Serena Yi Qi Lim,Phillip Securities,651,META-US,2026Q1,2026,0.0388309657821853,1474820.4,7370,20260130.0,88.0,META-US
Benjamin Black,Deutsche Bank Research,77,META-US,2026Q1,2026,0.029628785848298,1474820.4,7370,20260129.0,89.0,META-US
Thomas Champion,Piper Sandler Companies,570,META-US,2026Q1,2026,0.0276781619464546,1474820.4,7370,20251030.0,180.0,META-US
Justin Patterson,KeyBanc Capital Markets,618,META-US,2026Q1,2026,0.0281248697102355,1474820.4,7370,20260129.0,89.0,META-US
Ken Gawrelski,Wells Fargo Securities,596,META-US,2026Q1,2026,0.0297032371422615,1474820.4,7370,20260129.0,89.0,META-US
Ralph Schackart,William Blair,198,META-US,2026Q1,2026,0.0277972840167962,1474820.4,7370,20260129.0,89.0,META-US
Joseph Bonner,Argus Research,376,META-US,2026Q1,2026,0.0292267488608952,1474820.4,7370,20260130.0,88.0,META-US
Ivan Feinseth,Tigress Financial Partners LLC,2345,META-US,2026Q1,2026,0.0315049584561779,1474820.4,7370,20260317.0,42.0,META-US
Laura Martin,Needham,477,META-US,2026Q1,2026,0.0280206378986866,1474820.4,7370,20251030.0,180.0,META-US
Tommy Wong,China Merchants Securities,1788,META-US,2026Q1,2026,0.0304626403406891,1474820.4,7370,20260310.0,49.0,META-US
Daniel Salmon,New Street Research,1634,META-US,2026Q1,2026,0.0299861520593227,1474820.4,7370,20260129.0,89.0,META-US
Saiyi He,CMB International,2157,META-US,2026Q1,2026,0.0281248697102355,1474820.4,7370,20251030.0,180.0,META-US
Vincent Bai,China International Capital,898,META-US,2026Q1,2026,0.0292863098960659,1474820.4,7370,20260129.0,89.0,META-US
Hui Ting Tang,Mega Intl Invst Serv,1175,META-US,2026Q1,2026,0.0287651508383215,1474820.4,7370,20251215.0,134.0,META-US
Bo Tao Yu,China Securities,697,META-US,2026Q1,2026,0.0284375651448822,1474820.4,7370,20260203.0,84.0,META-US
Saken Ismailov,Freedom Broker,3713,META-US,2026Q1,2026,0.0283780041097114,1474820.4,7370,20250804.0,267.0,META-US
Lun Ke Zhang,Guosen Securities,1894,META-US,2026Q1,2026,0.0303137377527621,1474820.4,7370,20251030.0,180.0,META-US
Satoshi Tanaka,Daiwa Securities Co. Ltd.,467,META-US,2026Q1,2026,0.0267996366776854,1474820.4,7370,20260130.0,88.0,META-US
Craig A. Huber,Huber Research,2914,META-US,2026Q1,2026,,1474820.4,7370,20260129.0,89.0,META-US
Ella Ji,China Renaissance Securities (US),2903,META-US,2026Q1,2026,0.0238066946603531,1474820.4,7370,20260129.0,89.0,META-US
Barney Yao,Haitong International Research,2898,META-US,2026Q1,2026,0.0363889633401828,1474820.4,7370,20260129.0,89.0,META-US
James Cordwell,Rothschild & Co Redburn,1652,META-US,2026Q1,2026,,1474820.4,7370,20260129.0,89.0,META-US
Lulu Xia,Huatai Research,1271,META-US,2026Q1,2026,0.0292267488608952,1474820.4,7370,20260129.0,89.0,META-US
Jia Qing Dong,Capital Securities Asia,1128,META-US,2026Q1,2026,0.0286311385091872,1474820.4,7370,20260122.0,96.0,META-US
Irene Weng,Fubon Securities,1084,META-US,2026Q1,2026,0.0277526132404181,1474820.4,7370,20260129.0,89.0,META-US
Shyam Patil,Susquehanna Financial Group,974,META-US,2026Q1,2026,0.0263827094314899,1474820.4,7370,20260129.0,89.0,META-US
David Heasman,ARC Independent Research,940,META-US,2026Q1,2026,0.0290927365317609,1474820.4,7370,20260129.0,89.0,META-US
Gil Luria,DA Davidson,556,META-US,2026Q1,2026,0.0290778462729682,1474820.4,7370,20260129.0,89.0,META-US
Ella Ji,China Renaissance Securities (US),2903,META-US,2025Q4,2025,0.0308253973284317,1374444.1,7370,20251030.0,89.0,META-US
Michael Morris,Guggenheim Securities,1515,META-US,2025Q4,2025,0.0340420542236448,1374444.1,7370,20260107.0,20.0,META-US
James Cordwell,Rothschild & Co Redburn,1652,META-US,2025Q4,2025,,1374444.1,7370,20260126.0,1.0,META-US
Mark Shmulik,Bernstein Research,1140,META-US,2025Q4,2025,,1374444.1,7370,20260126.0,1.0,META-US
Mark Kelley,Stifel Nicolaus,548,META-US,2025Q4,2025,0.0302391101110776,1374444.1,7370,20260122.0,5.0,META-US
Barton Crockett,Rosenblatt Securities,2623,META-US,2025Q4,2025,0.0361812102869638,1374444.1,7370,20251030.0,89.0,META-US
Tommy Wong,China Merchants Securities,1788,META-US,2025Q4,2025,0.0369576447099462,1374444.1,7370,20251030.0,89.0,META-US
Mark Mahaney,Evercore ISI,1772,META-US,2025Q4,2025,0.0348184886466272,1374444.1,7370,20251030.0,89.0,META-US
Brad Erickson,RBC Capital Markets,1269,META-US,2025Q4,2025,0.0328853253894056,1374444.1,7370,20251216.0,42.0,META-US
Deepak Mathivanan,Cantor Fitzgerald,1190,META-US,2025Q4,2025,0.0303817205152989,1374444.1,7370,20260107.0,20.0,META-US
Mark Zgutowicz,"Benchmark, a StoneX Company",1124,META-US,2025Q4,2025,0.0334082302048836,1374444.1,7370,20251030.0,89.0,META-US
Brian J. White,"Monness, Crespi, Hardt",1080,META-US,2025Q4,2025,0.0333765390039455,1374444.1,7370,20251030.0,89.0,META-US
Serena Yi Qi Lim,Phillip Securities,651,META-US,2025Q4,2025,0.0404119856121947,1374444.1,7370,20251031.0,88.0,META-US
Justin Patterson,KeyBanc Capital Markets,618,META-US,2025Q4,2025,0.0310155445340601,1374444.1,7370,20260123.0,4.0,META-US
Josh J. Beck,Raymond James,402,META-US,2025Q4,2025,0.0342638926302112,1374444.1,7370,20260123.0,4.0,META-US
Jia Qing Dong,Capital Securities Asia,1128,META-US,2025Q4,2025,0.0329487077912817,1374444.1,7370,20260122.0,5.0,META-US
Andrew Boone,Citizens,805,META-US,2025Q4,2025,0.032600104580963,1374444.1,7370,20260122.0,5.0,META-US
Ken Gawrelski,Wells Fargo Securities,596,META-US,2025Q4,2025,0.0335983774105119,1374444.1,7370,20260122.0,5.0,META-US
Benjamin Black,Deutsche Bank Research,77,META-US,2025Q4,2025,0.0331863917983171,1374444.1,7370,20260122.0,5.0,META-US
Ross Walthall,Cleveland Research Company,2295,META-US,2025Q4,2025,0.0363491831592958,1374444.1,7370,20260121.0,6.0,META-US
Brent Thill,Jefferies,512,META-US,2025Q4,2025,0.0329170165903436,1374444.1,7370,20251030.0,89.0,META-US
Jason Helfstein,Oppenheimer,498,META-US,2025Q4,2025,0.031522603749069,1374444.1,7370,20251030.0,89.0,META-US
Ralph Schackart,William Blair,198,META-US,2025Q4,2025,0.0337703021756009,1374444.1,7370,20251030.0,89.0,META-US
Scott Devitt,Wedbush Securities,590,META-US,2025Q4,2025,0.0328219429875295,1374444.1,7370,20251218.0,40.0,META-US
Lloyd Walmsley,Mizuho Securities USA,1802,META-US,2025Q4,2025,0.0347980478220222,1374444.1,7370,20251204.0,54.0,META-US
Nathaniel Schindler,Scotiabank GBM,810,META-US,2025Q4,2025,0.0328219429875295,1374444.1,7370,20260116.0,11.0,META-US
Youssef Squali,Truist Securities,852,META-US,2025Q4,2025,0.0345332678381847,1374444.1,7370,20251030.0,89.0,META-US
Maria Ripps,Canaccord Genuity,466,META-US,2025Q4,2025,0.0304134117162369,1374444.1,7370,20260115.0,12.0,META-US
Joseph Bonner,Argus Research,376,META-US,2025Q4,2025,0.0340737454245828,1374444.1,7370,20251031.0,88.0,META-US
Joe Wittine,Edgewater Research,3222,META-US,2025Q4,2025,0.0337251422142642,1374444.1,7370,20260113.0,14.0,META-US
John Blackledge,TD Cowen,917,META-US,2025Q4,2025,0.0328536341884675,1374444.1,7370,20260112.0,15.0,META-US
Vincent Bai,China International Capital,898,META-US,2025Q4,2025,0.0322039645692373,1374444.1,7370,20251229.0,29.0,META-US
Thomas Champion,Piper Sandler Companies,570,META-US,2025Q4,2025,0.0319979717631399,1374444.1,7370,20251030.0,89.0,META-US
Lulu Xia,Huatai Research,1271,META-US,2025Q4,2025,0.0349769446513175,1374444.1,7370,20251030.0,89.0,META-US
Jun Yun Chen,Citic Securities,1123,META-US,2025Q4,2025,0.0382252927474686,1374444.1,7370,20251230.0,28.0,META-US
Brian J. Pitz,BMO Capital Markets,181,META-US,2025Q4,2025,0.0230927442995452,1374444.1,7370,20251030.0,89.0,META-US
Saiyi He,CMB International,2157,META-US,2025Q4,2025,0.0323624205739276,1374444.1,7370,20251030.0,89.0,META-US
Hui Ting Tang,Mega Intl Invst Serv,1175,META-US,2025Q4,2025,0.0334716126067597,1374444.1,7370,20251215.0,43.0,META-US
Xiao Yu Han,First Shanghai,1701,META-US,2025Q4,2025,0.0339469806208306,1374444.1,7370,20251202.0,56.0,META-US
Michael Nathanson,MoffettNathanson Research,3177,META-US,2025Q4,2025,0.0329803989922198,1374444.1,7370,20250731.0,180.0,META-US
Shyam Patil,Susquehanna Financial Group,974,META-US,2025Q4,2025,0.0236948771173683,1374444.1,7370,20251030.0,89.0,META-US
Rob Sanderson,Loop Capital Markets,1009,META-US,2025Q4,2025,0.0350244814527246,1374444.1,7370,20251119.0,69.0,META-US
Laura Martin,Needham,477,META-US,2025Q4,2025,0.032045508564547,1374444.1,7370,20251030.0,89.0,META-US
Saken Ismailov,Freedom Broker,3713,META-US,2025Q4,2025,0.0327110237842463,1374444.1,7370,20250804.0,176.0,META-US
Satoshi Tanaka,Daiwa Securities Co. Ltd.,467,META-US,2025Q4,2025,0.0319028981603257,1374444.1,7370,20251106.0,82.0,META-US
Rong Jin,Huaan Securities,3624,META-US,2025Q4,2025,0.0372745567193268,1374444.1,7370,20250801.0,179.0,META-US
Daniel Salmon,New Street Research,1634,META-US,2025Q4,2025,0.0264361659985105,1374444.1,7370,20251031.0,88.0,META-US
David Heasman,ARC Independent Research,940,META-US,2025Q4,2025,0.035214628658353,1374444.1,7370,20251031.0,88.0,META-US
Craig A. Huber,Huber Research,2914,META-US,2025Q4,2025,,1374444.1,7370,20251030.0,89.0,META-US
Barney Yao,Haitong International Research,2898,META-US,2025Q4,2025,0.0360069086818045,1374444.1,7370,20251030.0,89.0,META-US
Lun Ke Zhang,Guosen Securities,1894,META-US,2025Q4,2025,0.034723415043813,1374444.1,7370,20251030.0,89.0,META-US
Heping Qin,Guotai Haitong Securities China,1094,META-US,2025Q4,2025,0.032045508564547,1374444.1,7370,20250731.0,180.0,META-US
Irene Weng,Fubon Securities,1084,META-US,2025Q4,2025,0.0370527183127604,1374444.1,7370,20251030.0,89.0,META-US
Gil Luria,DA Davidson,556,META-US,2025Q4,2025,0.0344698854363086,1374444.1,7370,20251030.0,89.0,META-US
Yong-Jei Jeong,Mirae Asset Securities,484,META-US,2025Q4,2025,0.0358484526771141,1374444.1,7370,20250107.0,385.0,META-US
Michael Morris,Guggenheim Securities,1515,META-US,2025Q3,2025,0.0398671869556128,1556339.0,7370,20250731.0,89.0,META-US
Justin Patterson,KeyBanc Capital Markets,618,META-US,2025Q3,2025,0.0415952895268622,1556339.0,7370,20251027.0,1.0,META-US
Aaron Kessler,Seaport Research Partners,1321,META-US,2025Q3,2025,0.040745174552296,1556339.0,7370,20250731.0,89.0,META-US
Barton Crockett,Rosenblatt Securities,2623,META-US,2025Q3,2025,0.0416649710821545,1556339.0,7370,20250731.0,89.0,META-US
Mark Zgutowicz,"Benchmark, a StoneX Company",1124,META-US,2025Q3,2025,0.038849836248345,1556339.0,7370,20250730.0,90.0,META-US
Gil Luria,DA Davidson,556,META-US,2025Q3,2025,0.0368569437669848,1556339.0,7370,20250731.0,89.0,META-US
Mark Kelley,Stifel Nicolaus,548,META-US,2025Q3,2025,0.038849836248345,1556339.0,7370,20250731.0,89.0,META-US
Mark Mahaney,Evercore ISI,1772,META-US,2025Q3,2025,0.0426265765451884,1556339.0,7370,20250731.0,89.0,META-US
Youssef Squali,Truist Securities,852,META-US,2025Q3,2025,0.0387244094488189,1556339.0,7370,20251023.0,5.0,META-US
Scott Devitt,Wedbush Securities,590,META-US,2025Q3,2025,0.0408984739739391,1556339.0,7370,20251023.0,5.0,META-US
Brent Thill,Jefferies,512,META-US,2025Q3,2025,0.0408148561075883,1556339.0,7370,20250731.0,89.0,META-US
Brian J. Pitz,BMO Capital Markets,181,META-US,2025Q3,2025,0.0388358999372866,1556339.0,7370,20250731.0,89.0,META-US
Ross Walthall,Cleveland Research Company,2295,META-US,2025Q3,2025,0.0435183234617796,1556339.0,7370,20250903.0,55.0,META-US
Lloyd Walmsley,Mizuho Securities USA,1802,META-US,2025Q3,2025,0.0415116716605114,1556339.0,7370,20250926.0,32.0,META-US
Mark Shmulik,Bernstein Research,1140,META-US,2025Q3,2025,,1556339.0,7370,20250731.0,89.0,META-US
Brian J. White,"Monness, Crespi, Hardt",1080,META-US,2025Q3,2025,0.0446194690265486,1556339.0,7370,20250731.0,89.0,META-US
Brad Erickson,RBC Capital Markets,1269,META-US,2025Q3,2025,0.0391703714026897,1556339.0,7370,20250731.0,89.0,META-US
Serena Yi Qi Lim,Phillip Securities,651,META-US,2025Q3,2025,0.0405500661974775,1556339.0,7370,20250801.0,88.0,META-US
Benjamin Black,Deutsche Bank Research,77,META-US,2025Q3,2025,0.0416649710821545,1556339.0,7370,20251020.0,8.0,META-US
Jason Helfstein,Oppenheimer,498,META-US,2025Q3,2025,0.041469862727336,1556339.0,7370,20251017.0,11.0,META-US
Nathaniel Schindler,Scotiabank GBM,810,META-US,2025Q3,2025,0.0403867326318723,1556339.0,7370,20250731.0,89.0,META-US
Lulu Xia,Huatai Research,1271,META-US,2025Q3,2025,0.0401041042436067,1556339.0,7370,20250731.0,89.0,META-US
Deepak Mathivanan,Cantor Fitzgerald,1190,META-US,2025Q3,2025,0.0398671869556128,1556339.0,7370,20250731.0,89.0,META-US
Joseph Bonner,Argus Research,376,META-US,2025Q3,2025,0.0388637725594035,1556339.0,7370,20250804.0,85.0,META-US
Maria Ripps,Canaccord Genuity,466,META-US,2025Q3,2025,0.0383620653612988,1556339.0,7370,20251013.0,15.0,META-US
Michael Nathanson,MoffettNathanson Research,3177,META-US,2025Q3,2025,0.0398253780224374,1556339.0,7370,20250731.0,89.0,META-US
Andrew Boone,Citizens,805,META-US,2025Q3,2025,0.038125148073305,1556339.0,7370,20250716.0,104.0,META-US
Thomas Champion,Piper Sandler Companies,570,META-US,2025Q3,2025,0.039992613755139,1556339.0,7370,20250731.0,89.0,META-US
John Blackledge,TD Cowen,917,META-US,2025Q3,2025,0.0423896592571946,1556339.0,7370,20251007.0,21.0,META-US
Ralph Schackart,William Blair,198,META-US,2025Q3,2025,0.0379460664762037,1556339.0,7370,20250918.0,40.0,META-US
Ken Gawrelski,Wells Fargo Securities,596,META-US,2025Q3,2025,0.0451908577799456,1556339.0,7370,20251006.0,22.0,META-US
Barney Yao,Haitong International Research,2898,META-US,2025Q3,2025,0.0405779388195944,1556339.0,7370,20250415.0,196.0,META-US
Tommy Wong,China Merchants Securities,1788,META-US,2025Q3,2025,0.0418740157480315,1556339.0,7370,20250731.0,89.0,META-US
Daniel Salmon,New Street Research,1634,META-US,2025Q3,2025,0.0409960281513483,1556339.0,7370,20250821.0,68.0,META-US
Siyu Cai,Mega Intl Invst Serv,1175,META-US,2025Q3,2025,0.04243146819037,1556339.0,7370,20250811.0,78.0,META-US
Laura Martin,Needham,477,META-US,2025Q3,2025,0.0350870322625601,1556339.0,7370,20250731.0,89.0,META-US
Saiyi He,CMB International,2157,META-US,2025Q3,2025,0.0410239007734652,1556339.0,7370,20250731.0,89.0,META-US
Saken Ismailov,Freedom Broker,3713,META-US,2025Q3,2025,0.0395466518012682,1556339.0,7370,20250804.0,85.0,META-US
Craig A. Huber,Huber Research,2914,META-US,2025Q3,2025,,1556339.0,7370,20250804.0,85.0,META-US
Rob Sanderson,Loop Capital Markets,1009,META-US,2025Q3,2025,0.0431422200543516,1556339.0,7370,20250804.0,85.0,META-US
David Heasman,ARC Independent Research,940,META-US,2025Q3,2025,0.039031008292105,1556339.0,7370,20250804.0,85.0,META-US
Satoshi Tanaka,Daiwa Securities Co. Ltd.,467,META-US,2025Q3,2025,0.0398811232666713,1556339.0,7370,20250804.0,85.0,META-US
Rong Jin,Huaan Securities,3624,META-US,2025Q3,2025,0.0434070099644624,1556339.0,7370,20250801.0,88.0,META-US
Lun Ke Zhang,Guosen Securities,1894,META-US,2025Q3,2025,0.0434070099644624,1556339.0,7370,20250731.0,89.0,META-US
Xiao Yu Han,First Shanghai,1701,META-US,2025Q3,2025,0.0400622953104313,1556339.0,7370,20250731.0,89.0,META-US
James Cordwell,Rothschild & Co Redburn,1652,META-US,2025Q3,2025,,1556339.0,7370,20250731.0,89.0,META-US
Heping Qin,Guotai Haitong Securities China,1094,META-US,2025Q3,2025,0.0388080273151696,1556339.0,7370,20250731.0,89.0,META-US
Shyam Patil,Susquehanna Financial Group,974,META-US,2025Q3,2025,0.0359650198592432,1556339.0,7370,20250731.0,89.0,META-US
Vincent Bai,China International Capital,898,META-US,2025Q3,2025,0.0416231621489791,1556339.0,7370,20250731.0,89.0,META-US
Yong-Jei Jeong,Mirae Asset Securities,484,META-US,2025Q3,2025,0.04243146819037,1556339.0,7370,20250107.0,294.0,META-US
Josh J. Beck,Raymond James,402,META-US,2025Q3,2025,0.0378324855410772,1556339.0,7370,20250731.0,89.0,META-US
Michael Morris,Guggenheim Securities,1515,META-US,2025Q2,2025,0.0316043305686361,1526121.8,7370,20250725.0,4.0,META-US
Laura Martin,Needham,477,META-US,2025Q2,2025,0.0301105404674851,1526121.8,7370,20250702.0,27.0,META-US
Mark Mahaney,Evercore ISI,1772,META-US,2025Q2,2025,0.0343358324678835,1526121.8,7370,20250501.0,89.0,META-US
Aaron Kessler,Seaport Research Partners,1321,META-US,2025Q2,2025,0.0314336116999331,1526121.8,7370,20250501.0,89.0,META-US
Brad Erickson,RBC Capital Markets,1269,META-US,2025Q2,2025,0.0300251810331336,1526121.8,7370,20250401.0,119.0,META-US
Mark Kelley,Stifel Nicolaus,548,META-US,2025Q2,2025,0.0337809961445988,1526121.8,7370,20250721.0,8.0,META-US
Maria Ripps,Canaccord Genuity,466,META-US,2025Q2,2025,0.029968274743566,1526121.8,7370,20250130.0,180.0,META-US
Brian J. Pitz,BMO Capital Markets,181,META-US,2025Q2,2025,0.0296302513835341,1526121.8,7370,20250501.0,89.0,META-US
Ross Walthall,Cleveland Research Company,2295,META-US,2025Q2,2025,0.0322881208120527,1526121.8,7370,20250723.0,6.0,META-US
Mark Zgutowicz,"Benchmark, a StoneX Company",1124,META-US,2025Q2,2025,0.0297264230129035,1526121.8,7370,20250430.0,90.0,META-US
Michael Nathanson,MoffettNathanson Research,3177,META-US,2025Q2,2025,0.0298402355920388,1526121.8,7370,20250721.0,8.0,META-US
Barton Crockett,Rosenblatt Securities,2623,META-US,2025Q2,2025,0.0365124980438463,1526121.8,7370,20250501.0,89.0,META-US
Mark Shmulik,Bernstein Research,1140,META-US,2025Q2,2025,,1526121.8,7370,20250721.0,8.0,META-US
Nathaniel Schindler,Scotiabank GBM,810,META-US,2025Q2,2025,0.0301958999018366,1526121.8,7370,20250501.0,89.0,META-US
Brian J. White,"Monness, Crespi, Hardt",1080,META-US,2025Q2,2025,0.0343073793230996,1526121.8,7370,20250501.0,89.0,META-US
Andrew Boone,Citizens,805,META-US,2025Q2,2025,0.0304804313496749,1526121.8,7370,20250716.0,13.0,META-US
Benjamin Black,Deutsche Bank Research,77,META-US,2025Q2,2025,0.0328420423667325,1526121.8,7370,20250718.0,11.0,META-US
Justin Patterson,KeyBanc Capital Markets,618,META-US,2025Q2,2025,0.029641063578552,1526121.8,7370,20250715.0,14.0,META-US
Scott Devitt,Wedbush Securities,590,META-US,2025Q2,2025,0.0276777965884679,1526121.8,7370,20250716.0,13.0,META-US
Deepak Mathivanan,Cantor Fitzgerald,1190,META-US,2025Q2,2025,0.0302528061914043,1526121.8,7370,20250715.0,14.0,META-US
Brent Thill,Jefferies,512,META-US,2025Q2,2025,0.0285882972215504,1526121.8,7370,20250715.0,14.0,META-US
Serena Yi Qi Lim,Phillip Securities,651,META-US,2025Q2,2025,0.0302101264742285,1526121.8,7370,20250605.0,54.0,META-US
Thomas Champion,Piper Sandler Companies,570,META-US,2025Q2,2025,0.0313482522655816,1526121.8,7370,20250501.0,89.0,META-US
John Blackledge,TD Cowen,917,META-US,2025Q2,2025,0.033098120669787,1526121.8,7370,20250501.0,89.0,META-US
Ken Gawrelski,Wells Fargo Securities,596,META-US,2025Q2,2025,0.034421191902235,1526121.8,7370,20250707.0,22.0,META-US
Ralph Schackart,William Blair,198,META-US,2025Q2,2025,0.0281368880795549,1526121.8,7370,20250501.0,89.0,META-US
Rob Sanderson,Loop Capital Markets,1009,META-US,2025Q2,2025,0.0308645488042565,1526121.8,7370,20250514.0,76.0,META-US
Saiyi He,CMB International,2157,META-US,2025Q2,2025,0.0304092984877153,1526121.8,7370,20250501.0,89.0,META-US
Joseph Bonner,Argus Research,376,META-US,2025Q2,2025,0.0316896900029875,1526121.8,7370,20250203.0,176.0,META-US
Jason Helfstein,Oppenheimer,498,META-US,2025Q2,2025,0.0300109544607417,1526121.8,7370,20250613.0,46.0,META-US
Heping Qin,Guotai Haitong Securities China,1094,META-US,2025Q2,2025,0.0286878832282938,1526121.8,7370,20250505.0,85.0,META-US
Xiao Yu Han,First Shanghai,1701,META-US,2025Q2,2025,0.029968274743566,1526121.8,7370,20250527.0,63.0,META-US
Daniel Salmon,New Street Research,1634,META-US,2025Q2,2025,0.029641063578552,1526121.8,7370,20250131.0,179.0,META-US
Rong Jin,Huaan Securities,3624,META-US,2025Q2,2025,0.0293992118478894,1526121.8,7370,20250328.0,123.0,META-US
Saken Ismailov,Freedom Broker,3713,META-US,2025Q2,2025,0.0298971418816064,1526121.8,7370,20250502.0,88.0,META-US
Lun Ke Zhang,Guosen Securities,1894,META-US,2025Q2,2025,0.0312486662588382,1526121.8,7370,20250502.0,88.0,META-US
Lulu Xia,Huatai Research,1271,META-US,2025Q2,2025,0.0304092984877153,1526121.8,7370,20250501.0,89.0,META-US
Vincent Bai,China International Capital,898,META-US,2025Q2,2025,0.0288870552417805,1526121.8,7370,20250130.0,180.0,META-US
Satoshi Tanaka,Daiwa Securities Co. Ltd.,467,META-US,2025Q2,2025,0.0300820873227013,1526121.8,7370,20250131.0,179.0,META-US
Craig A. Huber,Huber Research,2914,META-US,2025Q2,2025,,1526121.8,7370,20250501.0,89.0,META-US
Ella Ji,China Renaissance Securities (US),2903,META-US,2025Q2,2025,0.034421191902235,1526121.8,7370,20250501.0,89.0,META-US
James Cordwell,Rothschild & Co Redburn,1652,META-US,2025Q2,2025,,1526121.8,7370,20250501.0,89.0,META-US
Yan Hui Hao,Founder Securities,1545,META-US,2025Q2,2025,0.0290293209656997,1526121.8,7370,20250501.0,89.0,META-US
Irene Weng,Fubon Securities,1084,META-US,2025Q2,2025,0.0308645488042565,1526121.8,7370,20250131.0,179.0,META-US
Shyam Patil,Susquehanna Financial Group,974,META-US,2025Q2,2025,0.0231679731402313,1526121.8,7370,20250501.0,89.0,META-US
David Heasman,ARC Independent Research,940,META-US,2025Q2,2025,0.0327851360771649,1526121.8,7370,20250501.0,89.0,META-US
Youssef Squali,Truist Securities,852,META-US,2025Q2,2025,0.0278627420295628,1526121.8,7370,20250416.0,104.0,META-US
Gil Luria,DA Davidson,556,META-US,2025Q2,2025,0.0262693659216684,1526121.8,7370,20250501.0,89.0,META-US
Josh J. Beck,Raymond James,402,META-US,2025Q2,2025,0.027009147686048,1526121.8,7370,20250501.0,89.0,META-US
Michael Morris,Guggenheim Securities,1515,META-US,2025Q1,2025,0.0377814848903206,1137576.3,7370,20250407.0,22.0,META-US
Andrew Boone,Citizens,805,META-US,2025Q1,2025,0.0412712839392544,1137576.3,7370,20250130.0,89.0,META-US
Justin Patterson,KeyBanc Capital Markets,618,META-US,2025Q1,2025,0.038937141432735,1137576.3,7370,20250407.0,22.0,META-US
Mark Kelley,Stifel Nicolaus,548,META-US,2025Q1,2025,0.0401783248964565,1137576.3,7370,20250422.0,7.0,META-US
Brent Thill,Jefferies,512,META-US,2025Q1,2025,0.0355380426445773,1137576.3,7370,20250404.0,25.0,META-US
Ralph Schackart,William Blair,198,META-US,2025Q1,2025,0.0371910952600092,1137576.3,7370,20250130.0,89.0,META-US
Mark Shmulik,Bernstein Research,1140,META-US,2025Q1,2025,,1137576.3,7370,20250428.0,1.0,META-US
Barton Crockett,Rosenblatt Securities,2623,META-US,2025Q1,2025,0.0455855959502991,1137576.3,7370,20250130.0,89.0,META-US
Mark Mahaney,Evercore ISI,1772,META-US,2025Q1,2025,0.0449720049087283,1137576.3,7370,20250130.0,89.0,META-US
Aaron Kessler,Seaport Research Partners,1321,META-US,2025Q1,2025,0.0445309863475993,1137576.3,7370,20250130.0,89.0,META-US
Brad Erickson,RBC Capital Markets,1269,META-US,2025Q1,2025,0.0415397300199417,1137576.3,7370,20250401.0,28.0,META-US
Brian J. White,"Monness, Crespi, Hardt",1080,META-US,2025Q1,2025,0.0469853505138824,1137576.3,7370,20250130.0,89.0,META-US
Rob Sanderson,Loop Capital Markets,1009,META-US,2025Q1,2025,0.0393346372142966,1137576.3,7370,20250425.0,4.0,META-US
Maria Ripps,Canaccord Genuity,466,META-US,2025Q1,2025,0.0417698266605307,1137576.3,7370,20250130.0,89.0,META-US
Ross Walthall,Cleveland Research Company,2295,META-US,2025Q1,2025,0.0402613629391011,1137576.3,7370,20250423.0,6.0,META-US
Benjamin Black,Deutsche Bank Research,77,META-US,2025Q1,2025,0.0424217671421997,1137576.3,7370,20250423.0,6.0,META-US
Mark Zgutowicz,"Benchmark, a StoneX Company",1124,META-US,2025Q1,2025,0.038107455131155,1137576.3,7370,20250422.0,7.0,META-US
Gil Luria,DA Davidson,556,META-US,2025Q1,2025,0.0390853658536585,1137576.3,7370,20250411.0,18.0,META-US
Laura Martin,Needham,477,META-US,2025Q1,2025,0.0425943396226415,1137576.3,7370,20250124.0,95.0,META-US
Michael Nathanson,MoffettNathanson Research,3177,META-US,2025Q1,2025,0.0391620647338548,1137576.3,7370,20250130.0,89.0,META-US
Nathaniel Schindler,Scotiabank GBM,810,META-US,2025Q1,2025,0.0398253183003528,1137576.3,7370,20250417.0,12.0,META-US
Youssef Squali,Truist Securities,852,META-US,2025Q1,2025,0.0390661911336094,1137576.3,7370,20250416.0,13.0,META-US
Ken Gawrelski,Wells Fargo Securities,596,META-US,2025Q1,2025,0.0453171498696119,1137576.3,7370,20250130.0,89.0,META-US
Barney Yao,Haitong International Research,2898,META-US,2025Q1,2025,0.0458923914710845,1137576.3,7370,20250415.0,14.0,META-US
Deepak Mathivanan,Cantor Fitzgerald,1190,META-US,2025Q1,2025,0.038529298972235,1137576.3,7370,20250415.0,14.0,META-US
Scott Devitt,Wedbush Securities,590,META-US,2025Q1,2025,0.0357106151250191,1137576.3,7370,20250414.0,15.0,META-US
Joseph Bonner,Argus Research,376,META-US,2025Q1,2025,0.0440707930664212,1137576.3,7370,20250203.0,85.0,META-US
Thomas Champion,Piper Sandler Companies,570,META-US,2025Q1,2025,0.0410795367387636,1137576.3,7370,20250409.0,20.0,META-US
Jason Helfstein,Oppenheimer,498,META-US,2025Q1,2025,0.0466018561129007,1137576.3,7370,20250408.0,21.0,META-US
Pavlos Kranas,Valuation & Research Specialists (VRS),1944,META-US,2025Q1,2025,0.0545114281331492,1137576.3,7370,20250404.0,25.0,META-US
John Blackledge,TD Cowen,917,META-US,2025Q1,2025,0.0424217671421997,1137576.3,7370,20250403.0,26.0,META-US
Rong Jin,Huaan Securities,3624,META-US,2025Q1,2025,0.0407919159380273,1137576.3,7370,20250328.0,32.0,META-US
Xiao Yu Han,First Shanghai,1701,META-US,2025Q1,2025,0.0434763767448995,1137576.3,7370,20250327.0,33.0,META-US
Daniel Salmon,New Street Research,1634,META-US,2025Q1,2025,0.0417314772204325,1137576.3,7370,20250131.0,88.0,META-US
Brian J. Pitz,BMO Capital Markets,181,META-US,2025Q1,2025,0.0389511428133149,1137576.3,7370,20250130.0,89.0,META-US
Yan Hui Hao,Founder Securities,1545,META-US,2025Q1,2025,0.0437256481055376,1137576.3,7370,20250204.0,84.0,META-US
Ella Ji,China Renaissance Securities (US),2903,META-US,2025Q1,2025,0.0452979751495628,1137576.3,7370,20250203.0,85.0,META-US
Saiyi He,CMB International,2157,META-US,2025Q1,2025,0.0448186071483356,1137576.3,7370,20250131.0,88.0,META-US
Lulu Xia,Huatai Research,1271,META-US,2025Q1,2025,0.0478865623561896,1137576.3,7370,20250131.0,88.0,META-US
Irene Weng,Fubon Securities,1084,META-US,2025Q1,2025,0.0429011351434269,1137576.3,7370,20250131.0,88.0,META-US
Satoshi Tanaka,Daiwa Securities Co. Ltd.,467,META-US,2025Q1,2025,0.0420382727412179,1137576.3,7370,20250131.0,88.0,META-US
Craig A. Huber,Huber Research,2914,META-US,2025Q1,2025,,1137576.3,7370,20250130.0,89.0,META-US
Lun Ke Zhang,Guosen Securities,1894,META-US,2025Q1,2025,0.0466402055529989,1137576.3,7370,20250130.0,89.0,META-US
James Cordwell,Rothschild & Co Redburn,1652,META-US,2025Q1,2025,,1137576.3,7370,20250130.0,89.0,META-US
Thiago Alves Kapulskis,Itau Securities,1394,META-US,2025Q1,2025,0.0469661757938334,1137576.3,7370,20250130.0,89.0,META-US
Shyam Patil,Susquehanna Financial Group,974,META-US,2025Q1,2025,0.0300732474305875,1137576.3,7370,20250130.0,89.0,META-US
David Heasman,ARC Independent Research,940,META-US,2025Q1,2025,0.0462950605921153,1137576.3,7370,20250130.0,89.0,META-US
Vincent Bai,China International Capital,898,META-US,2025Q1,2025,0.0404467709771437,1137576.3,7370,20250130.0,89.0,META-US
Josh J. Beck,Raymond James,402,META-US,2025Q1,2025,0.0389319680932658,1137576.3,7370,20250130.0,89.0,META-US
Michael Morris,Guggenheim Securities,1515,META-US,2024Q4,2024,0.0342655448043752,1295465.6,7370,20250124.0,4.0,META-US
Brad Erickson,RBC Capital Markets,1269,META-US,2024Q4,2024,0.0329529659234329,1295465.6,7370,20240726.0,186.0,META-US
Justin Patterson,KeyBanc Capital Markets,618,META-US,2024Q4,2024,0.0357653731594446,1295465.6,7370,20250127.0,1.0,META-US
Mark Shmulik,Bernstein Research,1140,META-US,2024Q4,2024,,1295465.6,7370,20241031.0,89.0,META-US
James Lee,Mizuho Securities USA,1802,META-US,2024Q4,2024,0.039902902818679,1295465.6,7370,20241030.0,90.0,META-US
Mark Mahaney,Evercore ISI,1772,META-US,2024Q4,2024,0.0387417753470761,1295465.6,7370,20241213.0,46.0,META-US
Nathaniel Schindler,Scotiabank GBM,810,META-US,2024Q4,2024,0.0332053849389987,1295465.6,7370,20241031.0,89.0,META-US
Andrew Boone,Citizens,805,META-US,2024Q4,2024,0.0341140933950357,1295465.6,7370,20250124.0,4.0,META-US
Ken Gawrelski,Wells Fargo Securities,596,META-US,2024Q4,2024,0.0377489272191838,1295465.6,7370,20250110.0,18.0,META-US
Brent Thill,Jefferies,512,META-US,2024Q4,2024,0.0355276398822044,1295465.6,7370,20250123.0,5.0,META-US
Laura Martin,Needham,477,META-US,2024Q4,2024,0.0348208666386201,1295465.6,7370,20250124.0,4.0,META-US
Josh J. Beck,Raymond James,402,META-US,2024Q4,2024,0.0334914598233066,1295465.6,7370,20250124.0,4.0,META-US
John Blackledge,TD Cowen,917,META-US,2024Q4,2024,0.0332558687421119,1295465.6,7370,20250110.0,18.0,META-US
Youssef Squali,Truist Securities,852,META-US,2024Q4,2024,0.0290320572149768,1295465.6,7370,20241009.0,111.0,META-US
Mark Kelley,Stifel Nicolaus,548,META-US,2024Q4,2024,0.0336933950357593,1295465.6,7370,20241031.0,89.0,META-US
Brian J. Pitz,BMO Capital Markets,181,META-US,2024Q4,2024,0.0280728649558266,1295465.6,7370,20241031.0,89.0,META-US
Michael Nathanson,MoffettNathanson Research,3177,META-US,2024Q4,2024,0.0352079091291544,1295465.6,7370,20241111.0,78.0,META-US
Daniel Salmon,New Street Research,1634,META-US,2024Q4,2024,0.0374796802692469,1295465.6,7370,20250122.0,6.0,META-US
Benjamin Black,Deutsche Bank Research,77,META-US,2024Q4,2024,0.0365048464450988,1295465.6,7370,20250114.0,14.0,META-US
Deepak Mathivanan,Cantor Fitzgerald,1190,META-US,2024Q4,2024,0.0352752208666386,1295465.6,7370,20250121.0,7.0,META-US
Rob Sanderson,Loop Capital Markets,1009,META-US,2024Q4,2024,0.0353055111485065,1295465.6,7370,20241101.0,88.0,META-US
Scott Devitt,Wedbush Securities,590,META-US,2024Q4,2024,0.0333904922170803,1295465.6,7370,20250121.0,7.0,META-US
Maria Ripps,Canaccord Genuity,466,META-US,2024Q4,2024,0.0344001682793437,1295465.6,7370,20241031.0,89.0,META-US
Sebastien Naji,William Blair,198,META-US,2024Q4,2024,0.0351527135044173,1295465.6,7370,20241031.0,89.0,META-US
Thomas Champion,Piper Sandler Companies,570,META-US,2024Q4,2024,0.0368402187631468,1295465.6,7370,20241031.0,89.0,META-US
Tommy Wong,China Merchants Securities,1788,META-US,2024Q4,2024,0.0359819941102229,1295465.6,7370,20250108.0,20.0,META-US
Yong-Jei Jeong,Mirae Asset Securities,484,META-US,2024Q4,2024,0.0396841396718552,1295465.6,7370,20250107.0,21.0,META-US
Saiyi He,CMB International,2157,META-US,2024Q4,2024,0.0346357593605385,1295465.6,7370,20241031.0,89.0,META-US
Dan Zhao,SPDB International,3451,META-US,2024Q4,2024,0.0344674800168279,1295465.6,7370,20241204.0,55.0,META-US
Xiao Yu Han,First Shanghai,1701,META-US,2024Q4,2024,0.0366551114850652,1295465.6,7370,20241204.0,55.0,META-US
Lulu Xia,Huatai Research,1271,META-US,2024Q4,2024,0.0372945729911653,1295465.6,7370,20240830.0,151.0,META-US
Yan Hui Hao,Founder Securities,1545,META-US,2024Q4,2024,0.0319432898611695,1295465.6,7370,20241107.0,82.0,META-US
Satoshi Tanaka,Daiwa Securities Co. Ltd.,467,META-US,2024Q4,2024,0.0348208666386201,1295465.6,7370,20241105.0,84.0,META-US
James Cordwell,Rothschild & Co Redburn,1652,META-US,2024Q4,2024,,1295465.6,7370,20241101.0,88.0,META-US
Craig A. Huber,Huber Research,2914,META-US,2024Q4,2024,,1295465.6,7370,20241031.0,89.0,META-US
Ella Ji,China Renaissance Securities (US),2903,META-US,2024Q4,2024,0.035712747160286,1295465.6,7370,20241031.0,89.0,META-US
Lun Ke Zhang,Guosen Securities,1894,META-US,2024Q4,2024,0.0358137147665124,1295465.6,7370,20241031.0,89.0,META-US
Shebly Seyrafi,FBN Securities,1461,META-US,2024Q4,2024,0.0335419436264198,1295465.6,7370,20241031.0,89.0,META-US
Thiago Alves Kapulskis,Itau Securities,1394,META-US,2024Q4,2024,0.0421073622212873,1295465.6,7370,20241031.0,89.0,META-US
Gil Luria,DA Davidson,556,META-US,2024Q4,2024,0.0319634833824148,1295465.6,7370,20240909.0,141.0,META-US
Jason Helfstein,Oppenheimer,498,META-US,2024Q4,2024,0.0349554901135885,1295465.6,7370,20241031.0,89.0,META-US
James Lee,Mizuho Securities USA,1802,META-US,2024Q3,2024,0.0434060923386327,1260129.6,7370,20241015.0,14.0,META-US
Michael Morris,Guggenheim Securities,1515,META-US,2024Q3,2024,0.0400079751729398,1260129.6,7370,20241004.0,25.0,META-US
Brad Erickson,RBC Capital Markets,1269,META-US,2024Q3,2024,0.037303351306368,1260129.6,7370,20240726.0,95.0,META-US
Mark Shmulik,Bernstein Research,1140,META-US,2024Q3,2024,,1260129.6,7370,20241023.0,6.0,META-US
Nathaniel Schindler,Scotiabank GBM,810,META-US,2024Q3,2024,0.0387055947571906,1260129.6,7370,20241009.0,20.0,META-US
Andrew Boone,Citizens,805,META-US,2024Q3,2024,0.0379448326080549,1260129.6,7370,20240801.0,89.0,META-US
Justin Patterson,KeyBanc Capital Markets,618,META-US,2024Q3,2024,0.0388637112293902,1260129.6,7370,20241007.0,22.0,META-US
Scott Devitt,Wedbush Securities,590,META-US,2024Q3,2024,0.0355869553910435,1260129.6,7370,20241025.0,4.0,META-US
Maria Ripps,Canaccord Genuity,466,META-US,2024Q3,2024,0.0358816900431699,1260129.6,7370,20241014.0,15.0,META-US
Josh J. Beck,Raymond James,402,META-US,2024Q3,2024,0.0400773245028519,1260129.6,7370,20241023.0,6.0,META-US
Brian J. Pitz,BMO Capital Markets,181,META-US,2024Q3,2024,0.030403092980114,1260129.6,7370,20241008.0,21.0,META-US
Brent Thill,Jefferies,512,META-US,2024Q3,2024,0.0377887966157527,1260129.6,7370,20241021.0,8.0,META-US
Yan Hui Hao,Founder Securities,1545,META-US,2024Q3,2024,0.0370432913191976,1260129.6,7370,20241018.0,11.0,META-US
Youssef Squali,Truist Securities,852,META-US,2024Q3,2024,0.0336278368210267,1260129.6,7370,20241009.0,20.0,META-US
John Blackledge,TD Cowen,917,META-US,2024Q3,2024,0.0375113992961043,1260129.6,7370,20241016.0,13.0,META-US
Deepak Mathivanan,Cantor Fitzgerald,1190,META-US,2024Q3,2024,0.0408748417968411,1260129.6,7370,20240830.0,60.0,META-US
Mark Kelley,Stifel Nicolaus,548,META-US,2024Q3,2024,0.0386730005721319,1260129.6,7370,20241011.0,18.0,META-US
Thomas Champion,Piper Sandler Companies,570,META-US,2024Q3,2024,0.0405454324797586,1260129.6,7370,20240801.0,89.0,META-US
Ken Gawrelski,Wells Fargo Securities,596,META-US,2024Q3,2024,0.0460587042077706,1260129.6,7370,20240801.0,89.0,META-US
Michael Nathanson,MoffettNathanson Research,3177,META-US,2024Q3,2024,0.0358990273756479,1260129.6,7370,20240801.0,89.0,META-US
Thiago Alves Kapulskis,Itau Securities,1394,META-US,2024Q3,2024,0.0460413668752925,1260129.6,7370,20240801.0,89.0,META-US
Gil Luria,DA Davidson,556,META-US,2024Q3,2024,0.0365635673295306,1260129.6,7370,20240909.0,50.0,META-US
Lun Ke Zhang,Guosen Securities,1894,META-US,2024Q3,2024,0.0410308777891433,1260129.6,7370,20240801.0,89.0,META-US
Lulu Xia,Huatai Research,1271,META-US,2024Q3,2024,0.0418630697480885,1260129.6,7370,20240830.0,60.0,META-US
Xiao Yu Han,First Shanghai,1701,META-US,2024Q3,2024,0.0361764246952963,1260129.6,7370,20240620.0,131.0,META-US
Satoshi Tanaka,Daiwa Securities Co. Ltd.,467,META-US,2024Q3,2024,0.0402680351601102,1260129.6,7370,20240805.0,85.0,META-US
Craig A. Huber,Huber Research,2914,META-US,2024Q3,2024,,1260129.6,7370,20240801.0,89.0,META-US
Ella Ji,China Renaissance Securities (US),2903,META-US,2024Q3,2024,0.0360030513705161,1260129.6,7370,20240801.0,89.0,META-US
Saiyi He,CMB International,2157,META-US,2024Q3,2024,0.0368699179944173,1260129.6,7370,20240801.0,89.0,META-US
James Cordwell,Rothschild & Co Redburn,1652,META-US,2024Q3,2024,,1260129.6,7370,20240801.0,89.0,META-US
Shebly Seyrafi,FBN Securities,1461,META-US,2024Q3,2024,0.0350841727491808,1260129.6,7370,20240801.0,89.0,META-US
Tian Zi Fu,Everbright Securities,1299,META-US,2024Q3,2024,0.0371126406491097,1260129.6,7370,20240801.0,89.0,META-US
Jason Helfstein,Oppenheimer,498,META-US,2024Q3,2024,0.0432847310112866,1260129.6,7370,20240801.0,89.0,META-US
Michael Morris,Guggenheim Securities,1515,META-US,2024Q2,2024,0.0461070585943418,1012426.25,7370,20240202.0,179.0,META-US
Mark Shmulik,Bernstein Research,1140,META-US,2024Q2,2024,,1012426.25,7370,20240527.0,64.0,META-US
James Lee,Mizuho Securities USA,1802,META-US,2024Q2,2024,0.0465616138877464,1012426.25,7370,20240425.0,96.0,META-US
Daniel Salmon,New Street Research,1634,META-US,2024Q2,2024,0.0432282084027792,1012426.25,7370,20240426.0,95.0,META-US
Brad Erickson,RBC Capital Markets,1269,META-US,2024Q2,2024,0.0489859087859044,1012426.25,7370,20240726.0,4.0,META-US
Josh J. Beck,Raymond James,402,META-US,2024Q2,2024,0.0498517283923894,1012426.25,7370,20240628.0,32.0,META-US
Youssef Squali,Truist Securities,852,META-US,2024Q2,2024,0.0441589644797506,1012426.25,7370,20240425.0,96.0,META-US
Maria Ripps,Canaccord Genuity,466,META-US,2024Q2,2024,0.0444403558518582,1012426.25,7370,20240716.0,14.0,META-US
Jason Helfstein,Oppenheimer,498,META-US,2024Q2,2024,0.0495919825104439,1012426.25,7370,20240717.0,13.0,META-US
Brian J. Pitz,BMO Capital Markets,181,META-US,2024Q2,2024,0.0345700123379293,1012426.25,7370,20240716.0,14.0,META-US
Thomas Champion,Piper Sandler Companies,570,META-US,2024Q2,2024,0.0497218554514167,1012426.25,7370,20240425.0,96.0,META-US
John Blackledge,TD Cowen,917,META-US,2024Q2,2024,0.0469728782008268,1012426.25,7370,20240709.0,21.0,META-US
Lun Ke Zhang,Guosen Securities,1894,META-US,2024Q2,2024,0.0420809974241866,1012426.25,7370,20240425.0,96.0,META-US
Ken Gawrelski,Wells Fargo Securities,596,META-US,2024Q2,2024,0.0564319574016753,1012426.25,7370,20240425.0,96.0,META-US
Saiyi He,CMB International,2157,META-US,2024Q2,2024,0.0453278209485053,1012426.25,7370,20240425.0,96.0,META-US
Xiao Yu Han,First Shanghai,1701,META-US,2024Q2,2024,0.0470594601614753,1012426.25,7370,20240620.0,40.0,META-US
Justin Patterson,KeyBanc Capital Markets,618,META-US,2024Q2,2024,0.048574644472824,1012426.25,7370,20240618.0,42.0,META-US
Michael Nathanson,MoffettNathanson Research,3177,META-US,2024Q2,2024,0.044916556635425,1012426.25,7370,20240425.0,96.0,META-US
Thiago Alves Kapulskis,Itau Securities,1394,META-US,2024Q2,2024,0.0614753566094504,1012426.25,7370,20240524.0,67.0,META-US
Ishan Majumdar,Baptista Research,3454,META-US,2024Q2,2024,0.0463451589861252,1012426.25,7370,20240208.0,173.0,META-US
Satoshi Tanaka,Daiwa Securities Co. Ltd.,467,META-US,2024Q2,2024,0.0497218554514167,1012426.25,7370,20240426.0,95.0,META-US
Craig A. Huber,Huber Research,2914,META-US,2024Q2,2024,,1012426.25,7370,20240202.0,179.0,META-US
Ella Ji,China Renaissance Securities (US),2903,META-US,2024Q2,2024,0.0451979480075326,1012426.25,7370,20240425.0,96.0,META-US
James Cordwell,Rothschild & Co Redburn,1652,META-US,2024Q2,2024,,1012426.25,7370,20240425.0,96.0,META-US
Shebly Seyrafi,FBN Securities,1461,META-US,2024Q2,2024,0.0437693456568323,1012426.25,7370,20240425.0,96.0,META-US
Michael Morris,Guggenheim Securities,1515,META-US,2024Q1,2024,0.0421637843141026,1139021.4,7370,20240202.0,81.0,META-US
Andrew Boone,Citizens,805,META-US,2024Q1,2024,0.033372448685147,1139021.4,7370,20240202.0,81.0,META-US
James Lee,Mizuho Securities USA,1802,META-US,2024Q1,2024,0.0417020949156455,1139021.4,7370,20240315.0,39.0,META-US
Daniel Salmon,New Street Research,1634,META-US,2024Q1,2024,0.0412788796337264,1139021.4,7370,20240419.0,4.0,META-US
Brad Erickson,RBC Capital Markets,1269,META-US,2024Q1,2024,0.0490698882326914,1139021.4,7370,20240202.0,81.0,META-US
Maria Ripps,Canaccord Genuity,466,META-US,2024Q1,2024,0.0396052555643191,1139021.4,7370,20240416.0,7.0,META-US
Mark Shmulik,Bernstein Research,1140,META-US,2024Q1,2024,,1139021.4,7370,20240326.0,28.0,META-US
Youssef Squali,Truist Securities,852,META-US,2024Q1,2024,0.0385856914760594,1139021.4,7370,20240416.0,7.0,META-US
Josh J. Beck,Raymond James,402,META-US,2024Q1,2024,0.0508781717099821,1139021.4,7370,20240415.0,8.0,META-US
John Blackledge,TD Cowen,917,META-US,2024Q1,2024,0.0415481984494931,1139021.4,7370,20240408.0,15.0,META-US
Thomas Champion,Piper Sandler Companies,570,META-US,2024Q1,2024,0.0465113594829078,1139021.4,7370,20240409.0,14.0,META-US
Jason Helfstein,Oppenheimer,498,META-US,2024Q1,2024,0.0467806782986745,1139021.4,7370,20240405.0,18.0,META-US
Ken Gawrelski,Wells Fargo Securities,596,META-US,2024Q1,2024,0.0525902698959275,1139021.4,7370,20240402.0,21.0,META-US
Ling Ji Cao,First Shanghai,1701,META-US,2024Q1,2024,0.0399899967297,1139021.4,7370,20240327.0,27.0,META-US
Ella Ji,China Renaissance Securities (US),2903,META-US,2024Q1,2024,0.0403362637785429,1139021.4,7370,20240202.0,81.0,META-US
Michael Nathanson,MoffettNathanson Research,3177,META-US,2024Q1,2024,0.0388742473500952,1139021.4,7370,20240202.0,81.0,META-US
Saiyi He,CMB International,2157,META-US,2024Q1,2024,0.038047053844526,1139021.4,7370,20240216.0,67.0,META-US
James Cordwell,Rothschild & Co Redburn,1652,META-US,2024Q1,2024,,1139021.4,7370,20240209.0,74.0,META-US
Ishan Majumdar,Baptista Research,3454,META-US,2024Q1,2024,0.0419521766731431,1139021.4,7370,20240208.0,75.0,META-US
Satoshi Tanaka,Daiwa Securities Co. Ltd.,467,META-US,2024Q1,2024,0.0441452013158147,1139021.4,7370,20240207.0,76.0,META-US
Parth Talsania,Equisights,3723,META-US,2024Q1,2024,0.0409326125848835,1139021.4,7370,20240206.0,77.0,META-US
Craig A. Huber,Huber Research,2914,META-US,2024Q1,2024,,1139021.4,7370,20240202.0,81.0,META-US
Lun Ke Zhang,Guosen Securities,1894,META-US,2024Q1,2024,0.0405671084777715,1139021.4,7370,20240202.0,81.0,META-US
Thiago Alves Kapulskis,Itau Securities,1394,META-US,2024Q1,2024,0.0601504337956639,1139021.4,7370,20240202.0,81.0,META-US
Brian J. Pitz,BMO Capital Markets,181,META-US,2024Q1,2024,0.0325260181213088,1139021.4,7370,20240105.0,109.0,META-US
James Lee,Mizuho Securities USA,1802,META-US,2023Q4,2023,0.0455435620663068,831623.44,7370,20240108.0,23.0,META-US
Brad Erickson,RBC Capital Markets,1269,META-US,2023Q4,2023,0.0474843804003934,831623.44,7370,20231026.0,97.0,META-US
Maria Ripps,Canaccord Genuity,466,META-US,2023Q4,2023,0.0438951958099593,831623.44,7370,20240126.0,5.0,META-US
Brian J. Pitz,BMO Capital Markets,181,META-US,2023Q4,2023,0.0431162098210725,831623.44,7370,20240105.0,26.0,META-US
Josh J. Beck,Raymond James,402,META-US,2023Q4,2023,0.0598737138755217,831623.44,7370,20231218.0,44.0,META-US
Youssef Squali,Truist Securities,852,META-US,2023Q4,2023,0.0471121686650892,831623.44,7370,20231026.0,97.0,META-US
Thomas Champion,Piper Sandler Companies,570,META-US,2023Q4,2023,0.0489998138941323,831623.44,7370,20240112.0,19.0,META-US
Ken Gawrelski,Wells Fargo Securities,596,META-US,2023Q4,2023,0.0528282774572621,831623.44,7370,20240112.0,19.0,META-US
John Blackledge,TD Cowen,917,META-US,2023Q4,2023,0.0466336107196979,831623.44,7370,20231026.0,97.0,META-US
Michael Nathanson,MoffettNathanson Research,3177,META-US,2023Q4,2023,0.051233084305958,831623.44,7370,20231026.0,97.0,META-US
Craig A. Huber,Huber Research,2914,META-US,2023Q4,2023,,831623.44,7370,20231026.0,97.0,META-US
James Cordwell,Rothschild & Co Redburn,1652,META-US,2023Q4,2023,,831623.44,7370,20230727.0,188.0,META-US
Maria Ripps,Canaccord Genuity,466,META-US,2023Q3,2023,0.0519925568909767,728607.0,7370,20231013.0,11.0,META-US
Brad Erickson,RBC Capital Markets,1269,META-US,2023Q3,2023,0.0516875114392044,728607.0,7370,20230727.0,89.0,META-US
Youssef Squali,Truist Securities,852,META-US,2023Q3,2023,0.0559276432188396,728607.0,7370,20230727.0,89.0,META-US
John Blackledge,TD Cowen,917,META-US,2023Q3,2023,0.0571173204807516,728607.0,7370,20231012.0,12.0,META-US
Ken Gawrelski,Wells Fargo Securities,596,META-US,2023Q3,2023,0.0660551522176804,728607.0,7370,20231006.0,18.0,META-US
Thomas Champion,Piper Sandler Companies,570,META-US,2023Q3,2023,0.0576053932035873,728607.0,7370,20230727.0,89.0,META-US
Michael Nathanson,MoffettNathanson Research,3177,META-US,2023Q3,2023,0.0577579159294734,728607.0,7370,20230727.0,89.0,META-US
James Cordwell,Rothschild & Co Redburn,1652,META-US,2023Q3,2023,,728607.0,7370,20230727.0,89.0,META-US
Brad Erickson,RBC Capital Markets,1269,META-US,2023Q2,2023,0.0511359668972651,684307.5,7370,20230427.0,89.0,META-US
Youssef Squali,Truist Securities,852,META-US,2023Q2,2023,0.053980733173854,684307.5,7370,20230718.0,7.0,META-US
Ken Gawrelski,Wells Fargo Securities,596,META-US,2023Q2,2023,0.0589267472683778,684307.5,7370,20230627.0,28.0,META-US
Maria Ripps,Canaccord Genuity,466,META-US,2023Q2,2023,0.0521381004719725,684307.5,7370,20230427.0,89.0,META-US
Thomas Champion,Piper Sandler Companies,570,META-US,2023Q2,2023,0.0576013447986034,684307.5,7370,20230613.0,42.0,META-US
John Blackledge,TD Cowen,917,META-US,2023Q2,2023,0.0514915626818387,684307.5,7370,20230712.0,13.0,META-US
Michael Nathanson,MoffettNathanson Research,3177,META-US,2023Q2,2023,0.0623210706665804,684307.5,7370,20230427.0,89.0,META-US
Patrick Tyler Brown,Raymond James,402,MLM-US,2026Q1,2026,-0.0117597618342708,36506.703,1400,20260424.0,5.0,MLM-US
Yassine Touahri,On Field Investment Research,3284,MLM-US,2026Q1,2026,-0.0129111154972203,36506.703,1400,20260423.0,6.0,MLM-US
Brian Brophy,Stifel Nicolaus,548,MLM-US,2026Q1,2026,-0.0090458567716043,36506.703,1400,20260421.0,8.0,MLM-US
David S. MacGregor,Longbow Research,1069,MLM-US,2026Q1,2026,-0.0080918780223033,36506.703,1400,20260421.0,8.0,MLM-US
Trey Grooms,Stephens Inc,472,MLM-US,2026Q1,2026,-0.0117104181058587,36506.703,1400,20260416.0,13.0,MLM-US
Timna Tanners,Wells Fargo Securities,596,MLM-US,2026Q1,2026,-0.0081412217507154,36506.703,1400,20260414.0,15.0,MLM-US
Kathryn I. Thompson,Thompson Research Group,2702,MLM-US,2026Q1,2026,-0.0086840027632487,36506.703,1400,20260406.0,23.0,MLM-US
Keith Hughes,Truist Securities,852,MLM-US,2026Q1,2026,-0.00894716931478,36506.703,1400,20260410.0,19.0,MLM-US
Philip Ng,Jefferies,512,MLM-US,2026Q1,2026,-0.0100390078621007,36506.703,1400,20260409.0,20.0,MLM-US
Rohit Seth,B Riley Securities,765,MLM-US,2026Q1,2026,-0.0109867100891476,36506.703,1400,20260401.0,28.0,MLM-US
Anthony Codling,RBC Capital Markets,1269,MLM-US,2026Q1,2026,-0.0055095562354024,36506.703,1400,20260225.0,63.0,MLM-US
Garik Shmois,Loop Capital Markets,1009,MLM-US,2026Q1,2026,-0.0076477844665943,36506.703,1400,20260224.0,64.0,MLM-US
Adam R. Thalhimer,Thompson Davis & Co,1020,MLM-US,2026Q1,2026,-0.0096873252409618,36506.703,1400,20260223.0,65.0,MLM-US
Michael S. Dudas,Vertical Research Partners,2963,MLM-US,2026Q1,2026,-0.0073960064475805,36506.703,1400,20260211.0,77.0,MLM-US
Keith Hughes,Truist Securities,852,MLM-US,2025Q4,2025,0.0271571597742337,39213.51,1400,20251104.0,98.0,MLM-US
David S. MacGregor,Longbow Research,1069,MLM-US,2025Q4,2025,0.0282798394414284,39213.51,1400,20250213.0,362.0,MLM-US
Brian Brophy,Stifel Nicolaus,548,MLM-US,2025Q4,2025,0.0264804761392122,39213.51,1400,20251107.0,95.0,MLM-US
Timna Tanners,Wells Fargo Securities,596,MLM-US,2025Q4,2025,0.0278184642357319,39213.51,1400,20251105.0,97.0,MLM-US
Garik Shmois,Loop Capital Markets,1009,MLM-US,2025Q4,2025,0.0262805468834104,39213.51,1400,20260127.0,14.0,MLM-US
Patrick Tyler Brown,Raymond James,402,MLM-US,2025Q4,2025,0.0262190301893176,39213.51,1400,20251020.0,113.0,MLM-US
Philip Ng,Jefferies,512,MLM-US,2025Q4,2025,0.0255423465542961,39213.51,1400,20251016.0,117.0,MLM-US
Trey Grooms,Stephens Inc,472,MLM-US,2025Q4,2025,0.026895713824339,39213.51,1400,20260121.0,20.0,MLM-US
Rohit Seth,B Riley Securities,765,MLM-US,2025Q4,2025,0.026465096965689,39213.51,1400,20260114.0,27.0,MLM-US
Brent Thielman,DA Davidson,556,MLM-US,2025Q4,2025,0.0221281700321424,39213.51,1400,20251105.0,97.0,MLM-US
Michael S. Dudas,Vertical Research Partners,2963,MLM-US,2025Q4,2025,0.027120197468588,39213.51,1400,20251103.0,99.0,MLM-US
Anthony Codling,RBC Capital Markets,1269,MLM-US,2025Q4,2025,0.0255115882072497,39213.51,1400,20251104.0,98.0,MLM-US
Adam R. Thalhimer,Thompson Davis & Co,1020,MLM-US,2025Q4,2025,0.0228509911877335,39213.51,1400,20251104.0,98.0,MLM-US
Michael S. Dudas,Vertical Research Partners,2963,MLM-US,2025Q3,2025,0.0243527459139597,38115.926,1400,20251103.0,0.0,MLM-US
Brian Brophy,Stifel Nicolaus,548,MLM-US,2025Q3,2025,0.0212602249893201,38115.926,1400,20250808.0,87.0,MLM-US
Philip Ng,Jefferies,512,MLM-US,2025Q3,2025,0.0229735930256475,38115.926,1400,20251016.0,18.0,MLM-US
David S. MacGregor,Longbow Research,1069,MLM-US,2025Q3,2025,0.0255457810546967,38115.926,1400,20250213.0,263.0,MLM-US
Yassine Touahri,On Field Investment Research,3284,MLM-US,2025Q3,2025,0.0226978149771371,38115.926,1400,20250930.0,34.0,MLM-US
Patrick Tyler Brown,Raymond James,402,MLM-US,2025Q3,2025,0.0232832302264133,38115.926,1400,20251020.0,14.0,MLM-US
Kathryn I. Thompson,Thompson Research Group,2702,MLM-US,2025Q3,2025,0.023552204800405,38115.926,1400,20251010.0,24.0,MLM-US
Trey Grooms,Stephens Inc,472,MLM-US,2025Q3,2025,0.0245489929275509,38115.926,1400,20251010.0,24.0,MLM-US
Timna Tanners,Wells Fargo Securities,596,MLM-US,2025Q3,2025,0.0258622217299811,38115.926,1400,20251006.0,28.0,MLM-US
Anthony Codling,RBC Capital Markets,1269,MLM-US,2025Q3,2025,0.0244382386912013,38115.926,1400,20250807.0,88.0,MLM-US
Garik Shmois,Loop Capital Markets,1009,MLM-US,2025Q3,2025,0.0247230352989573,38115.926,1400,20250807.0,88.0,MLM-US
Keith Hughes,Truist Securities,852,MLM-US,2025Q3,2025,0.0235996709016977,38115.926,1400,20250807.0,88.0,MLM-US
Adam R. Thalhimer,Thompson Davis & Co,1020,MLM-US,2025Q3,2025,0.0213529421071784,38115.926,1400,20250430.0,187.0,MLM-US
Brent Thielman,DA Davidson,556,MLM-US,2025Q3,2025,0.0243591285223802,38115.926,1400,20250808.0,87.0,MLM-US
Brian Brophy,Stifel Nicolaus,548,MLM-US,2025Q2,2025,0.0272155338470005,35052.35,1400,20250725.0,12.0,MLM-US
Patrick Tyler Brown,Raymond James,402,MLM-US,2025Q2,2025,0.026777483489268,35052.35,1400,20250212.0,175.0,MLM-US
Adam R. Thalhimer,Thompson Davis & Co,1020,MLM-US,2025Q2,2025,0.0257111653824986,35052.35,1400,20250430.0,98.0,MLM-US
Garik Shmois,Loop Capital Markets,1009,MLM-US,2025Q2,2025,0.0274482319757842,35052.35,1400,20250410.0,118.0,MLM-US
Keith Hughes,Truist Securities,852,MLM-US,2025Q2,2025,0.0270010663181067,35052.35,1400,20250430.0,98.0,MLM-US
Philip Ng,Jefferies,512,MLM-US,2025Q2,2025,0.0282360191937259,35052.35,1400,20250623.0,44.0,MLM-US
Trey Grooms,Stephens Inc,472,MLM-US,2025Q2,2025,0.0271386557512383,35052.35,1400,20250801.0,5.0,MLM-US
Anthony Codling,RBC Capital Markets,1269,MLM-US,2025Q2,2025,0.0283253646119977,35052.35,1400,20250613.0,54.0,MLM-US
David S. MacGregor,Longbow Research,1069,MLM-US,2025Q2,2025,0.0302172193175564,35052.35,1400,20250213.0,174.0,MLM-US
Kathryn I. Thompson,Thompson Research Group,2702,MLM-US,2025Q2,2025,0.0331065974133186,35052.35,1400,20250701.0,36.0,MLM-US
Michael S. Dudas,Vertical Research Partners,2963,MLM-US,2025Q2,2025,0.0302115437534397,35052.35,1400,20250212.0,175.0,MLM-US
Brent Thielman,DA Davidson,556,MLM-US,2025Q2,2025,0.0279297949917446,35052.35,1400,20250212.0,175.0,MLM-US
Patrick Tyler Brown,Raymond James,402,MLM-US,2025Q1,2025,0.0381492836389139,30242.572,1400,20250212.0,76.0,MLM-US
Philip Ng,Jefferies,512,MLM-US,2025Q1,2025,0.039291453762148,30242.572,1400,20250212.0,76.0,MLM-US
David S. MacGregor,Longbow Research,1069,MLM-US,2025Q1,2025,0.0422771265404268,30242.572,1400,20250213.0,75.0,MLM-US
Brian Brophy,Stifel Nicolaus,548,MLM-US,2025Q1,2025,0.0377855926259893,30242.572,1400,20250303.0,57.0,MLM-US
Trey Grooms,Stephens Inc,472,MLM-US,2025Q1,2025,0.0366664662859432,30242.572,1400,20250415.0,14.0,MLM-US
Garik Shmois,Loop Capital Markets,1009,MLM-US,2025Q1,2025,0.0390309588217613,30242.572,1400,20250410.0,19.0,MLM-US
Kathryn I. Thompson,Thompson Research Group,2702,MLM-US,2025Q1,2025,0.0453229135357178,30242.572,1400,20250212.0,76.0,MLM-US
Colin Isaac,Rothschild & Co Redburn,1652,MLM-US,2025Q1,2025,,30242.572,1400,20250219.0,69.0,MLM-US
Yassine Touahri,On Field Investment Research,3284,MLM-US,2025Q1,2025,0.0424775072638012,30242.572,1400,20250218.0,70.0,MLM-US
Michael S. Dudas,Vertical Research Partners,2963,MLM-US,2025Q1,2025,0.0426712754233042,30242.572,1400,20250212.0,76.0,MLM-US
Adam R. Thalhimer,Thompson Davis & Co,1020,MLM-US,2025Q1,2025,0.0364460474902314,30242.572,1400,20250212.0,76.0,MLM-US
Brent Thielman,DA Davidson,556,MLM-US,2025Q1,2025,0.0396120629195471,30242.572,1400,20250212.0,76.0,MLM-US
Philip Ng,Jefferies,512,MLM-US,2024Q4,2024,0.0351613441019561,32993.973,1400,20241212.0,61.0,MLM-US
Trey Grooms,Stephens Inc,472,MLM-US,2024Q4,2024,0.0322575207468879,32993.973,1400,20250203.0,8.0,MLM-US
David S. MacGregor,Longbow Research,1069,MLM-US,2024Q4,2024,0.0355733180201541,32993.973,1400,20241101.0,102.0,MLM-US
Patrick Tyler Brown,Raymond James,402,MLM-US,2024Q4,2024,0.0337209173088322,32993.973,1400,20250115.0,27.0,MLM-US
Kathryn I. Thompson,Thompson Research Group,2702,MLM-US,2024Q4,2024,0.0392040234143449,32993.973,1400,20241030.0,104.0,MLM-US
Colin Isaac,Rothschild & Co Redburn,1652,MLM-US,2024Q4,2024,,32993.973,1400,20250110.0,32.0,MLM-US
Garik Shmois,Loop Capital Markets,1009,MLM-US,2024Q4,2024,0.0342581135151155,32993.973,1400,20241212.0,61.0,MLM-US
Brent Thielman,DA Davidson,556,MLM-US,2024Q4,2024,0.0333504371665678,32993.973,1400,20241030.0,104.0,MLM-US
Philip Ng,Jefferies,512,MLM-US,2024Q3,2024,0.0322553862322648,34891.727,1400,20241008.0,21.0,MLM-US
David S. MacGregor,Longbow Research,1069,MLM-US,2024Q3,2024,0.0358001401296199,34891.727,1400,20241004.0,25.0,MLM-US
Rohit Seth,Seaport Research Partners,1321,MLM-US,2024Q3,2024,0.0319115431774391,34891.727,1400,20241025.0,4.0,MLM-US
Trey Grooms,Stephens Inc,472,MLM-US,2024Q3,2024,0.0276901383779996,34891.727,1400,20241011.0,18.0,MLM-US
Kathryn I. Thompson,Thompson Research Group,2702,MLM-US,2024Q3,2024,0.0356278612716762,34891.727,1400,20240710.0,111.0,MLM-US
Brent Thielman,DA Davidson,556,MLM-US,2024Q3,2024,0.0305277631809423,34891.727,1400,20240927.0,32.0,MLM-US
Rohit Seth,Seaport Research Partners,1321,MLM-US,2024Q2,2024,0.0399007385200351,33719.65,1400,20240802.0,5.0,MLM-US
David S. MacGregor,Longbow Research,1069,MLM-US,2024Q2,2024,0.0406319464755776,33719.65,1400,20240715.0,23.0,MLM-US
Kathryn I. Thompson,Thompson Research Group,2702,MLM-US,2024Q2,2024,0.0389684483767183,33719.65,1400,20240710.0,28.0,MLM-US
Rohit Seth,Seaport Research Partners,1321,MLM-US,2024Q1,2024,0.0190934749008803,36799.203,1400,20240424.0,5.0,MLM-US
Colin Isaac,Rothschild & Co Redburn,1652,MLM-US,2024Q1,2024,,36799.203,1400,20240325.0,35.0,MLM-US
Rohit Seth,Seaport Research Partners,1321,MLM-US,2023Q3,2023,0.0467017450701165,25606.102,1400,20231023.0,8.0,MLM-US
Colin Isaac,Rothschild & Co Redburn,1652,MLM-US,2023Q3,2023,,25606.102,1400,20230814.0,78.0,MLM-US
Rohit Seth,Seaport Research Partners,1321,MLM-US,2023Q2,2023,0.0336496157487944,28141.873,1400,20230505.0,82.0,MLM-US
Derrick Wood,TD Cowen,917,MSFT-US,2026Q1,2026,0.0365633967219493,3053567.3,7372,20260129.0,89.0,MSFT-US
Patrick Colville,Scotiabank GBM,810,MSFT-US,2026Q1,2026,0.0370225183600019,3053567.3,7372,20260427.0,1.0,MSFT-US
Jackson Ader,KeyBanc Capital Markets,618,MSFT-US,2026Q1,2026,0.0344136958319147,3053567.3,7372,20251030.0,180.0,MSFT-US
Michael Turrin,Wells Fargo Securities,596,MSFT-US,2026Q1,2026,0.0368454841690579,3053567.3,7372,20260330.0,29.0,MSFT-US
Keith Bachman,BMO Capital Markets,181,MSFT-US,2026Q1,2026,0.0324439472788288,3053567.3,7372,20260129.0,89.0,MSFT-US
Ben Reitzes,Melius Research,3130,MSFT-US,2026Q1,2026,0.0349000534993434,3053567.3,7372,20260206.0,81.0,MSFT-US
Barney Yao,Haitong International Research,2898,MSFT-US,2026Q1,2026,0.0367482126355721,3053567.3,7372,20260129.0,89.0,MSFT-US
Kirk Materne,Evercore ISI,1772,MSFT-US,2026Q1,2026,0.0364807159184864,3053567.3,7372,20260129.0,89.0,MSFT-US
Rishi N. Jaluria,RBC Capital Markets,1269,MSFT-US,2026Q1,2026,0.0350702786829434,3053567.3,7372,20260129.0,89.0,MSFT-US
Thomas Blakey,Cantor Fitzgerald,1190,MSFT-US,2026Q1,2026,0.0351918680998005,3053567.3,7372,20251030.0,180.0,MSFT-US
Mark L. Moerdler,Bernstein Research,1140,MSFT-US,2026Q1,2026,,3053567.3,7372,20251030.0,180.0,MSFT-US
Yun Kim,Loop Capital Markets,1009,MSFT-US,2026Q1,2026,0.0358727688342006,3053567.3,7372,20260129.0,89.0,MSFT-US
Terry Tillman,Truist Securities,852,MSFT-US,2026Q1,2026,0.0366023053353436,3053567.3,7372,20260129.0,89.0,MSFT-US
Dan Ives,Wedbush Securities,590,MSFT-US,2026Q1,2026,0.0358484509508292,3053567.3,7372,20260129.0,89.0,MSFT-US
Brad R. Reback,Stifel Nicolaus,548,MSFT-US,2026Q1,2026,0.0323953115120859,3053567.3,7372,20260204.0,83.0,MSFT-US
Brad Zelnick,Deutsche Bank Research,77,MSFT-US,2026Q1,2026,0.0360673119011721,3053567.3,7372,20251030.0,180.0,MSFT-US
Alex Haissl,Rothschild & Co Redburn,1652,MSFT-US,2026Q1,2026,,3053567.3,7372,20260121.0,97.0,MSFT-US
Ari Terjanian,Cleveland Research Company,2295,MSFT-US,2026Q1,2026,0.0355091435241476,3053567.3,7372,20251209.0,140.0,MSFT-US
John DiFucci,Guggenheim Securities,1515,MSFT-US,2026Q1,2026,0.0364320801517435,3053567.3,7372,20260129.0,89.0,MSFT-US
Billy Fitzsimmons,Piper Sandler Companies,570,MSFT-US,2026Q1,2026,0.0355080005836292,3053567.3,7372,20260129.0,89.0,MSFT-US
Jason Ader,William Blair,198,MSFT-US,2026Q1,2026,0.0362618549681435,3053567.3,7372,20260129.0,89.0,MSFT-US
Phillip Securities Research Team,Phillip Securities,651,MSFT-US,2026Q1,2026,0.032905987062886,3053567.3,7372,20250801.0,270.0,MSFT-US
Gregg Moskowitz,Mizuho Securities USA,1802,MSFT-US,2026Q1,2026,0.0363591265016292,3053567.3,7372,20260120.0,98.0,MSFT-US
Ella Ji,China Renaissance Securities (US),2903,MSFT-US,2026Q1,2026,0.0354107290501434,3053567.3,7372,20251031.0,179.0,MSFT-US
Rong Jin,Huaan Securities,3624,MSFT-US,2026Q1,2026,0.0371129808861436,3053567.3,7372,20260205.0,82.0,MSFT-US
Ya Li Guo,Huatai Research,1271,MSFT-US,2026Q1,2026,0.0368698020524293,3053567.3,7372,20260129.0,89.0,MSFT-US
Hui Ting Tang,Mega Intl Invst Serv,1175,MSFT-US,2026Q1,2026,0.0334166626136861,3053567.3,7372,20251103.0,176.0,MSFT-US
Bo Tao Yu,China Securities,697,MSFT-US,2026Q1,2026,0.0342677885316862,3053567.3,7372,20250502.0,361.0,MSFT-US
Satoshi Tanaka,Daiwa Securities Co. Ltd.,467,MSFT-US,2026Q1,2026,0.0356782257672292,3053567.3,7372,20251105.0,174.0,MSFT-US
Lun Ke Zhang,Guosen Securities,1894,MSFT-US,2026Q1,2026,0.037526384903458,3053567.3,7372,20260130.0,88.0,MSFT-US
Peng Rui Huang,Capital Securities Asia,1128,MSFT-US,2026Q1,2026,0.0353134575166577,3053567.3,7372,20260129.0,89.0,MSFT-US
Je-Min Park,SK Securities,1095,MSFT-US,2026Q1,2026,0.0353377754000291,3053567.3,7372,20260129.0,89.0,MSFT-US
Irene Weng,Fubon Securities,1084,MSFT-US,2026Q1,2026,0.0365536695686007,3053567.3,7372,20260129.0,89.0,MSFT-US
Ye Tao,China International Capital,898,MSFT-US,2026Q1,2026,0.0370886630027722,3053567.3,7372,20251030.0,180.0,MSFT-US
Gil Luria,DA Davidson,556,MSFT-US,2026Q1,2026,0.0354523126307086,3053567.3,7372,20260129.0,89.0,MSFT-US
Joseph Bonner,Argus Research,376,MSFT-US,2026Q1,2026,0.0335382520305432,3053567.3,7372,20260129.0,89.0,MSFT-US
Mark L. Moerdler,Bernstein Research,1140,MSFT-US,2025Q4,2025,,3498197.3,7372,20251030.0,89.0,MSFT-US
Ari Terjanian,Cleveland Research Company,2295,MSFT-US,2025Q4,2025,0.0291238064886225,3498197.3,7372,20251209.0,49.0,MSFT-US
Yun Kim,Loop Capital Markets,1009,MSFT-US,2025Q4,2025,0.0285014978647459,3498197.3,7372,20251030.0,89.0,MSFT-US
Terry Tillman,Truist Securities,852,MSFT-US,2025Q4,2025,0.0294363354367178,3498197.3,7372,20251027.0,92.0,MSFT-US
Phillip Securities Research Team,Phillip Securities,651,MSFT-US,2025Q4,2025,0.0268655321137952,3498197.3,7372,20250801.0,179.0,MSFT-US
Dan Ives,Wedbush Securities,590,MSFT-US,2025Q4,2025,0.0284590052478381,3498197.3,7372,20251030.0,89.0,MSFT-US
Brad R. Reback,Stifel Nicolaus,548,MSFT-US,2025Q4,2025,0.0274391824420506,3498197.3,7372,20251030.0,89.0,MSFT-US
Jackson Ader,KeyBanc Capital Markets,618,MSFT-US,2025Q4,2025,0.0280765716956678,3498197.3,7372,20251030.0,89.0,MSFT-US
Kirk Materne,Evercore ISI,1772,MSFT-US,2025Q4,2025,0.0295213206705334,3498197.3,7372,20251030.0,89.0,MSFT-US
Alex Haissl,Rothschild & Co Redburn,1652,MSFT-US,2025Q4,2025,,3498197.3,7372,20260121.0,6.0,MSFT-US
Thomas Blakey,Cantor Fitzgerald,1190,MSFT-US,2025Q4,2025,0.0288626851084623,3498197.3,7372,20251030.0,89.0,MSFT-US
Michael Turrin,Wells Fargo Securities,596,MSFT-US,2025Q4,2025,0.0282465421632991,3498197.3,7372,20251030.0,89.0,MSFT-US
Brent Thill,Jefferies,512,MSFT-US,2025Q4,2025,0.0275029213674124,3498197.3,7372,20251030.0,89.0,MSFT-US
Brian Schwartz,Oppenheimer,498,MSFT-US,2025Q4,2025,0.028025793018463,3498197.3,7372,20251030.0,89.0,MSFT-US
Brad Zelnick,Deutsche Bank Research,77,MSFT-US,2025Q4,2025,0.0294363354367178,3498197.3,7372,20251030.0,89.0,MSFT-US
Gregg Moskowitz,Mizuho Securities USA,1802,MSFT-US,2025Q4,2025,0.0295638132874413,3498197.3,7372,20260120.0,7.0,MSFT-US
John DiFucci,Guggenheim Securities,1515,MSFT-US,2025Q4,2025,0.0297125374466186,3498197.3,7372,20251030.0,89.0,MSFT-US
Derrick Wood,TD Cowen,917,MSFT-US,2025Q4,2025,0.0263711305160728,3498197.3,7372,20260119.0,8.0,MSFT-US
Ye Tao,China International Capital,898,MSFT-US,2025Q4,2025,0.0305623897847748,3498197.3,7372,20251030.0,89.0,MSFT-US
Gil Luria,DA Davidson,556,MSFT-US,2025Q4,2025,0.0275666602927741,3498197.3,7372,20251030.0,89.0,MSFT-US
Tommy Wong,China Merchants Securities,1788,MSFT-US,2025Q4,2025,0.0326020353963498,3498197.3,7372,20251030.0,89.0,MSFT-US
Rishi N. Jaluria,RBC Capital Markets,1269,MSFT-US,2025Q4,2025,0.0294788280536256,3498197.3,7372,20251030.0,89.0,MSFT-US
Ben Reitzes,Melius Research,3130,MSFT-US,2025Q4,2025,0.029160133426817,3498197.3,7372,20250801.0,179.0,MSFT-US
Jason Ader,William Blair,198,MSFT-US,2025Q4,2025,0.0304136656255975,3498197.3,7372,20251030.0,89.0,MSFT-US
Rong Jin,Huaan Securities,3624,MSFT-US,2025Q4,2025,0.029627552212803,3498197.3,7372,20251031.0,88.0,MSFT-US
Chun Sheng Xie,Huatai Research,1271,MSFT-US,2025Q4,2025,0.02939384281981,3498197.3,7372,20250501.0,271.0,MSFT-US
Keith Bachman,BMO Capital Markets,181,MSFT-US,2025Q4,2025,0.0275029213674124,3498197.3,7372,20251030.0,89.0,MSFT-US
Ella Ji,China Renaissance Securities (US),2903,MSFT-US,2025Q4,2025,0.0288201924915545,3498197.3,7372,20251031.0,88.0,MSFT-US
Kadambari Daptardar,ARC Independent Research,940,MSFT-US,2025Q4,2025,0.0282890347802069,3498197.3,7372,20251117.0,71.0,MSFT-US
Satoshi Tanaka,Daiwa Securities Co. Ltd.,467,MSFT-US,2025Q4,2025,0.0290326555760936,3498197.3,7372,20251105.0,83.0,MSFT-US
Liang Wei Zhang,Soochow Securities,3048,MSFT-US,2025Q4,2025,0.0283740200140225,3498197.3,7372,20250804.0,176.0,MSFT-US
Shi Feng Cui,China Securities,697,MSFT-US,2025Q4,2025,0.027821615994221,3498197.3,7372,20250502.0,270.0,MSFT-US
Hui Ting Tang,Mega Intl Invst Serv,1175,MSFT-US,2025Q4,2025,0.0273117045913272,3498197.3,7372,20251103.0,85.0,MSFT-US
Lun Ke Zhang,Guosen Securities,1894,MSFT-US,2025Q4,2025,0.0275029213674124,3498197.3,7372,20251031.0,88.0,MSFT-US
Barney Yao,Haitong International Research,2898,MSFT-US,2025Q4,2025,0.0273329508997811,3498197.3,7372,20251030.0,89.0,MSFT-US
Tian Zi Fu,Everbright Securities,1299,MSFT-US,2025Q4,2025,0.0286714683323772,3498197.3,7372,20251030.0,89.0,MSFT-US
Irene Weng,Fubon Securities,1084,MSFT-US,2025Q4,2025,0.028947670342278,3498197.3,7372,20251030.0,89.0,MSFT-US
Hannah Rudoff,Piper Sandler Companies,570,MSFT-US,2025Q4,2025,0.0276303992181358,3498197.3,7372,20251030.0,89.0,MSFT-US
Soo-Jin Kim,Mirae Asset Securities,484,MSFT-US,2025Q4,2025,0.0323895723118108,3498197.3,7372,20250829.0,151.0,MSFT-US
Joseph Bonner,Argus Research,376,MSFT-US,2025Q4,2025,0.026908024730703,3498197.3,7372,20251030.0,89.0,MSFT-US
Gregg Moskowitz,Mizuho Securities USA,1802,MSFT-US,2025Q3,2025,0.0282679235728336,3816370.0,7372,20241016.0,377.0,MSFT-US
Rishi N. Jaluria,RBC Capital Markets,1269,MSFT-US,2025Q3,2025,0.0277030948717449,3816370.0,7372,20250731.0,89.0,MSFT-US
Mark L. Moerdler,Bernstein Research,1140,MSFT-US,2025Q3,2025,,3816370.0,7372,20250731.0,89.0,MSFT-US
Yun Kim,Loop Capital Markets,1009,MSFT-US,2025Q3,2025,0.0275472800576514,3816370.0,7372,20250731.0,89.0,MSFT-US
Terry Tillman,Truist Securities,852,MSFT-US,2025Q3,2025,0.0297871180102448,3816370.0,7372,20251027.0,1.0,MSFT-US
Michael Turrin,Wells Fargo Securities,596,MSFT-US,2025Q3,2025,0.0268071596907075,3816370.0,7372,20250731.0,89.0,MSFT-US
Jason Ader,William Blair,198,MSFT-US,2025Q3,2025,0.0285016457939738,3816370.0,7372,20250731.0,89.0,MSFT-US
Brad Zelnick,Deutsche Bank Research,77,MSFT-US,2025Q3,2025,0.0275285725415343,3816370.0,7372,20250716.0,104.0,MSFT-US
Kirk Materne,Evercore ISI,1772,MSFT-US,2025Q3,2025,0.027021405060086,3816370.0,7372,20250731.0,89.0,MSFT-US
John DiFucci,Guggenheim Securities,1515,MSFT-US,2025Q3,2025,0.0280342013516935,3816370.0,7372,20250731.0,89.0,MSFT-US
Ye Tao,China International Capital,898,MSFT-US,2025Q3,2025,0.0295728726408663,3816370.0,7372,20251024.0,4.0,MSFT-US
Gil Luria,DA Davidson,556,MSFT-US,2025Q3,2025,0.026737822098436,3816370.0,7372,20250731.0,89.0,MSFT-US
Ari Terjanian,Cleveland Research Company,2295,MSFT-US,2025Q3,2025,0.0301997000564828,3816370.0,7372,20251023.0,5.0,MSFT-US
Derrick Wood,TD Cowen,917,MSFT-US,2025Q3,2025,0.0282679235728336,3816370.0,7372,20250731.0,89.0,MSFT-US
Brad R. Reback,Stifel Nicolaus,548,MSFT-US,2025Q3,2025,0.0289690902362542,3816370.0,7372,20250731.0,89.0,MSFT-US
Brent Thill,Jefferies,512,MSFT-US,2025Q3,2025,0.0275862337611748,3816370.0,7372,20250731.0,89.0,MSFT-US
Brian Schwartz,Oppenheimer,498,MSFT-US,2025Q3,2025,0.0274693726506047,3816370.0,7372,20250731.0,89.0,MSFT-US
Alex Haissl,Rothschild & Co Redburn,1652,MSFT-US,2025Q3,2025,,3816370.0,7372,20251022.0,6.0,MSFT-US
Jackson Ader,KeyBanc Capital Markets,618,MSFT-US,2025Q3,2025,0.0279173402411234,3816370.0,7372,20250731.0,89.0,MSFT-US
Dan Ives,Wedbush Securities,590,MSFT-US,2025Q3,2025,0.0275278032058898,3816370.0,7372,20250731.0,89.0,MSFT-US
Phillip Securities Research Team,Phillip Securities,651,MSFT-US,2025Q3,2025,0.0274304189470813,3816370.0,7372,20250801.0,88.0,MSFT-US
Ben Reitzes,Melius Research,3130,MSFT-US,2025Q3,2025,0.0294365346785345,3816370.0,7372,20250801.0,88.0,MSFT-US
Colin Liu,China Renaissance Securities (US),2903,MSFT-US,2025Q3,2025,0.0285405994974972,3816370.0,7372,20250801.0,88.0,MSFT-US
Keith Bachman,BMO Capital Markets,181,MSFT-US,2025Q3,2025,0.0276641411682215,3816370.0,7372,20250731.0,89.0,MSFT-US
Pierre Ferragu,New Street Research,1634,MSFT-US,2025Q3,2025,0.0294754883820579,3816370.0,7372,20250731.0,89.0,MSFT-US
Tommy Wong,China Merchants Securities,1788,MSFT-US,2025Q3,2025,0.0282874004245953,3816370.0,7372,20250908.0,50.0,MSFT-US
Soo-Jin Kim,Mirae Asset Securities,484,MSFT-US,2025Q3,2025,0.0324944004051185,3816370.0,7372,20250829.0,60.0,MSFT-US
Chun Sheng Xie,Huatai Research,1271,MSFT-US,2025Q3,2025,0.0297481643067214,3816370.0,7372,20250501.0,180.0,MSFT-US
Xiao Yu Han,First Shanghai,1701,MSFT-US,2025Q3,2025,0.0291833356056327,3816370.0,7372,20250813.0,76.0,MSFT-US
Kadambari Daptardar,ARC Independent Research,940,MSFT-US,2025Q3,2025,0.0275667569094131,3816370.0,7372,20250811.0,78.0,MSFT-US
Liang Wei Zhang,Soochow Securities,3048,MSFT-US,2025Q3,2025,0.0288132754221607,3816370.0,7372,20250804.0,85.0,MSFT-US
Satoshi Tanaka,Daiwa Securities Co. Ltd.,467,MSFT-US,2025Q3,2025,0.0276251874646982,3816370.0,7372,20250806.0,83.0,MSFT-US
Rong Jin,Huaan Securities,3624,MSFT-US,2025Q3,2025,0.0284821689422121,3816370.0,7372,20250509.0,172.0,MSFT-US
Joseph Bonner,Argus Research,376,MSFT-US,2025Q3,2025,0.0270603587636094,3816370.0,7372,20250801.0,88.0,MSFT-US
Lun Ke Zhang,Guosen Securities,1894,MSFT-US,2025Q3,2025,0.0273330346882729,3816370.0,7372,20250502.0,179.0,MSFT-US
Irene Weng,Fubon Securities,1084,MSFT-US,2025Q3,2025,0.0287548448668757,3816370.0,7372,20250731.0,89.0,MSFT-US
Brent A. Bracelin,Piper Sandler Companies,570,MSFT-US,2025Q3,2025,0.0275278032058898,3816370.0,7372,20250731.0,89.0,MSFT-US
Michael Turrin,Wells Fargo Securities,596,MSFT-US,2025Q2,2025,0.0299829911791463,3758042.8,7372,20250714.0,15.0,MSFT-US
Mark L. Moerdler,Bernstein Research,1140,MSFT-US,2025Q2,2025,,3758042.8,7372,20250501.0,89.0,MSFT-US
Ye Tao,China International Capital,898,MSFT-US,2025Q2,2025,0.0286381076697915,3758042.8,7372,20250728.0,1.0,MSFT-US
Yun Kim,Loop Capital Markets,1009,MSFT-US,2025Q2,2025,0.0271350025711008,3758042.8,7372,20250501.0,89.0,MSFT-US
Kirk Materne,Evercore ISI,1772,MSFT-US,2025Q2,2025,0.0253945650884063,3758042.8,7372,20250723.0,6.0,MSFT-US
Jackson Ader,KeyBanc Capital Markets,618,MSFT-US,2025Q2,2025,0.0251967881017364,3758042.8,7372,20250501.0,89.0,MSFT-US
John DiFucci,Guggenheim Securities,1515,MSFT-US,2025Q2,2025,0.026858114789763,3758042.8,7372,20250501.0,89.0,MSFT-US
Alex Haissl,Rothschild & Co Redburn,1652,MSFT-US,2025Q2,2025,,3758042.8,7372,20250717.0,12.0,MSFT-US
Soo-Jin Kim,Mirae Asset Securities,484,MSFT-US,2025Q2,2025,0.0313476523871682,3758042.8,7372,20250717.0,12.0,MSFT-US
Derrick Wood,TD Cowen,917,MSFT-US,2025Q2,2025,0.0272932241604366,3758042.8,7372,20250501.0,89.0,MSFT-US
Brad Zelnick,Deutsche Bank Research,77,MSFT-US,2025Q2,2025,0.0278732209960049,3758042.8,7372,20250716.0,13.0,MSFT-US
Gregg Moskowitz,Mizuho Securities USA,1802,MSFT-US,2025Q2,2025,0.0285589968751236,3758042.8,7372,20250415.0,105.0,MSFT-US
Ben Reitzes,Melius Research,3130,MSFT-US,2025Q2,2025,0.0282227759977849,3758042.8,7372,20250207.0,172.0,MSFT-US
Brent A. Bracelin,Piper Sandler Companies,570,MSFT-US,2025Q2,2025,0.0258098967604129,3758042.8,7372,20250501.0,89.0,MSFT-US
Chun Sheng Xie,Huatai Research,1271,MSFT-US,2025Q2,2025,0.0300621019738143,3758042.8,7372,20250501.0,89.0,MSFT-US
Brian Schwartz,Oppenheimer,498,MSFT-US,2025Q2,2025,0.0272338910644357,3758042.8,7372,20250501.0,89.0,MSFT-US
Saiyi He,CMB International,2157,MSFT-US,2025Q2,2025,0.0289941062457972,3758042.8,7372,20240731.0,363.0,MSFT-US
Pierre Ferragu,New Street Research,1634,MSFT-US,2025Q2,2025,0.0307345437284917,3758042.8,7372,20250130.0,180.0,MSFT-US
Joel P. Fishbein Jr.,Truist Securities,852,MSFT-US,2025Q2,2025,0.0272141133657687,3758042.8,7372,20250612.0,47.0,MSFT-US
Jason Ader,William Blair,198,MSFT-US,2025Q2,2025,0.0264427831177564,3758042.8,7372,20250501.0,89.0,MSFT-US
Rong Jin,Huaan Securities,3624,MSFT-US,2025Q2,2025,0.0291127724377991,3758042.8,7372,20250509.0,81.0,MSFT-US
Xiao Yu Han,First Shanghai,1701,MSFT-US,2025Q2,2025,0.0285787745737905,3758042.8,7372,20241112.0,259.0,MSFT-US
Liang Wei Zhang,Soochow Securities,3048,MSFT-US,2025Q2,2025,0.0287567738617934,3758042.8,7372,20240731.0,363.0,MSFT-US
Colin Liu,China Renaissance Securities (US),2903,MSFT-US,2025Q2,2025,0.0272141133657687,3758042.8,7372,20250203.0,176.0,MSFT-US
Satoshi Tanaka,Daiwa Securities Co. Ltd.,467,MSFT-US,2025Q2,2025,0.0265416716110913,3758042.8,7372,20250505.0,85.0,MSFT-US
Lun Ke Zhang,Guosen Securities,1894,MSFT-US,2025Q2,2025,0.0279854436137811,3758042.8,7372,20250502.0,88.0,MSFT-US
Shi Feng Cui,China Securities,697,MSFT-US,2025Q2,2025,0.0288754400537953,3758042.8,7372,20250502.0,88.0,MSFT-US
Curtis A Shauger,WestPark Capital,3079,MSFT-US,2025Q2,2025,0.0267790039950951,3758042.8,7372,20250501.0,89.0,MSFT-US
Colin Liu,China Renaissance Securities (US),2903,MSFT-US,2025Q1,2025,0.0358250589790786,2867510.0,7372,20250203.0,85.0,MSFT-US
Yun Kim,Loop Capital Markets,1009,MSFT-US,2025Q1,2025,0.0343732662743369,2867510.0,7372,20250130.0,89.0,MSFT-US
Joel P. Fishbein Jr.,Truist Securities,852,MSFT-US,2025Q1,2025,0.0361620822855365,2867510.0,7372,20250328.0,32.0,MSFT-US
Brad Zelnick,Deutsche Bank Research,77,MSFT-US,2025Q1,2025,0.036130920592124,2867510.0,7372,20250117.0,102.0,MSFT-US
Kirk Materne,Evercore ISI,1772,MSFT-US,2025Q1,2025,0.0362398568947191,2867510.0,7372,20250130.0,89.0,MSFT-US
Jackson Ader,KeyBanc Capital Markets,618,MSFT-US,2025Q1,2025,0.0329733233090503,2867510.0,7372,20250423.0,6.0,MSFT-US
John DiFucci,Guggenheim Securities,1515,MSFT-US,2025Q1,2025,0.035306561584528,2867510.0,7372,20241031.0,180.0,MSFT-US
Gregg Moskowitz,Mizuho Securities USA,1802,MSFT-US,2025Q1,2025,0.0382879216031939,2867510.0,7372,20241016.0,195.0,MSFT-US
Alex Haissl,Rothschild & Co Redburn,1652,MSFT-US,2025Q1,2025,,2867510.0,7372,20250303.0,57.0,MSFT-US
Ben Reitzes,Melius Research,3130,MSFT-US,2025Q1,2025,0.0371472273351826,2867510.0,7372,20250207.0,81.0,MSFT-US
Mark L. Moerdler,Bernstein Research,1140,MSFT-US,2025Q1,2025,,2867510.0,7372,20250130.0,89.0,MSFT-US
Curtis A Shauger,WestPark Capital,3079,MSFT-US,2025Q1,2025,0.0338288440100588,2867510.0,7372,20250328.0,32.0,MSFT-US
Pierre Ferragu,New Street Research,1634,MSFT-US,2025Q1,2025,0.0407767090970367,2867510.0,7372,20250130.0,89.0,MSFT-US
Rong Jin,Huaan Securities,3624,MSFT-US,2025Q1,2025,0.0360324579368988,2867510.0,7372,20250207.0,81.0,MSFT-US
Jason Ader,William Blair,198,MSFT-US,2025Q1,2025,0.0359028335882612,2867510.0,7372,20250130.0,89.0,MSFT-US
Satoshi Tanaka,Daiwa Securities Co. Ltd.,467,MSFT-US,2025Q1,2025,0.035747284369896,2867510.0,7372,20240802.0,270.0,MSFT-US
Lun Ke Zhang,Guosen Securities,1894,MSFT-US,2025Q1,2025,0.0376916495994607,2867510.0,7372,20241031.0,180.0,MSFT-US
Chun Sheng Xie,Huatai Research,1271,MSFT-US,2025Q1,2025,0.0387545692582894,2867510.0,7372,20250130.0,89.0,MSFT-US
Thiago Alves Kapulskis,Itau Securities,1394,MSFT-US,2025Q1,2025,0.037069452726,2867510.0,7372,20241031.0,180.0,MSFT-US
Tian Zi Fu,Everbright Securities,1299,MSFT-US,2025Q1,2025,0.0368620537681798,2867510.0,7372,20250130.0,89.0,MSFT-US
Timothy Horan,Oppenheimer,498,MSFT-US,2025Q1,2025,0.0325066756539548,2867510.0,7372,20250130.0,89.0,MSFT-US
Joel P. Fishbein Jr.,Truist Securities,852,MSFT-US,2024Q4,2024,0.034959944186494,3090457.0,7372,20250106.0,22.0,MSFT-US
Colin Liu,China Renaissance Securities (US),2903,MSFT-US,2024Q4,2024,0.0368845478384295,3090457.0,7372,20240731.0,181.0,MSFT-US
Gregg Moskowitz,Mizuho Securities USA,1802,MSFT-US,2024Q4,2024,0.0360689970409218,3090457.0,7372,20241016.0,104.0,MSFT-US
Timothy Horan,Oppenheimer,498,MSFT-US,2024Q4,2024,0.0313753698847643,3090457.0,7372,20241031.0,89.0,MSFT-US
Mark L. Moerdler,Bernstein Research,1140,MSFT-US,2024Q4,2024,,3090457.0,7372,20250103.0,25.0,MSFT-US
John DiFucci,Guggenheim Securities,1515,MSFT-US,2024Q4,2024,0.0331315707171554,3090457.0,7372,20241031.0,89.0,MSFT-US
Jackson Ader,KeyBanc Capital Markets,618,MSFT-US,2024Q4,2024,0.0319286934346957,3090457.0,7372,20241031.0,89.0,MSFT-US
Michael Turrin,Wells Fargo Securities,596,MSFT-US,2024Q4,2024,0.0325782471672239,3090457.0,7372,20241031.0,89.0,MSFT-US
Brad Zelnick,Deutsche Bank Research,77,MSFT-US,2024Q4,2024,0.0342423172227969,3090457.0,7372,20250117.0,11.0,MSFT-US
Ben Reitzes,Melius Research,3130,MSFT-US,2024Q4,2024,0.0355373252820747,3090457.0,7372,20241119.0,70.0,MSFT-US
Alex Haissl,Rothschild & Co Redburn,1652,MSFT-US,2024Q4,2024,,3090457.0,7372,20241122.0,67.0,MSFT-US
Xiao Yu Han,First Shanghai,1701,MSFT-US,2024Q4,2024,0.0357779007385666,3090457.0,7372,20241112.0,77.0,MSFT-US
Chun Sheng Xie,Huatai Research,1271,MSFT-US,2024Q4,2024,0.0371010657492722,3090457.0,7372,20240731.0,181.0,MSFT-US
Rong Jin,Huaan Securities,3624,MSFT-US,2024Q4,2024,0.0348637140038973,3090457.0,7372,20241104.0,85.0,MSFT-US
Dan Zhao,SPDB International,3451,MSFT-US,2024Q4,2024,0.034575023456107,3090457.0,7372,20241031.0,89.0,MSFT-US
Lun Ke Zhang,Guosen Securities,1894,MSFT-US,2024Q4,2024,0.0355373252820747,3090457.0,7372,20241031.0,89.0,MSFT-US
Thiago Alves Kapulskis,Itau Securities,1394,MSFT-US,2024Q4,2024,0.0349840017321432,3090457.0,7372,20241031.0,89.0,MSFT-US
Tian Zi Fu,Everbright Securities,1299,MSFT-US,2024Q4,2024,0.0341660451800707,3090457.0,7372,20241031.0,89.0,MSFT-US
Jackson Ader,KeyBanc Capital Markets,618,MSFT-US,2024Q3,2024,0.0321972027299817,3093617.8,7372,20240916.0,43.0,MSFT-US
Brad Zelnick,Deutsche Bank Research,77,MSFT-US,2024Q3,2024,0.0350374867826588,3093617.8,7372,20240731.0,90.0,MSFT-US
Colin Liu,China Renaissance Securities (US),2903,MSFT-US,2024Q3,2024,0.0366670671921561,3093617.8,7372,20240731.0,90.0,MSFT-US
Alex Haissl,Rothschild & Co Redburn,1652,MSFT-US,2024Q3,2024,,3093617.8,7372,20240808.0,82.0,MSFT-US
Kirk Materne,Evercore ISI,1772,MSFT-US,2024Q3,2024,0.0334468422570412,3093617.8,7372,20241018.0,11.0,MSFT-US
Timothy Horan,Oppenheimer,498,MSFT-US,2024Q3,2024,0.0325096126117466,3093617.8,7372,20240924.0,35.0,MSFT-US
Gregg Moskowitz,Mizuho Securities USA,1802,MSFT-US,2024Q3,2024,0.0355918965682976,3093617.8,7372,20240812.0,78.0,MSFT-US
Chun Sheng Xie,Huatai Research,1271,MSFT-US,2024Q3,2024,0.0368833509564548,3093617.8,7372,20240731.0,90.0,MSFT-US
John DiFucci,Guggenheim Securities,1515,MSFT-US,2024Q3,2024,0.0352732384888974,3093617.8,7372,20240731.0,90.0,MSFT-US
Steve Wong,SDIC Securities International,1967,MSFT-US,2024Q3,2024,0.0305894934153609,3093617.8,7372,20240829.0,61.0,MSFT-US
Xiao Yu Han,First Shanghai,1701,MSFT-US,2024Q3,2024,0.0343600403729693,3093617.8,7372,20240819.0,71.0,MSFT-US
Rong Jin,Huaan Securities,3624,MSFT-US,2024Q3,2024,0.0331824954340094,3093617.8,7372,20240806.0,84.0,MSFT-US
Satoshi Tanaka,Daiwa Securities Co. Ltd.,467,MSFT-US,2024Q3,2024,0.033711189080073,3093617.8,7372,20240802.0,88.0,MSFT-US
Liang Wei Zhang,Soochow Securities,3048,MSFT-US,2024Q3,2024,0.0358259636643276,3093617.8,7372,20240731.0,90.0,MSFT-US
Lun Ke Zhang,Guosen Securities,1894,MSFT-US,2024Q3,2024,0.035801932134961,3093617.8,7372,20240731.0,90.0,MSFT-US
Tian Zi Fu,Everbright Securities,1299,MSFT-US,2024Q3,2024,0.0350569547245986,3093617.8,7372,20240731.0,90.0,MSFT-US
Pierre Ferragu,New Street Research,1634,MSFT-US,2024Q2,2024,0.0369080352375867,3340970.0,7372,20240710.0,19.0,MSFT-US
Alex Haissl,Rothschild & Co Redburn,1652,MSFT-US,2024Q2,2024,,3340970.0,7372,20240709.0,20.0,MSFT-US
Jackson Ader,KeyBanc Capital Markets,618,MSFT-US,2024Q2,2024,0.0323253692827905,3340970.0,7372,20240426.0,94.0,MSFT-US
Timothy Horan,Oppenheimer,498,MSFT-US,2024Q2,2024,0.034905899626268,3340970.0,7372,20240605.0,54.0,MSFT-US
Alex Haissl,Rothschild & Co Redburn,1652,MSFT-US,2024Q1,2024,,3179706.5,7372,20231025.0,182.0,MSFT-US
Timothy Horan,Oppenheimer,498,MSFT-US,2024Q1,2024,0.0359727058163718,3179706.5,7372,20240131.0,84.0,MSFT-US
Timothy Horan,Oppenheimer,498,MSFT-US,2023Q4,2023,0.0377469444230917,2900486.5,7372,20231025.0,96.0,MSFT-US
Alex Haissl,Rothschild & Co Redburn,1652,MSFT-US,2023Q4,2023,,2900486.5,7372,20231025.0,96.0,MSFT-US
Timothy Horan,Oppenheimer,498,MSFT-US,2023Q3,2023,0.0440107798654039,2439619.5,7372,20230726.0,89.0,MSFT-US
Alex Haissl,Rothschild & Co Redburn,1652,MSFT-US,2023Q3,2023,,2439619.5,7372,20230811.0,73.0,MSFT-US
Timothy Horan,Oppenheimer,498,MSFT-US,2023Q2,2023,0.0453295034138418,2472076.8,7372,20230426.0,89.0,MSFT-US
Maheep Mandloi,Mizuho Securities USA,1802,MTZ-US,2026Q1,2026,0.0212983749371754,28231.39,1623,20260302.0,58.0,MTZ-US
Tim Moore,Clear Street,3824,MTZ-US,2026Q1,2026,0.0221639582286256,28231.39,1623,20260227.0,61.0,MTZ-US
Jamie Cook,Truist Securities,852,MTZ-US,2026Q1,2026,0.0212983749371754,28231.39,1623,20260227.0,61.0,MTZ-US
Brian Brophy,Stifel Nicolaus,548,MTZ-US,2026Q1,2026,0.0210191545205785,28231.39,1623,20260227.0,61.0,MTZ-US
Liam Burke,B Riley Securities,765,MTZ-US,2026Q1,2026,0.0214100631038141,28231.39,1623,20260227.0,61.0,MTZ-US
Manish A. Somaiya,Cantor Fitzgerald,1190,MTZ-US,2026Q1,2026,0.0218847378120288,28231.39,1623,20260413.0,16.0,MTZ-US
Sangita Jain,KeyBanc Capital Markets,618,MTZ-US,2026Q1,2026,0.0212983749371754,28231.39,1623,20260227.0,61.0,MTZ-US
Julien Dumoulin-Smith,Jefferies,512,MTZ-US,2026Q1,2026,0.021326296978835,28231.39,1623,20260312.0,48.0,MTZ-US
Alex Rygiel,Texas Capital Securities,3819,MTZ-US,2026Q1,2026,0.0212983749371754,28231.39,1623,20260227.0,61.0,MTZ-US
Adam R. Thalhimer,Thompson Davis & Co,1020,MTZ-US,2026Q1,2026,0.021242530853856,28231.39,1623,20260227.0,61.0,MTZ-US
Marc Bianchi,TD Cowen,917,MTZ-US,2026Q1,2026,0.0234483721449712,28231.39,1623,20260227.0,61.0,MTZ-US
Manish A. Somaiya,Cantor Fitzgerald,1190,MTZ-US,2025Q4,2025,0.0234242801615155,20907.957,1623,20260121.0,35.0,MTZ-US
Brian Brophy,Stifel Nicolaus,548,MTZ-US,2025Q4,2025,0.0221631004943582,20907.957,1623,20251031.0,117.0,MTZ-US
Liam Burke,B Riley Securities,765,MTZ-US,2025Q4,2025,0.0179146382882372,20907.957,1623,20251030.0,118.0,MTZ-US
Jamie Cook,Truist Securities,852,MTZ-US,2025Q4,2025,0.0252356692705385,20907.957,1623,20251031.0,117.0,MTZ-US
Tim Moore,Clear Street,3824,MTZ-US,2025Q4,2025,0.0246696101739688,20907.957,1623,20251003.0,145.0,MTZ-US
Julien Dumoulin-Smith,Jefferies,512,MTZ-US,2025Q4,2025,0.0244054492622363,20907.957,1623,20260108.0,48.0,MTZ-US
Alex Rygiel,Texas Capital Securities,3819,MTZ-US,2025Q4,2025,0.0244809238084456,20907.957,1623,20251031.0,117.0,MTZ-US
Sangita Jain,KeyBanc Capital Markets,618,MTZ-US,2025Q4,2025,0.0233553643533718,20907.957,1623,20251031.0,117.0,MTZ-US
Maheep Mandloi,Mizuho Securities USA,1802,MTZ-US,2025Q4,2025,0.0253488810898524,20907.957,1623,20251031.0,117.0,MTZ-US
Marc Bianchi,TD Cowen,917,MTZ-US,2025Q4,2025,0.0313049549039586,20907.957,1623,20251031.0,117.0,MTZ-US
Adam R. Thalhimer,Thompson Davis & Co,1020,MTZ-US,2025Q4,2025,0.0261791010981546,20907.957,1623,20250917.0,161.0,MTZ-US
Brent Thielman,DA Davidson,556,MTZ-US,2025Q4,2025,0.0240280765311898,20907.957,1623,20251030.0,118.0,MTZ-US
Julien Dumoulin-Smith,Jefferies,512,MTZ-US,2025Q3,2025,0.0310088495575221,16049.877,1623,20250930.0,29.0,MTZ-US
Tim Moore,Clear Street,3824,MTZ-US,2025Q3,2025,0.0310088495575221,16049.877,1623,20251003.0,26.0,MTZ-US
Liam Burke,B Riley Securities,765,MTZ-US,2025Q3,2025,0.0232409046214355,16049.877,1623,20251021.0,8.0,MTZ-US
Sangita Jain,KeyBanc Capital Markets,618,MTZ-US,2025Q3,2025,0.0283539823008849,16049.877,1623,20250815.0,75.0,MTZ-US
Brian Brophy,Stifel Nicolaus,548,MTZ-US,2025Q3,2025,0.0256007866273353,16049.877,1623,20250801.0,89.0,MTZ-US
Jamie Cook,Truist Securities,852,MTZ-US,2025Q3,2025,0.029779744346116,16049.877,1623,20251007.0,22.0,MTZ-US
Adam R. Thalhimer,Thompson Davis & Co,1020,MTZ-US,2025Q3,2025,0.0329754178957718,16049.877,1623,20250917.0,42.0,MTZ-US
Alex Rygiel,Texas Capital Securities,3819,MTZ-US,2025Q3,2025,0.0292881022615535,16049.877,1623,20250819.0,71.0,MTZ-US
Marc Bianchi,TD Cowen,917,MTZ-US,2025Q3,2025,0.0351386430678466,16049.877,1623,20250801.0,89.0,MTZ-US
Brent Thielman,DA Davidson,556,MTZ-US,2025Q3,2025,0.0260432645034414,16049.877,1623,20250801.0,89.0,MTZ-US
Julien Dumoulin-Smith,Jefferies,512,MTZ-US,2025Q2,2025,0.0352137962281248,13931.86,1623,20250626.0,34.0,MTZ-US
Sangita Jain,KeyBanc Capital Markets,618,MTZ-US,2025Q2,2025,0.0341943705046157,13931.86,1623,20250228.0,152.0,MTZ-US
Brian Brophy,Stifel Nicolaus,548,MTZ-US,2025Q2,2025,0.0324386928696834,13931.86,1623,20241101.0,271.0,MTZ-US
Jamie Cook,Truist Securities,852,MTZ-US,2025Q2,2025,0.0326085971569349,13931.86,1623,20250502.0,89.0,MTZ-US
Adam R. Thalhimer,Thompson Davis & Co,1020,MTZ-US,2025Q2,2025,0.0332315795435238,13931.86,1623,20250502.0,89.0,MTZ-US
Marc Bianchi,TD Cowen,917,MTZ-US,2025Q2,2025,0.0394047686469955,13931.86,1623,20250502.0,89.0,MTZ-US
Liam Burke,B Riley Securities,765,MTZ-US,2025Q2,2025,0.0317590757206773,13931.86,1623,20250502.0,89.0,MTZ-US
Brent Thielman,DA Davidson,556,MTZ-US,2025Q2,2025,0.0305697457099167,13931.86,1623,20250502.0,89.0,MTZ-US
Sangita Jain,KeyBanc Capital Markets,618,MTZ-US,2025Q1,2025,0.0592343071288646,9282.656,1623,20250228.0,61.0,MTZ-US
Brian Brophy,Stifel Nicolaus,548,MTZ-US,2025Q1,2025,0.0570198449876501,9282.656,1623,20241101.0,180.0,MTZ-US
Jamie Cook,Truist Securities,852,MTZ-US,2025Q1,2025,0.0538684950174601,9282.656,1623,20250228.0,61.0,MTZ-US
Kashy Harrison,Piper Sandler Companies,570,MTZ-US,2025Q1,2025,0.0526760923260369,9282.656,1623,20250404.0,26.0,MTZ-US
Liam Burke,B Riley Securities,765,MTZ-US,2025Q1,2025,0.0528464355676688,9282.656,1623,20250317.0,44.0,MTZ-US
Marc Bianchi,TD Cowen,917,MTZ-US,2025Q1,2025,0.0630883229707861,9282.656,1623,20241101.0,180.0,MTZ-US
Adam R. Thalhimer,Thompson Davis & Co,1020,MTZ-US,2025Q1,2025,0.0568495017460182,9282.656,1623,20250228.0,61.0,MTZ-US
Brent Thielman,DA Davidson,556,MTZ-US,2025Q1,2025,0.0514836896346137,9282.656,1623,20241101.0,180.0,MTZ-US
Brian Brophy,Stifel Nicolaus,548,MTZ-US,2024Q4,2024,0.0422645334105552,10944.727,1623,20241101.0,117.0,MTZ-US
Jamie Cook,Truist Securities,852,MTZ-US,2024Q4,2024,0.0380409758922753,10944.727,1623,20250114.0,43.0,MTZ-US
Sangita Jain,KeyBanc Capital Markets,618,MTZ-US,2024Q4,2024,0.0426570621877941,10944.727,1623,20241106.0,112.0,MTZ-US
Marc Bianchi,TD Cowen,917,MTZ-US,2024Q4,2024,0.0480315644682545,10944.727,1623,20241101.0,117.0,MTZ-US
Brent Thielman,DA Davidson,556,MTZ-US,2024Q4,2024,0.0376949250705856,10944.727,1623,20241101.0,117.0,MTZ-US
Jamie Cook,Truist Securities,852,MTZ-US,2024Q3,2024,0.0305941060903732,10080.867,1623,20240802.0,89.0,MTZ-US
Sangita Jain,KeyBanc Capital Markets,618,MTZ-US,2024Q3,2024,0.0346805500982318,10080.867,1623,20240802.0,89.0,MTZ-US
Marc Bianchi,TD Cowen,917,MTZ-US,2024Q3,2024,0.0352306483300589,10080.867,1623,20240503.0,180.0,MTZ-US
Sangita Jain,KeyBanc Capital Markets,618,MTZ-US,2024Q2,2024,0.0473856986669224,8285.131,1623,20240124.0,189.0,MTZ-US
Jamie Cook,Truist Securities,852,MTZ-US,2024Q2,2024,0.0438189316198331,8285.131,1623,20240312.0,141.0,MTZ-US
Marc Bianchi,TD Cowen,917,MTZ-US,2024Q2,2024,0.0499568428119305,8285.131,1623,20240503.0,89.0,MTZ-US
Jamie Cook,Truist Securities,852,MTZ-US,2024Q1,2024,0.0662547938638542,6615.2603,1623,20240312.0,50.0,MTZ-US
Sangita Jain,KeyBanc Capital Markets,618,MTZ-US,2024Q1,2024,0.0707119702780441,6615.2603,1623,20240124.0,98.0,MTZ-US
Marc Bianchi,TD Cowen,917,MTZ-US,2024Q1,2024,0.0709288111217641,6615.2603,1623,20240301.0,61.0,MTZ-US
Sangita Jain,KeyBanc Capital Markets,618,MTZ-US,2023Q4,2023,0.0731665567463588,5736.7466,1623,20240124.0,35.0,MTZ-US
Marc Bianchi,TD Cowen,917,MTZ-US,2023Q4,2023,0.0689804891453696,5736.7466,1623,20240126.0,33.0,MTZ-US
Marc Bianchi,TD Cowen,917,MTZ-US,2023Q3,2023,0.1149556621601976,5424.8076,1623,20230804.0,87.0,MTZ-US
Marc Bianchi,TD Cowen,917,MTZ-US,2023Q2,2023,0.0798332023404069,9030.166,1623,20230505.0,89.0,MTZ-US
Mark Li,Bernstein Research,1140,MU-US,2026Q1,2026,,451070.34,3674,20260316.0,1.0,MU-US
David Gibson,MST Financial,3293,MU-US,2026Q1,2026,,451070.34,3674,20260313.0,4.0,MU-US
Kevin Cassidy,Rosenblatt Securities,2623,MU-US,2026Q1,2026,0.048479427102827,451070.34,3674,20251218.0,89.0,MU-US
Srini Pajjuri,RBC Capital Markets,1269,MU-US,2026Q1,2026,0.1053699129176335,451070.34,3674,20260313.0,4.0,MU-US
C.J. Muse,Cantor Fitzgerald,1190,MU-US,2026Q1,2026,0.0511243356538663,451070.34,3674,20251218.0,89.0,MU-US
Krish Sankar,TD Cowen,917,MU-US,2026Q1,2026,0.084859395663348,451070.34,3674,20260313.0,4.0,MU-US
Matthew Bryson,Wedbush Securities,590,MU-US,2026Q1,2026,0.0793200588866432,451070.34,3674,20260312.0,5.0,MU-US
Kevin Rottinghaus,Edgewater Research,3222,MU-US,2026Q1,2026,0.0849092995982733,451070.34,3674,20260311.0,6.0,MU-US
Vijay Rakesh,Mizuho Securities USA,1802,MU-US,2026Q1,2026,0.0623332584774309,451070.34,3674,20260123.0,53.0,MU-US
Aaron Rakers,Wells Fargo Securities,596,MU-US,2026Q1,2026,0.0637250792224966,451070.34,3674,20260310.0,7.0,MU-US
Steven Fox,Fox Advisors,3474,MU-US,2026Q1,2026,0.0577116550640018,451070.34,3674,20260310.0,7.0,MU-US
Chandler B. Converse,Cleveland Research Company,2295,MU-US,2026Q1,2026,0.0725352945579758,451070.34,3674,20260310.0,7.0,MU-US
John N. Vinh,KeyBanc Capital Markets,618,MU-US,2026Q1,2026,0.0559400653741547,451070.34,3674,20251218.0,89.0,MU-US
Melissa Weathers,Deutsche Bank Research,77,MU-US,2026Q1,2026,0.0627304538762881,451070.34,3674,20260206.0,39.0,MU-US
Guo Han Wang,China Renaissance Securities (US),2903,MU-US,2026Q1,2026,0.05646405669087,451070.34,3674,20260306.0,11.0,MU-US
Mehdi Hosseini,Susquehanna Financial Group,974,MU-US,2026Q1,2026,0.079744242333508,451070.34,3674,20260306.0,11.0,MU-US
Warren Lau,Aletheia Capital,2859,MU-US,2026Q1,2026,0.1013526461561494,451070.34,3674,20260303.0,14.0,MU-US
Sebastien Naji,William Blair,198,MU-US,2026Q1,2026,0.0502869476258203,451070.34,3674,20260120.0,56.0,MU-US
Brian Chin,Stifel Nicolaus,548,MU-US,2026Q1,2026,0.0839112208997679,451070.34,3674,20260227.0,18.0,MU-US
N. Quinn Bolton,Needham,477,MU-US,2026Q1,2026,0.066569603513237,451070.34,3674,20260213.0,32.0,MU-US
Yik Ban Chong,Phillip Securities,651,MU-US,2026Q1,2026,0.0442375926341792,451070.34,3674,20260130.0,46.0,MU-US
Pierre Ferragu,New Street Research,1634,MU-US,2026Q1,2026,0.0497270254759587,451070.34,3674,20251218.0,89.0,MU-US
Sung Kyu Kim,Daiwa Securities Co. Ltd.,467,MU-US,2026Q1,2026,0.0555508146817376,451070.34,3674,20251231.0,76.0,MU-US
James Kelleher,Argus Research,376,MU-US,2026Q1,2026,0.0476061082416348,451070.34,3674,20251222.0,85.0,MU-US
Purdy Ho,Huatai Research,1271,MU-US,2026Q1,2026,0.0297654515058512,451070.34,3674,20251218.0,89.0,MU-US
Barney Yao,Haitong International Research,2898,MU-US,2026Q1,2026,0.0407942211243356,451070.34,3674,20251218.0,89.0,MU-US
Siyu Cai,Mega Intl Invst Serv,1175,MU-US,2026Q1,2026,0.0584602140878808,451070.34,3674,20251218.0,89.0,MU-US
Melissa Fairbanks,Raymond James,402,MU-US,2026Q1,2026,0.0525216458317738,451070.34,3674,20251218.0,89.0,MU-US
Krish Sankar,TD Cowen,917,MU-US,2025Q4,2025,0.0766014690809702,263511.9,3674,20251210.0,6.0,MU-US
N. Quinn Bolton,Needham,477,MU-US,2025Q4,2025,0.0644661769730099,263511.9,3674,20251215.0,1.0,MU-US
Kevin Rottinghaus,Edgewater Research,3222,MU-US,2025Q4,2025,0.0891928595831909,263511.9,3674,20251212.0,4.0,MU-US
Kevin Cassidy,Rosenblatt Securities,2623,MU-US,2025Q4,2025,0.0557114793303723,263511.9,3674,20251114.0,32.0,MU-US
Chandler B. Converse,Cleveland Research Company,2295,MU-US,2025Q4,2025,0.0787152118209771,263511.9,3674,20251118.0,28.0,MU-US
C.J. Muse,Cantor Fitzgerald,1190,MU-US,2025Q4,2025,0.0839827468397676,263511.9,3674,20251212.0,4.0,MU-US
Matthew Bryson,Wedbush Securities,590,MU-US,2025Q4,2025,0.0738614622480355,263511.9,3674,20251212.0,4.0,MU-US
Brian Chin,Stifel Nicolaus,548,MU-US,2025Q4,2025,0.0721532285616672,263511.9,3674,20251211.0,5.0,MU-US
Steven Fox,Fox Advisors,3474,MU-US,2025Q4,2025,0.0561385377519644,263511.9,3674,20251210.0,6.0,MU-US
Mark Li,Bernstein Research,1140,MU-US,2025Q4,2025,,263511.9,3674,20251205.0,11.0,MU-US
John N. Vinh,KeyBanc Capital Markets,618,MU-US,2025Q4,2025,0.0509284250085411,263511.9,3674,20250924.0,83.0,MU-US
Melissa Weathers,Deutsche Bank Research,77,MU-US,2025Q4,2025,0.0504159549026306,263511.9,3674,20250924.0,83.0,MU-US
Mehdi Hosseini,Susquehanna Financial Group,974,MU-US,2025Q4,2025,0.0641245302357362,263511.9,3674,20251205.0,11.0,MU-US
Warren Lau,Aletheia Capital,2859,MU-US,2025Q4,2025,0.0958976768021865,263511.9,3674,20251204.0,12.0,MU-US
Vijay Rakesh,Mizuho Securities USA,1802,MU-US,2025Q4,2025,0.0567364195421933,263511.9,3674,20251202.0,14.0,MU-US
Aaron Rakers,Wells Fargo Securities,596,MU-US,2025Q4,2025,0.0565779808677827,263511.9,3674,20251106.0,40.0,MU-US
Pierre Ferragu,New Street Research,1634,MU-US,2025Q4,2025,0.0524658353262726,263511.9,3674,20250924.0,83.0,MU-US
Purdy Ho,Huatai Research,1271,MU-US,2025Q4,2025,0.0408925521011274,263511.9,3674,20250924.0,83.0,MU-US
sean Hao,Fubon Securities,1084,MU-US,2025Q4,2025,0.0375614964127092,263511.9,3674,20250924.0,83.0,MU-US
Harsh Kumar,Piper Sandler Companies,570,MU-US,2025Q4,2025,0.0521668944311581,263511.9,3674,20250924.0,83.0,MU-US
Sung Kyu Kim,Daiwa Securities Co. Ltd.,467,MU-US,2025Q4,2025,0.0545797745131534,263511.9,3674,20250924.0,83.0,MU-US
Melissa Fairbanks,Raymond James,402,MU-US,2025Q4,2025,0.04452254868466,263511.9,3674,20250924.0,83.0,MU-US
James Kelleher,Argus Research,376,MU-US,2025Q4,2025,0.0450777246327297,263511.9,3674,20250924.0,83.0,MU-US
Warren Lau,Aletheia Capital,2859,MU-US,2025Q3,2025,0.0843670511682934,151350.48,3674,20250919.0,3.0,MU-US
Harsh Kumar,Piper Sandler Companies,570,MU-US,2025Q3,2025,0.0785995267672286,151350.48,3674,20250811.0,42.0,MU-US
Brian Chin,Stifel Nicolaus,548,MU-US,2025Q3,2025,0.0754939367051168,151350.48,3674,20250919.0,3.0,MU-US
Chandler B. Converse,Cleveland Research Company,2295,MU-US,2025Q3,2025,0.0941041186039633,151350.48,3674,20250918.0,4.0,MU-US
Mark Li,Bernstein Research,1140,MU-US,2025Q3,2025,,151350.48,3674,20250620.0,94.0,MU-US
Krish Sankar,TD Cowen,917,MU-US,2025Q3,2025,0.1015956817509612,151350.48,3674,20250918.0,4.0,MU-US
Steven Fox,Fox Advisors,3474,MU-US,2025Q3,2025,0.0748284531203785,151350.48,3674,20250811.0,42.0,MU-US
Kevin Cassidy,Rosenblatt Securities,2623,MU-US,2025Q3,2025,0.0881381248151434,151350.48,3674,20250811.0,42.0,MU-US
Vijay Rakesh,Mizuho Securities USA,1802,MU-US,2025Q3,2025,0.0757157645666962,151350.48,3674,20250912.0,10.0,MU-US
Matthew Bryson,Wedbush Securities,590,MU-US,2025Q3,2025,0.0989337474120082,151350.48,3674,20250917.0,5.0,MU-US
Mehdi Hosseini,Susquehanna Financial Group,974,MU-US,2025Q3,2025,0.0779340431824903,151350.48,3674,20250626.0,88.0,MU-US
Aaron Rakers,Wells Fargo Securities,596,MU-US,2025Q3,2025,0.0767509612540668,151350.48,3674,20250808.0,45.0,MU-US
Pierre Ferragu,New Street Research,1634,MU-US,2025Q3,2025,0.0849585921325051,151350.48,3674,20250626.0,88.0,MU-US
C.J. Muse,Cantor Fitzgerald,1190,MU-US,2025Q3,2025,0.0805220349009168,151350.48,3674,20250811.0,42.0,MU-US
Melissa Weathers,Deutsche Bank Research,77,MU-US,2025Q3,2025,0.0845610248447204,151350.48,3674,20250912.0,10.0,MU-US
Kevin Rottinghaus,Edgewater Research,3222,MU-US,2025Q3,2025,0.0887296657793552,151350.48,3674,20250910.0,12.0,MU-US
John N. Vinh,KeyBanc Capital Markets,618,MU-US,2025Q3,2025,0.0818530020703933,151350.48,3674,20250811.0,42.0,MU-US
Heping Qin,Guotai Haitong Securities China,1094,MU-US,2025Q3,2025,0.0729059449866903,151350.48,3674,20250905.0,17.0,MU-US
N. Quinn Bolton,Needham,477,MU-US,2025Q3,2025,0.0781558710440698,151350.48,3674,20250811.0,42.0,MU-US
Sung Kyu Kim,Daiwa Securities Co. Ltd.,467,MU-US,2025Q3,2025,0.0793759242827565,151350.48,3674,20250626.0,88.0,MU-US
Guo Han Wang,China Renaissance Securities (US),2903,MU-US,2025Q3,2025,0.0561209701271813,151350.48,3674,20250709.0,75.0,MU-US
Purdy Ho,Huatai Research,1271,MU-US,2025Q3,2025,0.0649940845903578,151350.48,3674,20250321.0,185.0,MU-US
Siyu Cai,Mega Intl Invst Serv,1175,MU-US,2025Q3,2025,0.0718707482993197,151350.48,3674,20250324.0,182.0,MU-US
James Kelleher,Argus Research,376,MU-US,2025Q3,2025,0.0686912156166814,151350.48,3674,20250626.0,88.0,MU-US
Mark Li,Bernstein Research,1140,MU-US,2025Q2,2025,,127559.62,3674,20250620.0,4.0,MU-US
Warren Lau,Aletheia Capital,2859,MU-US,2025Q2,2025,0.0929069563693709,127559.62,3674,20250312.0,104.0,MU-US
Kevin Cassidy,Rosenblatt Securities,2623,MU-US,2025Q2,2025,0.1109549675836691,127559.62,3674,20250321.0,95.0,MU-US
C.J. Muse,Cantor Fitzgerald,1190,MU-US,2025Q2,2025,0.0805537059751182,127559.62,3674,20250328.0,88.0,MU-US
Aaron Rakers,Wells Fargo Securities,596,MU-US,2025Q2,2025,0.0790424040651831,127559.62,3674,20250321.0,95.0,MU-US
Matthew Bryson,Wedbush Securities,590,MU-US,2025Q2,2025,0.1086849483090941,127559.62,3674,20250618.0,6.0,MU-US
Brian Chin,Stifel Nicolaus,548,MU-US,2025Q2,2025,0.0762607324338531,127559.62,3674,20250321.0,95.0,MU-US
Guo Han Wang,China Renaissance Securities (US),2903,MU-US,2025Q2,2025,0.0549710881373751,127559.62,3674,20250325.0,91.0,MU-US
Steven Fox,Fox Advisors,3474,MU-US,2025Q2,2025,0.0650464342036096,127559.62,3674,20250321.0,95.0,MU-US
Vijay Rakesh,Mizuho Securities USA,1802,MU-US,2025Q2,2025,0.0837725600140178,127559.62,3674,20250603.0,21.0,MU-US
Pierre Ferragu,New Street Research,1634,MU-US,2025Q2,2025,0.1123567548624496,127559.62,3674,20250314.0,102.0,MU-US
Srini Pajjuri,Raymond James,402,MU-US,2025Q2,2025,0.0717925354827404,127559.62,3674,20250321.0,95.0,MU-US
Krish Sankar,TD Cowen,917,MU-US,2025Q2,2025,0.0603583318731382,127559.62,3674,20250321.0,95.0,MU-US
Kevin Rottinghaus,Edgewater Research,3222,MU-US,2025Q2,2025,0.0747713334501489,127559.62,3674,20250611.0,13.0,MU-US
Chandler B. Converse,Cleveland Research Company,2295,MU-US,2025Q2,2025,0.0837708428246013,127559.62,3674,20250610.0,14.0,MU-US
John N. Vinh,KeyBanc Capital Markets,618,MU-US,2025Q2,2025,0.0810257578412476,127559.62,3674,20250321.0,95.0,MU-US
Mehdi Hosseini,Susquehanna Financial Group,974,MU-US,2025Q2,2025,0.0936078500087611,127559.62,3674,20250605.0,19.0,MU-US
Harsh Kumar,Piper Sandler Companies,570,MU-US,2025Q2,2025,0.0745961100403013,127559.62,3674,20250321.0,95.0,MU-US
Siyu Cai,Mega Intl Invst Serv,1175,MU-US,2025Q2,2025,0.0952724724023129,127559.62,3674,20250324.0,92.0,MU-US
James Kelleher,Argus Research,376,MU-US,2025Q2,2025,0.0784510250569476,127559.62,3674,20250324.0,92.0,MU-US
Grace Chi,Haitong International Research,2898,MU-US,2025Q2,2025,0.0880883125985631,127559.62,3674,20250321.0,95.0,MU-US
Pianpian He,Huatai Research,1271,MU-US,2025Q2,2025,0.0870369721394778,127559.62,3674,20250321.0,95.0,MU-US
sean Hao,Fubon Securities,1084,MU-US,2025Q2,2025,0.0808165410898896,127559.62,3674,20250321.0,95.0,MU-US
N. Quinn Bolton,Needham,477,MU-US,2025Q2,2025,0.0755598387944629,127559.62,3674,20250321.0,95.0,MU-US
Sung Kyu Kim,Daiwa Securities Co. Ltd.,467,MU-US,2025Q2,2025,0.0935465218153145,127559.62,3674,20250321.0,95.0,MU-US
Mark Li,Bernstein Research,1140,MU-US,2025Q1,2025,,99462.12,3674,20250318.0,1.0,MU-US
Mehdi Hosseini,Susquehanna Financial Group,974,MU-US,2025Q1,2025,0.1202016354878458,99462.12,3674,20241219.0,90.0,MU-US
Vijay Rakesh,Mizuho Securities USA,1802,MU-US,2025Q1,2025,0.102614540159068,99462.12,3674,20241219.0,90.0,MU-US
Srini Pajjuri,Raymond James,402,MU-US,2025Q1,2025,0.0908524700347261,99462.12,3674,20250211.0,36.0,MU-US
Hans Mosesmann,Rosenblatt Securities,2623,MU-US,2025Q1,2025,0.1858451887532205,99462.12,3674,20240926.0,174.0,MU-US
Pierre Ferragu,New Street Research,1634,MU-US,2025Q1,2025,0.1469743474851574,99462.12,3674,20250314.0,5.0,MU-US
Krish Sankar,TD Cowen,917,MU-US,2025Q1,2025,0.0718091184048392,99462.12,3674,20241219.0,90.0,MU-US
Matthew Bryson,Wedbush Securities,590,MU-US,2025Q1,2025,0.1413733617116612,99462.12,3674,20241219.0,90.0,MU-US
Warren Lau,Aletheia Capital,2859,MU-US,2025Q1,2025,0.1231141480900638,99462.12,3674,20250312.0,7.0,MU-US
Aaron Rakers,Wells Fargo Securities,596,MU-US,2025Q1,2025,0.090964489750196,99462.12,3674,20250311.0,8.0,MU-US
Steven Fox,Fox Advisors,3474,MU-US,2025Q1,2025,0.0850274448302901,99462.12,3674,20250307.0,12.0,MU-US
John N. Vinh,KeyBanc Capital Markets,618,MU-US,2025Q1,2025,0.1152396997871625,99462.12,3674,20241219.0,90.0,MU-US
Chandler B. Converse,Cleveland Research Company,2295,MU-US,2025Q1,2025,0.1090387700235241,99462.12,3674,20250305.0,14.0,MU-US
Pianpian He,Huatai Research,1271,MU-US,2025Q1,2025,0.1172891228856278,99462.12,3674,20241220.0,89.0,MU-US
C.J. Muse,Cantor Fitzgerald,1190,MU-US,2025Q1,2025,0.0856995631231096,99462.12,3674,20250212.0,35.0,MU-US
Harsh Kumar,Piper Sandler Companies,570,MU-US,2025Q1,2025,0.115608827153579,99462.12,3674,20241219.0,90.0,MU-US
N. Quinn Bolton,Needham,477,MU-US,2025Q1,2025,0.1057510921922258,99462.12,3674,20241219.0,90.0,MU-US
James Kelleher,Argus Research,376,MU-US,2025Q1,2025,0.0935409432060042,99462.12,3674,20250106.0,72.0,MU-US
Sung Kyu Kim,Daiwa Securities Co. Ltd.,467,MU-US,2025Q1,2025,0.0997692393861319,99462.12,3674,20250101.0,77.0,MU-US
Yiyang Fan,Capital Securities Asia,1128,MU-US,2025Q1,2025,0.1174011426010978,99462.12,3674,20241220.0,89.0,MU-US
Guo Han Wang,China Renaissance Securities (US),2903,MU-US,2025Q1,2025,0.1104559202419625,99462.12,3674,20241219.0,90.0,MU-US
sean Hao,Fubon Securities,1084,MU-US,2025Q1,2025,0.1264747395541615,99462.12,3674,20241219.0,90.0,MU-US
Hans Mosesmann,Rosenblatt Securities,2623,MU-US,2024Q4,2024,0.1582577519379845,114969.234,3674,20240926.0,82.0,MU-US
Pierre Ferragu,New Street Research,1634,MU-US,2024Q4,2024,0.1600125968992248,114969.234,3674,20241217.0,0.0,MU-US
C.J. Muse,Cantor Fitzgerald,1190,MU-US,2024Q4,2024,0.125516472868217,114969.234,3674,20240926.0,82.0,MU-US
Mark Li,Bernstein Research,1140,MU-US,2024Q4,2024,,114969.234,3674,20241216.0,1.0,MU-US
Matthew Bryson,Wedbush Securities,590,MU-US,2024Q4,2024,0.135593992248062,114969.234,3674,20241118.0,29.0,MU-US
Harsh Kumar,Piper Sandler Companies,570,MU-US,2024Q4,2024,0.1475125968992248,114969.234,3674,20240627.0,173.0,MU-US
Srini Pajjuri,Raymond James,402,MU-US,2024Q4,2024,0.0998381782945736,114969.234,3674,20240926.0,82.0,MU-US
Mehdi Hosseini,Susquehanna Financial Group,974,MU-US,2024Q4,2024,0.1048769379844961,114969.234,3674,20241213.0,4.0,MU-US
Krish Sankar,TD Cowen,917,MU-US,2024Q4,2024,0.0728032945736434,114969.234,3674,20241212.0,5.0,MU-US
Steven Fox,Fox Advisors,3474,MU-US,2024Q4,2024,0.0923769379844961,114969.234,3674,20240926.0,82.0,MU-US
Aaron Rakers,Wells Fargo Securities,596,MU-US,2024Q4,2024,0.1048769379844961,114969.234,3674,20240926.0,82.0,MU-US
John N. Vinh,KeyBanc Capital Markets,618,MU-US,2024Q4,2024,0.1258886918604651,114969.234,3674,20240926.0,82.0,MU-US
Warren Lau,Aletheia Capital,2859,MU-US,2024Q4,2024,0.0935397286821705,114969.234,3674,20241206.0,11.0,MU-US
Chandler B. Converse,Cleveland Research Company,2295,MU-US,2024Q4,2024,0.1221981976744186,114969.234,3674,20241206.0,11.0,MU-US
Vijay Rakesh,Mizuho Securities USA,1802,MU-US,2024Q4,2024,0.1103081395348837,114969.234,3674,20241121.0,26.0,MU-US
Chaim Siegel,Elazar Advisors,3400,MU-US,2024Q4,2024,0.078423449612403,114969.234,3674,20240926.0,82.0,MU-US
Guo Han Wang,China Renaissance Securities (US),2903,MU-US,2024Q4,2024,0.1025513565891472,114969.234,3674,20241023.0,55.0,MU-US
Jeff Pu,Haitong International Research,2898,MU-US,2024Q4,2024,0.1205746124031007,114969.234,3674,20240926.0,82.0,MU-US
Pianpian He,Huatai Research,1271,MU-US,2024Q4,2024,0.0970281007751937,114969.234,3674,20240627.0,173.0,MU-US
N. Quinn Bolton,Needham,477,MU-US,2024Q4,2024,0.1175707364341085,114969.234,3674,20240926.0,82.0,MU-US
Sung Kyu Kim,Daiwa Securities Co. Ltd.,467,MU-US,2024Q4,2024,0.1052936046511627,114969.234,3674,20240926.0,82.0,MU-US
James Kelleher,Argus Research,376,MU-US,2024Q4,2024,0.0850125968992247,114969.234,3674,20240926.0,82.0,MU-US
Matthew Bryson,Wedbush Securities,590,MU-US,2024Q3,2024,0.1608560397131825,100516.47,3674,20240924.0,0.0,MU-US
Hans Mosesmann,Rosenblatt Securities,2623,MU-US,2024Q3,2024,0.1733215664644236,100516.47,3674,20240920.0,4.0,MU-US
Mark Li,Bernstein Research,1140,MU-US,2024Q3,2024,,100516.47,3674,20240816.0,39.0,MU-US
Warren Lau,Aletheia Capital,2859,MU-US,2024Q3,2024,0.0909167126309983,100516.47,3674,20240918.0,6.0,MU-US
Krish Sankar,TD Cowen,917,MU-US,2024Q3,2024,0.1141930501930502,100516.47,3674,20240918.0,6.0,MU-US
Pierre Ferragu,New Street Research,1634,MU-US,2024Q3,2024,0.1567744070601213,100516.47,3674,20240326.0,182.0,MU-US
Aaron Rakers,Wells Fargo Securities,596,MU-US,2024Q3,2024,0.1163993381136238,100516.47,3674,20240917.0,7.0,MU-US
Vijay Rakesh,Mizuho Securities USA,1802,MU-US,2024Q3,2024,0.125003861003861,100516.47,3674,20240808.0,47.0,MU-US
N. Quinn Bolton,Needham,477,MU-US,2024Q3,2024,0.1154065085493657,100516.47,3674,20240823.0,32.0,MU-US
Pianpian He,Huatai Research,1271,MU-US,2024Q3,2024,0.1209222283507997,100516.47,3674,20240627.0,89.0,MU-US
Harsh Kumar,Piper Sandler Companies,570,MU-US,2024Q3,2024,0.1765206839492553,100516.47,3674,20240627.0,89.0,MU-US
Sung Kyu Kim,Daiwa Securities Co. Ltd.,467,MU-US,2024Q3,2024,0.1177562051847766,100516.47,3674,20240627.0,89.0,MU-US
Mark Li,Bernstein Research,1140,MU-US,2024Q2,2024,,149572.22,3674,20240607.0,18.0,MU-US
Warren Lau,Aletheia Capital,2859,MU-US,2024Q2,2024,0.0811016509957799,149572.22,3674,20240620.0,5.0,MU-US
Pierre Ferragu,New Street Research,1634,MU-US,2024Q2,2024,0.1088650329458799,149572.22,3674,20240326.0,91.0,MU-US
Aaron Rakers,Wells Fargo Securities,596,MU-US,2024Q2,2024,0.0880136225660768,149572.22,3674,20240618.0,7.0,MU-US
Matthew Bryson,Wedbush Securities,590,MU-US,2024Q2,2024,0.1350736655067742,149572.22,3674,20240617.0,8.0,MU-US
Vijay Rakesh,Mizuho Securities USA,1802,MU-US,2024Q2,2024,0.0690789960761086,149572.22,3674,20240529.0,27.0,MU-US
Sung Kyu Kim,Daiwa Securities Co. Ltd.,467,MU-US,2024Q2,2024,0.072232175908788,149572.22,3674,20240604.0,21.0,MU-US
Pianpian He,Huatai Research,1271,MU-US,2024Q2,2024,0.070292440956541,149572.22,3674,20240510.0,46.0,MU-US
Vijay Rakesh,Mizuho Securities USA,1802,MU-US,2024Q1,2024,0.0760590205106739,105489.54,3674,20240228.0,20.0,MU-US
Aaron Rakers,Wells Fargo Securities,596,MU-US,2024Q1,2024,0.08673294265383,105489.54,3674,20240307.0,12.0,MU-US
Mark Li,Bernstein Research,1140,MU-US,2024Q1,2024,,105489.54,3674,20240306.0,13.0,MU-US
Sung Kyu Kim,Daiwa Securities Co. Ltd.,467,MU-US,2024Q1,2024,0.0767706153202176,105489.54,3674,20231221.0,89.0,MU-US
Sidney Ho,Deutsche Bank Research,77,MU-US,2023Q4,2023,0.1305439081088472,80716.05,3674,20231127.0,22.0,MU-US
Sidney Ho,Deutsche Bank Research,77,MU-US,2023Q3,2023,0.1282370385847611,78631.7,3674,20230927.0,0.0,MU-US
Angie Storozynski,Seaport Research Partners,1321,NRG-US,2026Q1,2026,0.0592747326203208,32097.668,4911,20260505.0,0.0,NRG-US
Andrew Weisel,Scotiabank GBM,810,NRG-US,2026Q1,2026,0.0635255213903743,32097.668,4911,20260501.0,4.0,NRG-US
James M. Thalacker,BMO Capital Markets,181,NRG-US,2026Q1,2026,0.0603663101604278,32097.668,4911,20260501.0,4.0,NRG-US
Shahriar Pourreza,Wells Fargo Securities,596,NRG-US,2026Q1,2026,0.0563101604278074,32097.668,4911,20260224.0,70.0,NRG-US
James West,Melius Research,3130,NRG-US,2026Q1,2026,0.0510748663101604,32097.668,4911,20260424.0,11.0,NRG-US
J.R. Weston,Raymond James,402,NRG-US,2026Q1,2026,0.0611684491978609,32097.668,4911,20260424.0,11.0,NRG-US
Julien Dumoulin-Smith,Jefferies,512,NRG-US,2026Q1,2026,0.0599652406417112,32097.668,4911,20260420.0,15.0,NRG-US
Nicholas Amicucci,Evercore ISI,1772,NRG-US,2026Q1,2026,0.0582941176470588,32097.668,4911,20260319.0,47.0,NRG-US
Andrew Weisel,Scotiabank GBM,810,NRG-US,2025Q4,2025,0.0592713588492165,33429.586,4911,20250917.0,159.0,NRG-US
J.R. Weston,Raymond James,402,NRG-US,2025Q4,2025,0.0493025944002055,33429.586,4911,20260220.0,3.0,NRG-US
James M. Thalacker,BMO Capital Markets,181,NRG-US,2025Q4,2025,0.0562381197020292,33429.586,4911,20260220.0,3.0,NRG-US
Shahriar Pourreza,Wells Fargo Securities,596,NRG-US,2025Q4,2025,0.0524492679167736,33429.586,4911,20251106.0,109.0,NRG-US
Angie Storozynski,Seaport Research Partners,1321,NRG-US,2025Q4,2025,0.0602838427947598,33429.586,4911,20260205.0,18.0,NRG-US
Julien Dumoulin-Smith,Jefferies,512,NRG-US,2025Q4,2025,0.0593847932185974,33429.586,4911,20260126.0,28.0,NRG-US
Xiang Li,Citic Securities,1123,NRG-US,2025Q4,2025,0.0460274852298998,33429.586,4911,20260107.0,47.0,NRG-US
James West,Melius Research,3130,NRG-US,2025Q4,2025,0.0594490110454662,33429.586,4911,20251103.0,112.0,NRG-US
James West,Melius Research,3130,NRG-US,2025Q3,2025,0.0542561504181673,31685.898,4911,20251103.0,2.0,NRG-US
James M. Thalacker,BMO Capital Markets,181,NRG-US,2025Q3,2025,0.0527299920639765,31685.898,4911,20250804.0,93.0,NRG-US
Angie Storozynski,Seaport Research Partners,1321,NRG-US,2025Q3,2025,0.0565759111165374,31685.898,4911,20251031.0,5.0,NRG-US
Andrew Weisel,Scotiabank GBM,810,NRG-US,2025Q3,2025,0.0538056284720102,31685.898,4911,20250917.0,49.0,NRG-US
J.R. Weston,Raymond James,402,NRG-US,2025Q3,2025,0.0531573164031499,31685.898,4911,20251027.0,9.0,NRG-US
Shahriar Pourreza,Wells Fargo Securities,596,NRG-US,2025Q3,2025,0.062131127525792,31685.898,4911,20251024.0,12.0,NRG-US
Julien Dumoulin-Smith,Jefferies,512,NRG-US,2025Q3,2025,0.0509578169830901,31685.898,4911,20251017.0,19.0,NRG-US
James M. Thalacker,BMO Capital Markets,181,NRG-US,2025Q2,2025,0.0619576455932731,31389.2,4911,20250804.0,1.0,NRG-US
J.R. Weston,Raymond James,402,NRG-US,2025Q2,2025,0.0805188414824042,31389.2,4911,20250728.0,8.0,NRG-US
Angie Storozynski,Seaport Research Partners,1321,NRG-US,2025Q2,2025,0.0620573030208657,31389.2,4911,20250716.0,20.0,NRG-US
Julien Dumoulin-Smith,Jefferies,512,NRG-US,2025Q2,2025,0.0570993459981314,31389.2,4911,20250716.0,20.0,NRG-US
Neil Kalton,Wells Fargo Securities,596,NRG-US,2025Q2,2025,0.0466976019931485,31389.2,4911,20250512.0,85.0,NRG-US
Julien Dumoulin-Smith,Jefferies,512,NRG-US,2025Q1,2025,0.0471762984637893,22273.02,4911,20250502.0,7.0,NRG-US
Shahriar Pourreza,Guggenheim Securities,1515,NRG-US,2025Q1,2025,0.0361119239209948,22273.02,4911,20250122.0,107.0,NRG-US
Angie Storozynski,Seaport Research Partners,1321,NRG-US,2025Q1,2025,0.0469019751280175,22273.02,4911,20250425.0,14.0,NRG-US
Durgesh Chopra,Evercore ISI,1772,NRG-US,2025Q1,2025,0.0426042428675932,22273.02,4911,20250226.0,72.0,NRG-US
Neil Kalton,Wells Fargo Securities,596,NRG-US,2025Q1,2025,0.0383065106071689,22273.02,4911,20250306.0,64.0,NRG-US
James M. Thalacker,BMO Capital Markets,181,NRG-US,2025Q1,2025,0.0384893928310168,22273.02,4911,20241115.0,175.0,NRG-US
Angie Storozynski,Seaport Research Partners,1321,NRG-US,2024Q4,2024,0.0519109497420217,20729.857,4911,20241210.0,77.0,NRG-US
Julien Dumoulin-Smith,Jefferies,512,NRG-US,2024Q4,2024,0.0499044525128989,20729.857,4911,20241125.0,92.0,NRG-US
James M. Thalacker,BMO Capital Markets,181,NRG-US,2024Q4,2024,0.04474488820944,20729.857,4911,20241115.0,102.0,NRG-US
Julien Dumoulin-Smith,Jefferies,512,NRG-US,2024Q3,2024,0.1347812178681594,18064.428,4911,20241030.0,8.0,NRG-US
James M. Thalacker,BMO Capital Markets,181,NRG-US,2024Q3,2024,0.1274694390494687,18064.428,4911,20241025.0,13.0,NRG-US
Angie Storozynski,Seaport Research Partners,1321,NRG-US,2024Q3,2024,0.1286119044898891,18064.428,4911,20241021.0,17.0,NRG-US
Angie Storozynski,Seaport Research Partners,1321,NRG-US,2024Q2,2024,0.078270625256533,15237.484,4911,20240730.0,8.0,NRG-US
James M. Thalacker,BMO Capital Markets,181,NRG-US,2024Q2,2024,0.0685880421398276,15237.484,4911,20240507.0,92.0,NRG-US
Angie Storozynski,Seaport Research Partners,1321,NRG-US,2024Q1,2024,0.0856287592670303,15351.364,4911,20240425.0,11.0,NRG-US
Shahriar Pourreza,Guggenheim Securities,1515,NRG-US,2024Q1,2024,0.0726199468457127,15351.364,4911,20240119.0,108.0,NRG-US
James M. Thalacker,BMO Capital Markets,181,NRG-US,2024Q1,2024,0.1315918310253182,15351.364,4911,20240123.0,104.0,NRG-US
Neil Kalton,Wells Fargo Securities,596,NRG-US,2024Q1,2024,0.0579325779829346,15351.364,4911,20240410.0,26.0,NRG-US
Neil Kalton,Wells Fargo Securities,596,NRG-US,2023Q4,2023,0.0707049306625577,10800.45,4911,20240122.0,36.0,NRG-US
James M. Thalacker,BMO Capital Markets,181,NRG-US,2023Q4,2023,0.1825288906009245,10800.45,4911,20240123.0,35.0,NRG-US
Shahriar Pourreza,Guggenheim Securities,1515,NRG-US,2023Q4,2023,0.1013289676425269,10800.45,4911,20240119.0,39.0,NRG-US
Angie Storozynski,Seaport Research Partners,1321,NRG-US,2023Q4,2023,0.1462057010785824,10800.45,4911,20231120.0,99.0,NRG-US
Angie Storozynski,Seaport Research Partners,1321,NRG-US,2023Q3,2023,0.1949165848871442,9338.826,4911,20230919.0,43.0,NRG-US
Angie Storozynski,Seaport Research Partners,1321,NRG-US,2023Q2,2023,0.2191838331160364,8829.411,4911,20230623.0,45.0,NRG-US
Kevin Cassidy,Rosenblatt Securities,2623,NVDA-US,2026Q1,2026,0.0278009971358862,4581522.0,3674,20251120.0,96.0,NVDA-US
Stacy A. Rasgon,Bernstein Research,1140,NVDA-US,2026Q1,2026,,4581522.0,3674,20251120.0,96.0,NVDA-US
Joshua Buchalter,TD Cowen,917,NVDA-US,2026Q1,2026,0.0339445210565397,4581522.0,3674,20260220.0,4.0,NVDA-US
William Stein,Truist Securities,852,NVDA-US,2026Q1,2026,0.0293921714225098,4581522.0,3674,20251120.0,96.0,NVDA-US
Sebastien Naji,William Blair,198,NVDA-US,2026Q1,2026,0.0323093242813196,4581522.0,3674,20260223.0,1.0,NVDA-US
Barney Yao,Haitong International Research,2898,NVDA-US,2026Q1,2026,0.0346430465683674,4581522.0,3674,20260220.0,4.0,NVDA-US
Stefan Chang,Aletheia Capital,2859,NVDA-US,2026Q1,2026,0.0382497082847141,4581522.0,3674,20260220.0,4.0,NVDA-US
Mark Lipacis,Evercore ISI,1772,NVDA-US,2026Q1,2026,0.0338474594250556,4581522.0,3674,20251120.0,96.0,NVDA-US
Kai Ren Cheng,SinoPac Securities Investment Services,1120,NVDA-US,2026Q1,2026,0.0252551182772886,4581522.0,3674,20251231.0,55.0,NVDA-US
sean Hao,Fubon Securities,1084,NVDA-US,2026Q1,2026,0.0369767688554153,4581522.0,3674,20260220.0,4.0,NVDA-US
Ananda Baruah,Loop Capital Markets,1009,NVDA-US,2026Q1,2026,0.0413259785721862,4581522.0,3674,20251120.0,96.0,NVDA-US
John N. Vinh,KeyBanc Capital Markets,618,NVDA-US,2026Q1,2026,0.0352795162830168,4581522.0,3674,20260220.0,4.0,NVDA-US
Matthew Bryson,Wedbush Securities,590,NVDA-US,2026Q1,2026,0.0290208974222976,4581522.0,3674,20251120.0,96.0,NVDA-US
Ruben Roy,Stifel Nicolaus,548,NVDA-US,2026Q1,2026,0.0315137371380078,4581522.0,3674,20260220.0,4.0,NVDA-US
C.J. Muse,Cantor Fitzgerald,1190,NVDA-US,2026Q1,2026,0.0384088257133764,4581522.0,3674,20251120.0,96.0,NVDA-US
Gil Luria,DA Davidson,556,NVDA-US,2026Q1,2026,0.0318319719953325,4581522.0,3674,20251120.0,96.0,NVDA-US
Blayne Curtis,Jefferies,512,NVDA-US,2026Q1,2026,0.032945793995969,4581522.0,3674,20260114.0,41.0,NVDA-US
Kevin Rottinghaus,Edgewater Research,3222,NVDA-US,2026Q1,2026,0.0315667762808953,4581522.0,3674,20260218.0,6.0,NVDA-US
Srini Pajjuri,RBC Capital Markets,1269,NVDA-US,2026Q1,2026,0.031301580566458,4581522.0,3674,20260113.0,42.0,NVDA-US
Aaron Rakers,Wells Fargo Securities,596,NVDA-US,2026Q1,2026,0.0324684417099819,4581522.0,3674,20260217.0,7.0,NVDA-US
Rick Schafer,Oppenheimer,498,NVDA-US,2026Q1,2026,0.0325745199957568,4581522.0,3674,20260114.0,41.0,NVDA-US
N. Quinn Bolton,Needham,477,NVDA-US,2026Q1,2026,0.0323093242813196,4581522.0,3674,20251120.0,96.0,NVDA-US
Chandler B. Converse,Cleveland Research Company,2295,NVDA-US,2026Q1,2026,0.0331368728121353,4581522.0,3674,20260120.0,35.0,NVDA-US
Ben Reitzes,Melius Research,3130,NVDA-US,2026Q1,2026,0.0308242282804709,4581522.0,3674,20251120.0,96.0,NVDA-US
Vijay Rakesh,Mizuho Securities USA,1802,NVDA-US,2026Q1,2026,0.0336883419963933,4581522.0,3674,20260108.0,47.0,NVDA-US
Christopher Rolland,Susquehanna Financial Group,974,NVDA-US,2026Q1,2026,0.0331049114246313,4581522.0,3674,20260213.0,11.0,NVDA-US
Ross Seymore,Deutsche Bank Research,77,NVDA-US,2026Q1,2026,0.0301877585658215,4581522.0,3674,20251120.0,96.0,NVDA-US
Paul Lee,Cathay Securities,3216,NVDA-US,2026Q1,2026,0.0316198154237827,4581522.0,3674,20260202.0,22.0,NVDA-US
Dawei Wang,Bocom International,1746,NVDA-US,2026Q1,2026,0.0278540362787737,4581522.0,3674,20251120.0,96.0,NVDA-US
Myoung-Sub Song,iM Securities,2140,NVDA-US,2026Q1,2026,0.0294452105653972,4581522.0,3674,20251201.0,85.0,NVDA-US
Louis Miscioscia,Daiwa Securities Co. Ltd.,467,NVDA-US,2026Q1,2026,0.030718149994696,4581522.0,3674,20251120.0,96.0,NVDA-US
Young-gun Kim,Mirae Asset Securities,484,NVDA-US,2026Q1,2026,0.0309303065662458,4581522.0,3674,20260119.0,36.0,NVDA-US
Timm Schulze-Melander,Rothschild & Co Redburn,1652,NVDA-US,2026Q1,2026,,4581522.0,3674,20260115.0,40.0,NVDA-US
Pierre Ferragu,New Street Research,1634,NVDA-US,2026Q1,2026,0.0362872599978784,4581522.0,3674,20251120.0,96.0,NVDA-US
Siyu Cai,Mega Intl Invst Serv,1175,NVDA-US,2026Q1,2026,0.0336353028535058,4581522.0,3674,20251120.0,96.0,NVDA-US
Purdy Ho,Huatai Research,1271,NVDA-US,2026Q1,2026,0.035650790283229,4581522.0,3674,20251209.0,77.0,NVDA-US
Harsh Kumar,Piper Sandler Companies,570,NVDA-US,2026Q1,2026,0.0271645274212368,4581522.0,3674,20251120.0,96.0,NVDA-US
Simon Leopold,Raymond James,402,NVDA-US,2026Q1,2026,0.0284905059934231,4581522.0,3674,20260105.0,50.0,NVDA-US
Jay Goldberg,Seaport Research Partners,1321,NVDA-US,2026Q1,2026,0.0239821788479898,4581522.0,3674,20251120.0,96.0,NVDA-US
Rong Jin,Huaan Securities,3624,NVDA-US,2026Q1,2026,0.0320441285668823,4581522.0,3674,20251202.0,84.0,NVDA-US
Liang Wei Zhang,Soochow Securities,3048,NVDA-US,2026Q1,2026,0.0262098228492627,4581522.0,3674,20251121.0,95.0,NVDA-US
Chaim Siegel,Elazar Advisors,3400,NVDA-US,2026Q1,2026,0.0416972525723984,4581522.0,3674,20251121.0,95.0,NVDA-US
Lun Ke Zhang,Guosen Securities,1894,NVDA-US,2026Q1,2026,0.0315137371380078,4581522.0,3674,20251121.0,95.0,NVDA-US
Heping Qin,Guotai Haitong Securities China,1094,NVDA-US,2026Q1,2026,0.0325214808528694,4581522.0,3674,20251120.0,96.0,NVDA-US
Sophie Huang,ABCI Securities,2281,NVDA-US,2026Q1,2026,0.0303999151373713,4581522.0,3674,20251120.0,96.0,NVDA-US
Cody Acree,"Benchmark, a StoneX Company",1124,NVDA-US,2026Q1,2026,0.0293921714225098,4581522.0,3674,20251119.0,97.0,NVDA-US
Je-Min Park,SK Securities,1095,NVDA-US,2026Q1,2026,0.0256794314203882,4581522.0,3674,20251120.0,96.0,NVDA-US
Richard C. Shannon,Craig Hallum Capital Group,1026,NVDA-US,2026Q1,2026,0.0305590325660337,4581522.0,3674,20251120.0,96.0,NVDA-US
Qiao Sheng Cheng,China International Capital,898,NVDA-US,2026Q1,2026,0.0320971677097698,4581522.0,3674,20251120.0,96.0,NVDA-US
James Kelleher,Argus Research,376,NVDA-US,2026Q1,2026,0.0289148191365227,4581522.0,3674,20251120.0,96.0,NVDA-US
Rick Schafer,Oppenheimer,498,NVDA-US,2025Q4,2025,0.0325628809999487,4743603.0,3674,20251118.0,0.0,NVDA-US
Sebastien Naji,William Blair,198,NVDA-US,2025Q4,2025,0.0273889657292146,4743603.0,3674,20251027.0,22.0,NVDA-US
Timm Schulze-Melander,Rothschild & Co Redburn,1652,NVDA-US,2025Q4,2025,,4743603.0,3674,20251117.0,1.0,NVDA-US
Stacy A. Rasgon,Bernstein Research,1140,NVDA-US,2025Q4,2025,,4743603.0,3674,20250828.0,82.0,NVDA-US
Ruben Roy,Stifel Nicolaus,548,NVDA-US,2025Q4,2025,0.0273889657292146,4743603.0,3674,20251117.0,1.0,NVDA-US
Kevin Rottinghaus,Edgewater Research,3222,NVDA-US,2025Q4,2025,0.0284647302904564,4743603.0,3674,20251114.0,4.0,NVDA-US
Barney Yao,Haitong International Research,2898,NVDA-US,2025Q4,2025,0.0317432508580503,4743603.0,3674,20250922.0,57.0,NVDA-US
Stefan Chang,Aletheia Capital,2859,NVDA-US,2025Q4,2025,0.0280549152195071,4743603.0,3674,20251114.0,4.0,NVDA-US
Chandler B. Converse,Cleveland Research Company,2295,NVDA-US,2025Q4,2025,0.0302032016802417,4743603.0,3674,20251114.0,4.0,NVDA-US
Mark Lipacis,Evercore ISI,1772,NVDA-US,2025Q4,2025,0.0305138056452026,4743603.0,3674,20251027.0,22.0,NVDA-US
Jay Goldberg,Seaport Research Partners,1321,NVDA-US,2025Q4,2025,0.0232908150197223,4743603.0,3674,20251114.0,4.0,NVDA-US
C.J. Muse,Cantor Fitzgerald,1190,NVDA-US,2025Q4,2025,0.0291819066646175,4743603.0,3674,20250828.0,82.0,NVDA-US
sean Hao,Fubon Securities,1084,NVDA-US,2025Q4,2025,0.0359438553352799,4743603.0,3674,20251114.0,4.0,NVDA-US
Joshua Buchalter,TD Cowen,917,NVDA-US,2025Q4,2025,0.0305640079913938,4743603.0,3674,20251110.0,8.0,NVDA-US
John N. Vinh,KeyBanc Capital Markets,618,NVDA-US,2025Q4,2025,0.0293868142000922,4743603.0,3674,20250926.0,53.0,NVDA-US
Gil Luria,DA Davidson,556,NVDA-US,2025Q4,2025,0.0237006300906715,4743603.0,3674,20250828.0,82.0,NVDA-US
Aaron Rakers,Wells Fargo Securities,596,NVDA-US,2025Q4,2025,0.0294380410839608,4743603.0,3674,20251113.0,5.0,NVDA-US
Matthew Bryson,Wedbush Securities,590,NVDA-US,2025Q4,2025,0.0262107474002356,4743603.0,3674,20250828.0,82.0,NVDA-US
Ross Seymore,Deutsche Bank Research,77,NVDA-US,2025Q4,2025,0.0275426463808206,4743603.0,3674,20250828.0,82.0,NVDA-US
Ben Reitzes,Melius Research,3130,NVDA-US,2025Q4,2025,0.0294380410839608,4743603.0,3674,20251028.0,21.0,NVDA-US
Christopher Rolland,Susquehanna Financial Group,974,NVDA-US,2025Q4,2025,0.0287720915936683,4743603.0,3674,20251112.0,6.0,NVDA-US
Vijay Rakesh,Mizuho Securities USA,1802,NVDA-US,2025Q4,2025,0.0273356897699912,4743603.0,3674,20251028.0,21.0,NVDA-US
Kevin Cassidy,Rosenblatt Securities,2623,NVDA-US,2025Q4,2025,0.0284135034065877,4743603.0,3674,20251031.0,18.0,NVDA-US
Ananda Baruah,Loop Capital Markets,1009,NVDA-US,2025Q4,2025,0.0412202243737513,4743603.0,3674,20251031.0,18.0,NVDA-US
Blayne Curtis,Jefferies,512,NVDA-US,2025Q4,2025,0.0283110496388504,4743603.0,3674,20251031.0,18.0,NVDA-US
Dawei Wang,Bocom International,1746,NVDA-US,2025Q4,2025,0.0279319706982224,4743603.0,3674,20251030.0,19.0,NVDA-US
Pierre Ferragu,New Street Research,1634,NVDA-US,2025Q4,2025,0.0365073510578351,4743603.0,3674,20251029.0,20.0,NVDA-US
Purdy Ho,Huatai Research,1271,NVDA-US,2025Q4,2025,0.0313846626709697,4743603.0,3674,20251028.0,21.0,NVDA-US
William Stein,Truist Securities,852,NVDA-US,2025Q4,2025,0.0266205624711848,4743603.0,3674,20250828.0,82.0,NVDA-US
N. Quinn Bolton,Needham,477,NVDA-US,2025Q4,2025,0.0299503099226474,4743603.0,3674,20251028.0,21.0,NVDA-US
Louis Miscioscia,Daiwa Securities Co. Ltd.,467,NVDA-US,2025Q4,2025,0.0261595205163669,4743603.0,3674,20250915.0,64.0,NVDA-US
Paul Lee,Cathay Securities,3216,NVDA-US,2025Q4,2025,0.0256984785615491,4743603.0,3674,20250916.0,63.0,NVDA-US
Harsh Kumar,Piper Sandler Companies,570,NVDA-US,2025Q4,2025,0.0264668818195789,4743603.0,3674,20250828.0,82.0,NVDA-US
Cody Acree,"Benchmark, a StoneX Company",1124,NVDA-US,2025Q4,2025,0.0261082936324983,4743603.0,3674,20250828.0,82.0,NVDA-US
Egor Tolmachev,Freedom Broker,3713,NVDA-US,2025Q4,2025,0.0253911172583371,4743603.0,3674,20250908.0,71.0,NVDA-US
Liang Wei Zhang,Soochow Securities,3048,NVDA-US,2025Q4,2025,0.0251349828389939,4743603.0,3674,20250829.0,81.0,NVDA-US
Tony Shen,SPDB International,3451,NVDA-US,2025Q4,2025,0.0234444956713283,4743603.0,3674,20250227.0,264.0,NVDA-US
Young-gun Kim,Mirae Asset Securities,484,NVDA-US,2025Q4,2025,0.0246227140003073,4743603.0,3674,20250829.0,81.0,NVDA-US
Chaim Siegel,Elazar Advisors,3400,NVDA-US,2025Q4,2025,0.0376855693868142,4743603.0,3674,20250828.0,82.0,NVDA-US
Sophie Huang,ABCI Securities,2281,NVDA-US,2025Q4,2025,0.0249300753035192,4743603.0,3674,20250828.0,82.0,NVDA-US
Lun Ke Zhang,Guosen Securities,1894,NVDA-US,2025Q4,2025,0.0240592182777521,4743603.0,3674,20250828.0,82.0,NVDA-US
Richard C. Shannon,Craig Hallum Capital Group,1026,NVDA-US,2025Q4,2025,0.0254423441422058,4743603.0,3674,20250828.0,82.0,NVDA-US
Qiao Sheng Cheng,China International Capital,898,NVDA-US,2025Q4,2025,0.0283622765227191,4743603.0,3674,20250828.0,82.0,NVDA-US
James Kelleher,Argus Research,376,NVDA-US,2025Q4,2025,0.026005839864761,4743603.0,3674,20250828.0,82.0,NVDA-US
Chandler B. Converse,Cleveland Research Company,2295,NVDA-US,2025Q3,2025,0.0281061704939699,4430796.0,3674,20250715.0,42.0,NVDA-US
Kevin Cassidy,Rosenblatt Securities,2623,NVDA-US,2025Q3,2025,0.0251831047965196,4430796.0,3674,20250529.0,89.0,NVDA-US
Jay Goldberg,Seaport Research Partners,1321,NVDA-US,2025Q3,2025,0.0251280356847844,4430796.0,3674,20250822.0,4.0,NVDA-US
Ruben Roy,Stifel Nicolaus,548,NVDA-US,2025Q3,2025,0.0265598325899003,4430796.0,3674,20250822.0,4.0,NVDA-US
Sebastien Naji,William Blair,198,NVDA-US,2025Q3,2025,0.0262844870312241,4430796.0,3674,20250822.0,4.0,NVDA-US
Warren Lau,Aletheia Capital,2859,NVDA-US,2025Q3,2025,0.0285423206123685,4430796.0,3674,20250814.0,12.0,NVDA-US
Mark Lipacis,Evercore ISI,1772,NVDA-US,2025Q3,2025,0.0281568368302219,4430796.0,3674,20250820.0,6.0,NVDA-US
Kevin Rottinghaus,Edgewater Research,3222,NVDA-US,2025Q3,2025,0.0261743488077537,4430796.0,3674,20250820.0,6.0,NVDA-US
sean Hao,Fubon Securities,1084,NVDA-US,2025Q3,2025,0.0320667437634231,4430796.0,3674,20250820.0,6.0,NVDA-US
Matthew Bryson,Wedbush Securities,590,NVDA-US,2025Q3,2025,0.0276612148246048,4430796.0,3674,20250820.0,6.0,NVDA-US
Rick Schafer,Oppenheimer,498,NVDA-US,2025Q3,2025,0.0272757310424582,4430796.0,3674,20250819.0,7.0,NVDA-US
Christopher Rolland,Susquehanna Financial Group,974,NVDA-US,2025Q3,2025,0.0260642105842832,4430796.0,3674,20250819.0,7.0,NVDA-US
John N. Vinh,KeyBanc Capital Markets,618,NVDA-US,2025Q3,2025,0.0289828735062503,4430796.0,3674,20250818.0,8.0,NVDA-US
Joshua Buchalter,TD Cowen,917,NVDA-US,2025Q3,2025,0.0268263670906988,4430796.0,3674,20250529.0,89.0,NVDA-US
Ross Seymore,Deutsche Bank Research,77,NVDA-US,2025Q3,2025,0.0253483121317253,4430796.0,3674,20250529.0,89.0,NVDA-US
Ben Reitzes,Melius Research,3130,NVDA-US,2025Q3,2025,0.0299741175174844,4430796.0,3674,20250714.0,43.0,NVDA-US
C.J. Muse,Cantor Fitzgerald,1190,NVDA-US,2025Q3,2025,0.0315160526460708,4430796.0,3674,20250227.0,180.0,NVDA-US
Vijay Rakesh,Mizuho Securities USA,1802,NVDA-US,2025Q3,2025,0.0268351781485764,4430796.0,3674,20250714.0,43.0,NVDA-US
Harsh Kumar,Piper Sandler Companies,570,NVDA-US,2025Q3,2025,0.027936560383281,4430796.0,3674,20250529.0,89.0,NVDA-US
Aaron Rakers,Wells Fargo Securities,596,NVDA-US,2025Q3,2025,0.0306900159700424,4430796.0,3674,20250808.0,18.0,NVDA-US
Stacy A. Rasgon,Bernstein Research,1140,NVDA-US,2025Q3,2025,,4430796.0,3674,20250529.0,89.0,NVDA-US
Young-gun Kim,Mirae Asset Securities,484,NVDA-US,2025Q3,2025,0.026009141472548,4430796.0,3674,20250728.0,29.0,NVDA-US
Timm Schulze-Melander,Rothschild & Co Redburn,1652,NVDA-US,2025Q3,2025,,4430796.0,3674,20250723.0,34.0,NVDA-US
Dawei Wang,Bocom International,1746,NVDA-US,2025Q3,2025,0.0278099014262899,4430796.0,3674,20250718.0,39.0,NVDA-US
Purdy Ho,Huatai Research,1271,NVDA-US,2025Q3,2025,0.0301393248526901,4430796.0,3674,20250715.0,42.0,NVDA-US
N. Quinn Bolton,Needham,477,NVDA-US,2025Q3,2025,0.0282119059419571,4430796.0,3674,20250715.0,42.0,NVDA-US
William Stein,Truist Securities,852,NVDA-US,2025Q3,2025,0.0270477449198744,4430796.0,3674,20250529.0,89.0,NVDA-US
Blayne Curtis,Jefferies,512,NVDA-US,2025Q3,2025,0.0276061457128696,4430796.0,3674,20250714.0,43.0,NVDA-US
Louis Miscioscia,Daiwa Securities Co. Ltd.,467,NVDA-US,2025Q3,2025,0.0254584503551957,4430796.0,3674,20250603.0,84.0,NVDA-US
Ananda Baruah,Loop Capital Markets,1009,NVDA-US,2025Q3,2025,0.0326174348807753,4430796.0,3674,20250624.0,63.0,NVDA-US
Pierre Ferragu,New Street Research,1634,NVDA-US,2025Q3,2025,0.0262294179194889,4430796.0,3674,20250529.0,89.0,NVDA-US
Rong Jin,Huaan Securities,3624,NVDA-US,2025Q3,2025,0.0276612148246048,4430796.0,3674,20250604.0,83.0,NVDA-US
Liang Wei Zhang,Soochow Securities,3048,NVDA-US,2025Q3,2025,0.0248526901261082,4430796.0,3674,20250603.0,84.0,NVDA-US
Egor Tolmachev,Freedom Broker,3713,NVDA-US,2025Q3,2025,0.0254033812434605,4430796.0,3674,20250602.0,85.0,NVDA-US
Barney Yao,Haitong International Research,2898,NVDA-US,2025Q3,2025,0.0306900159700424,4430796.0,3674,20250529.0,89.0,NVDA-US
Sophie Huang,ABCI Securities,2281,NVDA-US,2025Q3,2025,0.0218238889806707,4430796.0,3674,20250415.0,133.0,NVDA-US
Lun Ke Zhang,Guosen Securities,1894,NVDA-US,2025Q3,2025,0.0245773445674321,4430796.0,3674,20250529.0,89.0,NVDA-US
Tian Zi Fu,Everbright Securities,1299,NVDA-US,2025Q3,2025,0.0277162839363401,4430796.0,3674,20250529.0,89.0,NVDA-US
Cody Acree,"Benchmark, a StoneX Company",1124,NVDA-US,2025Q3,2025,0.0256236576904014,4430796.0,3674,20250528.0,90.0,NVDA-US
Richard C. Shannon,Craig Hallum Capital Group,1026,NVDA-US,2025Q3,2025,0.024797621014373,4430796.0,3674,20250529.0,89.0,NVDA-US
Qiao Sheng Cheng,China International Capital,898,NVDA-US,2025Q3,2025,0.0246324136791673,4430796.0,3674,20250529.0,89.0,NVDA-US
Gil Luria,DA Davidson,556,NVDA-US,2025Q3,2025,0.0178589129357343,4430796.0,3674,20250529.0,89.0,NVDA-US
James Kelleher,Argus Research,376,NVDA-US,2025Q3,2025,0.0254584503551957,4430796.0,3674,20250529.0,89.0,NVDA-US
Kevin Cassidy,Rosenblatt Securities,2623,NVDA-US,2025Q2,2025,0.0368767798045101,3168675.0,3674,20250227.0,89.0,NVDA-US
Jay Goldberg,Seaport Research Partners,1321,NVDA-US,2025Q2,2025,0.0346886785192026,3168675.0,3674,20250501.0,26.0,NVDA-US
Timm Schulze-Melander,Rothschild & Co Redburn,1652,NVDA-US,2025Q2,2025,,3168675.0,3674,20250227.0,89.0,NVDA-US
Pierre Ferragu,New Street Research,1634,NVDA-US,2025Q2,2025,0.0376133302547525,3168675.0,3674,20250523.0,4.0,NVDA-US
C.J. Muse,Cantor Fitzgerald,1190,NVDA-US,2025Q2,2025,0.0464642499807588,3168675.0,3674,20250227.0,89.0,NVDA-US
sean Hao,Fubon Securities,1084,NVDA-US,2025Q2,2025,0.040614946509659,3168675.0,3674,20250523.0,4.0,NVDA-US
William Stein,Truist Securities,852,NVDA-US,2025Q2,2025,0.0393065496805972,3168675.0,3674,20250224.0,92.0,NVDA-US
Harsh Kumar,Piper Sandler Companies,570,NVDA-US,2025Q2,2025,0.0390756561225275,3168675.0,3674,20250523.0,4.0,NVDA-US
Mark Lipacis,Evercore ISI,1772,NVDA-US,2025Q2,2025,0.0390756561225275,3168675.0,3674,20250415.0,42.0,NVDA-US
Ruben Roy,Stifel Nicolaus,548,NVDA-US,2025Q2,2025,0.0370745786192565,3168675.0,3674,20250227.0,89.0,NVDA-US
Blayne Curtis,Jefferies,512,NVDA-US,2025Q2,2025,0.037151543138613,3168675.0,3674,20250204.0,112.0,NVDA-US
Christopher Rolland,Susquehanna Financial Group,974,NVDA-US,2025Q2,2025,0.0337651042869237,3168675.0,3674,20250521.0,6.0,NVDA-US
Joshua Buchalter,TD Cowen,917,NVDA-US,2025Q2,2025,0.0371946432694527,3168675.0,3674,20250227.0,89.0,NVDA-US
John N. Vinh,KeyBanc Capital Markets,618,NVDA-US,2025Q2,2025,0.0398453013160932,3168675.0,3674,20250520.0,7.0,NVDA-US
Matthew Bryson,Wedbush Securities,590,NVDA-US,2025Q2,2025,0.0344577849611329,3168675.0,3674,20250227.0,89.0,NVDA-US
Rick Schafer,Oppenheimer,498,NVDA-US,2025Q2,2025,0.0372285076579696,3168675.0,3674,20250227.0,89.0,NVDA-US
Ross Seymore,Deutsche Bank Research,77,NVDA-US,2025Q2,2025,0.0387677980451012,3168675.0,3674,20250227.0,89.0,NVDA-US
Vijay Rakesh,Mizuho Securities USA,1802,NVDA-US,2025Q2,2025,0.0357184637881936,3168675.0,3674,20250211.0,105.0,NVDA-US
Aaron Rakers,Wells Fargo Securities,596,NVDA-US,2025Q2,2025,0.0372285076579696,3168675.0,3674,20250416.0,41.0,NVDA-US
Ben Reitzes,Melius Research,3130,NVDA-US,2025Q2,2025,0.0376902947741091,3168675.0,3674,20250509.0,18.0,NVDA-US
Warren Lau,Aletheia Capital,2859,NVDA-US,2025Q2,2025,0.0317640267836527,3168675.0,3674,20250516.0,11.0,NVDA-US
Srini Pajjuri,Raymond James,402,NVDA-US,2025Q2,2025,0.0336111752482105,3168675.0,3674,20250415.0,42.0,NVDA-US
Sebastien Naji,William Blair,198,NVDA-US,2025Q2,2025,0.0349195720772723,3168675.0,3674,20250423.0,34.0,NVDA-US
Gil Luria,DA Davidson,556,NVDA-US,2025Q2,2025,0.0244523974447779,3168675.0,3674,20250411.0,46.0,NVDA-US
Stacy A. Rasgon,Bernstein Research,1140,NVDA-US,2025Q2,2025,,3168675.0,3674,20250227.0,89.0,NVDA-US
Dawei Wang,Bocom International,1746,NVDA-US,2025Q2,2025,0.038613869006388,3168675.0,3674,20250422.0,35.0,NVDA-US
James Kelleher,Argus Research,376,NVDA-US,2025Q2,2025,0.0393065496805972,3168675.0,3674,20250417.0,40.0,NVDA-US
Purdy Ho,Huatai Research,1271,NVDA-US,2025Q2,2025,0.0377672592934657,3168675.0,3674,20250314.0,74.0,NVDA-US
Louis Miscioscia,Daiwa Securities Co. Ltd.,467,NVDA-US,2025Q2,2025,0.0353043946740552,3168675.0,3674,20250407.0,50.0,NVDA-US
Sophie Huang,ABCI Securities,2281,NVDA-US,2025Q2,2025,0.0329184945740013,3168675.0,3674,20250415.0,42.0,NVDA-US
Chandler B. Converse,Cleveland Research Company,2295,NVDA-US,2025Q2,2025,0.0394169937658739,3168675.0,3674,20250227.0,89.0,NVDA-US
Young-gun Kim,Mirae Asset Securities,484,NVDA-US,2025Q2,2025,0.0296090202416685,3168675.0,3674,20250227.0,89.0,NVDA-US
N. Quinn Bolton,Needham,477,NVDA-US,2025Q2,2025,0.0379619795274378,3168675.0,3674,20250227.0,89.0,NVDA-US
Thiago Alves Kapulskis,Itau Securities,1394,NVDA-US,2025Q2,2025,0.0541607019164165,3168675.0,3674,20250317.0,71.0,NVDA-US
Rong Jin,Huaan Securities,3624,NVDA-US,2025Q2,2025,0.0349195720772723,3168675.0,3674,20250306.0,82.0,NVDA-US
Yan Hui Hao,Founder Securities,1545,NVDA-US,2025Q2,2025,0.0383829754483183,3168675.0,3674,20250306.0,82.0,NVDA-US
Liang Wei Zhang,Soochow Securities,3048,NVDA-US,2025Q2,2025,0.0392295851612406,3168675.0,3674,20250303.0,85.0,NVDA-US
Haofei Chen,Haitong International Research,2898,NVDA-US,2025Q2,2025,0.0429238820903563,3168675.0,3674,20250228.0,88.0,NVDA-US
Qiao Sheng Cheng,China International Capital,898,NVDA-US,2025Q2,2025,0.0374594012160394,3168675.0,3674,20250227.0,89.0,NVDA-US
Tony Shen,SPDB International,3451,NVDA-US,2025Q2,2025,0.0393065496805972,3168675.0,3674,20250227.0,89.0,NVDA-US
Lun Ke Zhang,Guosen Securities,1894,NVDA-US,2025Q2,2025,0.0358431463095512,3168675.0,3674,20250227.0,89.0,NVDA-US
Heping Qin,Guotai Haitong Securities China,1094,NVDA-US,2025Q2,2025,0.0403070884322327,3168675.0,3674,20250227.0,89.0,NVDA-US
Richard C. Shannon,Craig Hallum Capital Group,1026,NVDA-US,2025Q2,2025,0.0356892172708381,3168675.0,3674,20250227.0,89.0,NVDA-US
William Stein,Truist Securities,852,NVDA-US,2025Q1,2025,0.037242469879518,3252272.0,3674,20250224.0,1.0,NVDA-US
Aaron Rakers,Wells Fargo Securities,596,NVDA-US,2025Q1,2025,0.035992469879518,3252272.0,3674,20250224.0,1.0,NVDA-US
Harsh Kumar,Piper Sandler Companies,570,NVDA-US,2025Q1,2025,0.0359623493975903,3252272.0,3674,20250224.0,1.0,NVDA-US
Ben Reitzes,Melius Research,3130,NVDA-US,2025Q1,2025,0.035058734939759,3252272.0,3674,20241121.0,96.0,NVDA-US
Hans Mosesmann,Rosenblatt Securities,2623,NVDA-US,2025Q1,2025,0.030164156626506,3252272.0,3674,20241121.0,96.0,NVDA-US
Mark Lipacis,Evercore ISI,1772,NVDA-US,2025Q1,2025,0.0340798192771084,3252272.0,3674,20250221.0,4.0,NVDA-US
Matthew Bryson,Wedbush Securities,590,NVDA-US,2025Q1,2025,0.030992469879518,3252272.0,3674,20241121.0,96.0,NVDA-US
Ruben Roy,Stifel Nicolaus,548,NVDA-US,2025Q1,2025,0.0318207831325301,3252272.0,3674,20241118.0,99.0,NVDA-US
Ross Seymore,Deutsche Bank Research,77,NVDA-US,2025Q1,2025,0.0324231927710843,3252272.0,3674,20241121.0,96.0,NVDA-US
Stacy A. Rasgon,Bernstein Research,1140,NVDA-US,2025Q1,2025,,3252272.0,3674,20241121.0,96.0,NVDA-US
Christopher Rolland,Susquehanna Financial Group,974,NVDA-US,2025Q1,2025,0.0329503012048192,3252272.0,3674,20241121.0,96.0,NVDA-US
Rick Schafer,Oppenheimer,498,NVDA-US,2025Q1,2025,0.0337786144578313,3252272.0,3674,20241121.0,96.0,NVDA-US
Warren Lau,Aletheia Capital,2859,NVDA-US,2025Q1,2025,0.0327243975903614,3252272.0,3674,20250212.0,13.0,NVDA-US
Vijay Rakesh,Mizuho Securities USA,1802,NVDA-US,2025Q1,2025,0.033644578313253,3252272.0,3674,20250211.0,14.0,NVDA-US
Blayne Curtis,Jefferies,512,NVDA-US,2025Q1,2025,0.0351340361445783,3252272.0,3674,20250204.0,21.0,NVDA-US
Gil Luria,DA Davidson,556,NVDA-US,2025Q1,2025,0.0150286144578313,3252272.0,3674,20250107.0,49.0,NVDA-US
Young-gun Kim,Mirae Asset Securities,484,NVDA-US,2025Q1,2025,0.0338539156626506,3252272.0,3674,20241213.0,74.0,NVDA-US
Thiago Alves Kapulskis,Itau Securities,1394,NVDA-US,2025Q1,2025,0.0532063253012048,3252272.0,3674,20241121.0,96.0,NVDA-US
C.J. Muse,Cantor Fitzgerald,1190,NVDA-US,2025Q1,2025,0.0422123493975903,3252272.0,3674,20241121.0,96.0,NVDA-US
Sebastien Naji,William Blair,198,NVDA-US,2025Q1,2025,0.0333268072289156,3252272.0,3674,20241121.0,96.0,NVDA-US
Pierre Ferragu,New Street Research,1634,NVDA-US,2025Q1,2025,0.0367906626506024,3252272.0,3674,20250107.0,49.0,NVDA-US
Timm Schulze-Melander,Rothschild & Co Redburn,1652,NVDA-US,2025Q1,2025,,3252272.0,3674,20250116.0,40.0,NVDA-US
Joshua Buchalter,TD Cowen,917,NVDA-US,2025Q1,2025,0.0320466867469879,3252272.0,3674,20241121.0,96.0,NVDA-US
N. Quinn Bolton,Needham,477,NVDA-US,2025Q1,2025,0.0327921686746987,3252272.0,3674,20241121.0,96.0,NVDA-US
Sophie Huang,ABCI Securities,2281,NVDA-US,2025Q1,2025,0.0335527108433734,3252272.0,3674,20241113.0,104.0,NVDA-US
Dawei Wang,Bocom International,1746,NVDA-US,2025Q1,2025,0.032347891566265,3252272.0,3674,20241121.0,96.0,NVDA-US
Rong Jin,Huaan Securities,3624,NVDA-US,2025Q1,2025,0.0324231927710843,3252272.0,3674,20241129.0,88.0,NVDA-US
Xiao Yu Han,First Shanghai,1701,NVDA-US,2025Q1,2025,0.0354352409638554,3252272.0,3674,20241126.0,91.0,NVDA-US
Heping Qin,Guotai Haitong Securities China,1094,NVDA-US,2025Q1,2025,0.0354352409638554,3252272.0,3674,20241122.0,95.0,NVDA-US
Liang Wei Zhang,Soochow Securities,3048,NVDA-US,2025Q1,2025,0.0294111445783132,3252272.0,3674,20241121.0,96.0,NVDA-US
Pianpian He,Huatai Research,1271,NVDA-US,2025Q1,2025,0.037769578313253,3252272.0,3674,20241122.0,95.0,NVDA-US
Lun Ke Zhang,Guosen Securities,1894,NVDA-US,2025Q1,2025,0.0248177710843373,3252272.0,3674,20240829.0,180.0,NVDA-US
Richard C. Shannon,Craig Hallum Capital Group,1026,NVDA-US,2025Q1,2025,0.0316701807228915,3252272.0,3674,20240829.0,180.0,NVDA-US
Thiago Alves Kapulskis,Itau Securities,1394,NVDA-US,2024Q4,2024,0.0445065586154797,3571813.3,3674,20240829.0,82.0,NVDA-US
William Stein,Truist Securities,852,NVDA-US,2024Q4,2024,0.0233859096215919,3571813.3,3674,20241118.0,1.0,NVDA-US
Ruben Roy,Stifel Nicolaus,548,NVDA-US,2024Q4,2024,0.0296724126090241,3571813.3,3674,20241118.0,1.0,NVDA-US
Ben Reitzes,Melius Research,3130,NVDA-US,2024Q4,2024,0.0296724126090241,3571813.3,3674,20241108.0,11.0,NVDA-US
Hans Mosesmann,Rosenblatt Securities,2623,NVDA-US,2024Q4,2024,0.0255518164961197,3571813.3,3674,20240829.0,82.0,NVDA-US
Vijay Rakesh,Mizuho Securities USA,1802,NVDA-US,2024Q4,2024,0.0280475242085021,3571813.3,3674,20241108.0,11.0,NVDA-US
Mark Lipacis,Evercore ISI,1772,NVDA-US,2024Q4,2024,0.030221825424078,3571813.3,3674,20241115.0,4.0,NVDA-US
Blayne Curtis,Jefferies,512,NVDA-US,2024Q4,2024,0.0326255064899388,3571813.3,3674,20241113.0,6.0,NVDA-US
Sophie Huang,ABCI Securities,2281,NVDA-US,2024Q4,2024,0.0313893276560675,3571813.3,3674,20241113.0,6.0,NVDA-US
Pianpian He,Huatai Research,1271,NVDA-US,2024Q4,2024,0.0352352173614449,3571813.3,3674,20241113.0,6.0,NVDA-US
Christopher Rolland,Susquehanna Financial Group,974,NVDA-US,2024Q4,2024,0.0282302039695075,3571813.3,3674,20241113.0,6.0,NVDA-US
Ross Seymore,Deutsche Bank Research,77,NVDA-US,2024Q4,2024,0.0248650504773023,3571813.3,3674,20240829.0,82.0,NVDA-US
Warren Lau,Aletheia Capital,2859,NVDA-US,2024Q4,2024,0.031801387267358,3571813.3,3674,20240816.0,95.0,NVDA-US
Timm Schulze-Melander,Rothschild & Co Redburn,1652,NVDA-US,2024Q4,2024,,3571813.3,3674,20241112.0,7.0,NVDA-US
Pierre Ferragu,New Street Research,1634,NVDA-US,2024Q4,2024,0.0289169699883249,3571813.3,3674,20241112.0,7.0,NVDA-US
Rick Schafer,Oppenheimer,498,NVDA-US,2024Q4,2024,0.0292603529977336,3571813.3,3674,20241112.0,7.0,NVDA-US
Aaron Rakers,Wells Fargo Securities,596,NVDA-US,2024Q4,2024,0.0293290295996154,3571813.3,3674,20240829.0,82.0,NVDA-US
Stacy A. Rasgon,Bernstein Research,1140,NVDA-US,2024Q4,2024,,3571813.3,3674,20240829.0,82.0,NVDA-US
Sebastien Naji,William Blair,198,NVDA-US,2024Q4,2024,0.0280928507657441,3571813.3,3674,20241101.0,18.0,NVDA-US
Jun Xia,Guosheng Securities,3586,NVDA-US,2024Q4,2024,0.023903578050958,3571813.3,3674,20240829.0,82.0,NVDA-US
Kevin Garrigan,WestPark Capital,3079,NVDA-US,2024Q4,2024,0.0269253485337545,3571813.3,3674,20240829.0,82.0,NVDA-US
Joshua Buchalter,TD Cowen,917,NVDA-US,2024Q4,2024,0.0200576883455806,3571813.3,3674,20240712.0,130.0,NVDA-US
Rong Jin,Huaan Securities,3624,NVDA-US,2024Q4,2024,0.0358533067783806,3571813.3,3674,20240910.0,70.0,NVDA-US
Liang Wei Zhang,Soochow Securities,3048,NVDA-US,2024Q4,2024,0.0261699059130554,3571813.3,3674,20240829.0,82.0,NVDA-US
Heping Qin,Guotai Haitong Securities China,1094,NVDA-US,2024Q4,2024,0.0310459446466588,3571813.3,3674,20240523.0,180.0,NVDA-US
Tony Shen,SPDB International,3451,NVDA-US,2024Q4,2024,0.0298784424146693,3571813.3,3674,20240829.0,82.0,NVDA-US
Lun Ke Zhang,Guosen Securities,1894,NVDA-US,2024Q4,2024,0.0234915184396676,3571813.3,3674,20240829.0,82.0,NVDA-US
Richard C. Shannon,Craig Hallum Capital Group,1026,NVDA-US,2024Q4,2024,0.0296037360071423,3571813.3,3674,20240829.0,82.0,NVDA-US
N. Quinn Bolton,Needham,477,NVDA-US,2024Q4,2024,0.0279554975619806,3571813.3,3674,20240829.0,82.0,NVDA-US
Kevin Garrigan,WestPark Capital,3079,NVDA-US,2024Q3,2024,0.0287262872628726,2904768.0,3674,20240523.0,96.0,NVDA-US
Vijay Rakesh,Mizuho Securities USA,1802,NVDA-US,2024Q3,2024,0.0311068766937669,2904768.0,3674,20240807.0,20.0,NVDA-US
William Stein,Truist Securities,852,NVDA-US,2024Q3,2024,0.0249479395325203,2904768.0,3674,20240826.0,1.0,NVDA-US
Aaron Rakers,Wells Fargo Securities,596,NVDA-US,2024Q3,2024,0.0354166666666666,2904768.0,3674,20240816.0,11.0,NVDA-US
Ben Reitzes,Melius Research,3130,NVDA-US,2024Q3,2024,0.0321985094850948,2904768.0,3674,20240620.0,68.0,NVDA-US
Stacy A. Rasgon,Bernstein Research,1140,NVDA-US,2024Q3,2024,,2904768.0,3674,20240523.0,96.0,NVDA-US
Matthew D. Ramsay,TD Cowen,917,NVDA-US,2024Q3,2024,0.0255081300813008,2904768.0,3674,20240712.0,46.0,NVDA-US
Blayne Curtis,Jefferies,512,NVDA-US,2024Q3,2024,0.0365176151761517,2904768.0,3674,20240621.0,67.0,NVDA-US
Pierre Ferragu,New Street Research,1634,NVDA-US,2024Q3,2024,0.0317750677506775,2904768.0,3674,20240820.0,7.0,NVDA-US
Thiago Alves Kapulskis,Itau Securities,1394,NVDA-US,2024Q3,2024,0.0551490514905149,2904768.0,3674,20240802.0,25.0,NVDA-US
Ross Seymore,Deutsche Bank Research,77,NVDA-US,2024Q3,2024,0.0256775067750677,2904768.0,3674,20240523.0,96.0,NVDA-US
Ruben Roy,Stifel Nicolaus,548,NVDA-US,2024Q3,2024,0.0290650406504065,2904768.0,3674,20240618.0,70.0,NVDA-US
Rick Schafer,Oppenheimer,498,NVDA-US,2024Q3,2024,0.0318597560975609,2904768.0,3674,20240819.0,8.0,NVDA-US
Warren Lau,Aletheia Capital,2859,NVDA-US,2024Q3,2024,0.0402439024390243,2904768.0,3674,20240816.0,11.0,NVDA-US
Gil Luria,DA Davidson,556,NVDA-US,2024Q3,2024,0.009646002710027,2904768.0,3674,20240523.0,96.0,NVDA-US
Tony Shen,SPDB International,3451,NVDA-US,2024Q3,2024,0.0286415989159891,2904768.0,3674,20240627.0,61.0,NVDA-US
Sun-Woo Kim,Meritz Securities,1778,NVDA-US,2024Q3,2024,0.0294884823848238,2904768.0,3674,20240610.0,78.0,NVDA-US
Pianpian He,Huatai Research,1271,NVDA-US,2024Q3,2024,0.0292344173441734,2904768.0,3674,20240607.0,81.0,NVDA-US
Heping Qin,Guotai Haitong Securities China,1094,NVDA-US,2024Q3,2024,0.0392276422764227,2904768.0,3674,20240523.0,96.0,NVDA-US
Liang Wei Zhang,Soochow Securities,3048,NVDA-US,2024Q3,2024,0.0269393631436314,2904768.0,3674,20240528.0,91.0,NVDA-US
Rong Jin,Huaan Securities,3624,NVDA-US,2024Q3,2024,0.0400999322493224,2904768.0,3674,20240523.0,96.0,NVDA-US
Lun Ke Zhang,Guosen Securities,1894,NVDA-US,2024Q3,2024,0.0249153116531165,2904768.0,3674,20240523.0,96.0,NVDA-US
Dawei Wang,Bocom International,1746,NVDA-US,2024Q3,2024,0.0249093834688346,2904768.0,3674,20240523.0,96.0,NVDA-US
Richard C. Shannon,Craig Hallum Capital Group,1026,NVDA-US,2024Q3,2024,0.0302422086720867,2904768.0,3674,20240523.0,96.0,NVDA-US
N. Quinn Bolton,Needham,477,NVDA-US,2024Q3,2024,0.0307588075880758,2904768.0,3674,20240523.0,96.0,NVDA-US
William Stein,Truist Securities,852,NVDA-US,2024Q2,2024,0.0285669756227049,2223985.3,3674,20240517.0,4.0,NVDA-US
Stacy A. Rasgon,Bernstein Research,1140,NVDA-US,2024Q2,2024,,2223985.3,3674,20240222.0,89.0,NVDA-US
Aaron Rakers,Wells Fargo Securities,596,NVDA-US,2024Q2,2024,0.0354167588373224,2223985.3,3674,20240513.0,8.0,NVDA-US
Ben Reitzes,Melius Research,3130,NVDA-US,2024Q2,2024,0.0347531301154713,2223985.3,3674,20240426.0,25.0,NVDA-US
Blayne Curtis,Jefferies,512,NVDA-US,2024Q2,2024,0.0342775295314781,2223985.3,3674,20240510.0,11.0,NVDA-US
Thiago Alves Kapulskis,Itau Securities,1394,NVDA-US,2024Q2,2024,0.0327511834712206,2223985.3,3674,20240403.0,48.0,NVDA-US
Matthew D. Ramsay,TD Cowen,917,NVDA-US,2024Q2,2024,0.0267785249745609,2223985.3,3674,20240222.0,89.0,NVDA-US
Heping Qin,Guotai Haitong Securities China,1094,NVDA-US,2024Q2,2024,0.0316451356014688,2223985.3,3674,20240319.0,63.0,NVDA-US
Kevin Garrigan,WestPark Capital,3079,NVDA-US,2024Q2,2024,0.0312690793257532,2223985.3,3674,20240222.0,89.0,NVDA-US
Pianpian He,Huatai Research,1271,NVDA-US,2024Q2,2024,0.0289021368844843,2223985.3,3674,20240223.0,88.0,NVDA-US
Rong Jin,Huaan Securities,3624,NVDA-US,2024Q2,2024,0.0304395434234393,2223985.3,3674,20240222.0,89.0,NVDA-US
Gil Luria,DA Davidson,556,NVDA-US,2024Q2,2024,0.0067037561385656,2223985.3,3674,20240222.0,89.0,NVDA-US
Kevin Garrigan,WestPark Capital,3079,NVDA-US,2024Q1,2024,0.0318015918385295,1685108.1,3674,20231122.0,90.0,NVDA-US
Matthew D. Ramsay,TD Cowen,917,NVDA-US,2024Q1,2024,0.0338097122671239,1685108.1,3674,20231122.0,90.0,NVDA-US
Ben Reitzes,Melius Research,3130,NVDA-US,2024Q1,2024,0.0378112953109655,1685108.1,3674,20240209.0,11.0,NVDA-US
Kevin Garrigan,WestPark Capital,3079,NVDA-US,2023Q4,2023,0.0334109469442257,1135088.5,3674,20230824.0,88.0,NVDA-US
Matthew D. Ramsay,TD Cowen,917,NVDA-US,2023Q4,2023,0.0405701247120062,1135088.5,3674,20231010.0,41.0,NVDA-US
Kevin Garrigan,WestPark Capital,3079,NVDA-US,2023Q3,2023,0.0263054001973962,1051083.9,3674,20230525.0,89.0,NVDA-US
C.J. Muse,Evercore ISI,1772,NVDA-US,2023Q3,2023,0.0435305729191145,1051083.9,3674,20230615.0,68.0,NVDA-US
John N. Vinh,KeyBanc Capital Markets,618,NVDA-US,2023Q3,2023,0.0339427550876533,1051083.9,3674,20230525.0,89.0,NVDA-US
Matthew D. Ramsay,TD Cowen,917,NVDA-US,2023Q3,2023,0.0354937256192132,1051083.9,3674,20230711.0,42.0,NVDA-US
Kevin Garrigan,WestPark Capital,3079,NVDA-US,2023Q2,2023,0.0323005019906525,713459.5,3674,20230322.0,62.0,NVDA-US
Matthew D. Ramsay,TD Cowen,917,NVDA-US,2023Q2,2023,0.0321274017656222,713459.5,3674,20230223.0,89.0,NVDA-US
Chandler B. Converse,Cleveland Research Company,2295,QCOM-US,2026Q1,2026,0.030068846298384,141964.36,3663,20260428.0,0.0,QCOM-US
Jay Goldberg,Seaport Research Partners,1321,QCOM-US,2026Q1,2026,0.0313791807591131,141964.36,3663,20260313.0,46.0,QCOM-US
Stacy A. Rasgon,Bernstein Research,1140,QCOM-US,2026Q1,2026,,141964.36,3663,20260325.0,34.0,QCOM-US
C.J. Muse,Cantor Fitzgerald,1190,QCOM-US,2026Q1,2026,0.0234874107478391,141964.36,3663,20260424.0,4.0,QCOM-US
Mark Lipacis,Evercore ISI,1772,QCOM-US,2026Q1,2026,0.0337091319052987,141964.36,3663,20260205.0,82.0,QCOM-US
Ross Seymore,Deutsche Bank Research,77,QCOM-US,2026Q1,2026,0.0289740698985343,141964.36,3663,20260205.0,82.0,QCOM-US
Gary Mobley,Loop Capital Markets,1009,QCOM-US,2026Q1,2026,0.0327320556181886,141964.36,3663,20260223.0,64.0,QCOM-US
Christopher Rolland,Susquehanna Financial Group,974,QCOM-US,2026Q1,2026,0.0301014656144306,141964.36,3663,20260417.0,11.0,QCOM-US
Rick Schafer,Oppenheimer,498,QCOM-US,2026Q1,2026,0.0331830139045471,141964.36,3663,20260205.0,82.0,QCOM-US
John N. Vinh,KeyBanc Capital Markets,618,QCOM-US,2026Q1,2026,0.0291995490417136,141964.36,3663,20260205.0,82.0,QCOM-US
Joshua Buchalter,TD Cowen,917,QCOM-US,2026Q1,2026,0.028336715520481,141964.36,3663,20260408.0,20.0,QCOM-US
Louis Miscioscia,Daiwa Securities Co. Ltd.,467,QCOM-US,2026Q1,2026,0.0325065764750093,141964.36,3663,20260209.0,78.0,QCOM-US
Melissa Fairbanks,Raymond James,402,QCOM-US,2026Q1,2026,0.0314543404735062,141964.36,3663,20260330.0,29.0,QCOM-US
Aaron Rakers,Wells Fargo Securities,596,QCOM-US,2026Q1,2026,0.0327320556181886,141964.36,3663,20260205.0,82.0,QCOM-US
James Kelleher,Argus Research,376,QCOM-US,2026Q1,2026,0.0369409996242014,141964.36,3663,20260205.0,82.0,QCOM-US
Ben Reitzes,Melius Research,3130,QCOM-US,2026Q1,2026,0.0316046599022923,141964.36,3663,20260205.0,82.0,QCOM-US
Edward Snyder,Charter Equity Research,3077,QCOM-US,2026Q1,2026,0.0349116873355881,141964.36,3663,20260205.0,82.0,QCOM-US
Kevin Cassidy,Rosenblatt Securities,2623,QCOM-US,2026Q1,2026,0.0358887636226982,141964.36,3663,20260205.0,82.0,QCOM-US
Vijay Rakesh,Mizuho Securities USA,1802,QCOM-US,2026Q1,2026,0.0320556181886508,141964.36,3663,20260205.0,82.0,QCOM-US
Tian Zi Fu,Everbright Securities,1299,QCOM-US,2026Q1,2026,0.0293498684704998,141964.36,3663,20250731.0,271.0,QCOM-US
Srini Pajjuri,RBC Capital Markets,1269,QCOM-US,2026Q1,2026,0.0328072153325817,141964.36,3663,20260205.0,82.0,QCOM-US
Cody Acree,"Benchmark, a StoneX Company",1124,QCOM-US,2026Q1,2026,0.0331830139045471,141964.36,3663,20260205.0,82.0,QCOM-US
Stefan Chang,Aletheia Capital,2859,QCOM-US,2025Q4,2025,0.0532448679414209,167010.2,3663,20260130.0,4.0,QCOM-US
Chandler B. Converse,Cleveland Research Company,2295,QCOM-US,2025Q4,2025,0.0583523693803159,167010.2,3663,20260130.0,4.0,QCOM-US
C.J. Muse,Cantor Fitzgerald,1190,QCOM-US,2025Q4,2025,0.0596399565133977,167010.2,3663,20251106.0,89.0,QCOM-US
Stacy A. Rasgon,Bernstein Research,1140,QCOM-US,2025Q4,2025,,167010.2,3663,20260130.0,4.0,QCOM-US
Kevin Cassidy,Rosenblatt Securities,2623,QCOM-US,2025Q4,2025,0.0623258937136279,167010.2,3663,20250721.0,197.0,QCOM-US
Ross Seymore,Deutsche Bank Research,77,QCOM-US,2025Q4,2025,0.0588725458847605,167010.2,3663,20250731.0,187.0,QCOM-US
Vijay Rakesh,Mizuho Securities USA,1802,QCOM-US,2025Q4,2025,0.0568440237897294,167010.2,3663,20260108.0,26.0,QCOM-US
Louis Miscioscia,Daiwa Securities Co. Ltd.,467,QCOM-US,2025Q4,2025,0.0600236618277163,167010.2,3663,20251107.0,88.0,QCOM-US
Christopher Rolland,Susquehanna Financial Group,974,QCOM-US,2025Q4,2025,0.0582969879132826,167010.2,3663,20251106.0,89.0,QCOM-US
John N. Vinh,KeyBanc Capital Markets,618,QCOM-US,2025Q4,2025,0.0485125023981582,167010.2,3663,20260109.0,25.0,QCOM-US
Joshua Buchalter,TD Cowen,917,QCOM-US,2025Q4,2025,0.0589211485579075,167010.2,3663,20251106.0,89.0,QCOM-US
Aaron Rakers,Wells Fargo Securities,596,QCOM-US,2025Q4,2025,0.0612432052183922,167010.2,3663,20251105.0,90.0,QCOM-US
Rick Schafer,Oppenheimer,498,QCOM-US,2025Q4,2025,0.0558668542559314,167010.2,3663,20260114.0,20.0,QCOM-US
Srini Pajjuri,RBC Capital Markets,1269,QCOM-US,2025Q4,2025,0.059831809170557,167010.2,3663,20260113.0,21.0,QCOM-US
Ben Reitzes,Melius Research,3130,QCOM-US,2025Q4,2025,0.0614305813135511,167010.2,3663,20250731.0,187.0,QCOM-US
Edward Snyder,Charter Equity Research,3077,QCOM-US,2025Q4,2025,0.0620686704610858,167010.2,3663,20251106.0,89.0,QCOM-US
Jay Goldberg,Seaport Research Partners,1321,QCOM-US,2025Q4,2025,0.0641804693995011,167010.2,3663,20251106.0,89.0,QCOM-US
Cody Acree,"Benchmark, a StoneX Company",1124,QCOM-US,2025Q4,2025,0.0603434162563151,167010.2,3663,20250730.0,188.0,QCOM-US
sean Hao,Fubon Securities,1084,QCOM-US,2025Q4,2025,0.0632212061137046,167010.2,3663,20250731.0,187.0,QCOM-US
Gary Mobley,Loop Capital Markets,1009,QCOM-US,2025Q4,2025,0.0603434162563151,167010.2,3663,20251106.0,89.0,QCOM-US
Harsh V. Kumar,Piper Sandler Companies,570,QCOM-US,2025Q4,2025,0.0588085949990407,167010.2,3663,20251106.0,89.0,QCOM-US
Melissa Fairbanks,Raymond James,402,QCOM-US,2025Q4,2025,0.0606631706849139,167010.2,3663,20251106.0,89.0,QCOM-US
James Kelleher,Argus Research,376,QCOM-US,2025Q4,2025,0.0669303574854511,167010.2,3663,20251106.0,89.0,QCOM-US
C.J. Muse,Cantor Fitzgerald,1190,QCOM-US,2025Q3,2025,0.0823624977846044,182642.33,3663,20250731.0,96.0,QCOM-US
Stacy A. Rasgon,Bernstein Research,1140,QCOM-US,2025Q3,2025,,182642.33,3663,20250725.0,102.0,QCOM-US
Kevin Cassidy,Rosenblatt Securities,2623,QCOM-US,2025Q3,2025,0.0909286938028002,182642.33,3663,20250721.0,106.0,QCOM-US
Jay Goldberg,Seaport Research Partners,1321,QCOM-US,2025Q3,2025,0.0885656052460566,182642.33,3663,20250508.0,180.0,QCOM-US
Aaron Rakers,Wells Fargo Securities,596,QCOM-US,2025Q3,2025,0.0870750871388905,182642.33,3663,20250731.0,96.0,QCOM-US
Ben Reitzes,Melius Research,3130,QCOM-US,2025Q3,2025,0.089806226738347,182642.33,3663,20250731.0,96.0,QCOM-US
Joshua Buchalter,TD Cowen,917,QCOM-US,2025Q3,2025,0.0894204525314586,182642.33,3663,20251009.0,26.0,QCOM-US
Ross Seymore,Deutsche Bank Research,77,QCOM-US,2025Q3,2025,0.0878566786790335,182642.33,3663,20250731.0,96.0,QCOM-US
Louis Miscioscia,Daiwa Securities Co. Ltd.,467,QCOM-US,2025Q3,2025,0.0897471495244284,182642.33,3663,20250806.0,90.0,QCOM-US
Christopher Rolland,Susquehanna Financial Group,974,QCOM-US,2025Q3,2025,0.0888609913156495,182642.33,3663,20250731.0,96.0,QCOM-US
Gary Mobley,Loop Capital Markets,1009,QCOM-US,2025Q3,2025,0.0875612926094405,182642.33,3663,20250724.0,103.0,QCOM-US
Rick Schafer,Oppenheimer,498,QCOM-US,2025Q3,2025,0.0851391268387782,182642.33,3663,20250731.0,96.0,QCOM-US
John N. Vinh,KeyBanc Capital Markets,618,QCOM-US,2025Q3,2025,0.0883883736043008,182642.33,3663,20250926.0,39.0,QCOM-US
Chandler B. Converse,Cleveland Research Company,2295,QCOM-US,2025Q3,2025,0.089602126779701,182642.33,3663,20250624.0,133.0,QCOM-US
Angustt Lin,Aletheia Capital,2859,QCOM-US,2025Q3,2025,0.0850209724109411,182642.33,3663,20250923.0,42.0,QCOM-US
Heping Qin,Guotai Haitong Securities China,1094,QCOM-US,2025Q3,2025,0.1045164530040763,182642.33,3663,20250903.0,62.0,QCOM-US
Vijay Rakesh,Mizuho Securities USA,1802,QCOM-US,2025Q3,2025,0.0889791457434867,182642.33,3663,20250731.0,96.0,QCOM-US
Edward Snyder,Charter Equity Research,3077,QCOM-US,2025Q3,2025,0.0885630294795297,182642.33,3663,20250731.0,96.0,QCOM-US
Melissa Fairbanks,Raymond James,402,QCOM-US,2025Q3,2025,0.0875022153955219,182642.33,3663,20250501.0,187.0,QCOM-US
Cody Acree,"Benchmark, a StoneX Company",1124,QCOM-US,2025Q3,2025,0.0888609913156495,182642.33,3663,20250501.0,187.0,QCOM-US
sean Hao,Fubon Securities,1084,QCOM-US,2025Q3,2025,0.0919330064394163,182642.33,3663,20250731.0,96.0,QCOM-US
Harsh V. Kumar,Piper Sandler Companies,570,QCOM-US,2025Q3,2025,0.089510840668754,182642.33,3663,20250731.0,96.0,QCOM-US
James Kelleher,Argus Research,376,QCOM-US,2025Q3,2025,0.0934099367873811,182642.33,3663,20250731.0,96.0,QCOM-US
Chandler B. Converse,Cleveland Research Company,2295,QCOM-US,2025Q2,2025,0.0632518595443629,169168.88,3663,20250624.0,35.0,QCOM-US
C.J. Muse,Cantor Fitzgerald,1190,QCOM-US,2025Q2,2025,0.054612838320244,169168.88,3663,20250206.0,173.0,QCOM-US
Stacy A. Rasgon,Bernstein Research,1140,QCOM-US,2025Q2,2025,,169168.88,3663,20250725.0,4.0,QCOM-US
Joshua Buchalter,TD Cowen,917,QCOM-US,2025Q2,2025,0.062112676056338,169168.88,3663,20250501.0,89.0,QCOM-US
Angustt Lin,Aletheia Capital,2859,QCOM-US,2025Q2,2025,0.0646082949308755,169168.88,3663,20250724.0,5.0,QCOM-US
Gary Mobley,Loop Capital Markets,1009,QCOM-US,2025Q2,2025,0.0616875446225741,169168.88,3663,20250724.0,5.0,QCOM-US
Kevin Cassidy,Rosenblatt Securities,2623,QCOM-US,2025Q2,2025,0.0649977283053157,169168.88,3663,20250501.0,89.0,QCOM-US
Christopher Rolland,Susquehanna Financial Group,974,QCOM-US,2025Q2,2025,0.0609735834361004,169168.88,3663,20250721.0,8.0,QCOM-US
Ross Seymore,Deutsche Bank Research,77,QCOM-US,2025Q2,2025,0.059082391120919,169168.88,3663,20250501.0,89.0,QCOM-US
Vijay Rakesh,Mizuho Securities USA,1802,QCOM-US,2025Q2,2025,0.0653923541247484,169168.88,3663,20250501.0,89.0,QCOM-US
John N. Vinh,KeyBanc Capital Markets,618,QCOM-US,2025Q2,2025,0.0578581164405789,169168.88,3663,20250703.0,26.0,QCOM-US
Rick Schafer,Oppenheimer,498,QCOM-US,2025Q2,2025,0.0640241448692152,169168.88,3663,20250206.0,173.0,QCOM-US
Louis Miscioscia,Daiwa Securities Co. Ltd.,467,QCOM-US,2025Q2,2025,0.0605841500616602,169168.88,3663,20250501.0,89.0,QCOM-US
Srini Pajjuri,Raymond James,402,QCOM-US,2025Q2,2025,0.0612981112481339,169168.88,3663,20250501.0,89.0,QCOM-US
Aaron Rakers,Wells Fargo Securities,596,QCOM-US,2025Q2,2025,0.0622067891218277,169168.88,3663,20250501.0,89.0,QCOM-US
Edward Snyder,Charter Equity Research,3077,QCOM-US,2025Q2,2025,0.0643940027260336,169168.88,3663,20250501.0,89.0,QCOM-US
Jay Goldberg,Seaport Research Partners,1321,QCOM-US,2025Q2,2025,0.0622067891218277,169168.88,3663,20250508.0,82.0,QCOM-US
sean Hao,Fubon Securities,1084,QCOM-US,2025Q2,2025,0.06,169168.88,3663,20250523.0,67.0,QCOM-US
Han Jing Wen,China International Capital,898,QCOM-US,2025Q2,2025,0.0624664113714545,169168.88,3663,20250207.0,172.0,QCOM-US
Ben Reitzes,Melius Research,3130,QCOM-US,2025Q2,2025,0.0624015058090478,169168.88,3663,20250501.0,89.0,QCOM-US
Cody Acree,"Benchmark, a StoneX Company",1124,QCOM-US,2025Q2,2025,0.0625962224962679,169168.88,3663,20250501.0,89.0,QCOM-US
Harsh V. Kumar,Piper Sandler Companies,570,QCOM-US,2025Q2,2025,0.0611033945609138,169168.88,3663,20250501.0,89.0,QCOM-US
James Kelleher,Argus Research,376,QCOM-US,2025Q2,2025,0.0661660284286363,169168.88,3663,20250501.0,89.0,QCOM-US
C.J. Muse,Cantor Fitzgerald,1190,QCOM-US,2025Q1,2025,0.0598701298701298,153291.61,3663,20250206.0,82.0,QCOM-US
Stacy A. Rasgon,Bernstein Research,1140,QCOM-US,2025Q1,2025,,153291.61,3663,20250206.0,82.0,QCOM-US
Joshua Buchalter,TD Cowen,917,QCOM-US,2025Q1,2025,0.0734523809523809,153291.61,3663,20250206.0,82.0,QCOM-US
Chandler B. Converse,Cleveland Research Company,2295,QCOM-US,2025Q1,2025,0.0728434848484848,153291.61,3663,20250423.0,6.0,QCOM-US
Vijay Rakesh,Mizuho Securities USA,1802,QCOM-US,2025Q1,2025,0.0706197691197691,153291.61,3663,20241216.0,134.0,QCOM-US
Ross Seymore,Deutsche Bank Research,77,QCOM-US,2025Q1,2025,0.0682915079365079,153291.61,3663,20250206.0,82.0,QCOM-US
Kevin Cassidy,Rosenblatt Securities,2623,QCOM-US,2025Q1,2025,0.0739393939393939,153291.61,3663,20250206.0,82.0,QCOM-US
Ben Reitzes,Melius Research,3130,QCOM-US,2025Q1,2025,0.0665800865800865,153291.61,3663,20250417.0,12.0,QCOM-US
Louis Miscioscia,Daiwa Securities Co. Ltd.,467,QCOM-US,2025Q1,2025,0.0701875901875901,153291.61,3663,20241204.0,146.0,QCOM-US
John N. Vinh,KeyBanc Capital Markets,618,QCOM-US,2025Q1,2025,0.0775418398268398,153291.61,3663,20250404.0,25.0,QCOM-US
Rick Schafer,Oppenheimer,498,QCOM-US,2025Q1,2025,0.0709090909090909,153291.61,3663,20250206.0,82.0,QCOM-US
Mark Lipacis,Evercore ISI,1772,QCOM-US,2025Q1,2025,0.0656421356421356,153291.61,3663,20250206.0,82.0,QCOM-US
Edward Snyder,Charter Equity Research,3077,QCOM-US,2025Q1,2025,0.0665079365079365,153291.61,3663,20250221.0,67.0,QCOM-US
Gary Mobley,Loop Capital Markets,1009,QCOM-US,2025Q1,2025,0.0691053391053391,153291.61,3663,20250206.0,82.0,QCOM-US
Cody Acree,"Benchmark, a StoneX Company",1124,QCOM-US,2025Q1,2025,0.07004329004329,153291.61,3663,20250206.0,82.0,QCOM-US
Han Jing Wen,China International Capital,898,QCOM-US,2025Q1,2025,0.0686724386724386,153291.61,3663,20250207.0,81.0,QCOM-US
sean Hao,Fubon Securities,1084,QCOM-US,2025Q1,2025,0.0696825396825396,153291.61,3663,20250206.0,82.0,QCOM-US
Christopher Rolland,Susquehanna Financial Group,974,QCOM-US,2025Q1,2025,0.059004329004329,153291.61,3663,20250206.0,82.0,QCOM-US
Aaron Rakers,Wells Fargo Securities,596,QCOM-US,2025Q1,2025,0.0701875901875901,153291.61,3663,20241107.0,173.0,QCOM-US
Harsh V. Kumar,Piper Sandler Companies,570,QCOM-US,2025Q1,2025,0.0712698412698412,153291.61,3663,20241107.0,173.0,QCOM-US
Srini Pajjuri,Raymond James,402,QCOM-US,2025Q1,2025,0.0697546897546897,153291.61,3663,20250206.0,82.0,QCOM-US
James Kelleher,Argus Research,376,QCOM-US,2025Q1,2025,0.0753102453102453,153291.61,3663,20250206.0,82.0,QCOM-US
C.J. Muse,Cantor Fitzgerald,1190,QCOM-US,2024Q4,2024,0.050609727443609,188285.45,3663,20241107.0,89.0,QCOM-US
Stacy A. Rasgon,Bernstein Research,1140,QCOM-US,2024Q4,2024,,188285.45,3663,20241107.0,89.0,QCOM-US
Mark Lipacis,Evercore ISI,1772,QCOM-US,2024Q4,2024,0.0570124530075187,188285.45,3663,20241107.0,89.0,QCOM-US
Ross Seymore,Deutsche Bank Research,77,QCOM-US,2024Q4,2024,0.0506125939849624,188285.45,3663,20240801.0,187.0,QCOM-US
Angustt Lin,Aletheia Capital,2859,QCOM-US,2024Q4,2024,0.0632389567669172,188285.45,3663,20250128.0,7.0,QCOM-US
Kevin Cassidy,Rosenblatt Securities,2623,QCOM-US,2024Q4,2024,0.0567187499999999,188285.45,3663,20240801.0,187.0,QCOM-US
Chandler B. Converse,Cleveland Research Company,2295,QCOM-US,2024Q4,2024,0.0567309621710526,188285.45,3663,20241107.0,89.0,QCOM-US
John N. Vinh,KeyBanc Capital Markets,618,QCOM-US,2024Q4,2024,0.0562006637687969,188285.45,3663,20250110.0,25.0,QCOM-US
Vijay Rakesh,Mizuho Securities USA,1802,QCOM-US,2024Q4,2024,0.0554329182330827,188285.45,3663,20241216.0,50.0,QCOM-US
Rick Schafer,Oppenheimer,498,QCOM-US,2024Q4,2024,0.0622991071428571,188285.45,3663,20241107.0,89.0,QCOM-US
Ben Reitzes,Melius Research,3130,QCOM-US,2024Q4,2024,0.0556026785714285,188285.45,3663,20241206.0,60.0,QCOM-US
Christopher Rolland,Susquehanna Financial Group,974,QCOM-US,2024Q4,2024,0.0496698778195488,188285.45,3663,20241107.0,89.0,QCOM-US
Joshua Buchalter,TD Cowen,917,QCOM-US,2024Q4,2024,0.0592592810150375,188285.45,3663,20241107.0,89.0,QCOM-US
Aaron Rakers,Wells Fargo Securities,596,QCOM-US,2024Q4,2024,0.0550910479323308,188285.45,3663,20241107.0,89.0,QCOM-US
Harsh V. Kumar,Piper Sandler Companies,570,QCOM-US,2024Q4,2024,0.0567774906015037,188285.45,3663,20241107.0,89.0,QCOM-US
Gary Mobley,Loop Capital Markets,1009,QCOM-US,2024Q4,2024,0.0513146146616541,188285.45,3663,20241108.0,88.0,QCOM-US
Xiao Yu Han,First Shanghai,1701,QCOM-US,2024Q4,2024,0.0549565319548872,188285.45,3663,20241210.0,56.0,QCOM-US
Louis Miscioscia,Daiwa Securities Co. Ltd.,467,QCOM-US,2024Q4,2024,0.0553089755639097,188285.45,3663,20241204.0,62.0,QCOM-US
Srini Pajjuri,Raymond James,402,QCOM-US,2024Q4,2024,0.054016682330827,188285.45,3663,20241107.0,89.0,QCOM-US
Han Jing Wen,China International Capital,898,QCOM-US,2024Q4,2024,0.0558963815789473,188285.45,3663,20241108.0,88.0,QCOM-US
James Kelleher,Argus Research,376,QCOM-US,2024Q4,2024,0.0576585996240601,188285.45,3663,20241107.0,89.0,QCOM-US
Stacy A. Rasgon,Bernstein Research,1140,QCOM-US,2024Q3,2024,,185592.4,3663,20241101.0,4.0,QCOM-US
Kevin Garrigan,WestPark Capital,3079,QCOM-US,2024Q3,2024,0.0549435774309724,185592.4,3663,20240801.0,96.0,QCOM-US
Ross Seymore,Deutsche Bank Research,77,QCOM-US,2024Q3,2024,0.053563025210084,185592.4,3663,20240502.0,187.0,QCOM-US
Angustt Lin,Aletheia Capital,2859,QCOM-US,2024Q3,2024,0.071750300120048,185592.4,3663,20241025.0,11.0,QCOM-US
Kevin Cassidy,Rosenblatt Securities,2623,QCOM-US,2024Q3,2024,0.0592052821128451,185592.4,3663,20240517.0,172.0,QCOM-US
Vijay Rakesh,Mizuho Securities USA,1802,QCOM-US,2024Q3,2024,0.0601584633853541,185592.4,3663,20240529.0,160.0,QCOM-US
Harsh V. Kumar,Piper Sandler Companies,570,QCOM-US,2024Q3,2024,0.0578247298919567,185592.4,3663,20240801.0,96.0,QCOM-US
Aaron Rakers,Wells Fargo Securities,596,QCOM-US,2024Q3,2024,0.0560678271308523,185592.4,3663,20240801.0,96.0,QCOM-US
Christopher Rolland,Susquehanna Financial Group,974,QCOM-US,2024Q3,2024,0.0512220888355342,185592.4,3663,20241018.0,18.0,QCOM-US
Rick Schafer,Oppenheimer,498,QCOM-US,2024Q3,2024,0.0576446578631452,185592.4,3663,20240801.0,96.0,QCOM-US
Heping Qin,Guotai Haitong Securities China,1094,QCOM-US,2024Q3,2024,0.0607058823529411,185592.4,3663,20240801.0,96.0,QCOM-US
Kevin Garrigan,WestPark Capital,3079,QCOM-US,2024Q2,2024,0.0501179540709812,213825.61,3663,20240502.0,89.0,QCOM-US
Stacy A. Rasgon,Bernstein Research,1140,QCOM-US,2024Q2,2024,,213825.61,3663,20240627.0,33.0,QCOM-US
Kevin Cassidy,Rosenblatt Securities,2623,QCOM-US,2024Q2,2024,0.0547108559498956,213825.61,3663,20240517.0,74.0,QCOM-US
Ross Seymore,Deutsche Bank Research,77,QCOM-US,2024Q2,2024,0.0508294154488517,213825.61,3663,20240502.0,89.0,QCOM-US
Angustt Lin,Aletheia Capital,2859,QCOM-US,2024Q2,2024,0.0683329853862213,213825.61,3663,20240405.0,116.0,QCOM-US
Christopher Rolland,Susquehanna Financial Group,974,QCOM-US,2024Q2,2024,0.0514227557411273,213825.61,3663,20240716.0,14.0,QCOM-US
Vijay Rakesh,Mizuho Securities USA,1802,QCOM-US,2024Q2,2024,0.055804279749478,213825.61,3663,20240529.0,62.0,QCOM-US
Aaron Rakers,Wells Fargo Securities,596,QCOM-US,2024Q2,2024,0.0542160751565762,213825.61,3663,20240502.0,89.0,QCOM-US
Sun-Woo Kim,Meritz Securities,1778,QCOM-US,2024Q2,2024,0.0557025052192066,213825.61,3663,20240610.0,50.0,QCOM-US
Heping Qin,Guotai Haitong Securities China,1094,QCOM-US,2024Q2,2024,0.0742306889352818,213825.61,3663,20240502.0,89.0,QCOM-US
Kevin Garrigan,WestPark Capital,3079,QCOM-US,2024Q1,2024,0.053259493670886,183381.13,3663,20231102.0,180.0,QCOM-US
Angustt Lin,Aletheia Capital,2859,QCOM-US,2024Q1,2024,0.0780890944498539,183381.13,3663,20240405.0,25.0,QCOM-US
Kevin Cassidy,Rosenblatt Securities,2623,QCOM-US,2024Q1,2024,0.058919182083739,183381.13,3663,20240308.0,53.0,QCOM-US
Stacy A. Rasgon,Bernstein Research,1140,QCOM-US,2024Q1,2024,,183381.13,3663,20240410.0,20.0,QCOM-US
Gary Mobley,Wells Fargo Securities,596,QCOM-US,2024Q1,2024,0.0597711781888997,183381.13,3663,20240424.0,6.0,QCOM-US
Ross Seymore,Deutsche Bank Research,77,QCOM-US,2024Q1,2024,0.0526783653846153,183381.13,3663,20240201.0,89.0,QCOM-US
Christopher Rolland,Susquehanna Financial Group,974,QCOM-US,2024Q1,2024,0.0643354430379746,183381.13,3663,20240201.0,89.0,QCOM-US
Heping Qin,Guotai Haitong Securities China,1094,QCOM-US,2024Q1,2024,0.1067526777020448,183381.13,3663,20240202.0,88.0,QCOM-US
Stacy A. Rasgon,Bernstein Research,1140,QCOM-US,2023Q4,2023,,155757.86,3663,20231102.0,89.0,QCOM-US
Kevin Garrigan,WestPark Capital,3079,QCOM-US,2023Q4,2023,0.0598248636233132,155757.86,3663,20231102.0,89.0,QCOM-US
Ross Seymore,Deutsche Bank Research,77,QCOM-US,2023Q4,2023,0.055354959804766,155757.86,3663,20231102.0,89.0,QCOM-US
Gary Mobley,Wells Fargo Securities,596,QCOM-US,2023Q4,2023,0.0616192937123169,155757.86,3663,20240119.0,11.0,QCOM-US
Christopher Rolland,Susquehanna Financial Group,974,QCOM-US,2023Q4,2023,0.0715963250071777,155757.86,3663,20231102.0,89.0,QCOM-US
Ling Ji Cao,First Shanghai,1701,QCOM-US,2023Q4,2023,0.0664283663508469,155757.86,3663,20231218.0,43.0,QCOM-US
Qi Li,Guotai Haitong Securities China,1094,QCOM-US,2023Q4,2023,0.1108584553545793,155757.86,3663,20231102.0,89.0,QCOM-US
Kevin Garrigan,WestPark Capital,3079,QCOM-US,2023Q3,2023,0.0823247431969724,123853.69,3663,20230803.0,89.0,QCOM-US
Christopher Rolland,Susquehanna Financial Group,974,QCOM-US,2023Q3,2023,0.0878212290502793,123853.69,3663,20231023.0,8.0,QCOM-US
Kevin Garrigan,WestPark Capital,3079,QCOM-US,2023Q2,2023,0.0694896318919787,138603.88,3663,20230504.0,89.0,QCOM-US
Jeffrey D. Hammond,KeyBanc Capital Markets,618,RRX-US,2026Q1,2026,0.0461217817561807,14054.635,3569,20260105.0,120.0,RRX-US
Christopher Glynn,Oppenheimer,498,RRX-US,2026Q1,2026,0.0458814057023775,14054.635,3569,20251030.0,187.0,RRX-US
Tim Thein,Raymond James,402,RRX-US,2026Q1,2026,0.0468475892772567,14054.635,3569,20251107.0,179.0,RRX-US
Walter Liptak,Seaport Research Partners,1321,RRX-US,2026Q1,2026,0.0455498721227621,14054.635,3569,20260209.0,85.0,RRX-US
Jeffrey D. Hammond,KeyBanc Capital Markets,618,RRX-US,2025Q4,2025,0.0617793368633383,10532.058,3569,20260105.0,29.0,RRX-US
Saree Boroditsky,Jefferies,512,RRX-US,2025Q4,2025,0.0615041225416036,10532.058,3569,20260113.0,21.0,RRX-US
Chris Dankert,Loop Capital Markets,1009,RRX-US,2025Q4,2025,0.064275088250126,10532.058,3569,20251219.0,46.0,RRX-US
Walter Liptak,Seaport Research Partners,1321,RRX-US,2025Q4,2025,0.0619427634896621,10532.058,3569,20251103.0,92.0,RRX-US
Tim Thein,Raymond James,402,RRX-US,2025Q4,2025,0.0623840141200201,10532.058,3569,20251107.0,88.0,RRX-US
Christopher Glynn,Oppenheimer,498,RRX-US,2025Q4,2025,0.0614384770549672,10532.058,3569,20251030.0,96.0,RRX-US
Tim Thein,Raymond James,402,RRX-US,2025Q3,2025,0.0674193770198721,9652.798,3569,20250806.0,83.0,RRX-US
Christopher Glynn,Oppenheimer,498,RRX-US,2025Q3,2025,0.0694822251254899,9652.798,3569,20250206.0,264.0,RRX-US
Jeffrey D. Hammond,KeyBanc Capital Markets,618,RRX-US,2025Q3,2025,0.0705136491782988,9652.798,3569,20250805.0,84.0,RRX-US
Saree Boroditsky,Jefferies,512,RRX-US,2025Q3,2025,0.0665639689197552,9652.798,3569,20251003.0,25.0,RRX-US
Chris Dankert,Loop Capital Markets,1009,RRX-US,2025Q3,2025,0.0718888812487107,9652.798,3569,20250506.0,175.0,RRX-US
Walter Liptak,Seaport Research Partners,1321,RRX-US,2025Q3,2025,0.0687946090902839,9652.798,3569,20250507.0,174.0,RRX-US
Chris Dankert,Loop Capital Markets,1009,RRX-US,2025Q2,2025,0.0697513904710849,9899.257,3569,20250506.0,90.0,RRX-US
Christopher Glynn,Oppenheimer,498,RRX-US,2025Q2,2025,0.0674060175567915,9899.257,3569,20250206.0,179.0,RRX-US
Jeffrey D. Hammond,KeyBanc Capital Markets,618,RRX-US,2025Q2,2025,0.0681022247537358,9899.257,3569,20250404.0,122.0,RRX-US
Tim Thein,Raymond James,402,RRX-US,2025Q2,2025,0.0680761241037325,9899.257,3569,20250325.0,132.0,RRX-US
Saree Boroditsky,Jefferies,512,RRX-US,2025Q2,2025,0.0720297527306841,9899.257,3569,20250206.0,179.0,RRX-US
Walter Liptak,Seaport Research Partners,1321,RRX-US,2025Q2,2025,0.0668029216645446,9899.257,3569,20250507.0,89.0,RRX-US
Jeffrey D. Hammond,KeyBanc Capital Markets,618,RRX-US,2025Q1,2025,0.107827696103629,6451.994,3569,20250404.0,28.0,RRX-US
Christopher Glynn,Oppenheimer,498,RRX-US,2025Q1,2025,0.1067996298961653,6451.994,3569,20250206.0,85.0,RRX-US
Tim Thein,Raymond James,402,RRX-US,2025Q1,2025,0.107827696103629,6451.994,3569,20250325.0,38.0,RRX-US
Walter Liptak,Seaport Research Partners,1321,RRX-US,2025Q1,2025,0.1126596072787087,6451.994,3569,20250211.0,80.0,RRX-US
Chris Dankert,Loop Capital Markets,1009,RRX-US,2025Q1,2025,0.1057715636887015,6451.994,3569,20250207.0,84.0,RRX-US
Saree Boroditsky,Jefferies,512,RRX-US,2025Q1,2025,0.1145101264521435,6451.994,3569,20250206.0,85.0,RRX-US
Saree Boroditsky,Jefferies,512,RRX-US,2024Q4,2024,0.0732124576009867,10738.883,3569,20241209.0,57.0,RRX-US
Christopher Glynn,Oppenheimer,498,RRX-US,2024Q4,2024,0.0671069996916435,10738.883,3569,20241105.0,91.0,RRX-US
Chris Dankert,Loop Capital Markets,1009,RRX-US,2024Q4,2024,0.0711156336725254,10738.883,3569,20241105.0,91.0,RRX-US
David Gibson,MST Financial,3293,SNDK-US,2026Q1,2026,,135714.66,3572,20260428.0,1.0,SNDK-US
Jack Zhou,China Renaissance Securities (US),2903,SNDK-US,2026Q1,2026,0.1723541823006732,135714.66,3572,20260428.0,1.0,SNDK-US
Matthew Bryson,Wedbush Securities,590,SNDK-US,2026Q1,2026,0.1524296605653257,135714.66,3572,20260428.0,1.0,SNDK-US
Scott R. Davis,Melius Research,3130,SNDK-US,2026Q1,2026,0.0984529130912373,135714.66,3572,20260424.0,5.0,SNDK-US
C.J. Muse,Cantor Fitzgerald,1190,SNDK-US,2026Q1,2026,0.1142011158602238,135714.66,3572,20260424.0,5.0,SNDK-US
Mark C. Newman,Bernstein Research,1140,SNDK-US,2026Q1,2026,,135714.66,3572,20260408.0,21.0,SNDK-US
Blayne Curtis,Jefferies,512,SNDK-US,2026Q1,2026,0.1292858929600748,135714.66,3572,20260409.0,20.0,SNDK-US
Amit Daryanani,Evercore ISI,1772,SNDK-US,2026Q1,2026,0.0831614952091965,135714.66,3572,20260410.0,19.0,SNDK-US
Aaron Rakers,Wells Fargo Securities,596,SNDK-US,2026Q1,2026,0.1398898278356009,135714.66,3572,20260417.0,12.0,SNDK-US
Chandler B. Converse,Cleveland Research Company,2295,SNDK-US,2026Q1,2026,0.097640499418143,135714.66,3572,20260415.0,14.0,SNDK-US
Kevin Rottinghaus,Edgewater Research,3222,SNDK-US,2026Q1,2026,0.1126676237397631,135714.66,3572,20260413.0,16.0,SNDK-US
Vijay Rakesh,Mizuho Securities USA,1802,SNDK-US,2026Q1,2026,0.082726461983534,135714.66,3572,20260408.0,21.0,SNDK-US
Steven Fox,Fox Advisors,3474,SNDK-US,2026Q1,2026,0.0837161625719164,135714.66,3572,20260130.0,89.0,SNDK-US
Mehdi Hosseini,Susquehanna Financial Group,974,SNDK-US,2026Q1,2026,0.0917860289079578,135714.66,3572,20260306.0,54.0,SNDK-US
Srini Pajjuri,RBC Capital Markets,1269,SNDK-US,2026Q1,2026,0.0747109748007004,135714.66,3572,20260130.0,89.0,SNDK-US
Melissa Fairbanks,Raymond James,402,SNDK-US,2026Q1,2026,0.0690881703590111,135714.66,3572,20260130.0,89.0,SNDK-US
Chandler B. Converse,Cleveland Research Company,2295,SNDK-US,2025Q4,2025,0.0876596683943168,56834.79,3572,20260127.0,1.0,SNDK-US
Mark C. Newman,Bernstein Research,1140,SNDK-US,2025Q4,2025,,56834.79,3572,20260113.0,15.0,SNDK-US
Vijay Rakesh,Mizuho Securities USA,1802,SNDK-US,2025Q4,2025,0.0756880946855418,56834.79,3572,20260123.0,5.0,SNDK-US
C.J. Muse,Cantor Fitzgerald,1190,SNDK-US,2025Q4,2025,0.0476846909569118,56834.79,3572,20251107.0,82.0,SNDK-US
Aaron Rakers,Wells Fargo Securities,596,SNDK-US,2025Q4,2025,0.0805616152239498,56834.79,3572,20260114.0,14.0,SNDK-US
Matthew Bryson,Wedbush Securities,590,SNDK-US,2025Q4,2025,0.1991506149918774,56834.79,3572,20260122.0,6.0,SNDK-US
Blayne Curtis,Jefferies,512,SNDK-US,2025Q4,2025,0.0846615610737216,56834.79,3572,20260122.0,6.0,SNDK-US
Steven Fox,Fox Advisors,3474,SNDK-US,2025Q4,2025,0.0398458007787318,56834.79,3572,20251107.0,82.0,SNDK-US
Mark Miller,"Benchmark, a StoneX Company",1124,SNDK-US,2025Q4,2025,0.0672561305794074,56834.79,3572,20260114.0,14.0,SNDK-US
Kevin Rottinghaus,Edgewater Research,3222,SNDK-US,2025Q4,2025,0.084248987906449,56834.79,3572,20260114.0,14.0,SNDK-US
Srini Pajjuri,RBC Capital Markets,1269,SNDK-US,2025Q4,2025,0.0431721719398674,56834.79,3572,20260113.0,15.0,SNDK-US
Jack Zhou,China Renaissance Securities (US),2903,SNDK-US,2025Q4,2025,0.0474268327273664,56834.79,3572,20260106.0,22.0,SNDK-US
Mehdi Hosseini,Susquehanna Financial Group,974,SNDK-US,2025Q4,2025,0.0439199608055491,56834.79,3572,20251205.0,54.0,SNDK-US
Melissa Fairbanks,Raymond James,402,SNDK-US,2025Q4,2025,0.0365452154405507,56834.79,3572,20251107.0,82.0,SNDK-US
Mark C. Newman,Bernstein Research,1140,SNDK-US,2025Q3,2025,,24477.19,3572,20250912.0,54.0,SNDK-US
Matthew Bryson,Wedbush Securities,590,SNDK-US,2025Q3,2025,0.1582657886860221,24477.19,3572,20251028.0,8.0,SNDK-US
Vijay Rakesh,Mizuho Securities USA,1802,SNDK-US,2025Q3,2025,0.0592535169111044,24477.19,3572,20251015.0,21.0,SNDK-US
Mark Miller,"Benchmark, a StoneX Company",1124,SNDK-US,2025Q3,2025,0.096308290930859,24477.19,3572,20251024.0,12.0,SNDK-US
Kevin Rottinghaus,Edgewater Research,3222,SNDK-US,2025Q3,2025,0.0603310386111942,24477.19,3572,20251010.0,26.0,SNDK-US
Chandler B. Converse,Cleveland Research Company,2295,SNDK-US,2025Q3,2025,0.0386232044298114,24477.19,3572,20251010.0,26.0,SNDK-US
Aaron Rakers,Wells Fargo Securities,596,SNDK-US,2025Q3,2025,0.0714654295121221,24477.19,3572,20251010.0,26.0,SNDK-US
Steven Fox,Fox Advisors,3474,SNDK-US,2025Q3,2025,0.0391996408260999,24477.19,3572,20250815.0,82.0,SNDK-US
Mehdi Hosseini,Susquehanna Financial Group,974,SNDK-US,2025Q3,2025,0.0361466626758455,24477.19,3572,20250815.0,82.0,SNDK-US
Aaron Rakers,Wells Fargo Securities,596,SNDK-US,2025Q2,2025,0.1161253494874184,6236.2734,3572,20250508.0,97.0,SNDK-US
Matthew Bryson,Wedbush Securities,590,SNDK-US,2025Q2,2025,0.2124301025163094,6236.2734,3572,20250723.0,21.0,SNDK-US
Vijay Rakesh,Mizuho Securities USA,1802,SNDK-US,2025Q2,2025,0.1991495806150978,6236.2734,3572,20250708.0,36.0,SNDK-US
Mehdi Hosseini,Susquehanna Financial Group,974,SNDK-US,2025Q2,2025,0.1448625349487418,6236.2734,3572,20250605.0,69.0,SNDK-US
Aaron Rakers,Wells Fargo Securities,596,SNDK-US,2025Q1,2025,0.5932411067193676,4407.107,3572,20250224.0,71.0,SNDK-US
Vijay Rakesh,Mizuho Securities USA,1802,SNDK-US,2025Q1,2025,0.6182806324110672,4407.107,3572,20250307.0,60.0,SNDK-US
Mehdi Hosseini,Susquehanna Financial Group,974,SNDK-US,2025Q1,2025,0.6416666666666667,4407.107,3572,20250401.0,35.0,SNDK-US
Aaron Rakers,Wells Fargo Securities,596,SNDK-US,2024Q4,2024,0.0786698431606114,7253.28,3572,20250224.0,10.0,SNDK-US
Mark C. Newman,Bernstein Research,1140,SNDK-US,2024Q3,2024,,24477.19,3572,20250912.0,54.0,SNDK-US
Matthew Bryson,Wedbush Securities,590,SNDK-US,2024Q3,2024,0.1540544747081711,24477.19,3572,20251028.0,8.0,SNDK-US
Vijay Rakesh,Mizuho Securities USA,1802,SNDK-US,2024Q3,2024,0.0550422029332535,24477.19,3572,20251015.0,21.0,SNDK-US
Mark Miller,"Benchmark, a StoneX Company",1124,SNDK-US,2024Q3,2024,0.092096976953008,24477.19,3572,20251024.0,12.0,SNDK-US
Kevin Rottinghaus,Edgewater Research,3222,SNDK-US,2024Q3,2024,0.0561197246333433,24477.19,3572,20251010.0,26.0,SNDK-US
Chandler B. Converse,Cleveland Research Company,2295,SNDK-US,2024Q3,2024,0.0344118904519604,24477.19,3572,20251010.0,26.0,SNDK-US
Aaron Rakers,Wells Fargo Securities,596,SNDK-US,2024Q3,2024,0.0672541155342711,24477.19,3572,20251010.0,26.0,SNDK-US
Steven Fox,Fox Advisors,3474,SNDK-US,2024Q3,2024,0.034988326848249,24477.19,3572,20250815.0,82.0,SNDK-US
Mehdi Hosseini,Susquehanna Financial Group,974,SNDK-US,2024Q3,2024,0.0319353486979946,24477.19,3572,20250815.0,82.0,SNDK-US
Steven Fox,Fox Advisors,3474,SNDK-US,2024Q2,2024,0.1590661096092405,5912.2544,3572,20250815.0,5.0,SNDK-US
Vijay Rakesh,Mizuho Securities USA,1802,SNDK-US,2024Q2,2024,0.1448119931187023,5912.2544,3572,20250815.0,5.0,SNDK-US
Mehdi Hosseini,Susquehanna Financial Group,974,SNDK-US,2024Q2,2024,0.1465323175227328,5912.2544,3572,20250815.0,5.0,SNDK-US
Aaron Rakers,Wells Fargo Securities,596,SNDK-US,2024Q2,2024,0.1629982796755959,5912.2544,3572,20250815.0,5.0,SNDK-US
Matthew Bryson,Wedbush Securities,590,SNDK-US,2024Q2,2024,0.2814549029245515,5912.2544,3572,20250815.0,5.0,SNDK-US
Aaron Rakers,Wells Fargo Securities,596,SNDK-US,2024Q1,2024,0.1480105401844532,4407.107,3572,20250224.0,71.0,SNDK-US
Vijay Rakesh,Mizuho Securities USA,1802,SNDK-US,2024Q1,2024,0.1730500658761528,4407.107,3572,20250307.0,60.0,SNDK-US
Mehdi Hosseini,Susquehanna Financial Group,974,SNDK-US,2024Q1,2024,0.1964361001317523,4407.107,3572,20250401.0,35.0,SNDK-US
Aaron Rakers,Wells Fargo Securities,596,SNDK-US,2023Q4,2023,0.1341215008933889,7253.28,3572,20250224.0,10.0,SNDK-US
David Konrad,Keefe Bruyette & Woods,525,STT-US,2026Q1,2026,0.0738175465838509,35667.938,6022,20260407.0,9.0,STT-US
Glenn Schorr,Evercore ISI,1772,STT-US,2026Q1,2026,0.071876552795031,35667.938,6022,20260402.0,14.0,STT-US
Brennan Hawken,BMO Capital Markets,181,STT-US,2026Q1,2026,0.072264751552795,35667.938,6022,20260116.0,90.0,STT-US
David Smith,Truist Securities,852,STT-US,2026Q1,2026,0.0730411490683229,35667.938,6022,20260330.0,17.0,STT-US
Jim Mitchell,Seaport Research Partners,1321,STT-US,2026Q1,2026,0.071876552795031,35667.938,6022,20260116.0,90.0,STT-US
Mike Mayo,Wells Fargo Securities,596,STT-US,2026Q1,2026,0.0788641304347826,35667.938,6022,20260327.0,20.0,STT-US
Gerard Cassidy,RBC Capital Markets,1269,STT-US,2026Q1,2026,0.0726529503105589,35667.938,6022,20260324.0,23.0,STT-US
Steve Biggar,Argus Research,376,STT-US,2026Q1,2026,0.0711001552795031,35667.938,6022,20260120.0,86.0,STT-US
Mike Mayo,Wells Fargo Securities,596,STT-US,2025Q4,2025,0.0711458898272255,36020.59,6022,20260102.0,13.0,STT-US
David Konrad,Keefe Bruyette & Woods,525,STT-US,2025Q4,2025,0.0707701247385139,36020.59,6022,20260107.0,8.0,STT-US
Jim Mitchell,Seaport Research Partners,1321,STT-US,2025Q4,2025,0.0730944448748741,36020.59,6022,20260106.0,9.0,STT-US
Steven Alexopoulos,TD Cowen,917,STT-US,2025Q4,2025,0.0696079646703339,36020.59,6022,20260105.0,10.0,STT-US
David Smith,Truist Securities,852,STT-US,2025Q4,2025,0.0688331912915472,36020.59,6022,20251001.0,106.0,STT-US
Brennan Hawken,BMO Capital Markets,181,STT-US,2025Q4,2025,0.071932284806694,36020.59,6022,20260102.0,13.0,STT-US
Glenn Schorr,Evercore ISI,1772,STT-US,2025Q4,2025,0.0730169675369954,36020.59,6022,20260105.0,10.0,STT-US
Gerard Cassidy,RBC Capital Markets,1269,STT-US,2025Q4,2025,0.0698403966839699,36020.59,6022,20251210.0,36.0,STT-US
Steve Biggar,Argus Research,376,STT-US,2025Q4,2025,0.0682908499263965,36020.59,6022,20251020.0,87.0,STT-US
Steven Alexopoulos,TD Cowen,917,STT-US,2025Q3,2025,0.0734731053445609,33016.465,6022,20250922.0,24.0,STT-US
David Konrad,Keefe Bruyette & Woods,525,STT-US,2025Q3,2025,0.0731809589276508,33016.465,6022,20251008.0,8.0,STT-US
Jim Mitchell,Seaport Research Partners,1321,STT-US,2025Q3,2025,0.0757587214297989,33016.465,6022,20251003.0,13.0,STT-US
Mike Mayo,Wells Fargo Securities,596,STT-US,2025Q3,2025,0.0727513318439594,33016.465,6022,20251002.0,14.0,STT-US
David Smith,Truist Securities,852,STT-US,2025Q3,2025,0.0731809589276508,33016.465,6022,20251001.0,15.0,STT-US
Brennan Hawken,BMO Capital Markets,181,STT-US,2025Q3,2025,0.0787661110156384,33016.465,6022,20251001.0,15.0,STT-US
Glenn Schorr,Evercore ISI,1772,STT-US,2025Q3,2025,0.0726654064272211,33016.465,6022,20250716.0,92.0,STT-US
Gerard Cassidy,RBC Capital Markets,1269,STT-US,2025Q3,2025,0.0720639285100532,33016.465,6022,20250929.0,17.0,STT-US
Steve Biggar,Argus Research,376,STT-US,2025Q3,2025,0.0673380305894483,33016.465,6022,20250716.0,92.0,STT-US
David Smith,Truist Securities,852,STT-US,2025Q2,2025,0.0858679706601466,30326.21,6022,20250701.0,13.0,STT-US
David Konrad,Keefe Bruyette & Woods,525,STT-US,2025Q2,2025,0.0792853112657513,30326.21,6022,20250417.0,88.0,STT-US
Brian Bedell,Deutsche Bank Research,77,STT-US,2025Q2,2025,0.0699755501222493,30326.21,6022,20250612.0,32.0,STT-US
Jim Mitchell,Seaport Research Partners,1321,STT-US,2025Q2,2025,0.0868083505736317,30326.21,6022,20250707.0,7.0,STT-US
Mike Mayo,Wells Fargo Securities,596,STT-US,2025Q2,2025,0.0778747413955237,30326.21,6022,20250704.0,10.0,STT-US
Glenn Schorr,Evercore ISI,1772,STT-US,2025Q2,2025,0.0778747413955237,30326.21,6022,20250701.0,13.0,STT-US
Gerard Cassidy,RBC Capital Markets,1269,STT-US,2025Q2,2025,0.0783449313522663,30326.21,6022,20250613.0,31.0,STT-US
Steve Biggar,Argus Research,376,STT-US,2025Q2,2025,0.0770283994733872,30326.21,6022,20250421.0,84.0,STT-US
Brian Bedell,Deutsche Bank Research,77,STT-US,2025Q1,2025,0.076792418205964,23911.053,6022,20250407.0,9.0,STT-US
Jim Mitchell,Seaport Research Partners,1321,STT-US,2025Q1,2025,0.1105939876856211,23911.053,6022,20250106.0,100.0,STT-US
David Smith,Truist Securities,852,STT-US,2025Q1,2025,0.0979174212241941,23911.053,6022,20250402.0,14.0,STT-US
David Konrad,Keefe Bruyette & Woods,525,STT-US,2025Q1,2025,0.1063684655318121,23911.053,6022,20250401.0,15.0,STT-US
Glenn Schorr,Evercore ISI,1772,STT-US,2025Q1,2025,0.1039538814439212,23911.053,6022,20250331.0,16.0,STT-US
Mike Mayo,Wells Fargo Securities,596,STT-US,2025Q1,2025,0.1039538814439212,23911.053,6022,20250326.0,21.0,STT-US
Gerard Cassidy,RBC Capital Markets,1269,STT-US,2025Q1,2025,0.1035916938307376,23911.053,6022,20250313.0,34.0,STT-US
Steve Biggar,Argus Research,376,STT-US,2025Q1,2025,0.1043160690571049,23911.053,6022,20250121.0,85.0,STT-US
David Smith,Truist Securities,852,STT-US,2024Q4,2024,0.0851863195507912,28284.672,6022,20250103.0,13.0,STT-US
David Konrad,Keefe Bruyette & Woods,525,STT-US,2024Q4,2024,0.0872281776416539,28284.672,6022,20241213.0,34.0,STT-US
Brian Bedell,Deutsche Bank Research,77,STT-US,2024Q4,2024,0.0773504849412965,28284.672,6022,20250106.0,10.0,STT-US
Jim Mitchell,Seaport Research Partners,1321,STT-US,2024Q4,2024,0.0892700357325165,28284.672,6022,20250106.0,10.0,STT-US
Glenn Schorr,Evercore ISI,1772,STT-US,2024Q4,2024,0.0877386421643695,28284.672,6022,20241231.0,16.0,STT-US
Mike Mayo,Wells Fargo Securities,596,STT-US,2024Q4,2024,0.0892700357325165,28284.672,6022,20241231.0,16.0,STT-US
Gerard Cassidy,RBC Capital Markets,1269,STT-US,2024Q4,2024,0.0841653905053598,28284.672,6022,20241210.0,37.0,STT-US
Brian Bedell,Deutsche Bank Research,77,STT-US,2024Q3,2024,0.0914091171379111,25491.652,6022,20241008.0,6.0,STT-US
David Konrad,Keefe Bruyette & Woods,525,STT-US,2024Q3,2024,0.0939480669359492,25491.652,6022,20241004.0,10.0,STT-US
Mike Mayo,Wells Fargo Securities,596,STT-US,2024Q3,2024,0.0979873052510098,25491.652,6022,20240925.0,19.0,STT-US
Brian Bedell,Deutsche Bank Research,77,STT-US,2024Q2,2024,0.1061827079934747,22011.434,6022,20240708.0,7.0,STT-US
Mike Mayo,Wells Fargo Securities,596,STT-US,2024Q2,2024,0.111484502446982,22011.434,6022,20240702.0,13.0,STT-US
Brian Bedell,Deutsche Bank Research,77,STT-US,2024Q1,2024,0.1067472840144852,23346.277,6022,20240404.0,7.0,STT-US
Mike Mayo,Wells Fargo Securities,596,STT-US,2024Q1,2024,0.1129552509053285,23346.277,6022,20240326.0,16.0,STT-US
Brian Bedell,Deutsche Bank Research,77,STT-US,2023Q4,2023,0.1205253424657534,23878.19,6022,20231215.0,34.0,STT-US
Christopher McGratty,Keefe Bruyette & Woods,525,TFC-US,2026Q1,2026,0.0734266327396098,58755.668,6021,20260407.0,9.0,TFC-US
David Chiaverini,Jefferies,512,TFC-US,2026Q1,2026,0.071306191687871,58755.668,6021,20260324.0,23.0,TFC-US
John Pancari,Evercore ISI,1772,TFC-US,2026Q1,2026,0.0725784563189143,58755.668,6021,20260102.0,104.0,TFC-US
Michael Rose,Raymond James,402,TFC-US,2026Q1,2026,0.0734266327396098,58755.668,6021,20251017.0,181.0,TFC-US
Matthew O'Connor,Deutsche Bank Research,77,TFC-US,2026Q1,2026,0.0723664122137404,58755.668,6021,20251215.0,122.0,TFC-US
Mike Mayo,Wells Fargo Securities,596,TFC-US,2026Q1,2026,0.0744868532654792,58755.668,6021,20260327.0,20.0,TFC-US
Christopher Marinac,Brean Capital,532,TFC-US,2026Q1,2026,0.0674893977947413,58755.668,6021,20260226.0,49.0,TFC-US
Gerard Cassidy,RBC Capital Markets,1269,TFC-US,2026Q1,2026,0.0723664122137404,58755.668,6021,20260121.0,85.0,TFC-US
R. Scott Siefers,Piper Sandler Companies,570,TFC-US,2026Q1,2026,0.0723664122137404,58755.668,6021,20260121.0,85.0,TFC-US
Steven Alexopoulos,TD Cowen,917,TFC-US,2025Q4,2025,0.0689136381398984,65471.83,6021,20251020.0,92.0,TFC-US
Mike Mayo,Wells Fargo Securities,596,TFC-US,2025Q4,2025,0.0663735834310277,65471.83,6021,20260102.0,18.0,TFC-US
Michael Rose,Raymond James,402,TFC-US,2025Q4,2025,0.0694998046111762,65471.83,6021,20251017.0,95.0,TFC-US
R. Scott Siefers,Piper Sandler Companies,570,TFC-US,2025Q4,2025,0.0669597499023055,65471.83,6021,20251017.0,95.0,TFC-US
John Pancari,Evercore ISI,1772,TFC-US,2025Q4,2025,0.0681320828448612,65471.83,6021,20251010.0,102.0,TFC-US
Terry J. McEvoy,Stephens Inc,472,TFC-US,2025Q4,2025,0.0663735834310277,65471.83,6021,20251017.0,95.0,TFC-US
Matthew O'Connor,Deutsche Bank Research,77,TFC-US,2025Q4,2025,0.068332590855803,65471.83,6021,20251215.0,36.0,TFC-US
Christopher Marinac,Brean Capital,532,TFC-US,2025Q4,2025,0.066568972254787,65471.83,6021,20251024.0,88.0,TFC-US
Christopher McGratty,Keefe Bruyette & Woods,525,TFC-US,2025Q4,2025,0.0702813599062133,65471.83,6021,20251017.0,95.0,TFC-US
Gerard Cassidy,RBC Capital Markets,1269,TFC-US,2025Q4,2025,0.0663735834310277,65471.83,6021,20251017.0,95.0,TFC-US
John Pancari,Evercore ISI,1772,TFC-US,2025Q3,2025,0.075140597539543,58231.293,6021,20251010.0,6.0,TFC-US
Christopher McGratty,Keefe Bruyette & Woods,525,TFC-US,2025Q3,2025,0.0771177504393673,58231.293,6021,20250701.0,107.0,TFC-US
Terry J. McEvoy,Stephens Inc,472,TFC-US,2025Q3,2025,0.0694288224956063,58231.293,6021,20251007.0,9.0,TFC-US
Michael Rose,Raymond James,402,TFC-US,2025Q3,2025,0.0727240773286467,58231.293,6021,20251003.0,13.0,TFC-US
Steven Alexopoulos,TD Cowen,917,TFC-US,2025Q3,2025,0.0755799648506151,58231.293,6021,20251001.0,15.0,TFC-US
Mike Mayo,Wells Fargo Securities,596,TFC-US,2025Q3,2025,0.0705272407732864,58231.293,6021,20251002.0,14.0,TFC-US
Matthew O'Connor,Deutsche Bank Research,77,TFC-US,2025Q3,2025,0.0740421792618629,58231.293,6021,20250718.0,90.0,TFC-US
R. Scott Siefers,Piper Sandler Companies,570,TFC-US,2025Q3,2025,0.0725043936731107,58231.293,6021,20250117.0,272.0,TFC-US
Gerard Cassidy,RBC Capital Markets,1269,TFC-US,2025Q3,2025,0.0720650263620386,58231.293,6021,20250718.0,90.0,TFC-US
Christopher Marinac,Brean Capital,532,TFC-US,2025Q3,2025,0.0755799648506151,58231.293,6021,20250718.0,90.0,TFC-US
Matthew O'Connor,Deutsche Bank Research,77,TFC-US,2025Q2,2025,0.0796036451471234,58720.88,6021,20241212.0,217.0,TFC-US
Mike Mayo,Wells Fargo Securities,596,TFC-US,2025Q2,2025,0.0745674132630654,58720.88,6021,20250707.0,10.0,TFC-US
Christopher McGratty,Keefe Bruyette & Woods,525,TFC-US,2025Q2,2025,0.0800570926657883,58720.88,6021,20250701.0,16.0,TFC-US
Michael Rose,Raymond James,402,TFC-US,2025Q2,2025,0.0778612209046991,58720.88,6021,20250707.0,10.0,TFC-US
Steven Alexopoulos,TD Cowen,917,TFC-US,2025Q2,2025,0.0728107158541941,58720.88,6021,20250624.0,23.0,TFC-US
Terry J. McEvoy,Stephens Inc,472,TFC-US,2025Q2,2025,0.0767632850241546,58720.88,6021,20250626.0,21.0,TFC-US
John Pancari,Evercore ISI,1772,TFC-US,2025Q2,2025,0.0761045234958278,58720.88,6021,20250425.0,83.0,TFC-US
R. Scott Siefers,Piper Sandler Companies,570,TFC-US,2025Q2,2025,0.0754457619675011,58720.88,6021,20250117.0,181.0,TFC-US
Gerard Cassidy,RBC Capital Markets,1269,TFC-US,2025Q2,2025,0.0789591567852437,58720.88,6021,20250417.0,91.0,TFC-US
Christopher Marinac,Brean Capital,532,TFC-US,2025Q2,2025,0.0800570926657883,58720.88,6021,20250417.0,91.0,TFC-US
Terry J. McEvoy,Stephens Inc,472,TFC-US,2025Q1,2025,0.0979049676025917,48505.324,6021,20250404.0,12.0,TFC-US
David Konrad,Keefe Bruyette & Woods,525,TFC-US,2025Q1,2025,0.1046544276457883,48505.324,6021,20250401.0,15.0,TFC-US
Michael Rose,Raymond James,402,TFC-US,2025Q1,2025,0.103304535637149,48505.324,6021,20250331.0,16.0,TFC-US
Matthew O'Connor,Deutsche Bank Research,77,TFC-US,2025Q1,2025,0.0987149028077753,48505.324,6021,20241212.0,125.0,TFC-US
Mike Mayo,Wells Fargo Securities,596,TFC-US,2025Q1,2025,0.0952051835853131,48505.324,6021,20250117.0,89.0,TFC-US
John Pancari,Evercore ISI,1772,TFC-US,2025Q1,2025,0.105194384449244,48505.324,6021,20250131.0,75.0,TFC-US
R. Scott Siefers,Piper Sandler Companies,570,TFC-US,2025Q1,2025,0.0935853131749459,48505.324,6021,20250117.0,89.0,TFC-US
Gerard Cassidy,RBC Capital Markets,1269,TFC-US,2025Q1,2025,0.1008747300215982,48505.324,6021,20250313.0,34.0,TFC-US
Christopher Marinac,Brean Capital,532,TFC-US,2025Q1,2025,0.0965550755939524,48505.324,6021,20250110.0,96.0,TFC-US
Christopher Marinac,Brean Capital,532,TFC-US,2024Q4,2024,0.0814262635587353,57521.473,6021,20250110.0,6.0,TFC-US
David Konrad,Keefe Bruyette & Woods,525,TFC-US,2024Q4,2024,0.0862727902146319,57521.473,6021,20250107.0,9.0,TFC-US
Matthew O'Connor,Deutsche Bank Research,77,TFC-US,2024Q4,2024,0.0832725594276482,57521.473,6021,20241212.0,35.0,TFC-US
Michael Rose,Raymond James,402,TFC-US,2024Q4,2024,0.0851188552965612,57521.473,6021,20250106.0,10.0,TFC-US
John Pancari,Evercore ISI,1772,TFC-US,2024Q4,2024,0.0832725594276482,57521.473,6021,20250102.0,14.0,TFC-US
Terry J. McEvoy,Stephens Inc,472,TFC-US,2024Q4,2024,0.0862727902146319,57521.473,6021,20250103.0,13.0,TFC-US
Mike Mayo,Wells Fargo Securities,596,TFC-US,2024Q4,2024,0.0793491807062081,57521.473,6021,20241231.0,16.0,TFC-US
R. Scott Siefers,Piper Sandler Companies,570,TFC-US,2024Q4,2024,0.075425801984768,57521.473,6021,20241017.0,91.0,TFC-US
Gerard Cassidy,RBC Capital Markets,1269,TFC-US,2024Q4,2024,0.0860420032310177,57521.473,6021,20241017.0,91.0,TFC-US
John Pancari,Evercore ISI,1772,TFC-US,2024Q3,2024,0.0891708845504941,55078.832,6021,20240930.0,16.0,TFC-US
Terry J. McEvoy,Stephens Inc,472,TFC-US,2024Q3,2024,0.08941190648349,55078.832,6021,20241009.0,7.0,TFC-US
Matthew O'Connor,Deutsche Bank Research,77,TFC-US,2024Q3,2024,0.0831596529284164,55078.832,6021,20240916.0,30.0,TFC-US
Michael Rose,Raymond James,402,TFC-US,2024Q3,2024,0.0930272354784285,55078.832,6021,20240913.0,33.0,TFC-US
David Konrad,Keefe Bruyette & Woods,525,TFC-US,2024Q3,2024,0.0930272354784285,55078.832,6021,20240930.0,16.0,TFC-US
Mike Mayo,Wells Fargo Securities,596,TFC-US,2024Q3,2024,0.08941190648349,55078.832,6021,20240925.0,21.0,TFC-US
Christopher Marinac,Brean Capital,532,TFC-US,2024Q3,2024,0.0797710291636538,55078.832,6021,20240722.0,86.0,TFC-US
Matthew O'Connor,Deutsche Bank Research,77,TFC-US,2024Q2,2024,0.097967294117647,51182.18,6021,20240507.0,73.0,TFC-US
Mike Mayo,Wells Fargo Securities,596,TFC-US,2024Q2,2024,0.11719477124183,51182.18,6021,20240702.0,17.0,TFC-US
Christopher Marinac,Brean Capital,532,TFC-US,2024Q2,2024,0.0931424836601307,51182.18,6021,20240628.0,21.0,TFC-US
Mike Mayo,Wells Fargo Securities,596,TFC-US,2024Q1,2024,0.1142857142857142,51848.855,6021,20240327.0,23.0,TFC-US
Parth Talsania,Equisights,3723,TFC-US,2024Q1,2024,0.1024453024453024,51848.855,6021,20240118.0,92.0,TFC-US
Gordon L. Johnson II,GLJ Research,3391,TSLA-US,2026Q1,2026,0.0023458120903131,1288022.3,3711,20260420.0,1.0,TSLA-US
Andres Sheppard,Cantor Fitzgerald,1190,TSLA-US,2026Q1,2026,0.0057252731245447,1288022.3,3711,20260129.0,82.0,TSLA-US
Dan Ives,Wedbush Securities,590,TSLA-US,2026Q1,2026,0.0049969410050983,1288022.3,3711,20260129.0,82.0,TSLA-US
Colin M. Langan,Wells Fargo Securities,596,TSLA-US,2026Q1,2026,0.0017922796795338,1288022.3,3711,20260410.0,11.0,TSLA-US
Philippe Houchois,Jefferies,512,TSLA-US,2026Q1,2026,0.0056952658412235,1288022.3,3711,20260417.0,4.0,TSLA-US
Chris McNally,Evercore ISI,1772,TSLA-US,2026Q1,2026,0.0026662782228696,1288022.3,3711,20260415.0,6.0,TSLA-US
Itay Michaeli,TD Cowen,917,TSLA-US,2026Q1,2026,0.005055207574654,1288022.3,3711,20260414.0,7.0,TSLA-US
Glenn Thum,Phillip Securities,651,TSLA-US,2026Q1,2026,0.0031615440640932,1288022.3,3711,20260130.0,81.0,TSLA-US
Colin Rusch,Oppenheimer,498,TSLA-US,2026Q1,2026,0.0051717407137654,1288022.3,3711,20260410.0,11.0,TSLA-US
Tom Narayan,RBC Capital Markets,1269,TSLA-US,2026Q1,2026,0.0067158048069919,1288022.3,3711,20260409.0,12.0,TSLA-US
Pierre Ferragu,New Street Research,1634,TSLA-US,2026Q1,2026,0.0070945375091041,1288022.3,3711,20260408.0,13.0,TSLA-US
Edison Yu,Deutsche Bank Research,77,TSLA-US,2026Q1,2026,0.0028580189366351,1288022.3,3711,20260407.0,14.0,TSLA-US
Rob Wertheimer,Melius Research,3130,TSLA-US,2026Q1,2026,0.0053756737072104,1288022.3,3711,20260303.0,49.0,TSLA-US
Alexander E. Potter,Piper Sandler Companies,570,TSLA-US,2026Q1,2026,0.0057252731245447,1288022.3,3711,20260107.0,104.0,TSLA-US
Jairam Nathan,Daiwa Securities Co. Ltd.,467,TSLA-US,2026Q1,2026,0.0047056081573197,1288022.3,3711,20260202.0,78.0,TSLA-US
George Gianarikas,Canaccord Genuity,466,TSLA-US,2026Q1,2026,0.0065410050983248,1288022.3,3711,20260401.0,20.0,TSLA-US
William Stein,Truist Securities,852,TSLA-US,2026Q1,2026,0.0067740713765477,1288022.3,3711,20260401.0,20.0,TSLA-US
Jed Dorsheimer,William Blair,198,TSLA-US,2026Q1,2026,0.005055207574654,1288022.3,3711,20260129.0,82.0,TSLA-US
Yue Wang,Zhongtai Securities,2052,TSLA-US,2026Q1,2026,0.005055207574654,1288022.3,3711,20260312.0,40.0,TSLA-US
Ivan Feinseth,Tigress Financial Partners LLC,2345,TSLA-US,2026Q1,2026,0.005870939548434,1288022.3,3711,20260211.0,69.0,TSLA-US
Mickey Legg,"Benchmark, a StoneX Company",1124,TSLA-US,2026Q1,2026,0.0055796067006554,1288022.3,3711,20260210.0,70.0,TSLA-US
YongHuo Liang,China Merchants Securities,1788,TSLA-US,2026Q1,2026,0.0065701383831026,1288022.3,3711,20260209.0,71.0,TSLA-US
Vijay Rakesh,Mizuho Securities USA,1802,TSLA-US,2026Q1,2026,0.0051717407137654,1288022.3,3711,20260129.0,82.0,TSLA-US
Jing Lin Li,First Shanghai,1701,TSLA-US,2026Q1,2026,0.0070071376547705,1288022.3,3711,20260202.0,78.0,TSLA-US
Yiming Wang,China Renaissance Securities (US),2903,TSLA-US,2026Q1,2026,0.0055796067006554,1288022.3,3711,20251023.0,180.0,TSLA-US
Yu Jing Ni,Everbright Securities,1299,TSLA-US,2026Q1,2026,0.0041812090313182,1288022.3,3711,20260130.0,81.0,TSLA-US
William Selesky,Argus Research,376,TSLA-US,2026Q1,2026,0.0055213401310997,1288022.3,3711,20260130.0,81.0,TSLA-US
Oscar Wang,Haitong International Research,2898,TSLA-US,2026Q1,2026,0.0057252731245447,1288022.3,3711,20260129.0,82.0,TSLA-US
Siyu Cai,Mega Intl Invst Serv,1175,TSLA-US,2026Q1,2026,0.0065118718135469,1288022.3,3711,20250724.0,271.0,TSLA-US
Battle Road Research Team,Battle Road Research,1037,TSLA-US,2026Q1,2026,0.0065992716678805,1288022.3,3711,20260129.0,82.0,TSLA-US
Xue Deng,China International Capital,898,TSLA-US,2026Q1,2026,0.0068906045156591,1288022.3,3711,20260129.0,82.0,TSLA-US
Chris Pierce,Needham,477,TSLA-US,2026Q1,2026,0.0050260742898761,1288022.3,3711,20260129.0,82.0,TSLA-US
Andres Sheppard,Cantor Fitzgerald,1190,TSLA-US,2025Q4,2025,0.004858228980322,1487306.4,3711,20251023.0,96.0,TSLA-US
Dan Ives,Wedbush Securities,590,TSLA-US,2025Q4,2025,0.0052830948121645,1487306.4,3711,20251023.0,96.0,TSLA-US
Jed Dorsheimer,William Blair,198,TSLA-US,2025Q4,2025,0.0028904293381037,1487306.4,3711,20251023.0,96.0,TSLA-US
Rob Wertheimer,Melius Research,3130,TSLA-US,2025Q4,2025,0.0042321109123434,1487306.4,3711,20260102.0,25.0,TSLA-US
Glenn Thum,Phillip Securities,651,TSLA-US,2025Q4,2025,0.0033600178890876,1487306.4,3711,20250724.0,187.0,TSLA-US
Colin Rusch,Oppenheimer,498,TSLA-US,2025Q4,2025,0.0040755813953488,1487306.4,3711,20260120.0,7.0,TSLA-US
Edison Yu,Deutsche Bank Research,77,TSLA-US,2025Q4,2025,0.0028009838998211,1487306.4,3711,20251023.0,96.0,TSLA-US
Itay Michaeli,TD Cowen,917,TSLA-US,2025Q4,2025,0.0043347495527728,1487306.4,3711,20260112.0,15.0,TSLA-US
Siyu Cai,Mega Intl Invst Serv,1175,TSLA-US,2025Q4,2025,0.0047687835420393,1487306.4,3711,20250724.0,187.0,TSLA-US
Vijay Rakesh,Mizuho Securities USA,1802,TSLA-US,2025Q4,2025,0.0044020572450805,1487306.4,3711,20251121.0,67.0,TSLA-US
Pierre Ferragu,New Street Research,1634,TSLA-US,2025Q4,2025,0.0069154740608228,1487306.4,3711,20251023.0,96.0,TSLA-US
Tom Narayan,RBC Capital Markets,1269,TSLA-US,2025Q4,2025,0.0051265652951699,1487306.4,3711,20260112.0,15.0,TSLA-US
Colin M. Langan,Wells Fargo Securities,596,TSLA-US,2025Q4,2025,0.0013698568872987,1487306.4,3711,20260109.0,18.0,TSLA-US
Chaim Siegel,Elazar Advisors,3400,TSLA-US,2025Q4,2025,0.0010791592128801,1487306.4,3711,20260107.0,20.0,TSLA-US
Gordon L. Johnson II,GLJ Research,3391,TSLA-US,2025Q4,2025,0.0032482110912343,1487306.4,3711,20260106.0,21.0,TSLA-US
Alexander E. Potter,Piper Sandler Companies,570,TSLA-US,2025Q4,2025,0.0041650268336314,1487306.4,3711,20260107.0,20.0,TSLA-US
William Stein,Truist Securities,852,TSLA-US,2025Q4,2025,0.0051712880143112,1487306.4,3711,20260102.0,25.0,TSLA-US
George Gianarikas,Canaccord Genuity,466,TSLA-US,2025Q4,2025,0.0072508944543828,1487306.4,3711,20251219.0,39.0,TSLA-US
Jing Lin Li,First Shanghai,1701,TSLA-US,2025Q4,2025,0.0057079606440071,1487306.4,3711,20251027.0,92.0,TSLA-US
Xue Deng,China International Capital,898,TSLA-US,2025Q4,2025,0.0061999105545617,1487306.4,3711,20251023.0,96.0,TSLA-US
Chris McNally,Evercore ISI,1772,TSLA-US,2025Q4,2025,0.0033376565295169,1487306.4,3711,20251028.0,91.0,TSLA-US
Jairam Nathan,Daiwa Securities Co. Ltd.,467,TSLA-US,2025Q4,2025,0.0039414132379248,1487306.4,3711,20251024.0,95.0,TSLA-US
William Selesky,Argus Research,376,TSLA-US,2025Q4,2025,0.004522808586762,1487306.4,3711,20251027.0,92.0,TSLA-US
Yiming Wang,China Renaissance Securities (US),2903,TSLA-US,2025Q4,2025,0.0040308586762075,1487306.4,3711,20251023.0,96.0,TSLA-US
Oscar Wang,Haitong International Research,2898,TSLA-US,2025Q4,2025,0.0042991949910554,1487306.4,3711,20251023.0,96.0,TSLA-US
YongHuo Liang,China Merchants Securities,1788,TSLA-US,2025Q4,2025,0.0049700357781753,1487306.4,3711,20251023.0,96.0,TSLA-US
Yu Jing Ni,Everbright Securities,1299,TSLA-US,2025Q4,2025,0.0053278175313059,1487306.4,3711,20251023.0,96.0,TSLA-US
Battle Road Research Team,Battle Road Research,1037,TSLA-US,2025Q4,2025,0.0055067084078711,1487306.4,3711,20251023.0,96.0,TSLA-US
Philippe Houchois,Jefferies,512,TSLA-US,2025Q4,2025,0.0055248211091234,1487306.4,3711,20250724.0,187.0,TSLA-US
Yeon-Ju Park,Mirae Asset Securities,484,TSLA-US,2025Q4,2025,0.0034941860465116,1487306.4,3711,20251023.0,96.0,TSLA-US
Chris Pierce,Needham,477,TSLA-US,2025Q4,2025,0.0030469588550983,1487306.4,3711,20251023.0,96.0,TSLA-US
Gordon L. Johnson II,GLJ Research,3391,TSLA-US,2025Q3,2025,0.0023036768560942,1458710.5,3711,20251021.0,0.0,TSLA-US
Andres Sheppard,Cantor Fitzgerald,1190,TSLA-US,2025Q3,2025,0.0057229478675146,1458710.5,3711,20251020.0,1.0,TSLA-US
Glenn Thum,Phillip Securities,651,TSLA-US,2025Q3,2025,0.0030787116186828,1458710.5,3711,20250724.0,89.0,TSLA-US
Dan Ives,Wedbush Securities,590,TSLA-US,2025Q3,2025,0.0054949964667532,1458710.5,3711,20250423.0,181.0,TSLA-US
Rob Wertheimer,Melius Research,3130,TSLA-US,2025Q3,2025,0.0044920103034033,1458710.5,3711,20251010.0,11.0,TSLA-US
Colin Rusch,Oppenheimer,498,TSLA-US,2025Q3,2025,0.0042640589026419,1458710.5,3711,20251014.0,7.0,TSLA-US
Jed Dorsheimer,William Blair,198,TSLA-US,2025Q3,2025,0.0026494791310492,1458710.5,3711,20250930.0,21.0,TSLA-US
Chris McNally,Evercore ISI,1772,TSLA-US,2025Q3,2025,0.0027139893774647,1458710.5,3711,20251010.0,11.0,TSLA-US
Itay Michaeli,TD Cowen,917,TSLA-US,2025Q3,2025,0.0052845973238505,1458710.5,3711,20250724.0,89.0,TSLA-US
Colin M. Langan,Wells Fargo Securities,596,TSLA-US,2025Q3,2025,0.0009359684515261,1458710.5,3711,20251009.0,12.0,TSLA-US
Tom Narayan,RBC Capital Markets,1269,TSLA-US,2025Q3,2025,0.005289840206068,1458710.5,3711,20251008.0,13.0,TSLA-US
Edison Yu,Deutsche Bank Research,77,TSLA-US,2025Q3,2025,0.0024055209829264,1458710.5,3711,20251007.0,14.0,TSLA-US
Jing Lin Li,First Shanghai,1701,TSLA-US,2025Q3,2025,0.0088458820579452,1458710.5,3711,20250725.0,88.0,TSLA-US
Jairam Nathan,Daiwa Securities Co. Ltd.,467,TSLA-US,2025Q3,2025,0.003443433859901,1458710.5,3711,20250724.0,89.0,TSLA-US
George Gianarikas,Canaccord Genuity,466,TSLA-US,2025Q3,2025,0.0092789897193918,1458710.5,3711,20250724.0,89.0,TSLA-US
Mickey Legg,"Benchmark, a StoneX Company",1124,TSLA-US,2025Q3,2025,0.0077289201942145,1458710.5,3711,20250724.0,89.0,TSLA-US
Vijay Rakesh,Mizuho Securities USA,1802,TSLA-US,2025Q3,2025,0.0050359023456199,1458710.5,3711,20250919.0,32.0,TSLA-US
Pierre Ferragu,New Street Research,1634,TSLA-US,2025Q3,2025,0.0070906562720827,1458710.5,3711,20250724.0,89.0,TSLA-US
Tingting Song,Huatai Research,1271,TSLA-US,2025Q3,2025,0.0064523923499509,1458710.5,3711,20250204.0,259.0,TSLA-US
Alexander E. Potter,Piper Sandler Companies,570,TSLA-US,2025Q3,2025,0.005449406186601,1458710.5,3711,20250919.0,32.0,TSLA-US
Xue Deng,China International Capital,898,TSLA-US,2025Q3,2025,0.0090054480384781,1458710.5,3711,20250916.0,35.0,TSLA-US
Oscar Wang,Haitong International Research,2898,TSLA-US,2025Q3,2025,0.0067259340308646,1458710.5,3711,20250724.0,89.0,TSLA-US
Adrian Yanoshik,Rothschild & Co Redburn,1652,TSLA-US,2025Q3,2025,,1458710.5,3711,20250909.0,42.0,TSLA-US
YongHuo Liang,China Merchants Securities,1788,TSLA-US,2025Q3,2025,0.0057705204130479,1458710.5,3711,20250908.0,43.0,TSLA-US
Yue Wang,Zhongtai Securities,2052,TSLA-US,2025Q3,2025,0.0051074790854589,1458710.5,3711,20250811.0,71.0,TSLA-US
William Selesky,Argus Research,376,TSLA-US,2025Q3,2025,0.0049935033850783,1458710.5,3711,20250725.0,88.0,TSLA-US
Tony Shen,SPDB International,3451,TSLA-US,2025Q3,2025,0.0034662289999772,1458710.5,3711,20250724.0,89.0,TSLA-US
Yiming Wang,China Renaissance Securities (US),2903,TSLA-US,2025Q3,2025,0.0041500832022612,1458710.5,3711,20250724.0,89.0,TSLA-US
Yu Jing Ni,Everbright Securities,1299,TSLA-US,2025Q3,2025,0.0053126353461442,1458710.5,3711,20250724.0,89.0,TSLA-US
Siyu Cai,Mega Intl Invst Serv,1175,TSLA-US,2025Q3,2025,0.0045148054434794,1458710.5,3711,20250724.0,89.0,TSLA-US
Cindy Yen,Fubon Securities,1084,TSLA-US,2025Q3,2025,0.0053810207663726,1458710.5,3711,20250724.0,89.0,TSLA-US
William Stein,Truist Securities,852,TSLA-US,2025Q3,2025,0.005449406186601,1458710.5,3711,20250702.0,111.0,TSLA-US
Philippe Houchois,Jefferies,512,TSLA-US,2025Q3,2025,0.0052855353438646,1458710.5,3711,20250724.0,89.0,TSLA-US
Yeon-Ju Park,Mirae Asset Securities,484,TSLA-US,2025Q3,2025,0.0048111422644692,1458710.5,3711,20250724.0,89.0,TSLA-US
Chris Pierce,Needham,477,TSLA-US,2025Q3,2025,0.0028051699377692,1458710.5,3711,20250724.0,89.0,TSLA-US
Ron Jewsikow,Guggenheim Securities,1515,TSLA-US,2025Q2,2025,0.0038765715830742,953016.56,3711,20250703.0,19.0,TSLA-US
Mickey Legg,"Benchmark, a StoneX Company",1124,TSLA-US,2025Q2,2025,0.0135426524266594,953016.56,3711,20250423.0,90.0,TSLA-US
Gordon L. Johnson II,GLJ Research,3391,TSLA-US,2025Q2,2025,0.0022204947951872,953016.56,3711,20250721.0,1.0,TSLA-US
Dan Ives,Wedbush Securities,590,TSLA-US,2025Q2,2025,0.0084054346356631,953016.56,3711,20250423.0,90.0,TSLA-US
YongHuo Liang,China Merchants Securities,1788,TSLA-US,2025Q2,2025,0.008741009192916,953016.56,3711,20250718.0,4.0,TSLA-US
Chris McNally,Evercore ISI,1772,TSLA-US,2025Q2,2025,0.0047891036906854,953016.56,3711,20250711.0,11.0,TSLA-US
Andres Sheppard,Cantor Fitzgerald,1190,TSLA-US,2025Q2,2025,0.0120217655806408,953016.56,3711,20250423.0,90.0,TSLA-US
Alexander E. Potter,Piper Sandler Companies,570,TSLA-US,2025Q2,2025,0.0085406245775314,953016.56,3711,20250718.0,4.0,TSLA-US
Edison Yu,Deutsche Bank Research,77,TSLA-US,2025Q2,2025,0.0057920643504123,953016.56,3711,20250423.0,90.0,TSLA-US
Itay Michaeli,TD Cowen,917,TSLA-US,2025Q2,2025,0.0087870082465864,953016.56,3711,20250711.0,11.0,TSLA-US
Colin Rusch,Oppenheimer,498,TSLA-US,2025Q2,2025,0.0068507503041773,953016.56,3711,20250715.0,7.0,TSLA-US
Colin M. Langan,Wells Fargo Securities,596,TSLA-US,2025Q2,2025,0.0030992294173313,953016.56,3711,20250616.0,36.0,TSLA-US
Tom Narayan,RBC Capital Markets,1269,TSLA-US,2025Q2,2025,0.0089799918886034,953016.56,3711,20250707.0,15.0,TSLA-US
Jairam Nathan,Daiwa Securities Co. Ltd.,467,TSLA-US,2025Q2,2025,0.0090137893740705,953016.56,3711,20250423.0,90.0,TSLA-US
Vijay Rakesh,Mizuho Securities USA,1802,TSLA-US,2025Q2,2025,0.008669392997161,953016.56,3711,20250703.0,19.0,TSLA-US
William Stein,Truist Securities,852,TSLA-US,2025Q2,2025,0.0083172079897255,953016.56,3711,20250702.0,20.0,TSLA-US
Jed Dorsheimer,William Blair,198,TSLA-US,2025Q2,2025,0.0049841151818304,953016.56,3711,20250703.0,19.0,TSLA-US
George Gianarikas,Canaccord Genuity,466,TSLA-US,2025Q2,2025,0.0145565769906718,953016.56,3711,20250423.0,90.0,TSLA-US
Yiming Wang,China Renaissance Securities (US),2903,TSLA-US,2025Q2,2025,0.0101291063944842,953016.56,3711,20250423.0,90.0,TSLA-US
Pierre Ferragu,New Street Research,1634,TSLA-US,2025Q2,2025,0.0116837907259699,953016.56,3711,20250623.0,29.0,TSLA-US
Battle Road Research Team,Battle Road Research,1037,TSLA-US,2025Q2,2025,0.0083378396647289,953016.56,3711,20250423.0,90.0,TSLA-US
Glenn Thum,Phillip Securities,651,TSLA-US,2025Q2,2025,0.0023894822225226,953016.56,3711,20250423.0,90.0,TSLA-US
William Selesky,Argus Research,376,TSLA-US,2025Q2,2025,0.0093179667432743,953016.56,3711,20250606.0,46.0,TSLA-US
Tony Shen,SPDB International,3451,TSLA-US,2025Q2,2025,0.0073915100716506,953016.56,3711,20250514.0,69.0,TSLA-US
Philippe Houchois,Jefferies,512,TSLA-US,2025Q2,2025,0.0095319734351764,953016.56,3711,20250502.0,81.0,TSLA-US
Adrian Yanoshik,Rothschild & Co Redburn,1652,TSLA-US,2025Q2,2025,,953016.56,3711,20250429.0,84.0,TSLA-US
Ji Wen,Founder Securities,1545,TSLA-US,2025Q2,2025,0.0143875895633364,953016.56,3711,20250425.0,88.0,TSLA-US
Jing Lin Li,First Shanghai,1701,TSLA-US,2025Q2,2025,0.0200655671218061,953016.56,3711,20250424.0,89.0,TSLA-US
Yu Jing Ni,Everbright Securities,1299,TSLA-US,2025Q2,2025,0.0091827768014059,953016.56,3711,20250423.0,90.0,TSLA-US
Oscar Wang,Haitong International Research,2898,TSLA-US,2025Q2,2025,0.0116837907259699,953016.56,3711,20250423.0,90.0,TSLA-US
Phoebe Wang,Fubon Securities,1084,TSLA-US,2025Q2,2025,0.0161450588076247,953016.56,3711,20250423.0,90.0,TSLA-US
Xue Deng,China International Capital,898,TSLA-US,2025Q2,2025,0.0148945518453427,953016.56,3711,20250221.0,151.0,TSLA-US
Yeon-Ju Park,Mirae Asset Securities,484,TSLA-US,2025Q2,2025,0.0069859402460456,953016.56,3711,20250423.0,90.0,TSLA-US
Chris Pierce,Needham,477,TSLA-US,2025Q2,2025,0.0072901176152494,953016.56,3711,20250423.0,90.0,TSLA-US
Gordon L. Johnson II,GLJ Research,3391,TSLA-US,2025Q1,2025,0.0045599897123751,750381.25,3711,20250417.0,4.0,TSLA-US
Vijay Rakesh,Mizuho Securities USA,1802,TSLA-US,2025Q1,2025,0.0149487762012945,750381.25,3711,20250408.0,13.0,TSLA-US
Colin M. Langan,Wells Fargo Securities,596,TSLA-US,2025Q1,2025,0.0082956834840756,750381.25,3711,20250130.0,81.0,TSLA-US
Dan Ives,Wedbush Securities,590,TSLA-US,2025Q1,2025,0.0117261777187191,750381.25,3711,20250404.0,17.0,TSLA-US
Colin Rusch,Oppenheimer,498,TSLA-US,2025Q1,2025,0.0120185177247203,750381.25,3711,20250417.0,4.0,TSLA-US
Phoebe Wang,Fubon Securities,1084,TSLA-US,2025Q1,2025,0.024535127952334,750381.25,3711,20250415.0,6.0,TSLA-US
Chris McNally,Evercore ISI,1772,TSLA-US,2025Q1,2025,0.0111612156543358,750381.25,3711,20250408.0,13.0,TSLA-US
Alexander E. Potter,Piper Sandler Companies,570,TSLA-US,2025Q1,2025,0.0137759869690085,750381.25,3711,20250414.0,7.0,TSLA-US
Itay Michaeli,TD Cowen,917,TSLA-US,2025Q1,2025,0.0165317844742595,750381.25,3711,20250304.0,48.0,TSLA-US
Edison Yu,Deutsche Bank Research,77,TSLA-US,2025Q1,2025,0.0090179604783745,750381.25,3711,20250411.0,10.0,TSLA-US
Mickey Legg,"Benchmark, a StoneX Company",1124,TSLA-US,2025Q1,2025,0.020548673325046,750381.25,3711,20250211.0,69.0,TSLA-US
Jairam Nathan,Daiwa Securities Co. Ltd.,467,TSLA-US,2025Q1,2025,0.0134330661408547,750381.25,3711,20250325.0,27.0,TSLA-US
Adrian Yanoshik,Rothschild & Co Redburn,1652,TSLA-US,2025Q1,2025,,750381.25,3711,20241025.0,178.0,TSLA-US
Vadim Merkulov,Freedom Broker,3713,TSLA-US,2025Q1,2025,0.0117184620000857,750381.25,3711,20241029.0,174.0,TSLA-US
Pierre Ferragu,New Street Research,1634,TSLA-US,2025Q1,2025,0.0214488404989498,750381.25,3711,20250130.0,81.0,TSLA-US
Ron Jewsikow,Guggenheim Securities,1515,TSLA-US,2025Q1,2025,0.0110326203437781,750381.25,3711,20250402.0,19.0,TSLA-US
William Stein,Truist Securities,852,TSLA-US,2025Q1,2025,0.0124043036563933,750381.25,3711,20250402.0,19.0,TSLA-US
George Gianarikas,Canaccord Genuity,466,TSLA-US,2025Q1,2025,0.0307158142226413,750381.25,3711,20250130.0,81.0,TSLA-US
Jed Dorsheimer,William Blair,198,TSLA-US,2025Q1,2025,0.0157049166273736,750381.25,3711,20250325.0,27.0,TSLA-US
Andres Sheppard,Cantor Fitzgerald,1190,TSLA-US,2025Q1,2025,0.0182339577350079,750381.25,3711,20250318.0,34.0,TSLA-US
Yeon-Ju Park,Mirae Asset Securities,484,TSLA-US,2025Q1,2025,0.0123614385528741,750381.25,3711,20250325.0,27.0,TSLA-US
Xue Deng,China International Capital,898,TSLA-US,2025Q1,2025,0.0198199665652192,750381.25,3711,20250221.0,59.0,TSLA-US
Tingting Song,Huatai Research,1271,TSLA-US,2025Q1,2025,0.013304470830297,750381.25,3711,20250204.0,76.0,TSLA-US
Yi Meng Ding,Guosheng Securities,3586,TSLA-US,2025Q1,2025,0.0181053624244502,750381.25,3711,20250213.0,67.0,TSLA-US
YongHuo Liang,China Merchants Securities,1788,TSLA-US,2025Q1,2025,0.0178481718033349,750381.25,3711,20250214.0,66.0,TSLA-US
Rong Jin,Huaan Securities,3624,TSLA-US,2025Q1,2025,0.0153619957992198,750381.25,3711,20250207.0,73.0,TSLA-US
Yu Jing Ni,Everbright Securities,1299,TSLA-US,2025Q1,2025,0.0156620515238544,750381.25,3711,20250130.0,81.0,TSLA-US
Heping Qin,Guotai Haitong Securities China,1094,TSLA-US,2025Q1,2025,0.0198199665652192,750381.25,3711,20250205.0,75.0,TSLA-US
Chris Pierce,Needham,477,TSLA-US,2025Q1,2025,0.0127900895880663,750381.25,3711,20250206.0,74.0,TSLA-US
Yiming Wang,China Renaissance Securities (US),2903,TSLA-US,2025Q1,2025,0.0143760984182776,750381.25,3711,20250206.0,74.0,TSLA-US
Jing Lin Li,First Shanghai,1701,TSLA-US,2025Q1,2025,0.0307077028591024,750381.25,3711,20250205.0,75.0,TSLA-US
Glenn Thum,Phillip Securities,651,TSLA-US,2025Q1,2025,0.0121042479317587,750381.25,3711,20250203.0,77.0,TSLA-US
William Selesky,Argus Research,376,TSLA-US,2025Q1,2025,0.0166908140083158,750381.25,3711,20250131.0,80.0,TSLA-US
Oscar Wang,Haitong International Research,2898,TSLA-US,2025Q1,2025,0.0167765442153542,750381.25,3711,20250130.0,81.0,TSLA-US
Philippe Houchois,Jefferies,512,TSLA-US,2025Q1,2025,0.0167131038621458,750381.25,3711,20241113.0,159.0,TSLA-US
Andres Sheppard,Cantor Fitzgerald,1190,TSLA-US,2024Q4,2024,0.0087597133918659,1272339.1,3711,20241024.0,96.0,TSLA-US
Gordon L. Johnson II,GLJ Research,3391,TSLA-US,2024Q4,2024,0.0046977495206378,1272339.1,3711,20250127.0,1.0,TSLA-US
Vijay Rakesh,Mizuho Securities USA,1802,TSLA-US,2024Q4,2024,0.006917953375719,1272339.1,3711,20241213.0,46.0,TSLA-US
Colin Rusch,Oppenheimer,498,TSLA-US,2024Q4,2024,0.0083308103744071,1272339.1,3711,20250122.0,6.0,TSLA-US
Phoebe Wang,Fubon Securities,1084,TSLA-US,2024Q4,2024,0.016505197295388,1272339.1,3711,20250121.0,7.0,TSLA-US
Jeff Osborne,TD Cowen,917,TSLA-US,2024Q4,2024,0.00946614189121,1272339.1,3711,20250102.0,26.0,TSLA-US
Alexander E. Potter,Piper Sandler Companies,570,TSLA-US,2024Q4,2024,0.0088606317489151,1272339.1,3711,20250117.0,11.0,TSLA-US
Oscar Wang,Haitong International Research,2898,TSLA-US,2024Q4,2024,0.009819356140882,1272339.1,3711,20250114.0,14.0,TSLA-US
YongHuo Liang,China Merchants Securities,1788,TSLA-US,2024Q4,2024,0.0109294580684226,1272339.1,3711,20241203.0,56.0,TSLA-US
Colin M. Langan,Wells Fargo Securities,596,TSLA-US,2024Q4,2024,0.0028812190937531,1272339.1,3711,20250114.0,14.0,TSLA-US
Edison Yu,Deutsche Bank Research,77,TSLA-US,2024Q4,2024,0.007293604299122,1272339.1,3711,20250108.0,20.0,TSLA-US
Jairam Nathan,Daiwa Securities Co. Ltd.,467,TSLA-US,2024Q4,2024,0.0085578766777676,1272339.1,3711,20241025.0,95.0,TSLA-US
George Gianarikas,Canaccord Genuity,466,TSLA-US,2024Q4,2024,0.0182964981330103,1272339.1,3711,20250102.0,26.0,TSLA-US
Chris McNally,Evercore ISI,1772,TSLA-US,2024Q4,2024,0.0080532848925219,1272339.1,3711,20250102.0,26.0,TSLA-US
Pierre Ferragu,New Street Research,1634,TSLA-US,2024Q4,2024,0.0117368049248158,1272339.1,3711,20250103.0,25.0,TSLA-US
Yue Zhu,China Securities,697,TSLA-US,2024Q4,2024,0.0061358361085881,1272339.1,3711,20250102.0,26.0,TSLA-US
William Stein,Truist Securities,852,TSLA-US,2024Q4,2024,0.0106267029972752,1272339.1,3711,20250102.0,26.0,TSLA-US
Philippe Houchois,Jefferies,512,TSLA-US,2024Q4,2024,0.0084700777071349,1272339.1,3711,20241113.0,76.0,TSLA-US
Jed Dorsheimer,William Blair,198,TSLA-US,2024Q4,2024,0.0092902916540518,1272339.1,3711,20240828.0,153.0,TSLA-US
Yeon-Ju Park,Mirae Asset Securities,484,TSLA-US,2024Q4,2024,0.0086840246240791,1272339.1,3711,20241115.0,74.0,TSLA-US
Vadim Merkulov,Freedom Broker,3713,TSLA-US,2024Q4,2024,0.0055807851448178,1272339.1,3711,20241029.0,91.0,TSLA-US
Tingting Song,Huatai Research,1271,TSLA-US,2024Q4,2024,0.0097436673730951,1272339.1,3711,20241028.0,92.0,TSLA-US
Rong Jin,Huaan Securities,3624,TSLA-US,2024Q4,2024,0.0106014734080129,1272339.1,3711,20241025.0,95.0,TSLA-US
Jing Lin Li,First Shanghai,1701,TSLA-US,2024Q4,2024,0.0160510646886668,1272339.1,3711,20241024.0,96.0,TSLA-US
Adrian Yanoshik,Rothschild & Co Redburn,1652,TSLA-US,2024Q4,2024,,1272339.1,3711,20241025.0,95.0,TSLA-US
Yu Jing Ni,Everbright Securities,1299,TSLA-US,2024Q4,2024,0.0085326470885053,1272339.1,3711,20241025.0,95.0,TSLA-US
Heping Qin,Guotai Haitong Securities China,1094,TSLA-US,2024Q4,2024,0.0095418306589968,1272339.1,3711,20241024.0,96.0,TSLA-US
Tony Shen,SPDB International,3451,TSLA-US,2024Q4,2024,0.0084064991421939,1272339.1,3711,20241024.0,96.0,TSLA-US
Yiming Wang,China Renaissance Securities (US),2903,TSLA-US,2024Q4,2024,0.0097184377838328,1272339.1,3711,20241024.0,96.0,TSLA-US
Chris Pierce,Needham,477,TSLA-US,2024Q4,2024,0.0097184377838328,1272339.1,3711,20241024.0,96.0,TSLA-US
Gordon L. Johnson II,GLJ Research,3391,TSLA-US,2024Q3,2024,0.0017748296063279,1458710.5,3711,20251021.0,0.0,TSLA-US
Andres Sheppard,Cantor Fitzgerald,1190,TSLA-US,2024Q3,2024,0.0051941006177482,1458710.5,3711,20251020.0,1.0,TSLA-US
Glenn Thum,Phillip Securities,651,TSLA-US,2024Q3,2024,0.0025498643689165,1458710.5,3711,20250724.0,89.0,TSLA-US
Dan Ives,Wedbush Securities,590,TSLA-US,2024Q3,2024,0.0049661492169869,1458710.5,3711,20250423.0,181.0,TSLA-US
Rob Wertheimer,Melius Research,3130,TSLA-US,2024Q3,2024,0.0039631630536369,1458710.5,3711,20251010.0,11.0,TSLA-US
Colin Rusch,Oppenheimer,498,TSLA-US,2024Q3,2024,0.0037352116528756,1458710.5,3711,20251014.0,7.0,TSLA-US
Jed Dorsheimer,William Blair,198,TSLA-US,2024Q3,2024,0.0021206318812829,1458710.5,3711,20250930.0,21.0,TSLA-US
Chris McNally,Evercore ISI,1772,TSLA-US,2024Q3,2024,0.0021851421276983,1458710.5,3711,20251010.0,11.0,TSLA-US
Itay Michaeli,TD Cowen,917,TSLA-US,2024Q3,2024,0.0047557500740842,1458710.5,3711,20250724.0,89.0,TSLA-US
Colin M. Langan,Wells Fargo Securities,596,TSLA-US,2024Q3,2024,0.0004071212017597,1458710.5,3711,20251009.0,12.0,TSLA-US
Tom Narayan,RBC Capital Markets,1269,TSLA-US,2024Q3,2024,0.0047609929563017,1458710.5,3711,20251008.0,13.0,TSLA-US
Edison Yu,Deutsche Bank Research,77,TSLA-US,2024Q3,2024,0.00187667373316,1458710.5,3711,20251007.0,14.0,TSLA-US
Jing Lin Li,First Shanghai,1701,TSLA-US,2024Q3,2024,0.0083170348081788,1458710.5,3711,20250725.0,88.0,TSLA-US
Jairam Nathan,Daiwa Securities Co. Ltd.,467,TSLA-US,2024Q3,2024,0.0029145866101347,1458710.5,3711,20250724.0,89.0,TSLA-US
George Gianarikas,Canaccord Genuity,466,TSLA-US,2024Q3,2024,0.0087501424696254,1458710.5,3711,20250724.0,89.0,TSLA-US
Mickey Legg,"Benchmark, a StoneX Company",1124,TSLA-US,2024Q3,2024,0.0072000729444482,1458710.5,3711,20250724.0,89.0,TSLA-US
Vijay Rakesh,Mizuho Securities USA,1802,TSLA-US,2024Q3,2024,0.0045070550958535,1458710.5,3711,20250919.0,32.0,TSLA-US
Pierre Ferragu,New Street Research,1634,TSLA-US,2024Q3,2024,0.0065618090223164,1458710.5,3711,20250724.0,89.0,TSLA-US
Tingting Song,Huatai Research,1271,TSLA-US,2024Q3,2024,0.0059235451001846,1458710.5,3711,20250204.0,259.0,TSLA-US
Alexander E. Potter,Piper Sandler Companies,570,TSLA-US,2024Q3,2024,0.0049205589368346,1458710.5,3711,20250919.0,32.0,TSLA-US
Xue Deng,China International Capital,898,TSLA-US,2024Q3,2024,0.0084766007887118,1458710.5,3711,20250916.0,35.0,TSLA-US
Oscar Wang,Haitong International Research,2898,TSLA-US,2024Q3,2024,0.0061970867810982,1458710.5,3711,20250724.0,89.0,TSLA-US
Adrian Yanoshik,Rothschild & Co Redburn,1652,TSLA-US,2024Q3,2024,,1458710.5,3711,20250909.0,42.0,TSLA-US
YongHuo Liang,China Merchants Securities,1788,TSLA-US,2024Q3,2024,0.0052416731632815,1458710.5,3711,20250908.0,43.0,TSLA-US
Yue Wang,Zhongtai Securities,2052,TSLA-US,2024Q3,2024,0.0045786318356926,1458710.5,3711,20250811.0,71.0,TSLA-US
William Selesky,Argus Research,376,TSLA-US,2024Q3,2024,0.0044646561353119,1458710.5,3711,20250725.0,88.0,TSLA-US
Tony Shen,SPDB International,3451,TSLA-US,2024Q3,2024,0.0029373817502108,1458710.5,3711,20250724.0,89.0,TSLA-US
Yiming Wang,China Renaissance Securities (US),2903,TSLA-US,2024Q3,2024,0.0036212359524949,1458710.5,3711,20250724.0,89.0,TSLA-US
Yu Jing Ni,Everbright Securities,1299,TSLA-US,2024Q3,2024,0.0047837880963778,1458710.5,3711,20250724.0,89.0,TSLA-US
Siyu Cai,Mega Intl Invst Serv,1175,TSLA-US,2024Q3,2024,0.0039859581937131,1458710.5,3711,20250724.0,89.0,TSLA-US
Cindy Yen,Fubon Securities,1084,TSLA-US,2024Q3,2024,0.0048521735166062,1458710.5,3711,20250724.0,89.0,TSLA-US
William Stein,Truist Securities,852,TSLA-US,2024Q3,2024,0.0049205589368346,1458710.5,3711,20250702.0,111.0,TSLA-US
Philippe Houchois,Jefferies,512,TSLA-US,2024Q3,2024,0.0047566880940983,1458710.5,3711,20250724.0,89.0,TSLA-US
Yeon-Ju Park,Mirae Asset Securities,484,TSLA-US,2024Q3,2024,0.0042822950147028,1458710.5,3711,20250724.0,89.0,TSLA-US
Chris Pierce,Needham,477,TSLA-US,2024Q3,2024,0.0022763226880029,1458710.5,3711,20250724.0,89.0,TSLA-US
Ron Jewsikow,Guggenheim Securities,1515,TSLA-US,2024Q2,2024,0.003642692983642,953016.56,3711,20250703.0,19.0,TSLA-US
Mickey Legg,"Benchmark, a StoneX Company",1124,TSLA-US,2024Q2,2024,0.0133087738272272,953016.56,3711,20250423.0,90.0,TSLA-US
Gordon L. Johnson II,GLJ Research,3391,TSLA-US,2024Q2,2024,0.001986616195755,953016.56,3711,20250721.0,1.0,TSLA-US
Dan Ives,Wedbush Securities,590,TSLA-US,2024Q2,2024,0.0081715560362309,953016.56,3711,20250423.0,90.0,TSLA-US
YongHuo Liang,China Merchants Securities,1788,TSLA-US,2024Q2,2024,0.0085071305934838,953016.56,3711,20250718.0,4.0,TSLA-US
Chris McNally,Evercore ISI,1772,TSLA-US,2024Q2,2024,0.0045552250912532,953016.56,3711,20250711.0,11.0,TSLA-US
Andres Sheppard,Cantor Fitzgerald,1190,TSLA-US,2024Q2,2024,0.0117878869812085,953016.56,3711,20250423.0,90.0,TSLA-US
Alexander E. Potter,Piper Sandler Companies,570,TSLA-US,2024Q2,2024,0.0083067459780992,953016.56,3711,20250718.0,4.0,TSLA-US
Edison Yu,Deutsche Bank Research,77,TSLA-US,2024Q2,2024,0.0055581857509801,953016.56,3711,20250423.0,90.0,TSLA-US
Itay Michaeli,TD Cowen,917,TSLA-US,2024Q2,2024,0.0085531296471542,953016.56,3711,20250711.0,11.0,TSLA-US
Colin Rusch,Oppenheimer,498,TSLA-US,2024Q2,2024,0.0066168717047451,953016.56,3711,20250715.0,7.0,TSLA-US
Colin M. Langan,Wells Fargo Securities,596,TSLA-US,2024Q2,2024,0.0028653508178991,953016.56,3711,20250616.0,36.0,TSLA-US
Tom Narayan,RBC Capital Markets,1269,TSLA-US,2024Q2,2024,0.0087461132891712,953016.56,3711,20250707.0,15.0,TSLA-US
Jairam Nathan,Daiwa Securities Co. Ltd.,467,TSLA-US,2024Q2,2024,0.0087799107746383,953016.56,3711,20250423.0,90.0,TSLA-US
Vijay Rakesh,Mizuho Securities USA,1802,TSLA-US,2024Q2,2024,0.0084355143977288,953016.56,3711,20250703.0,19.0,TSLA-US
William Stein,Truist Securities,852,TSLA-US,2024Q2,2024,0.0080833293902933,953016.56,3711,20250702.0,20.0,TSLA-US
Jed Dorsheimer,William Blair,198,TSLA-US,2024Q2,2024,0.0047502365823982,953016.56,3711,20250703.0,19.0,TSLA-US
George Gianarikas,Canaccord Genuity,466,TSLA-US,2024Q2,2024,0.0143226983912396,953016.56,3711,20250423.0,90.0,TSLA-US
Yiming Wang,China Renaissance Securities (US),2903,TSLA-US,2024Q2,2024,0.009895227795052,953016.56,3711,20250423.0,90.0,TSLA-US
Pierre Ferragu,New Street Research,1634,TSLA-US,2024Q2,2024,0.0114499121265377,953016.56,3711,20250623.0,29.0,TSLA-US
Battle Road Research Team,Battle Road Research,1037,TSLA-US,2024Q2,2024,0.0081039610652967,953016.56,3711,20250423.0,90.0,TSLA-US
Glenn Thum,Phillip Securities,651,TSLA-US,2024Q2,2024,0.0021556036230904,953016.56,3711,20250423.0,90.0,TSLA-US
William Selesky,Argus Research,376,TSLA-US,2024Q2,2024,0.009084088143842,953016.56,3711,20250606.0,46.0,TSLA-US
Tony Shen,SPDB International,3451,TSLA-US,2024Q2,2024,0.0071576314722184,953016.56,3711,20250514.0,69.0,TSLA-US
Philippe Houchois,Jefferies,512,TSLA-US,2024Q2,2024,0.0092980948357442,953016.56,3711,20250502.0,81.0,TSLA-US
Adrian Yanoshik,Rothschild & Co Redburn,1652,TSLA-US,2024Q2,2024,,953016.56,3711,20250429.0,84.0,TSLA-US
Ji Wen,Founder Securities,1545,TSLA-US,2024Q2,2024,0.0141537109639042,953016.56,3711,20250425.0,88.0,TSLA-US
Jing Lin Li,First Shanghai,1701,TSLA-US,2024Q2,2024,0.0198316885223739,953016.56,3711,20250424.0,89.0,TSLA-US
Yu Jing Ni,Everbright Securities,1299,TSLA-US,2024Q2,2024,0.0089488982019737,953016.56,3711,20250423.0,90.0,TSLA-US
Oscar Wang,Haitong International Research,2898,TSLA-US,2024Q2,2024,0.0114499121265377,953016.56,3711,20250423.0,90.0,TSLA-US
Phoebe Wang,Fubon Securities,1084,TSLA-US,2024Q2,2024,0.0159111802081925,953016.56,3711,20250423.0,90.0,TSLA-US
Xue Deng,China International Capital,898,TSLA-US,2024Q2,2024,0.0146606732459105,953016.56,3711,20250221.0,151.0,TSLA-US
Yeon-Ju Park,Mirae Asset Securities,484,TSLA-US,2024Q2,2024,0.0067520616466134,953016.56,3711,20250423.0,90.0,TSLA-US
Chris Pierce,Needham,477,TSLA-US,2024Q2,2024,0.0070562390158172,953016.56,3711,20250423.0,90.0,TSLA-US
Gordon L. Johnson II,GLJ Research,3391,TSLA-US,2024Q1,2024,0.0032963264606284,750381.25,3711,20250417.0,4.0,TSLA-US
Vijay Rakesh,Mizuho Securities USA,1802,TSLA-US,2024Q1,2024,0.0136851129495477,750381.25,3711,20250408.0,13.0,TSLA-US
Colin M. Langan,Wells Fargo Securities,596,TSLA-US,2024Q1,2024,0.0070320202323288,750381.25,3711,20250130.0,81.0,TSLA-US
Dan Ives,Wedbush Securities,590,TSLA-US,2024Q1,2024,0.0104625144669724,750381.25,3711,20250404.0,17.0,TSLA-US
Colin Rusch,Oppenheimer,498,TSLA-US,2024Q1,2024,0.0107548544729735,750381.25,3711,20250417.0,4.0,TSLA-US
Phoebe Wang,Fubon Securities,1084,TSLA-US,2024Q1,2024,0.0232714647005872,750381.25,3711,20250415.0,6.0,TSLA-US
Chris McNally,Evercore ISI,1772,TSLA-US,2024Q1,2024,0.009897552402589,750381.25,3711,20250408.0,13.0,TSLA-US
Alexander E. Potter,Piper Sandler Companies,570,TSLA-US,2024Q1,2024,0.0125123237172617,750381.25,3711,20250414.0,7.0,TSLA-US
Itay Michaeli,TD Cowen,917,TSLA-US,2024Q1,2024,0.0152681212225127,750381.25,3711,20250304.0,48.0,TSLA-US
Edison Yu,Deutsche Bank Research,77,TSLA-US,2024Q1,2024,0.0077542972266278,750381.25,3711,20250411.0,10.0,TSLA-US
Mickey Legg,"Benchmark, a StoneX Company",1124,TSLA-US,2024Q1,2024,0.0192850100732993,750381.25,3711,20250211.0,69.0,TSLA-US
Jairam Nathan,Daiwa Securities Co. Ltd.,467,TSLA-US,2024Q1,2024,0.0121694028891079,750381.25,3711,20250325.0,27.0,TSLA-US
Adrian Yanoshik,Rothschild & Co Redburn,1652,TSLA-US,2024Q1,2024,,750381.25,3711,20241025.0,178.0,TSLA-US
Vadim Merkulov,Freedom Broker,3713,TSLA-US,2024Q1,2024,0.0104547987483389,750381.25,3711,20241029.0,174.0,TSLA-US
Pierre Ferragu,New Street Research,1634,TSLA-US,2024Q1,2024,0.020185177247203,750381.25,3711,20250130.0,81.0,TSLA-US
Ron Jewsikow,Guggenheim Securities,1515,TSLA-US,2024Q1,2024,0.0097689570920313,750381.25,3711,20250402.0,19.0,TSLA-US
William Stein,Truist Securities,852,TSLA-US,2024Q1,2024,0.0111406404046465,750381.25,3711,20250402.0,19.0,TSLA-US
George Gianarikas,Canaccord Genuity,466,TSLA-US,2024Q1,2024,0.0294521509708945,750381.25,3711,20250130.0,81.0,TSLA-US
Jed Dorsheimer,William Blair,198,TSLA-US,2024Q1,2024,0.0144412533756269,750381.25,3711,20250325.0,27.0,TSLA-US
Andres Sheppard,Cantor Fitzgerald,1190,TSLA-US,2024Q1,2024,0.0169702944832611,750381.25,3711,20250318.0,34.0,TSLA-US
Yeon-Ju Park,Mirae Asset Securities,484,TSLA-US,2024Q1,2024,0.0110977753011273,750381.25,3711,20250325.0,27.0,TSLA-US
Xue Deng,China International Capital,898,TSLA-US,2024Q1,2024,0.0185563033134725,750381.25,3711,20250221.0,59.0,TSLA-US
Tingting Song,Huatai Research,1271,TSLA-US,2024Q1,2024,0.0120408075785503,750381.25,3711,20250204.0,76.0,TSLA-US
Yi Meng Ding,Guosheng Securities,3586,TSLA-US,2024Q1,2024,0.0168416991727035,750381.25,3711,20250213.0,67.0,TSLA-US
YongHuo Liang,China Merchants Securities,1788,TSLA-US,2024Q1,2024,0.0165845085515881,750381.25,3711,20250214.0,66.0,TSLA-US
Rong Jin,Huaan Securities,3624,TSLA-US,2024Q1,2024,0.0140983325474731,750381.25,3711,20250207.0,73.0,TSLA-US
Yu Jing Ni,Everbright Securities,1299,TSLA-US,2024Q1,2024,0.0143983882721076,750381.25,3711,20250130.0,81.0,TSLA-US
Heping Qin,Guotai Haitong Securities China,1094,TSLA-US,2024Q1,2024,0.0185563033134725,750381.25,3711,20250205.0,75.0,TSLA-US
Chris Pierce,Needham,477,TSLA-US,2024Q1,2024,0.0115264263363196,750381.25,3711,20250206.0,74.0,TSLA-US
Yiming Wang,China Renaissance Securities (US),2903,TSLA-US,2024Q1,2024,0.0131124351665309,750381.25,3711,20250206.0,74.0,TSLA-US
Jing Lin Li,First Shanghai,1701,TSLA-US,2024Q1,2024,0.0294440396073556,750381.25,3711,20250205.0,75.0,TSLA-US
Glenn Thum,Phillip Securities,651,TSLA-US,2024Q1,2024,0.010840584680012,750381.25,3711,20250203.0,77.0,TSLA-US
William Selesky,Argus Research,376,TSLA-US,2024Q1,2024,0.015427150756569,750381.25,3711,20250131.0,80.0,TSLA-US
Oscar Wang,Haitong International Research,2898,TSLA-US,2024Q1,2024,0.0155128809636075,750381.25,3711,20250130.0,81.0,TSLA-US
Philippe Houchois,Jefferies,512,TSLA-US,2024Q1,2024,0.015449440610399,750381.25,3711,20241113.0,159.0,TSLA-US
Gordon L. Johnson II,GLJ Research,3391,TSLA-US,2023Q4,2023,-0.0032345931222335,748347.6,3711,20240122.0,1.0,TSLA-US
Jeff Osborne,TD Cowen,917,TSLA-US,2023Q4,2023,0.0212257405515832,748347.6,3711,20231019.0,96.0,TSLA-US
Vijay Rakesh,Mizuho Securities USA,1802,TSLA-US,2023Q4,2023,0.0245999319033026,748347.6,3711,20231019.0,96.0,TSLA-US
Colin M. Langan,Wells Fargo Securities,596,TSLA-US,2023Q4,2023,0.0073629553966632,748347.6,3711,20231019.0,96.0,TSLA-US
Chris McNally,Evercore ISI,1772,TSLA-US,2023Q4,2023,0.0162155260469867,748347.6,3711,20231020.0,95.0,TSLA-US
Jennifer Liang,KGI Securities,671,TSLA-US,2023Q4,2023,0.0273237997957099,748347.6,3711,20231002.0,113.0,TSLA-US
Chris McNally,Evercore ISI,1772,TSLA-US,2023Q3,2023,0.0232428396385357,828920.4,3711,20230720.0,89.0,TSLA-US
Tom Narayan,RBC Capital Markets,1269,TSLA-US,2023Q3,2023,0.0235874559656915,828920.4,3711,20231013.0,4.0,TSLA-US
Vijay Rakesh,Mizuho Securities USA,1802,TSLA-US,2023Q3,2023,0.031130724460101,828920.4,3711,20230720.0,89.0,TSLA-US
Colin M. Langan,Wells Fargo Securities,596,TSLA-US,2023Q3,2023,0.0140530709143819,828920.4,3711,20231006.0,11.0,TSLA-US
Jennifer Liang,KGI Securities,671,TSLA-US,2023Q3,2023,0.031245596569153,828920.4,3711,20231002.0,15.0,TSLA-US
George Gianarikas,Canaccord Genuity,466,TSLA-US,2023Q3,2023,0.041469214274774,828920.4,3711,20231002.0,15.0,TSLA-US
Jeff Osborne,TD Cowen,917,TSLA-US,2023Q3,2023,0.0287184101700107,828920.4,3711,20230929.0,18.0,TSLA-US
Vijay Rakesh,Mizuho Securities USA,1802,TSLA-US,2023Q2,2023,0.0222769753610875,895321.6,3711,20230420.0,89.0,TSLA-US
Colin M. Langan,Wells Fargo Securities,596,TSLA-US,2023Q2,2023,0.012470971396205,895321.6,3711,20230714.0,4.0,TSLA-US
Chris McNally,Evercore ISI,1772,TSLA-US,2023Q2,2023,0.0214981591617105,895321.6,3711,20230710.0,8.0,TSLA-US
Jeff Osborne,TD Cowen,917,TSLA-US,2023Q2,2023,0.0220999716794109,895321.6,3711,20230703.0,15.0,TSLA-US
Tom Narayan,RBC Capital Markets,1269,TSLA-US,2023Q2,2023,0.0202591333899745,895321.6,3711,20221214.0,216.0,TSLA-US
Cheng Chieh Tsai,First Capital Management,1173,TSM-US,2026Q1,2026,0.0342257313537731,1771139.5,3674,20260408.0,7.0,TSM-US
Matthew Bryson,Wedbush Securities,590,TSM-US,2026Q1,2026,0.0315666447040908,1771139.5,3674,20260309.0,37.0,TSM-US
Mark Li,Bernstein Research,1140,TSM-US,2026Q1,2026,,1771139.5,3674,20260313.0,33.0,TSM-US
Robert Sanders,Deutsche Bank Research,77,TSM-US,2026Q1,2026,0.0313064569972766,1771139.5,3674,20260116.0,89.0,TSM-US
Felix Hsu,IBF Securities,3105,TSM-US,2026Q1,2026,0.0317624147119974,1771139.5,3674,20260115.0,90.0,TSM-US
Li Yen Chen,Capital Securities Asia,1128,TSM-US,2026Q1,2026,0.0307999619315353,1771139.5,3674,20260410.0,5.0,TSM-US
Stefan Chang,Aletheia Capital,2859,TSM-US,2026Q1,2026,0.0371508126153035,1771139.5,3674,20260409.0,6.0,TSM-US
Stephano Gabriel,Itau Securities,1394,TSM-US,2026Q1,2026,0.0245705584350932,1771139.5,3674,20251003.0,194.0,TSM-US
Wayne Lin,Yuanta Research,762,TSM-US,2026Q1,2026,0.0327598421622887,1771139.5,3674,20260409.0,6.0,TSM-US
Felix Pan,KGI Securities,671,TSM-US,2026Q1,2026,0.0343049811121848,1771139.5,3674,20260409.0,6.0,TSM-US
Aaron Jeng,Nomura Research,143,TSM-US,2026Q1,2026,,1771139.5,3674,20260409.0,6.0,TSM-US
Mehdi Hosseini,Susquehanna Financial Group,974,TSM-US,2026Q1,2026,0.0356104131892588,1771139.5,3674,20260408.0,7.0,TSM-US
Kevin Wang,Mizuho Securities Asia Ex Japan,1819,TSM-US,2026Q1,2026,0.031793856335471,1771139.5,3674,20260115.0,90.0,TSM-US
Sherman Shang,Fubon Securities,1084,TSM-US,2026Q1,2026,0.0338768338750768,1771139.5,3674,20260407.0,8.0,TSM-US
Krish Sankar,TD Cowen,917,TSM-US,2026Q1,2026,0.0314397961872968,1771139.5,3674,20260407.0,8.0,TSM-US
Jack Zhou,China Renaissance Securities (US),2903,TSM-US,2026Q1,2026,0.03574700869718,1771139.5,3674,20260401.0,14.0,TSM-US
Ian Chi,Cathay Securities,3216,TSM-US,2026Q1,2026,0.0333738733198629,1771139.5,3674,20260202.0,72.0,TSM-US
Pei Wen Chen,Mega Intl Invst Serv,1175,TSM-US,2026Q1,2026,0.0247935957129052,1771139.5,3674,20260313.0,33.0,TSM-US
Yen Chun Wang,SinoPac Securities Investment Services,1120,TSM-US,2026Q1,2026,0.0325814811561099,1771139.5,3674,20260304.0,42.0,TSM-US
Gil Luria,DA Davidson,556,TSM-US,2026Q1,2026,0.0318621335910275,1771139.5,3674,20260210.0,64.0,TSM-US
Ling Ji Cao,First Shanghai,1701,TSM-US,2026Q1,2026,0.0258769480804708,1771139.5,3674,20260202.0,72.0,TSM-US
Egor Tolmachev,Freedom Broker,3713,TSM-US,2026Q1,2026,0.0312517936103546,1771139.5,3674,20260121.0,84.0,TSM-US
Tony Shen,SPDB International,3451,TSM-US,2026Q1,2026,0.0321745483030249,1771139.5,3674,20260116.0,89.0,TSM-US
Barney Yao,Haitong International Research,2898,TSM-US,2026Q1,2026,0.0306909836305601,1771139.5,3674,20260115.0,90.0,TSM-US
Dawei Wang,Bocom International,1746,TSM-US,2026Q1,2026,0.0318625991976338,1771139.5,3674,20260115.0,90.0,TSM-US
Pierre Ferragu,New Street Research,1634,TSM-US,2026Q1,2026,0.0332677384403642,1771139.5,3674,20260115.0,90.0,TSM-US
Leping Huang,Huatai Research,1271,TSM-US,2026Q1,2026,0.0329219713608011,1771139.5,3674,20260115.0,90.0,TSM-US
Heping Qin,Guotai Haitong Securities China,1094,TSM-US,2026Q1,2026,0.0320360713344461,1771139.5,3674,20260115.0,90.0,TSM-US
Sarena Hsu,Masterlink Securities,731,TSM-US,2026Q1,2026,0.0309924683006823,1771139.5,3674,20260115.0,90.0,TSM-US
Charles Shi,Needham,477,TSM-US,2026Q1,2026,0.0286408884593985,1771139.5,3674,20260115.0,90.0,TSM-US
Jim Hin Kwong Au,DBS Bank,469,TSM-US,2026Q1,2026,0.025635318750183,1771139.5,3674,20260114.0,91.0,TSM-US
Rick Hsu,Daiwa Securities Co. Ltd.,467,TSM-US,2026Q1,2026,0.0329827315587572,1771139.5,3674,20260115.0,90.0,TSM-US
James Kelleher,Argus Research,376,TSM-US,2026Q1,2026,0.0323892354095288,1771139.5,3674,20260115.0,90.0,TSM-US
Jim Hin Kwong Au,DBS Bank,469,TSM-US,2025Q4,2025,0.0299184869525157,1576127.0,3674,20260114.0,0.0,TSM-US
Pierre Ferragu,New Street Research,1634,TSM-US,2025Q4,2025,0.036554016255882,1576127.0,3674,20260106.0,8.0,TSM-US
Li Yen Chen,Capital Securities Asia,1128,TSM-US,2025Q4,2025,0.0316737388528743,1576127.0,3674,20260101.0,13.0,TSM-US
Krish Sankar,TD Cowen,917,TSM-US,2025Q4,2025,0.031618019678173,1576127.0,3674,20260112.0,2.0,TSM-US
Anthony Lau,Yuanta Research,762,TSM-US,2025Q4,2025,0.0337334923821119,1576127.0,3674,20260112.0,2.0,TSM-US
Barney Yao,Haitong International Research,2898,TSM-US,2025Q4,2025,0.0368907400704202,1576127.0,3674,20260109.0,5.0,TSM-US
Stephano Gabriel,Itau Securities,1394,TSM-US,2025Q4,2025,0.0287551416631017,1576127.0,3674,20251003.0,103.0,TSM-US
Pei Wen Chen,Mega Intl Invst Serv,1175,TSM-US,2025Q4,2025,0.0294423409786435,1576127.0,3674,20251125.0,50.0,TSM-US
Mark Li,Bernstein Research,1140,TSM-US,2025Q4,2025,,1576127.0,3674,20260108.0,6.0,TSM-US
Mehdi Hosseini,Susquehanna Financial Group,974,TSM-US,2025Q4,2025,0.0332445588864391,1576127.0,3674,20251107.0,68.0,TSM-US
Matthew Bryson,Wedbush Securities,590,TSM-US,2025Q4,2025,0.0295723748724867,1576127.0,3674,20260109.0,5.0,TSM-US
Sherman Shang,Fubon Securities,1084,TSM-US,2025Q4,2025,0.0334378525124222,1576127.0,3674,20260108.0,6.0,TSM-US
Aaron Jeng,Nomura Research,143,TSM-US,2025Q4,2025,,1576127.0,3674,20260107.0,7.0,TSM-US
Robert Sanders,Deutsche Bank Research,77,TSM-US,2025Q4,2025,0.0315446543157063,1576127.0,3674,20251016.0,90.0,TSM-US
Felix Pan,KGI Securities,671,TSM-US,2025Q4,2025,0.0317931258020994,1576127.0,3674,20260105.0,9.0,TSM-US
Kevin Wang,Mizuho Securities Asia Ex Japan,1819,TSM-US,2025Q4,2025,0.0329162328474118,1576127.0,3674,20260102.0,12.0,TSM-US
Leping Huang,Huatai Research,1271,TSM-US,2025Q4,2025,0.0293917009444206,1576127.0,3674,20260102.0,12.0,TSM-US
Charles Shi,Needham,477,TSM-US,2025Q4,2025,0.0305560531771364,1576127.0,3674,20260102.0,12.0,TSM-US
Stefan Chang,Aletheia Capital,2859,TSM-US,2025Q4,2025,0.0404403089933857,1576127.0,3674,20260101.0,13.0,TSM-US
Jun Yun Chen,Citic Securities,1123,TSM-US,2025Q4,2025,0.0291500213893185,1576127.0,3674,20251230.0,15.0,TSM-US
Ling Ji Cao,First Shanghai,1701,TSM-US,2025Q4,2025,0.0291234657277304,1576127.0,3674,20251021.0,85.0,TSM-US
Felix Hsu,IBF Securities,3105,TSM-US,2025Q4,2025,0.031977811050051,1576127.0,3674,20251016.0,90.0,TSM-US
Cheng Chieh Tsai,First Capital Management,1173,TSM-US,2025Q4,2025,0.0304200895060712,1576127.0,3674,20251210.0,35.0,TSM-US
Jun Xia,Guosheng Securities,3586,TSM-US,2025Q4,2025,0.0315813369969396,1576127.0,3674,20251028.0,78.0,TSM-US
Rong Jin,Huaan Securities,3624,TSM-US,2025Q4,2025,0.0312051400177695,1576127.0,3674,20251020.0,86.0,TSM-US
Dawei Wang,Bocom International,1746,TSM-US,2025Q4,2025,0.0304172957320082,1576127.0,3674,20251016.0,90.0,TSM-US
Heping Qin,Guotai Haitong Securities China,1094,TSM-US,2025Q4,2025,0.0351328145052486,1576127.0,3674,20251016.0,90.0,TSM-US
Tony Shen,SPDB International,3451,TSM-US,2025Q4,2025,0.0292742900391589,1576127.0,3674,20251016.0,90.0,TSM-US
Sarena Hsu,Masterlink Securities,731,TSM-US,2025Q4,2025,0.0301772549277699,1576127.0,3674,20251016.0,90.0,TSM-US
Rick Hsu,Daiwa Securities Co. Ltd.,467,TSM-US,2025Q4,2025,0.0312742505511862,1576127.0,3674,20251016.0,90.0,TSM-US
James Kelleher,Argus Research,376,TSM-US,2025Q4,2025,0.0288538615946559,1576127.0,3674,20251016.0,90.0,TSM-US
Cheng Chieh Tsai,First Capital Management,1173,TSM-US,2025Q3,2025,0.0279734511124223,1494289.0,3674,20250929.0,16.0,TSM-US
Li Yen Chen,Capital Securities Asia,1128,TSM-US,2025Q3,2025,0.0312433237305195,1494289.0,3674,20251006.0,9.0,TSM-US
Felix Hsu,IBF Securities,3105,TSM-US,2025Q3,2025,0.0305704210197494,1494289.0,3674,20250912.0,33.0,TSM-US
Barney Yao,Haitong International Research,2898,TSM-US,2025Q3,2025,0.0362113671861441,1494289.0,3674,20251014.0,1.0,TSM-US
Leping Huang,Huatai Research,1271,TSM-US,2025Q3,2025,0.0294961993682968,1494289.0,3674,20251014.0,1.0,TSM-US
Robert Sanders,Deutsche Bank Research,77,TSM-US,2025Q3,2025,0.0269850647322203,1494289.0,3674,20251014.0,1.0,TSM-US
Sherman Shang,Fubon Securities,1084,TSM-US,2025Q3,2025,0.0322305820693485,1494289.0,3674,20251010.0,5.0,TSM-US
Krish Sankar,TD Cowen,917,TSM-US,2025Q3,2025,0.0259796605463191,1494289.0,3674,20251010.0,5.0,TSM-US
Mehdi Hosseini,Susquehanna Financial Group,974,TSM-US,2025Q3,2025,0.0307694977612717,1494289.0,3674,20251009.0,6.0,TSM-US
Stephano Gabriel,Itau Securities,1394,TSM-US,2025Q3,2025,0.0311860053451806,1494289.0,3674,20251003.0,12.0,TSM-US
Mark Li,Bernstein Research,1140,TSM-US,2025Q3,2025,,1494289.0,3674,20251003.0,12.0,TSM-US
Anthony Lau,Yuanta Research,762,TSM-US,2025Q3,2025,0.0296164832876331,1494289.0,3674,20251008.0,7.0,TSM-US
Matthew Bryson,Wedbush Securities,590,TSM-US,2025Q3,2025,0.0293720211030509,1494289.0,3674,20251008.0,7.0,TSM-US
Aaron Jeng,Nomura Research,143,TSM-US,2025Q3,2025,,1494289.0,3674,20251008.0,7.0,TSM-US
Yen Chun Wang,SinoPac Securities Investment Services,1120,TSM-US,2025Q3,2025,0.0271217590503627,1494289.0,3674,20250918.0,27.0,TSM-US
Felix Pan,KGI Securities,671,TSM-US,2025Q3,2025,0.0326122869737253,1494289.0,3674,20251001.0,14.0,TSM-US
Kevin Wang,Mizuho Securities Asia Ex Japan,1819,TSM-US,2025Q3,2025,0.03029723716636,1494289.0,3674,20250926.0,19.0,TSM-US
Warren Lau,Aletheia Capital,2859,TSM-US,2025Q3,2025,0.0371717885529832,1494289.0,3674,20250922.0,23.0,TSM-US
Ling Ji Cao,First Shanghai,1701,TSM-US,2025Q3,2025,0.0324309777515532,1494289.0,3674,20250721.0,86.0,TSM-US
Jim Hin Kwong Au,DBS Bank,469,TSM-US,2025Q3,2025,0.0309549928846621,1494289.0,3674,20250717.0,90.0,TSM-US
Colin Liu,China Renaissance Securities (US),2903,TSM-US,2025Q3,2025,0.0326156398597757,1494289.0,3674,20250718.0,89.0,TSM-US
Heping Qin,Guotai Haitong Securities China,1094,TSM-US,2025Q3,2025,0.0341301308527992,1494289.0,3674,20250717.0,90.0,TSM-US
Tony Shen,SPDB International,3451,TSM-US,2025Q3,2025,0.0297749852486897,1494289.0,3674,20250717.0,90.0,TSM-US
Sarena Hsu,Masterlink Securities,731,TSM-US,2025Q3,2025,0.0295743431328312,1494289.0,3674,20250717.0,90.0,TSM-US
Charles Shi,Needham,477,TSM-US,2025Q3,2025,0.0256263892263371,1494289.0,3674,20250717.0,90.0,TSM-US
Rick Hsu,Daiwa Securities Co. Ltd.,467,TSM-US,2025Q3,2025,0.0252581444587136,1494289.0,3674,20250717.0,90.0,TSM-US
James Kelleher,Argus Research,376,TSM-US,2025Q3,2025,0.0300753184547568,1494289.0,3674,20250717.0,90.0,TSM-US
Cheng Chieh Tsai,First Capital Management,1173,TSM-US,2025Q2,2025,0.0367131806506849,1211571.8,3674,20250715.0,1.0,TSM-US
Li Yen Chen,Capital Securities Asia,1128,TSM-US,2025Q2,2025,0.0392731592465753,1211571.8,3674,20250702.0,14.0,TSM-US
Barney Yao,Haitong International Research,2898,TSM-US,2025Q2,2025,0.0488704195205479,1211571.8,3674,20250715.0,1.0,TSM-US
Aaron Jeng,Nomura Research,143,TSM-US,2025Q2,2025,,1211571.8,3674,20250715.0,1.0,TSM-US
Robert Sanders,Deutsche Bank Research,77,TSM-US,2025Q2,2025,0.0385038869863013,1211571.8,3674,20250711.0,5.0,TSM-US
Mehdi Hosseini,Susquehanna Financial Group,974,TSM-US,2025Q2,2025,0.0341759417808219,1211571.8,3674,20250711.0,5.0,TSM-US
Felix Pan,KGI Securities,671,TSM-US,2025Q2,2025,0.0378102696917808,1211571.8,3674,20250711.0,5.0,TSM-US
Kevin Wang,Mizuho Securities Asia Ex Japan,1819,TSM-US,2025Q2,2025,0.0367276198630137,1211571.8,3674,20250418.0,89.0,TSM-US
Mark Li,Bernstein Research,1140,TSM-US,2025Q2,2025,,1211571.8,3674,20250707.0,9.0,TSM-US
Sherman Shang,Fubon Securities,1084,TSM-US,2025Q2,2025,0.0349703938356164,1211571.8,3674,20250710.0,6.0,TSM-US
Matthew Bryson,Wedbush Securities,590,TSM-US,2025Q2,2025,0.0376794520547945,1211571.8,3674,20250709.0,7.0,TSM-US
Krish Sankar,TD Cowen,917,TSM-US,2025Q2,2025,0.0343043664383561,1211571.8,3674,20250709.0,7.0,TSM-US
Felix Hsu,IBF Securities,3105,TSM-US,2025Q2,2025,0.0360414683219178,1211571.8,3674,20250418.0,89.0,TSM-US
Charles Shi,Needham,477,TSM-US,2025Q2,2025,0.0339708390410958,1211571.8,3674,20250630.0,16.0,TSM-US
Rick Hsu,Daiwa Securities Co. Ltd.,467,TSM-US,2025Q2,2025,0.0342553852739726,1211571.8,3674,20250418.0,89.0,TSM-US
Anthony Lau,Yuanta Research,762,TSM-US,2025Q2,2025,0.0377036729452054,1211571.8,3674,20250612.0,34.0,TSM-US
Dawei Wang,Bocom International,1746,TSM-US,2025Q2,2025,0.0385053895547945,1211571.8,3674,20250509.0,68.0,TSM-US
Egor Tolmachev,Freedom Broker,3713,TSM-US,2025Q2,2025,0.0352033390410959,1211571.8,3674,20250424.0,83.0,TSM-US
Rong Jin,Huaan Securities,3624,TSM-US,2025Q2,2025,0.0356110659246575,1211571.8,3674,20250424.0,83.0,TSM-US
Ling Ji Cao,First Shanghai,1701,TSM-US,2025Q2,2025,0.0317948373287671,1211571.8,3674,20250424.0,83.0,TSM-US
Tony Shen,SPDB International,3451,TSM-US,2025Q2,2025,0.0375287799657534,1211571.8,3674,20250418.0,89.0,TSM-US
Colin Liu,China Renaissance Securities (US),2903,TSM-US,2025Q2,2025,0.0404902397260273,1211571.8,3674,20250418.0,89.0,TSM-US
Seung-Woo Lee,Eugene Investment & Securities,1775,TSM-US,2025Q2,2025,0.0367127354452054,1211571.8,3674,20250418.0,89.0,TSM-US
Leping Huang,Huatai Research,1271,TSM-US,2025Q2,2025,0.0363047089041096,1211571.8,3674,20250213.0,153.0,TSM-US
James Kelleher,Argus Research,376,TSM-US,2025Q2,2025,0.0369584760273972,1211571.8,3674,20250418.0,89.0,TSM-US
Warren Lau,Aletheia Capital,2859,TSM-US,2025Q2,2025,0.0403545333904109,1211571.8,3674,20250411.0,96.0,TSM-US
Mark Li,Bernstein Research,1140,TSM-US,2025Q1,2025,,816258.75,3674,20250410.0,6.0,TSM-US
Matthew Bryson,Wedbush Securities,590,TSM-US,2025Q1,2025,0.0556946435379336,816258.75,3674,20250415.0,1.0,TSM-US
Rick Hsu,Daiwa Securities Co. Ltd.,467,TSM-US,2025Q1,2025,0.0553152306519252,816258.75,3674,20250415.0,1.0,TSM-US
Barney Yao,Haitong International Research,2898,TSM-US,2025Q1,2025,0.0593826661583428,816258.75,3674,20250414.0,2.0,TSM-US
Warren Lau,Aletheia Capital,2859,TSM-US,2025Q1,2025,0.0622272143855636,816258.75,3674,20250411.0,5.0,TSM-US
Sherman Shang,Fubon Securities,1084,TSM-US,2025Q1,2025,0.0503526686999618,816258.75,3674,20250411.0,5.0,TSM-US
Aaron Jeng,Nomura Research,143,TSM-US,2025Q1,2025,,816258.75,3674,20250411.0,5.0,TSM-US
Robert Sanders,Deutsche Bank Research,77,TSM-US,2025Q1,2025,0.0577455966450629,816258.75,3674,20250117.0,89.0,TSM-US
Chih Sheng Tsai,IBF Securities,3105,TSM-US,2025Q1,2025,0.0531525416190113,816258.75,3674,20250204.0,71.0,TSM-US
Li Yen Chen,Capital Securities Asia,1128,TSM-US,2025Q1,2025,0.0444981827424069,816258.75,3674,20250404.0,12.0,TSM-US
Krish Sankar,TD Cowen,917,TSM-US,2025Q1,2025,0.052929215910535,816258.75,3674,20250304.0,43.0,TSM-US
Jorge Chang,Yuanta Research,762,TSM-US,2025Q1,2025,0.050926077011056,816258.75,3674,20250409.0,7.0,TSM-US
Felix Hsu,Cathay Securities,3216,TSM-US,2025Q1,2025,0.0549289808107764,816258.75,3674,20250116.0,90.0,TSM-US
Kevin Wang,Mizuho Securities Asia Ex Japan,1819,TSM-US,2025Q1,2025,0.056033390519761,816258.75,3674,20250401.0,15.0,TSM-US
Felix Pan,KGI Securities,671,TSM-US,2025Q1,2025,0.0516822086669208,816258.75,3674,20250304.0,43.0,TSM-US
Pierre Ferragu,New Street Research,1634,TSM-US,2025Q1,2025,0.0569701931630448,816258.75,3674,20250116.0,90.0,TSM-US
Charles Shi,Needham,477,TSM-US,2025Q1,2025,0.0555420002541619,816258.75,3674,20250116.0,90.0,TSM-US
Mehdi Hosseini,Susquehanna Financial Group,974,TSM-US,2025Q1,2025,0.054945850806964,816258.75,3674,20250218.0,57.0,TSM-US
Leping Huang,Huatai Research,1271,TSM-US,2025Q1,2025,0.0555686491294954,816258.75,3674,20250116.0,90.0,TSM-US
Ling Ji Cao,First Shanghai,1701,TSM-US,2025Q1,2025,0.0522870313889948,816258.75,3674,20250121.0,85.0,TSM-US
Tony Shen,SPDB International,3451,TSM-US,2025Q1,2025,0.0564824183504892,816258.75,3674,20241021.0,177.0,TSM-US
Colin Liu,China Renaissance Securities (US),2903,TSM-US,2025Q1,2025,0.0614997331300038,816258.75,3674,20250116.0,90.0,TSM-US
Alex Bai,ABCI Securities,2281,TSM-US,2025Q1,2025,0.0613164125047655,816258.75,3674,20250116.0,90.0,TSM-US
James Kelleher,Argus Research,376,TSM-US,2025Q1,2025,0.0453678993518871,816258.75,3674,20250116.0,90.0,TSM-US
Mark Li,Bernstein Research,1140,TSM-US,2024Q4,2024,,1024291.2,3674,20250114.0,1.0,TSM-US
Matthew Bryson,Wedbush Securities,590,TSM-US,2024Q4,2024,0.0409439364018431,1024291.2,3674,20250109.0,6.0,TSM-US
Aaron Jeng,Nomura Research,143,TSM-US,2024Q4,2024,,1024291.2,3674,20250113.0,2.0,TSM-US
Li Yen Chen,Capital Securities Asia,1128,TSM-US,2024Q4,2024,0.0403829712896855,1024291.2,3674,20241118.0,58.0,TSM-US
Krish Sankar,TD Cowen,917,TSM-US,2024Q4,2024,0.0342579371107397,1024291.2,3674,20250110.0,5.0,TSM-US
Jorge Chang,Yuanta Research,762,TSM-US,2024Q4,2024,0.0431651222846726,1024291.2,3674,20250108.0,7.0,TSM-US
Pierre Ferragu,New Street Research,1634,TSM-US,2024Q4,2024,0.045510537242392,1024291.2,3674,20241017.0,90.0,TSM-US
Sherman Shang,Fubon Securities,1084,TSM-US,2024Q4,2024,0.0447371006126892,1024291.2,3674,20250106.0,9.0,TSM-US
Kevin Wang,Mizuho Securities Asia Ex Japan,1819,TSM-US,2024Q4,2024,0.0453641855283811,1024291.2,3674,20241017.0,90.0,TSM-US
Felix Pan,KGI Securities,671,TSM-US,2024Q4,2024,0.0437168768038888,1024291.2,3674,20241127.0,49.0,TSM-US
Robert Sanders,Deutsche Bank Research,77,TSM-US,2024Q4,2024,0.0423312876601346,1024291.2,3674,20241018.0,89.0,TSM-US
Warren Lau,Aletheia Capital,2859,TSM-US,2024Q4,2024,0.0501719428831839,1024291.2,3674,20250103.0,12.0,TSM-US
Charles Shi,Needham,477,TSM-US,2024Q4,2024,0.0428921312471517,1024291.2,3674,20250103.0,12.0,TSM-US
Felix Hsu,Cathay Securities,3216,TSM-US,2024Q4,2024,0.0439302395057977,1024291.2,3674,20241211.0,35.0,TSM-US
Alex Bai,ABCI Securities,2281,TSM-US,2024Q4,2024,0.0439933718162945,1024291.2,3674,20241216.0,30.0,TSM-US
Rick Hsu,Daiwa Securities Co. Ltd.,467,TSM-US,2024Q4,2024,0.0427723327763431,1024291.2,3674,20241017.0,90.0,TSM-US
Colin Liu,China Renaissance Securities (US),2903,TSM-US,2024Q4,2024,0.0444928046989721,1024291.2,3674,20241017.0,90.0,TSM-US
Jun Xia,Guosheng Securities,3586,TSM-US,2024Q4,2024,0.0415751987442402,1024291.2,3674,20241018.0,89.0,TSM-US
Tony Shen,SPDB International,3451,TSM-US,2024Q4,2024,0.0442205681300319,1024291.2,3674,20241021.0,86.0,TSM-US
Ling Ji Cao,First Shanghai,1701,TSM-US,2024Q4,2024,0.0395464732391513,1024291.2,3674,20241021.0,86.0,TSM-US
Rong Jin,Huaan Securities,3624,TSM-US,2024Q4,2024,0.0417330750924097,1024291.2,3674,20241018.0,89.0,TSM-US
Leping Huang,Huatai Research,1271,TSM-US,2024Q4,2024,0.0448274849359461,1024291.2,3674,20241017.0,90.0,TSM-US
Heping Qin,Guotai Haitong Securities China,1094,TSM-US,2024Q4,2024,0.0491453390045065,1024291.2,3674,20241017.0,90.0,TSM-US
Jeff Pu,Haitong International Research,2898,TSM-US,2024Q4,2024,0.0416430300268367,1024291.2,3674,20241017.0,90.0,TSM-US
Pierre Ferragu,New Street Research,1634,TSM-US,2024Q3,2024,0.0490641965678627,930881.44,3674,20240905.0,41.0,TSM-US
Jeff Pu,Haitong International Research,2898,TSM-US,2024Q3,2024,0.0445117951860931,930881.44,3674,20240718.0,90.0,TSM-US
Jorge Chang,Yuanta Research,762,TSM-US,2024Q3,2024,0.0449648261644751,930881.44,3674,20241001.0,15.0,TSM-US
Matthew Bryson,Wedbush Securities,590,TSM-US,2024Q3,2024,0.0462290199465121,930881.44,3674,20241008.0,8.0,TSM-US
Robert Sanders,Deutsche Bank Research,77,TSM-US,2024Q3,2024,0.0445565411187876,930881.44,3674,20241014.0,2.0,TSM-US
Warren Lau,Aletheia Capital,2859,TSM-US,2024Q3,2024,0.0532250835747715,930881.44,3674,20241004.0,12.0,TSM-US
Mark Li,Bernstein Research,1140,TSM-US,2024Q3,2024,,930881.44,3674,20241008.0,8.0,TSM-US
Aaron Jeng,Nomura Research,143,TSM-US,2024Q3,2024,,930881.44,3674,20241009.0,7.0,TSM-US
Alex Bai,ABCI Securities,2281,TSM-US,2024Q3,2024,0.0462591375083574,930881.44,3674,20241002.0,14.0,TSM-US
Kevin Wang,Mizuho Securities Asia Ex Japan,1819,TSM-US,2024Q3,2024,0.0483230332070425,930881.44,3674,20241001.0,15.0,TSM-US
Rong Jin,Huaan Securities,3624,TSM-US,2024Q3,2024,0.0428544907510586,930881.44,3674,20240924.0,22.0,TSM-US
Chun Sheng Xie,Huatai Research,1271,TSM-US,2024Q3,2024,0.0397452418096723,930881.44,3674,20240718.0,90.0,TSM-US
Colin Liu,China Renaissance Securities (US),2903,TSM-US,2024Q3,2024,0.0412960106975707,930881.44,3674,20240719.0,89.0,TSM-US
Felix Hsu,Cathay Securities,3216,TSM-US,2024Q3,2024,0.0378828448852239,930881.44,3674,20240718.0,90.0,TSM-US
Tony Shen,SPDB International,3451,TSM-US,2024Q3,2024,0.0435657733452195,930881.44,3674,20240724.0,84.0,TSM-US
Heping Qin,Guotai Haitong Securities China,1094,TSM-US,2024Q3,2024,0.0449241196790728,930881.44,3674,20240718.0,90.0,TSM-US
Ling Ji Cao,First Shanghai,1701,TSM-US,2024Q3,2024,0.041488628259416,930881.44,3674,20240718.0,90.0,TSM-US
Rick Hsu,Daiwa Securities Co. Ltd.,467,TSM-US,2024Q3,2024,0.045540283039893,930881.44,3674,20240718.0,90.0,TSM-US
Mark Li,Bernstein Research,1140,TSM-US,2024Q2,2024,,946525.7,3674,20240618.0,29.0,TSM-US
Matthew Bryson,Wedbush Securities,590,TSM-US,2024Q2,2024,0.0480027343964052,946525.7,3674,20240709.0,8.0,TSM-US
Aaron Jeng,Nomura Research,143,TSM-US,2024Q2,2024,,946525.7,3674,20240710.0,7.0,TSM-US
Jeff Pu,Haitong International Research,2898,TSM-US,2024Q2,2024,0.0450257931941476,946525.7,3674,20240709.0,8.0,TSM-US
Jorge Chang,Yuanta Research,762,TSM-US,2024Q2,2024,0.0433870623047838,946525.7,3674,20240704.0,13.0,TSM-US
Ling Ji Cao,First Shanghai,1701,TSM-US,2024Q2,2024,0.0418678831716806,946525.7,3674,20240703.0,14.0,TSM-US
Kevin Wang,Mizuho Securities Asia Ex Japan,1819,TSM-US,2024Q2,2024,0.0448227190530988,946525.7,3674,20240701.0,16.0,TSM-US
Robert Sanders,Deutsche Bank Research,77,TSM-US,2024Q2,2024,0.0363029645460025,946525.7,3674,20240418.0,90.0,TSM-US
Felix Hsu,Cathay Securities,3216,TSM-US,2024Q2,2024,0.0362084607375746,946525.7,3674,20240619.0,28.0,TSM-US
Parth Talsania,Equisights,3723,TSM-US,2024Q2,2024,0.0387544522987561,946525.7,3674,20240119.0,180.0,TSM-US
Ishan Majumdar,Baptista Research,3454,TSM-US,2024Q2,2024,0.03886404734506,946525.7,3674,20240312.0,127.0,TSM-US
Heping Qin,Guotai Haitong Securities China,1094,TSM-US,2024Q2,2024,0.0427809523809523,946525.7,3674,20240422.0,86.0,TSM-US
Szeho Ng,China Renaissance Securities (US),2903,TSM-US,2024Q2,2024,0.0397617787276015,946525.7,3674,20240410.0,98.0,TSM-US
Leping Huang,Huatai Research,1271,TSM-US,2024Q2,2024,0.0370088169214751,946525.7,3674,20240418.0,90.0,TSM-US
Rick Hsu,Daiwa Securities Co. Ltd.,467,TSM-US,2024Q2,2024,0.0395279850950737,946525.7,3674,20240418.0,90.0,TSM-US
Mark Li,Bernstein Research,1140,TSM-US,2024Q1,2024,,720163.94,3674,20240320.0,20.0,TSM-US
Jorge Chang,Yuanta Research,762,TSM-US,2024Q1,2024,0.0528051029962546,720163.94,3674,20240403.0,6.0,TSM-US
Leping Huang,Huatai Research,1271,TSM-US,2024Q1,2024,0.0499589599539037,720163.94,3674,20240328.0,12.0,TSM-US
Ishan Majumdar,Baptista Research,3454,TSM-US,2024Q1,2024,0.0523401037165082,720163.94,3674,20240312.0,28.0,TSM-US
Parth Talsania,Equisights,3723,TSM-US,2024Q1,2024,0.0516198501872659,720163.94,3674,20240119.0,81.0,TSM-US
Heping Qin,Guotai Haitong Securities China,1094,TSM-US,2024Q1,2024,0.063113843272832,720163.94,3674,20240119.0,81.0,TSM-US
Kevin Cassidy,Rosenblatt Securities,2623,TXN-US,2026Q1,2026,0.0221134514121589,190195.8,3674,20260128.0,83.0,TXN-US
Tore Svanberg,Stifel Nicolaus,548,TXN-US,2026Q1,2026,0.0214432742939205,190195.8,3674,20260128.0,83.0,TXN-US
George Chang,Aletheia Capital,2859,TXN-US,2026Q1,2026,0.0232623264719961,190195.8,3674,20260417.0,4.0,TXN-US
Mark Lipacis,Evercore ISI,1772,TXN-US,2026Q1,2026,0.0268046912398276,190195.8,3674,20260128.0,83.0,TXN-US
Matthew Prisco,Cantor Fitzgerald,1190,TXN-US,2026Q1,2026,0.02163475347056,190195.8,3674,20260128.0,83.0,TXN-US
Christopher Rolland,Susquehanna Financial Group,974,TXN-US,2026Q1,2026,0.0228314983245572,190195.8,3674,20260417.0,4.0,TXN-US
Joe Quatrochi,Wells Fargo Securities,596,TXN-US,2026Q1,2026,0.0231101005265677,190195.8,3674,20260127.0,84.0,TXN-US
Stacy A. Rasgon,Bernstein Research,1140,TXN-US,2026Q1,2026,,190195.8,3674,20260128.0,83.0,TXN-US
Rick Schafer,Oppenheimer,498,TXN-US,2026Q1,2026,0.0227357587362374,190195.8,3674,20260223.0,57.0,TXN-US
Nikolay Todorov,Edgewater Research,3222,TXN-US,2026Q1,2026,0.0240761129727142,190195.8,3674,20260415.0,6.0,TXN-US
Vijay Rakesh,Mizuho Securities USA,1802,TXN-US,2026Q1,2026,0.0229707994255624,190195.8,3674,20260415.0,6.0,TXN-US
John N. Vinh,KeyBanc Capital Markets,618,TXN-US,2026Q1,2026,0.0238367640019147,190195.8,3674,20260402.0,19.0,TXN-US
Joshua Buchalter,TD Cowen,917,TXN-US,2026Q1,2026,0.022065581617999,190195.8,3674,20260409.0,12.0,TXN-US
Ross Seymore,Deutsche Bank Research,77,TXN-US,2026Q1,2026,0.0237888942077549,190195.8,3674,20260128.0,83.0,TXN-US
Blayne Curtis,Jefferies,512,TXN-US,2026Q1,2026,0.0223528003829583,190195.8,3674,20260223.0,57.0,TXN-US
Min-Gyu Jung,Sangsangin Investment & Securities,1766,TXN-US,2026Q1,2026,0.0225921493537577,190195.8,3674,20260303.0,49.0,TXN-US
Jack Egan,Charter Equity Research,3077,TXN-US,2026Q1,2026,0.0224583101962661,190195.8,3674,20260128.0,83.0,TXN-US
Cody Acree,"Benchmark, a StoneX Company",1124,TXN-US,2026Q1,2026,0.0224485399712781,190195.8,3674,20260128.0,83.0,TXN-US
William Stein,Truist Securities,852,TXN-US,2026Q1,2026,0.0236452848252752,190195.8,3674,20260128.0,83.0,TXN-US
Melissa Fairbanks,Raymond James,402,TXN-US,2026Q1,2026,0.0217783628530397,190195.8,3674,20260128.0,83.0,TXN-US
Siyu Cai,Mega Intl Invst Serv,1175,TXN-US,2026Q1,2026,0.0271876495931067,190195.8,3674,20251022.0,181.0,TXN-US
Cindy Yen,Fubon Securities,1084,TXN-US,2026Q1,2026,0.0218741024413595,190195.8,3674,20260128.0,83.0,TXN-US
James Kelleher,Argus Research,376,TXN-US,2026Q1,2026,0.0229272379128769,190195.8,3674,20260128.0,83.0,TXN-US
Mark Lipacis,Evercore ISI,1772,TXN-US,2025Q4,2025,0.0285137779658327,171793.36,3674,20251022.0,96.0,TXN-US
George Chang,Aletheia Capital,2859,TXN-US,2025Q4,2025,0.0256576929179668,171793.36,3674,20260123.0,3.0,TXN-US
Kevin Cassidy,Rosenblatt Securities,2623,TXN-US,2025Q4,2025,0.024811445496377,171793.36,3674,20251022.0,96.0,TXN-US
Matthew Prisco,Cantor Fitzgerald,1190,TXN-US,2025Q4,2025,0.022378484159306,171793.36,3674,20260105.0,21.0,TXN-US
Nikolay Todorov,Edgewater Research,3222,TXN-US,2025Q4,2025,0.026979954514201,171793.36,3674,20260122.0,4.0,TXN-US
Joe Quatrochi,Wells Fargo Securities,596,TXN-US,2025Q4,2025,0.0252023060242238,171793.36,3674,20251021.0,97.0,TXN-US
Tore Svanberg,Stifel Nicolaus,548,TXN-US,2025Q4,2025,0.0232247315808959,171793.36,3674,20251022.0,96.0,TXN-US
Christopher Rolland,Susquehanna Financial Group,974,TXN-US,2025Q4,2025,0.0242825408578833,171793.36,3674,20251022.0,96.0,TXN-US
John N. Vinh,KeyBanc Capital Markets,618,TXN-US,2025Q4,2025,0.0267155021949542,171793.36,3674,20251017.0,101.0,TXN-US
Joshua Buchalter,TD Cowen,917,TXN-US,2025Q4,2025,0.0249992066430422,171793.36,3674,20251022.0,96.0,TXN-US
Rick Schafer,Oppenheimer,498,TXN-US,2025Q4,2025,0.0257105833818162,171793.36,3674,20260114.0,12.0,TXN-US
Vijay Rakesh,Mizuho Securities USA,1802,TXN-US,2025Q4,2025,0.02584968530174,171793.36,3674,20251022.0,96.0,TXN-US
Ross Seymore,Deutsche Bank Research,77,TXN-US,2025Q4,2025,0.0258163643095149,171793.36,3674,20251022.0,96.0,TXN-US
Siyu Cai,Mega Intl Invst Serv,1175,TXN-US,2025Q4,2025,0.0322161104352885,171793.36,3674,20251022.0,96.0,TXN-US
Stacy A. Rasgon,Bernstein Research,1140,TXN-US,2025Q4,2025,,171793.36,3674,20250723.0,187.0,TXN-US
William Stein,Truist Securities,852,TXN-US,2025Q4,2025,0.0253403501348706,171793.36,3674,20251218.0,39.0,TXN-US
Jack Egan,Charter Equity Research,3077,TXN-US,2025Q4,2025,0.0258316787433225,171793.36,3674,20251022.0,96.0,TXN-US
Barney Yao,Haitong International Research,2898,TXN-US,2025Q4,2025,0.0281435447188871,171793.36,3674,20251022.0,96.0,TXN-US
Cody Acree,"Benchmark, a StoneX Company",1124,TXN-US,2025Q4,2025,0.0244412122494314,171793.36,3674,20251021.0,97.0,TXN-US
Blayne Curtis,Jefferies,512,TXN-US,2025Q4,2025,0.0240180885386364,171793.36,3674,20251022.0,96.0,TXN-US
Melissa Fairbanks,Raymond James,402,TXN-US,2025Q4,2025,0.0242825408578833,171793.36,3674,20251022.0,96.0,TXN-US
James Kelleher,Argus Research,376,TXN-US,2025Q4,2025,0.0298360395620669,171793.36,3674,20251022.0,96.0,TXN-US
Kevin Garrigan,Rosenblatt Securities,2623,TXN-US,2025Q3,2025,0.0368054221971194,160962.73,3674,20250723.0,89.0,TXN-US
Vijay Rakesh,Mizuho Securities USA,1802,TXN-US,2025Q3,2025,0.0280508330979949,160962.73,3674,20251017.0,3.0,TXN-US
Matthew Prisco,Cantor Fitzgerald,1190,TXN-US,2025Q3,2025,0.0283332391979666,160962.73,3674,20250723.0,89.0,TXN-US
John N. Vinh,KeyBanc Capital Markets,618,TXN-US,2025Q3,2025,0.0273165772380683,160962.73,3674,20251017.0,3.0,TXN-US
Joe Quatrochi,Wells Fargo Securities,596,TXN-US,2025Q3,2025,0.0304021462863597,160962.73,3674,20250723.0,89.0,TXN-US
Tore Svanberg,Stifel Nicolaus,548,TXN-US,2025Q3,2025,0.0275989833380401,160962.73,3674,20250723.0,89.0,TXN-US
Mark Lipacis,Evercore ISI,1772,TXN-US,2025Q3,2025,0.0326258119175374,160962.73,3674,20250723.0,89.0,TXN-US
George Chang,Aletheia Capital,2859,TXN-US,2025Q3,2025,0.0266952838181304,160962.73,3674,20251014.0,6.0,TXN-US
Stacy A. Rasgon,Bernstein Research,1140,TXN-US,2025Q3,2025,,160962.73,3674,20250723.0,89.0,TXN-US
Rick Schafer,Oppenheimer,498,TXN-US,2025Q3,2025,0.0296887884778311,160962.73,3674,20250723.0,89.0,TXN-US
Nikolay Todorov,Edgewater Research,3222,TXN-US,2025Q3,2025,0.0269776899181022,160962.73,3674,20251010.0,10.0,TXN-US
Ross Seymore,Deutsche Bank Research,77,TXN-US,2025Q3,2025,0.02805932222536,160962.73,3674,20250723.0,89.0,TXN-US
Joshua Buchalter,TD Cowen,917,TXN-US,2025Q3,2025,0.0297452696978254,160962.73,3674,20250723.0,89.0,TXN-US
Cody Acree,"Benchmark, a StoneX Company",1124,TXN-US,2025Q3,2025,0.0297452696978254,160962.73,3674,20250723.0,89.0,TXN-US
Jack Egan,Charter Equity Research,3077,TXN-US,2025Q3,2025,0.0319480372776051,160962.73,3674,20250723.0,89.0,TXN-US
Barney Yao,Haitong International Research,2898,TXN-US,2025Q3,2025,0.0295758260378424,160962.73,3674,20250723.0,89.0,TXN-US
Jay Goldberg,Seaport Research Partners,1321,TXN-US,2025Q3,2025,0.0271471335780852,160962.73,3674,20250718.0,94.0,TXN-US
Christopher Rolland,Susquehanna Financial Group,974,TXN-US,2025Q3,2025,0.0291804574978819,160962.73,3674,20250723.0,89.0,TXN-US
William Stein,Truist Securities,852,TXN-US,2025Q3,2025,0.0261869528381813,160962.73,3674,20250723.0,89.0,TXN-US
Blayne Curtis,Jefferies,512,TXN-US,2025Q3,2025,0.0258480655182151,160962.73,3674,20250723.0,89.0,TXN-US
Melissa Fairbanks,Raymond James,402,TXN-US,2025Q3,2025,0.0285026828579497,160962.73,3674,20250424.0,179.0,TXN-US
James Kelleher,Argus Research,376,TXN-US,2025Q3,2025,0.0326822931375317,160962.73,3674,20250723.0,89.0,TXN-US
Kevin Garrigan,Rosenblatt Securities,2623,TXN-US,2025Q2,2025,0.0320255735586022,196802.31,3674,20250424.0,88.0,TXN-US
Christopher Rolland,Susquehanna Financial Group,974,TXN-US,2025Q2,2025,0.0248705165489544,196802.31,3674,20250721.0,0.0,TXN-US
Vijay Rakesh,Mizuho Securities USA,1802,TXN-US,2025Q2,2025,0.024205788671929,196802.31,3674,20250703.0,18.0,TXN-US
Mark Lipacis,Evercore ISI,1772,TXN-US,2025Q2,2025,0.0327179984305036,196802.31,3674,20250424.0,88.0,TXN-US
Jay Goldberg,Seaport Research Partners,1321,TXN-US,2025Q2,2025,0.0225162719844896,196802.31,3674,20250718.0,3.0,TXN-US
C.J. Muse,Cantor Fitzgerald,1190,TXN-US,2025Q2,2025,0.0239472833864192,196802.31,3674,20250424.0,88.0,TXN-US
Tore Svanberg,Stifel Nicolaus,548,TXN-US,2025Q2,2025,0.0218238471125882,196802.31,3674,20250124.0,178.0,TXN-US
Nikolay Todorov,Edgewater Research,3222,TXN-US,2025Q2,2025,0.0249166782070811,196802.31,3674,20250716.0,5.0,TXN-US
Stacy A. Rasgon,Bernstein Research,1140,TXN-US,2025Q2,2025,,196802.31,3674,20250424.0,88.0,TXN-US
Joe Quatrochi,Wells Fargo Securities,596,TXN-US,2025Q2,2025,0.0269939528227853,196802.31,3674,20250124.0,178.0,TXN-US
Ross Seymore,Deutsche Bank Research,77,TXN-US,2025Q2,2025,0.0236913216082721,196802.31,3674,20250124.0,178.0,TXN-US
George Chang,Aletheia Capital,2859,TXN-US,2025Q2,2025,0.0231163735401375,196802.31,3674,20250711.0,10.0,TXN-US
John N. Vinh,KeyBanc Capital Markets,618,TXN-US,2025Q2,2025,0.0277787010109403,196802.31,3674,20250424.0,88.0,TXN-US
Rick Schafer,Oppenheimer,498,TXN-US,2025Q2,2025,0.0251474864977149,196802.31,3674,20250424.0,88.0,TXN-US
Joshua Buchalter,TD Cowen,917,TXN-US,2025Q2,2025,0.0257014263952361,196802.31,3674,20250709.0,12.0,TXN-US
William Stein,Truist Securities,852,TXN-US,2025Q2,2025,0.0233010201726446,196802.31,3674,20250424.0,88.0,TXN-US
Barney Yao,Haitong International Research,2898,TXN-US,2025Q2,2025,0.0262553662927572,196802.31,3674,20250424.0,88.0,TXN-US
Jack Egan,Charter Equity Research,3077,TXN-US,2025Q2,2025,0.0271076812999122,196802.31,3674,20250424.0,88.0,TXN-US
Egor Tolmachev,Freedom Broker,3713,TXN-US,2025Q2,2025,0.023993445044546,196802.31,3674,20250522.0,60.0,TXN-US
Cody Acree,"Benchmark, a StoneX Company",1124,TXN-US,2025Q2,2025,0.0237164750957854,196802.31,3674,20250124.0,178.0,TXN-US
Phoebe Wang,Fubon Securities,1084,TXN-US,2025Q2,2025,0.0235779901214051,196802.31,3674,20250421.0,91.0,TXN-US
Blayne Curtis,Jefferies,512,TXN-US,2025Q2,2025,0.0237626367539122,196802.31,3674,20250424.0,88.0,TXN-US
Melissa Fairbanks,Raymond James,402,TXN-US,2025Q2,2025,0.0234856668051516,196802.31,3674,20250424.0,88.0,TXN-US
James Kelleher,Argus Research,376,TXN-US,2025Q2,2025,0.0263015279508839,196802.31,3674,20250424.0,88.0,TXN-US
Barney Yao,Haitong International Research,2898,TXN-US,2025Q1,2025,0.0364317512499143,132857.1,3674,20250422.0,0.0,TXN-US
Kevin Cassidy,Rosenblatt Securities,2623,TXN-US,2025Q1,2025,0.0528689815766043,132857.1,3674,20250124.0,88.0,TXN-US
Mark Lipacis,Evercore ISI,1772,TXN-US,2025Q1,2025,0.0452667625505102,132857.1,3674,20250417.0,5.0,TXN-US
Phoebe Wang,Fubon Securities,1084,TXN-US,2025Q1,2025,0.0356098897335799,132857.1,3674,20250421.0,1.0,TXN-US
Tore Svanberg,Stifel Nicolaus,548,TXN-US,2025Q1,2025,0.0332812821039654,132857.1,3674,20250124.0,88.0,TXN-US
Vijay Rakesh,Mizuho Securities USA,1802,TXN-US,2025Q1,2025,0.0371474556537223,132857.1,3674,20250124.0,88.0,TXN-US
C.J. Muse,Cantor Fitzgerald,1190,TXN-US,2025Q1,2025,0.0398561742346414,132857.1,3674,20250124.0,88.0,TXN-US
Christopher Rolland,Susquehanna Financial Group,974,TXN-US,2025Q1,2025,0.0375960550647215,132857.1,3674,20250417.0,5.0,TXN-US
Nikolay Todorov,Edgewater Research,3222,TXN-US,2025Q1,2025,0.0314320936922128,132857.1,3674,20250416.0,6.0,TXN-US
Blayne Curtis,Jefferies,512,TXN-US,2025Q1,2025,0.0341197041298541,132857.1,3674,20250124.0,88.0,TXN-US
Stacy A. Rasgon,Bernstein Research,1140,TXN-US,2025Q1,2025,,132857.1,3674,20250124.0,88.0,TXN-US
John N. Vinh,KeyBanc Capital Markets,618,TXN-US,2025Q1,2025,0.0428166824190124,132857.1,3674,20250124.0,88.0,TXN-US
Rick Schafer,Oppenheimer,498,TXN-US,2025Q1,2025,0.0364317512499143,132857.1,3674,20250124.0,88.0,TXN-US
Joshua Buchalter,TD Cowen,917,TXN-US,2025Q1,2025,0.0366447503595644,132857.1,3674,20250124.0,88.0,TXN-US
Ross Seymore,Deutsche Bank Research,77,TXN-US,2025Q1,2025,0.0357120402712143,132857.1,3674,20250124.0,88.0,TXN-US
Joe Quatrochi,Wells Fargo Securities,596,TXN-US,2025Q1,2025,0.040990343127183,132857.1,3674,20250124.0,88.0,TXN-US
Cody Acree,"Benchmark, a StoneX Company",1124,TXN-US,2025Q1,2025,0.0359523320320526,132857.1,3674,20250124.0,88.0,TXN-US
William Stein,Truist Securities,852,TXN-US,2025Q1,2025,0.0343770974590781,132857.1,3674,20250124.0,88.0,TXN-US
Melissa Fairbanks,Raymond James,402,TXN-US,2025Q1,2025,0.0405410588315868,132857.1,3674,20250124.0,88.0,TXN-US
James Kelleher,Argus Research,376,TXN-US,2025Q1,2025,0.0388973357989178,132857.1,3674,20250124.0,88.0,TXN-US
Mark Lipacis,Evercore ISI,1772,TXN-US,2024Q4,2024,0.0423770875604807,175337.16,3674,20241023.0,91.0,TXN-US
Christopher Rolland,Susquehanna Financial Group,974,TXN-US,2024Q4,2024,0.0333244888403308,175337.16,3674,20250121.0,1.0,TXN-US
John N. Vinh,KeyBanc Capital Markets,618,TXN-US,2024Q4,2024,0.0327898933458196,175337.16,3674,20250121.0,1.0,TXN-US
Nikolay Todorov,Edgewater Research,3222,TXN-US,2024Q4,2024,0.0280698194682898,175337.16,3674,20250117.0,5.0,TXN-US
Vijay Rakesh,Mizuho Securities USA,1802,TXN-US,2024Q4,2024,0.0295073097133343,175337.16,3674,20241023.0,91.0,TXN-US
C.J. Muse,Cantor Fitzgerald,1190,TXN-US,2024Q4,2024,0.031971801675251,175337.16,3674,20241023.0,91.0,TXN-US
Hans Mosesmann,Rosenblatt Securities,2623,TXN-US,2024Q4,2024,0.0426372197076114,175337.16,3674,20240719.0,187.0,TXN-US
Joe Quatrochi,Wells Fargo Securities,596,TXN-US,2024Q4,2024,0.0316076166692679,175337.16,3674,20241120.0,63.0,TXN-US
Blayne Curtis,Jefferies,512,TXN-US,2024Q4,2024,0.0285380573331252,175337.16,3674,20241023.0,91.0,TXN-US
Ross Seymore,Deutsche Bank Research,77,TXN-US,2024Q4,2024,0.0296306123510743,175337.16,3674,20240124.0,364.0,TXN-US
Rick Schafer,Oppenheimer,498,TXN-US,2024Q4,2024,0.0289022423391082,175337.16,3674,20241023.0,91.0,TXN-US
Stacy A. Rasgon,Bernstein Research,1140,TXN-US,2024Q4,2024,,175337.16,3674,20241023.0,91.0,TXN-US
Joshua Buchalter,TD Cowen,917,TXN-US,2024Q4,2024,0.0301508766453358,175337.16,3674,20240724.0,182.0,TXN-US
William Stein,Truist Securities,852,TXN-US,2024Q4,2024,0.0278096873211591,175337.16,3674,20241213.0,40.0,TXN-US
Cody Acree,"Benchmark, a StoneX Company",1124,TXN-US,2024Q4,2024,0.029526559492222,175337.16,3674,20241023.0,91.0,TXN-US
Alicia Xia,Haitong International Research,2898,TXN-US,2024Q4,2024,0.0310873523750065,175337.16,3674,20241023.0,91.0,TXN-US
Mark Lipacis,Evercore ISI,1772,TXN-US,2024Q3,2024,0.0410820434202067,184627.03,3674,20240724.0,89.0,TXN-US
Blayne Curtis,Jefferies,512,TXN-US,2024Q3,2024,0.0300187923445922,184627.03,3674,20240819.0,63.0,TXN-US
Vijay Rakesh,Mizuho Securities USA,1802,TXN-US,2024Q3,2024,0.0309440680480688,184627.03,3674,20241016.0,5.0,TXN-US
Stacy A. Rasgon,Bernstein Research,1140,TXN-US,2024Q3,2024,,184627.03,3674,20240724.0,89.0,TXN-US
Hans Mosesmann,Rosenblatt Securities,2623,TXN-US,2024Q3,2024,0.0396973443449878,184627.03,3674,20240719.0,94.0,TXN-US
Joshua Buchalter,TD Cowen,917,TXN-US,2024Q3,2024,0.0278121754611542,184627.03,3674,20240724.0,89.0,TXN-US
Rick Schafer,Oppenheimer,498,TXN-US,2024Q3,2024,0.0296088225112506,184627.03,3674,20240724.0,89.0,TXN-US
Ross Seymore,Deutsche Bank Research,77,TXN-US,2024Q3,2024,0.0275312694723307,184627.03,3674,20240124.0,271.0,TXN-US
Alicia Xia,Haitong International Research,2898,TXN-US,2024Q3,2024,0.0293121012808466,184627.03,3674,20240918.0,33.0,TXN-US
Cody Acree,"Benchmark, a StoneX Company",1124,TXN-US,2024Q3,2024,0.0316858711240789,184627.03,3674,20240820.0,62.0,TXN-US
Alicia Xia,Haitong International Research,2898,TXN-US,2024Q2,2024,0.0379206634692246,182242.11,3674,20240719.0,3.0,TXN-US
Hans Mosesmann,Rosenblatt Securities,2623,TXN-US,2024Q2,2024,0.0413679056754596,182242.11,3674,20240719.0,3.0,TXN-US
Mark Lipacis,Evercore ISI,1772,TXN-US,2024Q2,2024,0.0382703836930455,182242.11,3674,20240424.0,89.0,TXN-US
Ross Seymore,Deutsche Bank Research,77,TXN-US,2024Q2,2024,0.0288824690247801,182242.11,3674,20240124.0,180.0,TXN-US
Stacy A. Rasgon,Bernstein Research,1140,TXN-US,2024Q2,2024,,182242.11,3674,20240527.0,56.0,TXN-US
Sun-Woo Kim,Meritz Securities,1778,TXN-US,2024Q2,2024,0.0311760591526778,182242.11,3674,20240610.0,42.0,TXN-US
Blayne Curtis,Jefferies,512,TXN-US,2024Q2,2024,0.0315757394084732,182242.11,3674,20240510.0,73.0,TXN-US
Ishan Majumdar,Baptista Research,3454,TXN-US,2024Q2,2024,0.0314258593125499,182242.11,3674,20240202.0,171.0,TXN-US
Parth Talsania,Equisights,3723,TXN-US,2024Q2,2024,0.0311760591526778,182242.11,3674,20240424.0,89.0,TXN-US
Ross Seymore,Deutsche Bank Research,77,TXN-US,2024Q1,2024,0.0334116453361005,157725.05,3674,20240124.0,89.0,TXN-US
Mark Lipacis,Evercore ISI,1772,TXN-US,2024Q1,2024,0.0400691802144586,157725.05,3674,20240411.0,11.0,TXN-US
Stacy A. Rasgon,Bernstein Research,1140,TXN-US,2024Q1,2024,,157725.05,3674,20240124.0,89.0,TXN-US
Ishan Majumdar,Baptista Research,3454,TXN-US,2024Q1,2024,0.0365525193128098,157725.05,3674,20240202.0,80.0,TXN-US
Parth Talsania,Equisights,3723,TXN-US,2024Q1,2024,0.0374749221722587,157725.05,3674,20240125.0,88.0,TXN-US
Joshua Buchalter,TD Cowen,917,TXN-US,2023Q4,2023,0.0445550017799928,153068.72,3674,20231025.0,89.0,TXN-US
Matthew Prisco,Evercore ISI,1772,TXN-US,2023Q3,2023,0.0507750856272992,143149.97,3674,20231020.0,3.0,TXN-US
Stephanie Moore,Jefferies,512,UPS-US,2026Q1,2026,0.0593770587095524,76869.1,4210,20260427.0,0.0,UPS-US
Lucas Servera,Truist Securities,852,UPS-US,2026Q1,2026,0.0595185041658593,76869.1,4210,20260127.0,90.0,UPS-US
Harrison Bauer,Susquehanna Financial Group,974,UPS-US,2026Q1,2026,0.0579684169734547,76869.1,4210,20260423.0,4.0,UPS-US
J. Bruce Chan,Stifel Nicolaus,548,UPS-US,2026Q1,2026,0.0584528192210811,76869.1,4210,20260423.0,4.0,UPS-US
David Vernon,Bernstein Research,1140,UPS-US,2026Q1,2026,,76869.1,4210,20260421.0,6.0,UPS-US
Jonathan Chappell,Evercore ISI,1772,UPS-US,2026Q1,2026,0.0581621778725053,76869.1,4210,20260421.0,6.0,UPS-US
Jeff Kauffman,Vertical Research Partners,2963,UPS-US,2026Q1,2026,0.0545875799263708,76869.1,4210,20260304.0,54.0,UPS-US
Patrick Tyler Brown,Raymond James,402,UPS-US,2026Q1,2026,0.0579684169734547,76869.1,4210,20260414.0,13.0,UPS-US
Christian Wetherbee,Wells Fargo Securities,596,UPS-US,2026Q1,2026,0.0589372214687076,76869.1,4210,20260406.0,21.0,UPS-US
Fadi Chamoun,BMO Capital Markets,181,UPS-US,2026Q1,2026,0.0575808951753536,76869.1,4210,20260331.0,27.0,UPS-US
Richa Harnain,Deutsche Bank Research,77,UPS-US,2026Q1,2026,0.0589372214687076,76869.1,4210,20260127.0,90.0,UPS-US
Conor Cunningham,Melius Research,3130,UPS-US,2026Q1,2026,0.0584528192210811,76869.1,4210,20260128.0,89.0,UPS-US
Kristina Ruggeri,Argus Research,376,UPS-US,2026Q1,2026,0.0592278628172834,76869.1,4210,20260202.0,84.0,UPS-US
Oliver Holmes,Rothschild & Co Redburn,1652,UPS-US,2026Q1,2026,,76869.1,4210,20260128.0,89.0,UPS-US
Will Chien,ARC Independent Research,940,UPS-US,2026Q1,2026,0.0593247432668087,76869.1,4210,20260127.0,90.0,UPS-US
Jason H. Seidl,TD Cowen,917,UPS-US,2026Q1,2026,0.059421623716334,76869.1,4210,20260127.0,90.0,UPS-US
Scott Schneeberger,Oppenheimer,498,UPS-US,2026Q1,2026,0.0595185041658593,76869.1,4210,20251028.0,181.0,UPS-US
Lucas Servera,Truist Securities,852,UPS-US,2025Q4,2025,0.0493418494862538,79833.09,4210,20251028.0,90.0,UPS-US
J. Bruce Chan,Stifel Nicolaus,548,UPS-US,2025Q4,2025,0.0486013144496898,79833.09,4210,20251028.0,90.0,UPS-US
David Vernon,Bernstein Research,1140,UPS-US,2025Q4,2025,,79833.09,4210,20251021.0,97.0,UPS-US
Jonathan Chappell,Evercore ISI,1772,UPS-US,2025Q4,2025,0.0460094418217161,79833.09,4210,20260120.0,6.0,UPS-US
Bascome Majors,Susquehanna Financial Group,974,UPS-US,2025Q4,2025,0.0444358048690178,79833.09,4210,20251028.0,90.0,UPS-US
Reed Seay,Stephens Inc,472,UPS-US,2025Q4,2025,0.0461945755808571,79833.09,4210,20260115.0,11.0,UPS-US
Jeff Kauffman,Vertical Research Partners,2963,UPS-US,2025Q4,2025,0.0461464685735443,79833.09,4210,20251009.0,109.0,UPS-US
Patrick Tyler Brown,Raymond James,402,UPS-US,2025Q4,2025,0.0472128112561325,79833.09,4210,20260109.0,17.0,UPS-US
Richa Harnain,Deutsche Bank Research,77,UPS-US,2025Q4,2025,0.0541553272239192,79833.09,4210,20250410.0,291.0,UPS-US
Christian Wetherbee,Wells Fargo Securities,596,UPS-US,2025Q4,2025,0.0444358048690178,79833.09,4210,20260105.0,21.0,UPS-US
Conor Cunningham,Melius Research,3130,UPS-US,2025Q4,2025,0.0453614736647227,79833.09,4210,20251031.0,87.0,UPS-US
Stephanie Moore,Jefferies,512,UPS-US,2025Q4,2025,0.0416587984819031,79833.09,4210,20251218.0,39.0,UPS-US
Fadi Chamoun,BMO Capital Markets,181,UPS-US,2025Q4,2025,0.0457317411830047,79833.09,4210,20251028.0,90.0,UPS-US
Kristina Ruggeri,Argus Research,376,UPS-US,2025Q4,2025,0.0515634545959455,79833.09,4210,20250825.0,154.0,UPS-US
Jason H. Seidl,TD Cowen,917,UPS-US,2025Q4,2025,0.051841155234657,79833.09,4210,20250729.0,181.0,UPS-US
Oliver Holmes,Rothschild & Co Redburn,1652,UPS-US,2025Q4,2025,,79833.09,4210,20251030.0,88.0,UPS-US
Will Chien,ARC Independent Research,940,UPS-US,2025Q4,2025,0.047490511894844,79833.09,4210,20251029.0,89.0,UPS-US
Scott Schneeberger,Oppenheimer,498,UPS-US,2025Q4,2025,0.0464722762195686,79833.09,4210,20251028.0,90.0,UPS-US
Lucas Servera,Truist Securities,852,UPS-US,2025Q3,2025,0.0666745984533016,61864.41,4210,20251013.0,14.0,UPS-US
Christian Wetherbee,Wells Fargo Securities,596,UPS-US,2025Q3,2025,0.0600999405116002,61864.41,4210,20251003.0,24.0,UPS-US
J. Bruce Chan,Stifel Nicolaus,548,UPS-US,2025Q3,2025,0.0678643664485425,61864.41,4210,20251024.0,3.0,UPS-US
Stephanie Moore,Jefferies,512,UPS-US,2025Q3,2025,0.0672347769185009,61864.41,4210,20250729.0,90.0,UPS-US
David Vernon,Bernstein Research,1140,UPS-US,2025Q3,2025,,61864.41,4210,20251021.0,6.0,UPS-US
Conor Cunningham,Melius Research,3130,UPS-US,2025Q3,2025,0.0613206424747174,61864.41,4210,20250812.0,76.0,UPS-US
Jonathan Chappell,Evercore ISI,1772,UPS-US,2025Q3,2025,0.0654848304580606,61864.41,4210,20251020.0,7.0,UPS-US
Reed Seay,Stephens Inc,472,UPS-US,2025Q3,2025,0.0635812016656751,61864.41,4210,20251013.0,14.0,UPS-US
Patrick Tyler Brown,Raymond James,402,UPS-US,2025Q3,2025,0.067269482450922,61864.41,4210,20251013.0,14.0,UPS-US
Jason H. Seidl,TD Cowen,917,UPS-US,2025Q3,2025,0.0732183224271267,61864.41,4210,20250729.0,90.0,UPS-US
Jeff Kauffman,Vertical Research Partners,2963,UPS-US,2025Q3,2025,0.0658688994646044,61864.41,4210,20251009.0,18.0,UPS-US
Rick Paterson,Loop Capital Markets,1009,UPS-US,2025Q3,2025,0.0653658536585365,61864.41,4210,20251008.0,19.0,UPS-US
Fadi Chamoun,BMO Capital Markets,181,UPS-US,2025Q3,2025,0.0632242712671029,61864.41,4210,20250918.0,39.0,UPS-US
Richa Harnain,Deutsche Bank Research,77,UPS-US,2025Q3,2025,0.0761496728138013,61864.41,4210,20250410.0,200.0,UPS-US
Kristina Ruggeri,Argus Research,376,UPS-US,2025Q3,2025,0.0728613920285544,61864.41,4210,20250825.0,63.0,UPS-US
Oliver Holmes,Rothschild & Co Redburn,1652,UPS-US,2025Q3,2025,,61864.41,4210,20250807.0,81.0,UPS-US
Bascome Majors,Susquehanna Financial Group,974,UPS-US,2025Q3,2025,0.0625104104699583,61864.41,4210,20250729.0,90.0,UPS-US
Will Chien,ARC Independent Research,940,UPS-US,2025Q3,2025,0.0717906008328376,61864.41,4210,20250729.0,90.0,UPS-US
Scott Schneeberger,Oppenheimer,498,UPS-US,2025Q3,2025,0.0607257584770969,61864.41,4210,20250729.0,90.0,UPS-US
Jairam Nathan,Daiwa Securities Co. Ltd.,467,UPS-US,2025Q3,2025,0.068459250446163,61864.41,4210,20250429.0,181.0,UPS-US
David Vernon,Bernstein Research,1140,UPS-US,2025Q2,2025,,73027.85,4210,20250422.0,97.0,UPS-US
Jason H. Seidl,TD Cowen,917,UPS-US,2025Q2,2025,0.0671676881342308,73027.85,4210,20250429.0,90.0,UPS-US
Jonathan Chappell,Evercore ISI,1772,UPS-US,2025Q2,2025,0.064153521551291,73027.85,4210,20250718.0,10.0,UPS-US
Jeff Kauffman,Vertical Research Partners,2963,UPS-US,2025Q2,2025,0.0672011755249673,73027.85,4210,20250711.0,17.0,UPS-US
Richa Harnain,Deutsche Bank Research,77,UPS-US,2025Q2,2025,0.0646845172309856,73027.85,4210,20250410.0,109.0,UPS-US
Christian Wetherbee,Wells Fargo Securities,596,UPS-US,2025Q2,2025,0.0571636591982316,73027.85,4210,20250429.0,90.0,UPS-US
Jairam Nathan,Daiwa Securities Co. Ltd.,467,UPS-US,2025Q2,2025,0.058627549482568,73027.85,4210,20250429.0,90.0,UPS-US
Lucas Servera,Truist Securities,852,UPS-US,2025Q2,2025,0.0643544659901537,73027.85,4210,20250626.0,32.0,UPS-US
Fadi Chamoun,BMO Capital Markets,181,UPS-US,2025Q2,2025,0.0643544659901537,73027.85,4210,20250606.0,52.0,UPS-US
Patrick Tyler Brown,Raymond James,402,UPS-US,2025Q2,2025,0.0681724103285441,73027.85,4210,20250623.0,35.0,UPS-US
Kristina Ruggeri,Argus Research,376,UPS-US,2025Q2,2025,0.0656606048427609,73027.85,4210,20250523.0,66.0,UPS-US
Oliver Holmes,Rothschild & Co Redburn,1652,UPS-US,2025Q2,2025,,73027.85,4210,20250507.0,82.0,UPS-US
Conor Cunningham,Melius Research,3130,UPS-US,2025Q2,2025,0.0636511604541344,73027.85,4210,20250502.0,87.0,UPS-US
Rick Paterson,Loop Capital Markets,1009,UPS-US,2025Q2,2025,0.0599336883351753,73027.85,4210,20250429.0,90.0,UPS-US
Bascome Majors,Susquehanna Financial Group,974,UPS-US,2025Q2,2025,0.0601346327740379,73027.85,4210,20250429.0,90.0,UPS-US
Will Chien,ARC Independent Research,940,UPS-US,2025Q2,2025,0.0651582437456043,73027.85,4210,20250429.0,90.0,UPS-US
J. Bruce Chan,Stifel Nicolaus,548,UPS-US,2025Q2,2025,0.0676700492313875,73027.85,4210,20250429.0,90.0,UPS-US
Stephanie Moore,Jefferies,512,UPS-US,2025Q2,2025,0.0716889380086406,73027.85,4210,20250429.0,90.0,UPS-US
Scott Schneeberger,Oppenheimer,498,UPS-US,2025Q2,2025,0.0653591881844669,73027.85,4210,20250429.0,90.0,UPS-US
Daniel Imbro,Stephens Inc,472,UPS-US,2025Q2,2025,0.0631487993569777,73027.85,4210,20250429.0,90.0,UPS-US
David Vernon,Bernstein Research,1140,UPS-US,2025Q1,2025,,72392.87,4210,20250422.0,6.0,UPS-US
Jason H. Seidl,TD Cowen,917,UPS-US,2025Q1,2025,0.077059896625114,72392.87,4210,20250130.0,88.0,UPS-US
Conor Cunningham,Melius Research,3130,UPS-US,2025Q1,2025,0.0689520624303233,72392.87,4210,20250423.0,5.0,UPS-US
Lucas Servera,Truist Securities,852,UPS-US,2025Q1,2025,0.0738167629471977,72392.87,4210,20250423.0,5.0,UPS-US
J. Bruce Chan,Stifel Nicolaus,548,UPS-US,2025Q1,2025,0.0836475119083814,72392.87,4210,20250130.0,88.0,UPS-US
Daniel Imbro,Stephens Inc,472,UPS-US,2025Q1,2025,0.0694588020674977,72392.87,4210,20250410.0,18.0,UPS-US
Jonathan Chappell,Evercore ISI,1772,UPS-US,2025Q1,2025,0.0728032836728489,72392.87,4210,20250417.0,11.0,UPS-US
Christian Wetherbee,Wells Fargo Securities,596,UPS-US,2025Q1,2025,0.0618577075098814,72392.87,4210,20250421.0,7.0,UPS-US
Jeff Kauffman,Vertical Research Partners,2963,UPS-US,2025Q1,2025,0.0750518394648829,72392.87,4210,20250411.0,17.0,UPS-US
Richa Harnain,Deutsche Bank Research,77,UPS-US,2025Q1,2025,0.0664183642444512,72392.87,4210,20250410.0,18.0,UPS-US
Patrick Tyler Brown,Raymond James,402,UPS-US,2025Q1,2025,0.0745261984392419,72392.87,4210,20250407.0,21.0,UPS-US
Fadi Chamoun,BMO Capital Markets,181,UPS-US,2025Q1,2025,0.0699655417046721,72392.87,4210,20250328.0,31.0,UPS-US
Bascome Majors,Susquehanna Financial Group,974,UPS-US,2025Q1,2025,0.0694588020674977,72392.87,4210,20250328.0,31.0,UPS-US
Kristina Ruggeri,Argus Research,376,UPS-US,2025Q1,2025,0.0757423735684605,72392.87,4210,20250212.0,75.0,UPS-US
Oliver Holmes,Rothschild & Co Redburn,1652,UPS-US,2025Q1,2025,,72392.87,4210,20250131.0,87.0,UPS-US
Rick Paterson,Loop Capital Markets,1009,UPS-US,2025Q1,2025,0.0716884564710651,72392.87,4210,20250131.0,87.0,UPS-US
Scott Schneeberger,Oppenheimer,498,UPS-US,2025Q1,2025,0.0728032836728489,72392.87,4210,20250131.0,87.0,UPS-US
Will Chien,ARC Independent Research,940,UPS-US,2025Q1,2025,0.0731073274551535,72392.87,4210,20250130.0,88.0,UPS-US
Stephanie Moore,Jefferies,512,UPS-US,2025Q1,2025,0.077059896625114,72392.87,4210,20250130.0,88.0,UPS-US
Jairam Nathan,Daiwa Securities Co. Ltd.,467,UPS-US,2025Q1,2025,0.0730059795277186,72392.87,4210,20250130.0,88.0,UPS-US
David Vernon,Bernstein Research,1140,UPS-US,2024Q4,2024,,93227.695,4210,20250107.0,22.0,UPS-US
J. Bruce Chan,Stifel Nicolaus,548,UPS-US,2024Q4,2024,0.0642096179493214,93227.695,4210,20250122.0,7.0,UPS-US
Jonathan Chappell,Evercore ISI,1772,UPS-US,2024Q4,2024,0.0611500745273397,93227.695,4210,20250121.0,8.0,UPS-US
Jeff Kauffman,Vertical Research Partners,2963,UPS-US,2024Q4,2024,0.0653545383227426,93227.695,4210,20250115.0,14.0,UPS-US
Stephanie Moore,Jefferies,512,UPS-US,2024Q4,2024,0.0638308229387306,93227.695,4210,20241024.0,97.0,UPS-US
Christian Wetherbee,Wells Fargo Securities,596,UPS-US,2024Q4,2024,0.058718129756021,93227.695,4210,20250106.0,23.0,UPS-US
Conor Cunningham,Melius Research,3130,UPS-US,2024Q4,2024,0.0626406213226641,93227.695,4210,20250103.0,26.0,UPS-US
Daniel Imbro,Stephens Inc,472,UPS-US,2024Q4,2024,0.0574629324546952,93227.695,4210,20250103.0,26.0,UPS-US
Fadi Chamoun,BMO Capital Markets,181,UPS-US,2024Q4,2024,0.0586396799246881,93227.695,4210,20241206.0,54.0,UPS-US
Oliver Holmes,Rothschild & Co Redburn,1652,UPS-US,2024Q4,2024,,93227.695,4210,20240729.0,184.0,UPS-US
Jason H. Seidl,TD Cowen,917,UPS-US,2024Q4,2024,0.06499411626265,93227.695,4210,20240821.0,161.0,UPS-US
Rick Paterson,Loop Capital Markets,1009,UPS-US,2024Q4,2024,0.0641311681179885,93227.695,4210,20241029.0,92.0,UPS-US
Patrick Tyler Brown,Raymond James,402,UPS-US,2024Q4,2024,0.0653863654193143,93227.695,4210,20241024.0,97.0,UPS-US
Christian Wetherbee,Wells Fargo Securities,596,UPS-US,2024Q3,2024,0.0609703402589581,97306.5,4210,20241023.0,0.0,UPS-US
Stephanie Moore,Jefferies,512,UPS-US,2024Q3,2024,0.0642449563384522,97306.5,4210,20240723.0,92.0,UPS-US
David Vernon,Bernstein Research,1140,UPS-US,2024Q3,2024,,97306.5,4210,20241018.0,5.0,UPS-US
Helane Becker,TD Cowen,917,UPS-US,2024Q3,2024,0.0636103583258054,97306.5,4210,20240821.0,63.0,UPS-US
Rick Paterson,Loop Capital Markets,1009,UPS-US,2024Q3,2024,0.0611261668172237,97306.5,4210,20241009.0,14.0,UPS-US
Fadi Chamoun,BMO Capital Markets,181,UPS-US,2024Q3,2024,0.0629328515507377,97306.5,4210,20241003.0,20.0,UPS-US
Conor Cunningham,Melius Research,3130,UPS-US,2024Q3,2024,0.0602228244504667,97306.5,4210,20240806.0,78.0,UPS-US
Oliver Holmes,Rothschild & Co Redburn,1652,UPS-US,2024Q3,2024,,97306.5,4210,20240729.0,86.0,UPS-US
Patrick Tyler Brown,Raymond James,402,UPS-US,2024Q3,2024,0.0692562481180367,97306.5,4210,20240723.0,92.0,UPS-US
Christian Wetherbee,Wells Fargo Securities,596,UPS-US,2024Q2,2024,0.0744965743223115,97943.75,4210,20240605.0,47.0,UPS-US
David Vernon,Bernstein Research,1140,UPS-US,2024Q2,2024,,97943.75,4210,20240419.0,94.0,UPS-US
Rick Paterson,Loop Capital Markets,1009,UPS-US,2024Q2,2024,0.0691532618409294,97943.75,4210,20240423.0,90.0,UPS-US
Helane Becker,TD Cowen,917,UPS-US,2024Q2,2024,0.069525618111409,97943.75,4210,20240423.0,90.0,UPS-US
Fadi Chamoun,BMO Capital Markets,181,UPS-US,2024Q2,2024,0.0720576407506702,97943.75,4210,20240423.0,90.0,UPS-US
Oliver Holmes,Rothschild & Co Redburn,1652,UPS-US,2024Q2,2024,,97943.75,4210,20240509.0,74.0,UPS-US
Conor Cunningham,Melius Research,3130,UPS-US,2024Q2,2024,0.0681851355376824,97943.75,4210,20240507.0,76.0,UPS-US
Stephanie Moore,Jefferies,512,UPS-US,2024Q2,2024,0.0771216860291927,97943.75,4210,20240326.0,118.0,UPS-US
Patrick Tyler Brown,Raymond James,402,UPS-US,2024Q2,2024,0.0793558236520703,97943.75,4210,20240423.0,90.0,UPS-US
David Vernon,Bernstein Research,1140,UPS-US,2024Q1,2024,,109591.13,4210,20240419.0,3.0,UPS-US
Helane Becker,TD Cowen,917,UPS-US,2024Q1,2024,0.0698100551238626,109591.13,4210,20240327.0,26.0,UPS-US
Fadi Chamoun,BMO Capital Markets,181,UPS-US,2024Q1,2024,0.0659181775918177,109591.13,4210,20240405.0,17.0,UPS-US
Conor Cunningham,Melius Research,3130,UPS-US,2024Q1,2024,0.0623716543800225,109591.13,4210,20240215.0,67.0,UPS-US
Oliver Holmes,Rothschild & Co Redburn,1652,UPS-US,2024Q1,2024,,109591.13,4210,20240403.0,19.0,UPS-US
Amit Mehrotra,Deutsche Bank Research,77,UPS-US,2024Q1,2024,0.0769362024307631,109591.13,4210,20240326.0,27.0,UPS-US
Stephanie Moore,Jefferies,512,UPS-US,2024Q1,2024,0.0710719266786212,109591.13,4210,20240326.0,27.0,UPS-US
Patrick Tyler Brown,Raymond James,402,UPS-US,2024Q1,2024,0.0743926412964069,109591.13,4210,20240326.0,27.0,UPS-US
Rick Paterson,Loop Capital Markets,1009,UPS-US,2024Q1,2024,0.0609105399481968,109591.13,4210,20240325.0,28.0,UPS-US
David Vernon,Bernstein Research,1140,UPS-US,2023Q4,2023,,112343.44,4210,20231026.0,95.0,UPS-US
Fadi Chamoun,BMO Capital Markets,181,UPS-US,2023Q4,2023,0.0628944827142213,112343.44,4210,20231026.0,95.0,UPS-US
Amit Mehrotra,Deutsche Bank Research,77,UPS-US,2023Q4,2023,0.0673366381252816,112343.44,4210,20231124.0,66.0,UPS-US
Oliver Holmes,Rothschild & Co Redburn,1652,UPS-US,2023Q4,2023,,112343.44,4210,20231108.0,82.0,UPS-US
Fadi Chamoun,BMO Capital Markets,181,UPS-US,2023Q3,2023,0.0770916462865233,112382.6,4210,20230914.0,41.0,UPS-US
David Vernon,Bernstein Research,1140,UPS-US,2023Q3,2023,,112382.6,4210,20230808.0,78.0,UPS-US
Oliver Holmes,Rothschild & Co Redburn,1652,UPS-US,2023Q3,2023,,112382.6,4210,20230920.0,35.0,UPS-US
David Vernon,Bernstein Research,1140,UPS-US,2023Q2,2023,,133859.56,4210,20230425.0,104.0,UPS-US
Fadi Chamoun,BMO Capital Markets,181,UPS-US,2023Q2,2023,0.0626065298608479,133859.56,4210,20230725.0,13.0,UPS-US
Myles R. Minter,William Blair,198,VRTX-US,2026Q1,2026,0.0350102463682317,111709.71,2834,20260213.0,77.0,VRTX-US
Paul Matteis,Stifel Nicolaus,548,VRTX-US,2026Q1,2026,0.0336896033517008,111709.71,2834,20260213.0,77.0,VRTX-US
Whitney Ijem,Canaccord Genuity,466,VRTX-US,2026Q1,2026,0.0353745616831367,111709.71,2834,20260429.0,2.0,VRTX-US
Brian Abrahams,RBC Capital Markets,1269,VRTX-US,2026Q1,2026,0.0333252880367958,111709.71,2834,20260408.0,23.0,VRTX-US
Carter Gould,Cantor Fitzgerald,1190,VRTX-US,2026Q1,2026,0.0341449974953322,111709.71,2834,20260407.0,24.0,VRTX-US
Louise Chen,Scotiabank GBM,810,VRTX-US,2026Q1,2026,0.0306612322965526,111709.71,2834,20260213.0,77.0,VRTX-US
Jay Olson,Oppenheimer,498,VRTX-US,2026Q1,2026,0.0334163668655221,111709.71,2834,20260424.0,7.0,VRTX-US
Steve Chesney,Rothschild & Co Redburn,1652,VRTX-US,2026Q1,2026,,111709.71,2834,20260216.0,74.0,VRTX-US
William Pickering,Bernstein Research,1140,VRTX-US,2026Q1,2026,,111709.71,2834,20260213.0,77.0,VRTX-US
Joseph Stringer,Needham,477,VRTX-US,2026Q1,2026,0.0388810965890978,111709.71,2834,20260213.0,77.0,VRTX-US
Andrew S. Fein,HC Wainwright,536,VRTX-US,2026Q1,2026,0.0424331709094221,111709.71,2834,20260213.0,77.0,VRTX-US
Akash Tewari,Jefferies,512,VRTX-US,2026Q1,2026,0.0336896033517008,111709.71,2834,20260309.0,53.0,VRTX-US
Christopher Raymond,Raymond James,402,VRTX-US,2026Q1,2026,0.0322095723848991,111709.71,2834,20260416.0,15.0,VRTX-US
Debjit Chattopadhyay,Guggenheim Securities,1515,VRTX-US,2026Q1,2026,0.0335302154014299,111709.71,2834,20260213.0,77.0,VRTX-US
Mohit Bansal,Wells Fargo Securities,596,VRTX-US,2026Q1,2026,0.0340266041258709,111709.71,2834,20260213.0,77.0,VRTX-US
Evan David Seigerman,BMO Capital Markets,181,VRTX-US,2026Q1,2026,0.034941937246687,111709.71,2834,20260410.0,21.0,VRTX-US
Cory Kasimov,Evercore ISI,1772,VRTX-US,2026Q1,2026,0.0301375290313766,111709.71,2834,20260408.0,23.0,VRTX-US
Jasper Hellweg,Argus Research,376,VRTX-US,2026Q1,2026,0.0350102463682317,111709.71,2834,20260318.0,44.0,VRTX-US
Naz Rahman,Maxim Group,1063,VRTX-US,2026Q1,2026,0.0337806821804271,111709.71,2834,20260213.0,77.0,VRTX-US
Phil Nadeau,TD Cowen,917,VRTX-US,2026Q1,2026,0.0342085249783687,111709.71,2834,20260213.0,77.0,VRTX-US
Narumi Nakagiri,Daiwa Securities Co. Ltd.,467,VRTX-US,2026Q1,2026,0.0342360763240584,111709.71,2834,20260224.0,66.0,VRTX-US
David Risinger,Leerink Partners,1079,VRTX-US,2026Q1,2026,0.0338489913019718,111709.71,2834,20260213.0,77.0,VRTX-US
Brian Abrahams,RBC Capital Markets,1269,VRTX-US,2025Q4,2025,0.0321205432223343,120688.97,2834,20260107.0,35.0,VRTX-US
William Pickering,Bernstein Research,1140,VRTX-US,2025Q4,2025,,120688.97,2834,20260108.0,34.0,VRTX-US
Myles R. Minter,William Blair,198,VRTX-US,2025Q4,2025,0.0339284813319878,120688.97,2834,20251104.0,99.0,VRTX-US
Louise Chen,Scotiabank GBM,810,VRTX-US,2025Q4,2025,0.0315739572822065,120688.97,2834,20251111.0,92.0,VRTX-US
Joseph Stringer,Needham,477,VRTX-US,2025Q4,2025,0.0352318785738311,120688.97,2834,20251104.0,99.0,VRTX-US
Mohit Bansal,Wells Fargo Securities,596,VRTX-US,2025Q4,2025,0.0336341658257652,120688.97,2834,20251209.0,64.0,VRTX-US
Evan David Seigerman,BMO Capital Markets,181,VRTX-US,2025Q4,2025,0.0339705264043054,120688.97,2834,20260123.0,19.0,VRTX-US
Cory Kasimov,Evercore ISI,1772,VRTX-US,2025Q4,2025,0.029051252943155,120688.97,2834,20260121.0,21.0,VRTX-US
Debjit Chattopadhyay,Guggenheim Securities,1515,VRTX-US,2025Q4,2025,0.0032986461486713,120688.97,2834,20251104.0,99.0,VRTX-US
Jay Olson,Oppenheimer,498,VRTX-US,2025Q4,2025,0.0313216868483013,120688.97,2834,20251105.0,98.0,VRTX-US
Carter Gould,Cantor Fitzgerald,1190,VRTX-US,2025Q4,2025,0.0327932643794147,120688.97,2834,20250417.0,300.0,VRTX-US
Phil Nadeau,TD Cowen,917,VRTX-US,2025Q4,2025,0.0325765220316178,120688.97,2834,20250211.0,365.0,VRTX-US
Christopher Raymond,Raymond James,402,VRTX-US,2025Q4,2025,0.032414858728557,120688.97,2834,20251104.0,99.0,VRTX-US
David Risinger,Leerink Partners,1079,VRTX-US,2025Q4,2025,0.0307751009081735,120688.97,2834,20251104.0,99.0,VRTX-US
Paul Matteis,Stifel Nicolaus,548,VRTX-US,2025Q4,2025,0.0337603010427177,120688.97,2834,20251104.0,99.0,VRTX-US
Jasper Hellweg,Argus Research,376,VRTX-US,2025Q4,2025,0.0327932643794147,120688.97,2834,20250225.0,351.0,VRTX-US
Steve Chesney,Rothschild & Co Redburn,1652,VRTX-US,2025Q4,2025,,120688.97,2834,20251013.0,121.0,VRTX-US
Narumi Nakagiri,Daiwa Securities Co. Ltd.,467,VRTX-US,2025Q4,2025,0.0324358812647157,120688.97,2834,20251111.0,92.0,VRTX-US
Naz Rahman,Maxim Group,1063,VRTX-US,2025Q4,2025,0.0292614783047426,120688.97,2834,20250506.0,281.0,VRTX-US
Joon Lee,Truist Securities,852,VRTX-US,2025Q4,2025,0.0321205432223343,120688.97,2834,20251104.0,99.0,VRTX-US
Andrew S. Fein,HC Wainwright,536,VRTX-US,2025Q4,2025,0.0426738563740329,120688.97,2834,20251104.0,99.0,VRTX-US
Joseph Stringer,Needham,477,VRTX-US,2025Q3,2025,0.042486757337151,107453.33,2834,20250107.0,297.0,VRTX-US
William Pickering,Bernstein Research,1140,VRTX-US,2025Q3,2025,,107453.33,2834,20251024.0,7.0,VRTX-US
Evan David Seigerman,BMO Capital Markets,181,VRTX-US,2025Q3,2025,0.0398143641135767,107453.33,2834,20250805.0,87.0,VRTX-US
Andrew S. Fein,HC Wainwright,536,VRTX-US,2025Q3,2025,0.0441092817943211,107453.33,2834,20250805.0,87.0,VRTX-US
Christopher Raymond,Raymond James,402,VRTX-US,2025Q3,2025,0.0367124791219279,107453.33,2834,20251017.0,14.0,VRTX-US
Steve Chesney,Rothschild & Co Redburn,1652,VRTX-US,2025Q3,2025,,107453.33,2834,20250820.0,72.0,VRTX-US
Mohit Bansal,Wells Fargo Securities,596,VRTX-US,2025Q3,2025,0.0390269625387735,107453.33,2834,20250805.0,87.0,VRTX-US
Myles R. Minter,William Blair,198,VRTX-US,2025Q3,2025,0.0390985445001193,107453.33,2834,20250506.0,178.0,VRTX-US
Carter Gould,Cantor Fitzgerald,1190,VRTX-US,2025Q3,2025,0.0386451920782629,107453.33,2834,20250417.0,197.0,VRTX-US
Cory Kasimov,Evercore ISI,1772,VRTX-US,2025Q3,2025,0.0426060606060606,107453.33,2834,20250909.0,52.0,VRTX-US
Brian Abrahams,RBC Capital Markets,1269,VRTX-US,2025Q3,2025,0.0373328561202577,107453.33,2834,20250703.0,120.0,VRTX-US
David Risinger,Leerink Partners,1079,VRTX-US,2025Q3,2025,0.0371419708900023,107453.33,2834,20250211.0,262.0,VRTX-US
Jasper Hellweg,Argus Research,376,VRTX-US,2025Q3,2025,0.0381679790026246,107453.33,2834,20250225.0,248.0,VRTX-US
Narumi Nakagiri,Daiwa Securities Co. Ltd.,467,VRTX-US,2025Q3,2025,0.0343979957050823,107453.33,2834,20250811.0,81.0,VRTX-US
Naz Rahman,Maxim Group,1063,VRTX-US,2025Q3,2025,0.0345172989739918,107453.33,2834,20250506.0,178.0,VRTX-US
Phil Nadeau,TD Cowen,917,VRTX-US,2025Q3,2025,0.0378100691958959,107453.33,2834,20250211.0,262.0,VRTX-US
Joon Lee,Truist Securities,852,VRTX-US,2025Q3,2025,0.0336583154378429,107453.33,2834,20250805.0,87.0,VRTX-US
Paul Matteis,Stifel Nicolaus,548,VRTX-US,2025Q3,2025,0.0401722739203054,107453.33,2834,20250805.0,87.0,VRTX-US
Jay Olson,Oppenheimer,498,VRTX-US,2025Q3,2025,0.0359966595084705,107453.33,2834,20250805.0,87.0,VRTX-US
Evan David Seigerman,BMO Capital Markets,181,VRTX-US,2025Q2,2025,0.0388189491591964,117738.94,2834,20250710.0,22.0,VRTX-US
Greg Harrison,Scotiabank GBM,810,VRTX-US,2025Q2,2025,0.0358140853671835,117738.94,2834,20250725.0,7.0,VRTX-US
Michael Yee,Jefferies,512,VRTX-US,2025Q2,2025,0.0389766407119021,117738.94,2834,20250506.0,87.0,VRTX-US
Mohit Bansal,Wells Fargo Securities,596,VRTX-US,2025Q2,2025,0.0385404261815961,117738.94,2834,20250506.0,87.0,VRTX-US
Myles R. Minter,William Blair,198,VRTX-US,2025Q2,2025,0.03592313899976,117738.94,2834,20250506.0,87.0,VRTX-US
Carter Gould,Cantor Fitzgerald,1190,VRTX-US,2025Q2,2025,0.0358577068202141,117738.94,2834,20250417.0,106.0,VRTX-US
Steve Chesney,Rothschild & Co Redburn,1652,VRTX-US,2025Q2,2025,,117738.94,2834,20241121.0,253.0,VRTX-US
Brian Abrahams,RBC Capital Markets,1269,VRTX-US,2025Q2,2025,0.0346363061353573,117738.94,2834,20250703.0,29.0,VRTX-US
William Pickering,Bernstein Research,1140,VRTX-US,2025Q2,2025,,117738.94,2834,20250211.0,171.0,VRTX-US
Phil Nadeau,TD Cowen,917,VRTX-US,2025Q2,2025,0.0349135204693668,117738.94,2834,20250211.0,171.0,VRTX-US
David Risinger,Leerink Partners,1079,VRTX-US,2025Q2,2025,0.0342000916050513,117738.94,2834,20250211.0,171.0,VRTX-US
Andrew S. Fein,HC Wainwright,536,VRTX-US,2025Q2,2025,0.0455198586664921,117738.94,2834,20250506.0,87.0,VRTX-US
Jay Olson,Oppenheimer,498,VRTX-US,2025Q2,2025,0.0341128486989901,117738.94,2834,20250211.0,171.0,VRTX-US
Liisa A. Bayko,Evercore ISI,1772,VRTX-US,2025Q2,2025,0.0371009182315862,117738.94,2834,20250211.0,171.0,VRTX-US
Jasper Hellweg,Argus Research,376,VRTX-US,2025Q2,2025,0.0351379528452092,117738.94,2834,20250225.0,157.0,VRTX-US
Paul Matteis,Stifel Nicolaus,548,VRTX-US,2025Q2,2025,0.037951536565683,117738.94,2834,20250211.0,171.0,VRTX-US
Naz Rahman,Maxim Group,1063,VRTX-US,2025Q2,2025,0.0319753975004907,117738.94,2834,20250506.0,87.0,VRTX-US
Joon Lee,Truist Securities,852,VRTX-US,2025Q2,2025,0.0299251892080525,117738.94,2834,20250506.0,87.0,VRTX-US
Joseph Stringer,Needham,477,VRTX-US,2025Q2,2025,0.0393474230626622,117738.94,2834,20250107.0,206.0,VRTX-US
Michael Yee,Jefferies,512,VRTX-US,2025Q1,2025,0.0370024292176243,122761.24,2834,20250211.0,80.0,VRTX-US
Evan David Seigerman,BMO Capital Markets,181,VRTX-US,2025Q1,2025,0.041709876026135,122761.24,2834,20250211.0,80.0,VRTX-US
Greg Harrison,Scotiabank GBM,810,VRTX-US,2025Q1,2025,0.0377563243424359,122761.24,2834,20250425.0,7.0,VRTX-US
Myles R. Minter,William Blair,198,VRTX-US,2025Q1,2025,0.0352642821243089,122761.24,2834,20250211.0,80.0,VRTX-US
Liisa A. Bayko,Evercore ISI,1772,VRTX-US,2025Q1,2025,0.0387615178421846,122761.24,2834,20250211.0,80.0,VRTX-US
William Pickering,Bernstein Research,1140,VRTX-US,2025Q1,2025,,122761.24,2834,20250211.0,80.0,VRTX-US
Carter Gould,Cantor Fitzgerald,1190,VRTX-US,2025Q1,2025,0.0374003183112749,122761.24,2834,20250417.0,15.0,VRTX-US
Jay Olson,Oppenheimer,498,VRTX-US,2025Q1,2025,0.0357249958116937,122761.24,2834,20250211.0,80.0,VRTX-US
Brian Abrahams,RBC Capital Markets,1269,VRTX-US,2025Q1,2025,0.0347407438431898,122761.24,2834,20250331.0,32.0,VRTX-US
Mohit Bansal,Wells Fargo Securities,596,VRTX-US,2025Q1,2025,0.0367930139051767,122761.24,2834,20250401.0,31.0,VRTX-US
Phil Nadeau,TD Cowen,917,VRTX-US,2025Q1,2025,0.0366612916736471,122761.24,2834,20250211.0,80.0,VRTX-US
Jasper Hellweg,Argus Research,376,VRTX-US,2025Q1,2025,0.0368767800301558,122761.24,2834,20250225.0,66.0,VRTX-US
Steve Chesney,Rothschild & Co Redburn,1652,VRTX-US,2025Q1,2025,,122761.24,2834,20241121.0,162.0,VRTX-US
Naz Rahman,Maxim Group,1063,VRTX-US,2025Q1,2025,0.0331701289998324,122761.24,2834,20250211.0,80.0,VRTX-US
David Risinger,Leerink Partners,1079,VRTX-US,2025Q1,2025,0.0359762941866309,122761.24,2834,20250211.0,80.0,VRTX-US
Joon Lee,Truist Securities,852,VRTX-US,2025Q1,2025,0.0322905846875523,122761.24,2834,20250211.0,80.0,VRTX-US
Paul Matteis,Stifel Nicolaus,548,VRTX-US,2025Q1,2025,0.0398504774669123,122761.24,2834,20250211.0,80.0,VRTX-US
Andrew S. Fein,HC Wainwright,536,VRTX-US,2025Q1,2025,0.0399551851231362,122761.24,2834,20250211.0,80.0,VRTX-US
Joseph Stringer,Needham,477,VRTX-US,2025Q1,2025,0.040855670966661,122761.24,2834,20250107.0,115.0,VRTX-US
Jay Olson,Oppenheimer,498,VRTX-US,2024Q4,2024,0.0398197711093088,114312.11,2834,20241028.0,102.0,VRTX-US
Greg Harrison,Scotiabank GBM,810,VRTX-US,2024Q4,2024,0.0398030999369198,114312.11,2834,20250206.0,1.0,VRTX-US
William Pickering,Bernstein Research,1140,VRTX-US,2024Q4,2024,,114312.11,2834,20241219.0,50.0,VRTX-US
Evan David Seigerman,BMO Capital Markets,181,VRTX-US,2024Q4,2024,0.0411674326394521,114312.11,2834,20250130.0,8.0,VRTX-US
Phil Nadeau,TD Cowen,917,VRTX-US,2024Q4,2024,0.0394142561052536,114312.11,2834,20241105.0,94.0,VRTX-US
Mohit Bansal,Wells Fargo Securities,596,VRTX-US,2024Q4,2024,0.0379949535910606,114312.11,2834,20250129.0,9.0,VRTX-US
Andrew S. Fein,HC Wainwright,536,VRTX-US,2024Q4,2024,0.0461052536721636,114312.11,2834,20250130.0,8.0,VRTX-US
Michael Yee,Jefferies,512,VRTX-US,2024Q4,2024,0.0324529152023069,114312.11,2834,20241206.0,63.0,VRTX-US
Joseph Stringer,Needham,477,VRTX-US,2024Q4,2024,0.0419374605749301,114312.11,2834,20250107.0,31.0,VRTX-US
Myles R. Minter,William Blair,198,VRTX-US,2024Q4,2024,0.0365756510768676,114312.11,2834,20241105.0,94.0,VRTX-US
Brian Abrahams,RBC Capital Markets,1269,VRTX-US,2024Q4,2024,0.0347958907812922,114312.11,2834,20250106.0,32.0,VRTX-US
Olivia Brayer Saunders,Cantor Fitzgerald,1190,VRTX-US,2024Q4,2024,0.0382202397044246,114312.11,2834,20240802.0,189.0,VRTX-US
Christopher Raymond,Piper Sandler Companies,570,VRTX-US,2024Q4,2024,0.0415995314048842,114312.11,2834,20241105.0,94.0,VRTX-US
Debjit Chattopadhyay,Guggenheim Securities,1515,VRTX-US,2024Q4,2024,0.0299522393439668,114312.11,2834,20241105.0,94.0,VRTX-US
Steve Chesney,Rothschild & Co Redburn,1652,VRTX-US,2024Q4,2024,,114312.11,2834,20241121.0,78.0,VRTX-US
David Risinger,Leerink Partners,1079,VRTX-US,2024Q4,2024,0.0348634766153014,114312.11,2834,20241105.0,94.0,VRTX-US
Narumi Nakagiri,Daiwa Securities Co. Ltd.,467,VRTX-US,2024Q4,2024,0.0320924574209245,114312.11,2834,20241113.0,86.0,VRTX-US
Olivia Brayer Saunders,Cantor Fitzgerald,1190,VRTX-US,2024Q3,2024,0.034375535986948,123396.08,2834,20240802.0,91.0,VRTX-US
Mohit Bansal,Wells Fargo Securities,596,VRTX-US,2024Q3,2024,0.0361130749440482,123396.08,2834,20240802.0,91.0,VRTX-US
Whitney Ijem,Canaccord Genuity,466,VRTX-US,2024Q3,2024,0.0363207764228492,123396.08,2834,20240729.0,95.0,VRTX-US
Jay Olson,Oppenheimer,498,VRTX-US,2024Q3,2024,0.0359024451463113,123396.08,2834,20241028.0,4.0,VRTX-US
Brian Abrahams,RBC Capital Markets,1269,VRTX-US,2024Q3,2024,0.0302340563492229,123396.08,2834,20241008.0,24.0,VRTX-US
Greg Harrison,Scotiabank GBM,810,VRTX-US,2024Q3,2024,0.0363841536112447,123396.08,2834,20241009.0,23.0,VRTX-US
Evan David Seigerman,BMO Capital Markets,181,VRTX-US,2024Q3,2024,0.0360781442824572,123396.08,2834,20240802.0,91.0,VRTX-US
Christopher Raymond,Piper Sandler Companies,570,VRTX-US,2024Q3,2024,0.0386215984438076,123396.08,2834,20240802.0,91.0,VRTX-US
William Pickering,Bernstein Research,1140,VRTX-US,2024Q3,2024,,123396.08,2834,20240725.0,99.0,VRTX-US
Phil Nadeau,TD Cowen,917,VRTX-US,2024Q3,2024,0.0334533246878202,123396.08,2834,20240802.0,91.0,VRTX-US
Andrew S. Fein,HC Wainwright,536,VRTX-US,2024Q3,2024,0.0482432178041791,123396.08,2834,20240802.0,91.0,VRTX-US
Danielle Brill,Raymond James,402,VRTX-US,2024Q3,2024,0.036362609550503,123396.08,2834,20241009.0,23.0,VRTX-US
Debjit Chattopadhyay,Guggenheim Securities,1515,VRTX-US,2024Q3,2024,0.0264063251689012,123396.08,2834,20240802.0,91.0,VRTX-US
David Risinger,Leerink Partners,1079,VRTX-US,2024Q3,2024,0.0340199544018908,123396.08,2834,20240726.0,98.0,VRTX-US
Naz Rahman,Maxim Group,1063,VRTX-US,2024Q3,2024,0.0347102010081783,123396.08,2834,20240819.0,74.0,VRTX-US
Steve Chesney,Rothschild & Co Redburn,1652,VRTX-US,2024Q3,2024,,123396.08,2834,20240627.0,127.0,VRTX-US
Narumi Nakagiri,Daiwa Securities Co. Ltd.,467,VRTX-US,2024Q3,2024,0.0278704846367838,123396.08,2834,20240510.0,175.0,VRTX-US
Joseph Stringer,Needham,477,VRTX-US,2024Q3,2024,0.0388098475182497,123396.08,2834,20240725.0,99.0,VRTX-US
William Pickering,Bernstein Research,1140,VRTX-US,2024Q2,2024,,125961.016,2834,20240725.0,6.0,VRTX-US
Whitney Ijem,Canaccord Genuity,466,VRTX-US,2024Q2,2024,0.0723045562566582,125961.016,2834,20240729.0,2.0,VRTX-US
David Risinger,Leerink Partners,1079,VRTX-US,2024Q2,2024,0.0701329591084159,125961.016,2834,20240726.0,5.0,VRTX-US
Joseph Stringer,Needham,477,VRTX-US,2024Q2,2024,0.0750088093091862,125961.016,2834,20240507.0,85.0,VRTX-US
Phil Nadeau,TD Cowen,917,VRTX-US,2024Q2,2024,0.0710343767925919,125961.016,2834,20240507.0,85.0,VRTX-US
Christopher Raymond,Piper Sandler Companies,570,VRTX-US,2024Q2,2024,0.0698256576251741,125961.016,2834,20240206.0,176.0,VRTX-US
Olivia Brayer Saunders,Cantor Fitzgerald,1190,VRTX-US,2024Q2,2024,0.069641276735229,125961.016,2834,20240507.0,85.0,VRTX-US
Evan David Seigerman,BMO Capital Markets,181,VRTX-US,2024Q2,2024,0.0711468491354584,125961.016,2834,20240530.0,62.0,VRTX-US
Steve Chesney,Rothschild & Co Redburn,1652,VRTX-US,2024Q2,2024,,125961.016,2834,20240627.0,34.0,VRTX-US
Brian Abrahams,RBC Capital Markets,1269,VRTX-US,2024Q2,2024,0.067797467835778,125961.016,2834,20240708.0,23.0,VRTX-US
Naz Rahman,Maxim Group,1063,VRTX-US,2024Q2,2024,0.068514504630009,125961.016,2834,20240507.0,85.0,VRTX-US
Mohit Bansal,Wells Fargo Securities,596,VRTX-US,2024Q2,2024,0.0752956240268786,125961.016,2834,20240507.0,85.0,VRTX-US
Joon Lee,Truist Securities,852,VRTX-US,2024Q2,2024,0.0635771941325903,125961.016,2834,20240507.0,85.0,VRTX-US
Myles R. Minter,William Blair,198,VRTX-US,2024Q2,2024,0.0867886995001229,125961.016,2834,20240507.0,85.0,VRTX-US
Narumi Nakagiri,Daiwa Securities Co. Ltd.,467,VRTX-US,2024Q2,2024,0.064376177989019,125961.016,2834,20240510.0,82.0,VRTX-US
Hartaj Singh,Oppenheimer,498,VRTX-US,2024Q2,2024,0.0640279029746783,125961.016,2834,20240507.0,85.0,VRTX-US
Mohit Bansal,Wells Fargo Securities,596,VRTX-US,2024Q1,2024,0.0455806161232246,103302.47,2834,20240426.0,7.0,VRTX-US
Olivia Brayer Saunders,Cantor Fitzgerald,1190,VRTX-US,2024Q1,2024,0.0371539307861572,103302.47,2834,20240206.0,87.0,VRTX-US
Christopher Raymond,Piper Sandler Companies,570,VRTX-US,2024Q1,2024,0.0397794558911782,103302.47,2834,20240206.0,87.0,VRTX-US
Evan David Seigerman,BMO Capital Markets,181,VRTX-US,2024Q1,2024,0.0452833066613322,103302.47,2834,20240418.0,15.0,VRTX-US
Brian Abrahams,RBC Capital Markets,1269,VRTX-US,2024Q1,2024,0.035878675735147,103302.47,2834,20240206.0,87.0,VRTX-US
William Pickering,Bernstein Research,1140,VRTX-US,2024Q1,2024,,103302.47,2834,20231229.0,126.0,VRTX-US
Phil Nadeau,TD Cowen,917,VRTX-US,2024Q1,2024,0.0424732446489297,103302.47,2834,20240206.0,87.0,VRTX-US
Myles R. Minter,William Blair,198,VRTX-US,2024Q1,2024,0.0437302460492098,103302.47,2834,20240206.0,87.0,VRTX-US
Joon Lee,Truist Securities,852,VRTX-US,2024Q1,2024,0.0300025005001,103302.47,2834,20240206.0,87.0,VRTX-US
Hartaj Singh,Oppenheimer,498,VRTX-US,2024Q1,2024,0.0353285657131426,103302.47,2834,20240206.0,87.0,VRTX-US
Naz Rahman,Maxim Group,1063,VRTX-US,2024Q1,2024,0.04125475095019,103302.47,2834,20240206.0,87.0,VRTX-US
Danielle Brill,Raymond James,402,VRTX-US,2024Q1,2024,0.0442303460692138,103302.47,2834,20240206.0,87.0,VRTX-US
Narumi Nakagiri,Daiwa Securities Co. Ltd.,467,VRTX-US,2024Q1,2024,0.0343033606721344,103302.47,2834,20231113.0,172.0,VRTX-US
David Risinger,Leerink Partners,1079,VRTX-US,2024Q1,2024,0.0406046209241848,103302.47,2834,20231213.0,142.0,VRTX-US
Joseph Stringer,Needham,477,VRTX-US,2024Q1,2024,0.042379975995199,103302.47,2834,20240206.0,87.0,VRTX-US
Christopher Raymond,Piper Sandler Companies,570,VRTX-US,2023Q4,2023,0.0362788848242484,113408.945,2834,20240118.0,15.0,VRTX-US
William Pickering,Bernstein Research,1140,VRTX-US,2023Q4,2023,,113408.945,2834,20231229.0,35.0,VRTX-US
Naz Rahman,Maxim Group,1063,VRTX-US,2023Q4,2023,0.0391645270500556,113408.945,2834,20231107.0,87.0,VRTX-US
Robyn Karnauskas,Truist Securities,852,VRTX-US,2023Q4,2023,0.0297123446411124,113408.945,2834,20240130.0,3.0,VRTX-US
Hartaj Singh,Oppenheimer,498,VRTX-US,2023Q4,2023,0.0360062257162981,113408.945,2834,20240129.0,4.0,VRTX-US
Danielle Brill,Raymond James,402,VRTX-US,2023Q4,2023,0.0337795096680375,113408.945,2834,20240129.0,4.0,VRTX-US
Myles R. Minter,William Blair,198,VRTX-US,2023Q4,2023,0.0530701415555202,113408.945,2834,20240123.0,10.0,VRTX-US
Brian Abrahams,RBC Capital Markets,1269,VRTX-US,2023Q4,2023,0.0308711458499011,113408.945,2834,20240119.0,14.0,VRTX-US
Olivia Brayer Saunders,Cantor Fitzgerald,1190,VRTX-US,2023Q4,2023,0.0370968621480993,113408.945,2834,20240123.0,10.0,VRTX-US
Phil Nadeau,TD Cowen,917,VRTX-US,2023Q4,2023,0.0409822544363909,113408.945,2834,20240108.0,25.0,VRTX-US
Mohit Bansal,Wells Fargo Securities,596,VRTX-US,2023Q4,2023,0.0457537888255208,113408.945,2834,20231213.0,51.0,VRTX-US
Joseph Stringer,Needham,477,VRTX-US,2023Q4,2023,0.0389600327190929,113408.945,2834,20230802.0,184.0,VRTX-US
Evan David Seigerman,BMO Capital Markets,181,VRTX-US,2023Q4,2023,0.0447001885892163,113408.945,2834,20231218.0,46.0,VRTX-US
David Risinger,Leerink Partners,1079,VRTX-US,2023Q4,2023,0.0380057258412669,113408.945,2834,20231213.0,51.0,VRTX-US
Andrew S. Fein,HC Wainwright,536,VRTX-US,2023Q4,2023,0.0502753856990297,113408.945,2834,20231107.0,87.0,VRTX-US
Narumi Nakagiri,Daiwa Securities Co. Ltd.,467,VRTX-US,2023Q4,2023,0.032052668651019,113408.945,2834,20231113.0,81.0,VRTX-US
Myles R. Minter,William Blair,198,VRTX-US,2023Q3,2023,0.0563216014796279,94891.14,2834,20230802.0,93.0,VRTX-US
William Pickering,Bernstein Research,1140,VRTX-US,2023Q3,2023,,94891.14,2834,20230317.0,231.0,VRTX-US
Naz Rahman,Maxim Group,1063,VRTX-US,2023Q3,2023,0.0421509002883098,94891.14,2834,20231031.0,3.0,VRTX-US
Brian Abrahams,RBC Capital Markets,1269,VRTX-US,2023Q3,2023,0.0332024152749823,94891.14,2834,20230802.0,93.0,VRTX-US
Danielle Brill,Raymond James,402,VRTX-US,2023Q3,2023,0.0344263721916988,94891.14,2834,20230802.0,93.0,VRTX-US
Olivia Brayer Saunders,Cantor Fitzgerald,1190,VRTX-US,2023Q3,2023,0.0443812217809933,94891.14,2834,20231013.0,21.0,VRTX-US
Phil Nadeau,TD Cowen,917,VRTX-US,2023Q3,2023,0.0469923298699885,94891.14,2834,20230208.0,268.0,VRTX-US
Christopher Raymond,Piper Sandler Companies,570,VRTX-US,2023Q3,2023,0.042042104117935,94891.14,2834,20230503.0,184.0,VRTX-US
Evan David Seigerman,BMO Capital Markets,181,VRTX-US,2023Q3,2023,0.0511807104389925,94891.14,2834,20230802.0,93.0,VRTX-US
Mohit Bansal,Wells Fargo Securities,596,VRTX-US,2023Q3,2023,0.0522145460479791,94891.14,2834,20230802.0,93.0,VRTX-US
Robyn Karnauskas,Truist Securities,852,VRTX-US,2023Q3,2023,0.0317608660175161,94891.14,2834,20230802.0,93.0,VRTX-US
Hartaj Singh,Oppenheimer,498,VRTX-US,2023Q3,2023,0.0377174563455366,94891.14,2834,20230802.0,93.0,VRTX-US
Narumi Nakagiri,Daiwa Securities Co. Ltd.,467,VRTX-US,2023Q3,2023,0.031679268889735,94891.14,2834,20230808.0,87.0,VRTX-US
David Risinger,Leerink Partners,1079,VRTX-US,2023Q3,2023,0.0414437251808736,94891.14,2834,20230718.0,108.0,VRTX-US
Joseph Stringer,Needham,477,VRTX-US,2023Q3,2023,0.0461763585921775,94891.14,2834,20230802.0,93.0,VRTX-US
Hartaj Singh,Oppenheimer,498,VRTX-US,2023Q2,2023,0.0447754749568221,92455.875,2834,20230502.0,90.0,VRTX-US
William Pickering,Bernstein Research,1140,VRTX-US,2023Q2,2023,,92455.875,2834,20230317.0,136.0,VRTX-US
Phil Nadeau,TD Cowen,917,VRTX-US,2023Q2,2023,0.0492604044793581,92455.875,2834,20230208.0,173.0,VRTX-US
Christopher Raymond,Piper Sandler Companies,570,VRTX-US,2023Q2,2023,0.0441347707393169,92455.875,2834,20230503.0,89.0,VRTX-US
Myles R. Minter,William Blair,198,VRTX-US,2023Q2,2023,0.0408198228313555,92455.875,2834,20230525.0,67.0,VRTX-US
Olivia Brayer Saunders,Cantor Fitzgerald,1190,VRTX-US,2023Q2,2023,0.0506532397348041,92455.875,2834,20230502.0,90.0,VRTX-US
David Risinger,Leerink Partners,1079,VRTX-US,2023Q2,2023,0.0436612067524653,92455.875,2834,20230718.0,13.0,VRTX-US
Brian Abrahams,RBC Capital Markets,1269,VRTX-US,2023Q2,2023,0.034050643489888,92455.875,2834,20230706.0,25.0,VRTX-US
Naz Rahman,Maxim Group,1063,VRTX-US,2023Q2,2023,0.0433269262911582,92455.875,2834,20230502.0,90.0,VRTX-US
Mohit Bansal,Wells Fargo Securities,596,VRTX-US,2023Q2,2023,0.0537453340018942,92455.875,2834,20230502.0,90.0,VRTX-US
Robyn Karnauskas,Truist Securities,852,VRTX-US,2023Q2,2023,0.0375884450387208,92455.875,2834,20230502.0,90.0,VRTX-US
Danielle Brill,Raymond James,402,VRTX-US,2023Q2,2023,0.0383405760766616,92455.875,2834,20230502.0,90.0,VRTX-US
Narumi Nakagiri,Daiwa Securities Co. Ltd.,467,VRTX-US,2023Q2,2023,0.0342456404256504,92455.875,2834,20230508.0,84.0,VRTX-US
Joseph Stringer,Needham,477,VRTX-US,2023Q2,2023,0.0497339684662098,92455.875,2834,20230502.0,90.0,VRTX-US
James E. Friedman,Susquehanna Financial Group,974,V-US,2026Q1,2026,0.0314516491633747,523442.22,7389,20250730.0,271.0,V-US
Daniel Perlin,RBC Capital Markets,1269,V-US,2026Q1,2026,0.031098371712111,523442.22,7389,20250131.0,451.0,V-US
Gus Gala,"Monness, Crespi, Hardt",1080,V-US,2026Q1,2026,0.0314516491633747,523442.22,7389,20260102.0,115.0,V-US
Jason Kupferberg,Wells Fargo Securities,596,V-US,2026Q1,2026,0.032204470565565,523442.22,7389,20260424.0,3.0,V-US
Andrew Bauch,BMO Capital Markets,181,V-US,2026Q1,2026,0.0308735587885795,523442.22,7389,20260420.0,7.0,V-US
Matthew Coad,Truist Securities,852,V-US,2026Q1,2026,0.031580113691107,523442.22,7389,20250715.0,286.0,V-US
Harshita Rawat,Bernstein Research,1140,V-US,2026Q1,2026,,523442.22,7389,20260130.0,87.0,V-US
Adam Frisch,Evercore ISI,1772,V-US,2026Q1,2026,0.0314195330314416,523442.22,7389,20260130.0,87.0,V-US
Ramsey El-Assal,Cantor Fitzgerald,1190,V-US,2026Q1,2026,0.031098371712111,523442.22,7389,20260123.0,94.0,V-US
Andrew Schmidt,KeyBanc Capital Markets,618,V-US,2026Q1,2026,0.0314195330314416,523442.22,7389,20250430.0,362.0,V-US
Nate Svensson,Deutsche Bank Research,77,V-US,2026Q1,2026,0.0312910685037094,523442.22,7389,20240126.0,822.0,V-US
Dan Dolev,Mizuho Securities USA,1802,V-US,2026Q1,2026,0.0307450942608472,523442.22,7389,20251030.0,179.0,V-US
Jeff Cantwell,Seaport Research Partners,1321,V-US,2026Q1,2026,0.0313553007675755,523442.22,7389,20260130.0,87.0,V-US
Bryan C. Bergin,TD Cowen,917,V-US,2026Q1,2026,0.0310929119696823,523442.22,7389,20251029.0,180.0,V-US
Rayna Kumar,Oppenheimer,498,V-US,2026Q1,2026,0.0313553007675755,523442.22,7389,20251015.0,194.0,V-US
Dominick Gabriele,Loop Capital Markets,1009,V-US,2026Q1,2026,0.0314837652953078,523442.22,7389,20260327.0,31.0,V-US
Sanjay Sakhrani,Keefe Bruyette & Woods,525,V-US,2026Q1,2026,0.0312268362398432,523442.22,7389,20250730.0,271.0,V-US
Fahed Kunwar,Rothschild & Co Redburn,1652,V-US,2026Q1,2026,,523442.22,7389,20260209.0,77.0,V-US
Mikhail Paramonov,Freedom Broker,3713,V-US,2026Q1,2026,0.0312589523717763,523442.22,7389,20250505.0,357.0,V-US
Ze Yu Yao,China International Capital,898,V-US,2026Q1,2026,0.0315479975591739,523442.22,7389,20250501.0,361.0,V-US
Kazuya Nishimura,Daiwa Securities Co. Ltd.,467,V-US,2026Q1,2026,0.0313231846356424,523442.22,7389,20241101.0,542.0,V-US
Madison Suhr,Raymond James,402,V-US,2026Q1,2026,0.0312589523717763,523442.22,7389,20260130.0,87.0,V-US
Steve Biggar,Argus Research,376,V-US,2026Q1,2026,0.0323830169894337,523442.22,7389,20260130.0,87.0,V-US
Andrew W. Jeffrey,William Blair,198,V-US,2026Q1,2026,0.030648745865048,523442.22,7389,20241030.0,544.0,V-US
Andrew Dusing,Cleveland Research Company,2295,V-US,2026Q1,2026,0.0316533224138484,523442.22,7389,20260122.0,95.0,V-US
Fahed Kunwar,Rothschild & Co Redburn,1652,V-US,2025Q4,2025,,554905.7,7389,20260128.0,0.0,V-US
Harshita Rawat,Bernstein Research,1140,V-US,2025Q4,2025,,554905.7,7389,20250218.0,344.0,V-US
Ramsey El-Assal,Cantor Fitzgerald,1190,V-US,2025Q4,2025,0.0297958501686058,554905.7,7389,20260123.0,5.0,V-US
Gus Gala,"Monness, Crespi, Hardt",1080,V-US,2025Q4,2025,0.0301300239997569,554905.7,7389,20260102.0,26.0,V-US
Andrew Dusing,Cleveland Research Company,2295,V-US,2025Q4,2025,0.0302904122489898,554905.7,7389,20260122.0,6.0,V-US
Bryan C. Bergin,TD Cowen,917,V-US,2025Q4,2025,0.0295236503934137,554905.7,7389,20251029.0,91.0,V-US
Andrew Schmidt,KeyBanc Capital Markets,618,V-US,2025Q4,2025,0.0297654707294103,554905.7,7389,20250430.0,273.0,V-US
Jason Kupferberg,Wells Fargo Securities,596,V-US,2025Q4,2025,0.029917367925388,554905.7,7389,20250318.0,316.0,V-US
Madison Suhr,Raymond James,402,V-US,2025Q4,2025,0.0294920557766503,554905.7,7389,20251029.0,91.0,V-US
Matthew Coad,Truist Securities,852,V-US,2025Q4,2025,0.030300148859252,554905.7,7389,20250715.0,197.0,V-US
Adam Frisch,Evercore ISI,1772,V-US,2025Q4,2025,0.0293705380198681,554905.7,7389,20251029.0,91.0,V-US
Nate Svensson,Deutsche Bank Research,77,V-US,2025Q4,2025,0.0299477473645836,554905.7,7389,20240126.0,733.0,V-US
Dan Dolev,Mizuho Securities USA,1802,V-US,2025Q4,2025,0.0294616763374548,554905.7,7389,20251030.0,90.0,V-US
Daniel Perlin,RBC Capital Markets,1269,V-US,2025Q4,2025,0.0294616763374548,554905.7,7389,20241030.0,455.0,V-US
Trevor Williams,Jefferies,512,V-US,2025Q4,2025,0.0296135735334325,554905.7,7389,20251029.0,91.0,V-US
Jeff Cantwell,Seaport Research Partners,1321,V-US,2025Q4,2025,0.0295224352158459,554905.7,7389,20250416.0,287.0,V-US
Dominick Gabriele,Compass Point Research,1921,V-US,2025Q4,2025,0.0298262296078014,554905.7,7389,20251029.0,91.0,V-US
Andrew W. Jeffrey,William Blair,198,V-US,2025Q4,2025,0.0295224352158459,554905.7,7389,20241030.0,455.0,V-US
Rayna Kumar,Oppenheimer,498,V-US,2025Q4,2025,0.0298262296078014,554905.7,7389,20251015.0,105.0,V-US
Kazuya Nishimura,Daiwa Securities Co. Ltd.,467,V-US,2025Q4,2025,0.0298262296078014,554905.7,7389,20241101.0,453.0,V-US
Sanjay Sakhrani,Keefe Bruyette & Woods,525,V-US,2025Q4,2025,0.0297654707294103,554905.7,7389,20250730.0,182.0,V-US
Mikhail Paramonov,Freedom Broker,3713,V-US,2025Q4,2025,0.0297350912902147,554905.7,7389,20250505.0,268.0,V-US
Ze Yu Yao,China International Capital,898,V-US,2025Q4,2025,0.0303123006349302,554905.7,7389,20250501.0,272.0,V-US
Steve Biggar,Argus Research,376,V-US,2025Q4,2025,0.0298566090469969,554905.7,7389,20250730.0,182.0,V-US
James E. Friedman,Susquehanna Financial Group,974,V-US,2025Q4,2025,0.0297958501686058,554905.7,7389,20250131.0,362.0,V-US
Gus Gala,"Monness, Crespi, Hardt",1080,V-US,2025Q3,2025,0.029646363166657,591787.0,7389,20251024.0,3.0,V-US
Bryan C. Bergin,TD Cowen,917,V-US,2025Q3,2025,0.0295969917905735,591787.0,7389,20250711.0,108.0,V-US
Matthew Coad,Truist Securities,852,V-US,2025Q3,2025,0.0296971697571617,591787.0,7389,20250715.0,104.0,V-US
Rayna Kumar,Oppenheimer,498,V-US,2025Q3,2025,0.0295315460129743,591787.0,7389,20251015.0,12.0,V-US
Adam Frisch,Evercore ISI,1772,V-US,2025Q3,2025,0.0294167288592915,591787.0,7389,20250730.0,89.0,V-US
James E. Friedman,Susquehanna Financial Group,974,V-US,2025Q3,2025,0.0293306159940295,591787.0,7389,20250131.0,269.0,V-US
Andrew Schmidt,KeyBanc Capital Markets,618,V-US,2025Q3,2025,0.0294033784947471,591787.0,7389,20250430.0,180.0,V-US
Jason Kupferberg,Wells Fargo Securities,596,V-US,2025Q3,2025,0.0294167288592915,591787.0,7389,20250318.0,223.0,V-US
Harshita Rawat,Bernstein Research,1140,V-US,2025Q3,2025,,591787.0,7389,20250131.0,269.0,V-US
Nate Svensson,Deutsche Bank Research,77,V-US,2025Q3,2025,0.0294741374361329,591787.0,7389,20240126.0,640.0,V-US
Trevor Williams,Jefferies,512,V-US,2025Q3,2025,0.0295889545898157,591787.0,7389,20250715.0,104.0,V-US
Daniel Perlin,RBC Capital Markets,1269,V-US,2025Q3,2025,0.0291583902635053,591787.0,7389,20241030.0,362.0,V-US
Andrew W. Jeffrey,William Blair,198,V-US,2025Q3,2025,0.0291009816866639,591787.0,7389,20241030.0,362.0,V-US
Jeff Cantwell,Seaport Research Partners,1321,V-US,2025Q3,2025,0.0293019117056088,591787.0,7389,20250416.0,194.0,V-US
Dan Dolev,Mizuho Securities USA,1802,V-US,2025Q3,2025,0.029933406050864,591787.0,7389,20250604.0,145.0,V-US
Dominick Gabriele,Compass Point Research,1921,V-US,2025Q3,2025,0.0298759974740226,591787.0,7389,20241030.0,362.0,V-US
Sanjay Sakhrani,Keefe Bruyette & Woods,525,V-US,2025Q3,2025,0.0293019117056088,591787.0,7389,20250730.0,89.0,V-US
Mikhail Paramonov,Freedom Broker,3713,V-US,2025Q3,2025,0.0294454331477122,591787.0,7389,20250505.0,175.0,V-US
Fahed Kunwar,Rothschild & Co Redburn,1652,V-US,2025Q3,2025,,591787.0,7389,20250711.0,108.0,V-US
Kazuya Nishimura,Daiwa Securities Co. Ltd.,467,V-US,2025Q3,2025,0.0294167288592915,591787.0,7389,20241101.0,360.0,V-US
Ze Yu Yao,China International Capital,898,V-US,2025Q3,2025,0.0299047017624433,591787.0,7389,20250501.0,179.0,V-US
Hui Ting Tang,Mega Intl Invst Serv,1175,V-US,2025Q3,2025,0.0290435731098226,591787.0,7389,20250730.0,89.0,V-US
John Davis,Raymond James,402,V-US,2025Q3,2025,0.0295315460129743,591787.0,7389,20250430.0,180.0,V-US
Steve Biggar,Argus Research,376,V-US,2025Q3,2025,0.0293306159940295,591787.0,7389,20250730.0,89.0,V-US
Sanjay Sakhrani,Keefe Bruyette & Woods,525,V-US,2025Q2,2025,0.0286897008817935,593746.06,7389,20250430.0,89.0,V-US
Gus Gala,"Monness, Crespi, Hardt",1080,V-US,2025Q2,2025,0.028487983401533,593746.06,7389,20250131.0,178.0,V-US
Bryan C. Bergin,TD Cowen,917,V-US,2025Q2,2025,0.0291582617716558,593746.06,7389,20250430.0,89.0,V-US
Rayna Kumar,Oppenheimer,498,V-US,2025Q2,2025,0.0298711889804622,593746.06,7389,20250131.0,178.0,V-US
Harshita Rawat,Bernstein Research,1140,V-US,2025Q2,2025,,593746.06,7389,20250131.0,178.0,V-US
Adam Frisch,Evercore ISI,1772,V-US,2025Q2,2025,0.0274793960002305,593746.06,7389,20250407.0,112.0,V-US
Matthew Coad,Truist Securities,852,V-US,2025Q2,2025,0.029725946631318,593746.06,7389,20250715.0,13.0,V-US
Dominick Gabriele,Compass Point Research,1921,V-US,2025Q2,2025,0.0297559218488847,593746.06,7389,20241030.0,271.0,V-US
Trevor Williams,Jefferies,512,V-US,2025Q2,2025,0.0293236701054694,593746.06,7389,20250411.0,108.0,V-US
Nate Svensson,Deutsche Bank Research,77,V-US,2025Q2,2025,0.0291545962768716,593746.06,7389,20240126.0,549.0,V-US
Fahed Kunwar,Rothschild & Co Redburn,1652,V-US,2025Q2,2025,,593746.06,7389,20250711.0,17.0,V-US
Jeff Cantwell,Seaport Research Partners,1321,V-US,2025Q2,2025,0.0291795861909976,593746.06,7389,20250416.0,103.0,V-US
James E. Friedman,Susquehanna Financial Group,974,V-US,2025Q2,2025,0.0290643190594202,593746.06,7389,20250131.0,178.0,V-US
Daniel Perlin,RBC Capital Markets,1269,V-US,2025Q2,2025,0.0290643190594202,593746.06,7389,20241030.0,271.0,V-US
Dan Dolev,Mizuho Securities USA,1802,V-US,2025Q2,2025,0.0297847386317791,593746.06,7389,20250604.0,54.0,V-US
Donald Fandetti,Wells Fargo Securities,596,V-US,2025Q2,2025,0.029208402973892,593746.06,7389,20250318.0,132.0,V-US
Andrew W. Jeffrey,William Blair,198,V-US,2025Q2,2025,0.0289490519278427,593746.06,7389,20241030.0,271.0,V-US
Yuanyuan Kou,Haitong International Research,2898,V-US,2025Q2,2025,0.0291795861909976,593746.06,7389,20250423.0,96.0,V-US
Kazuya Nishimura,Daiwa Securities Co. Ltd.,467,V-US,2025Q2,2025,0.029208402973892,593746.06,7389,20241101.0,269.0,V-US
Mikhail Paramonov,Freedom Broker,3713,V-US,2025Q2,2025,0.0290355022765258,593746.06,7389,20250505.0,84.0,V-US
Ze Yu Yao,China International Capital,898,V-US,2025Q2,2025,0.0297271050659904,593746.06,7389,20250501.0,88.0,V-US
Alex Markgraff,KeyBanc Capital Markets,618,V-US,2025Q2,2025,0.029208402973892,593746.06,7389,20250430.0,89.0,V-US
John Davis,Raymond James,402,V-US,2025Q2,2025,0.0291219526252089,593746.06,7389,20250131.0,178.0,V-US
Steve Biggar,Argus Research,376,V-US,2025Q2,2025,0.0287761512304766,593746.06,7389,20241031.0,270.0,V-US
Daniel Perlin,RBC Capital Markets,1269,V-US,2025Q1,2025,0.0311927919326928,577636.56,7389,20241030.0,180.0,V-US
Gus Gala,"Monness, Crespi, Hardt",1080,V-US,2025Q1,2025,0.0307154364818903,577636.56,7389,20250131.0,87.0,V-US
Bryan C. Bergin,TD Cowen,917,V-US,2025Q1,2025,0.0304654215645324,577636.56,7389,20250411.0,17.0,V-US
Yuanyuan Kou,Haitong International Research,2898,V-US,2025Q1,2025,0.0309839489229667,577636.56,7389,20250423.0,5.0,V-US
Alex Markgraff,KeyBanc Capital Markets,618,V-US,2025Q1,2025,0.0308944447759412,577636.56,7389,20250421.0,7.0,V-US
Rayna Kumar,Oppenheimer,498,V-US,2025Q1,2025,0.0319386598245718,577636.56,7389,20250131.0,87.0,V-US
Fahed Kunwar,Rothschild & Co Redburn,1652,V-US,2025Q1,2025,,577636.56,7389,20250417.0,11.0,V-US
Jeff Cantwell,Seaport Research Partners,1321,V-US,2025Q1,2025,0.0310734530699922,577636.56,7389,20250416.0,12.0,V-US
Harshita Rawat,Bernstein Research,1140,V-US,2025Q1,2025,,577636.56,7389,20250131.0,87.0,V-US
James E. Friedman,Susquehanna Financial Group,974,V-US,2025Q1,2025,0.0312524613640432,577636.56,7389,20250131.0,87.0,V-US
Bryan Keane,Deutsche Bank Research,77,V-US,2025Q1,2025,0.0314159466555283,577636.56,7389,20240126.0,458.0,V-US
Trevor Williams,Jefferies,512,V-US,2025Q1,2025,0.0312822960797183,577636.56,7389,20250411.0,17.0,V-US
Rufus Hone,BMO Capital Markets,181,V-US,2025Q1,2025,0.0323861805596992,577636.56,7389,20250131.0,87.0,V-US
Adam Frisch,Evercore ISI,1772,V-US,2025Q1,2025,0.0298502297273107,577636.56,7389,20250407.0,21.0,V-US
Donald Fandetti,Wells Fargo Securities,596,V-US,2025Q1,2025,0.0313419655110686,577636.56,7389,20250318.0,41.0,V-US
Sanjay Sakhrani,Keefe Bruyette & Woods,525,V-US,2025Q1,2025,0.0314016349424189,577636.56,7389,20250328.0,31.0,V-US
Andrew W. Jeffrey,William Blair,198,V-US,2025Q1,2025,0.0312524613640432,577636.56,7389,20241030.0,180.0,V-US
Dan Dolev,Mizuho Securities USA,1802,V-US,2025Q1,2025,0.0307452711975654,577636.56,7389,20250130.0,88.0,V-US
John Davis,Raymond James,402,V-US,2025Q1,2025,0.0311331225013425,577636.56,7389,20250131.0,87.0,V-US
Arvind Ramnani,Piper Sandler Companies,570,V-US,2025Q1,2025,0.0310137836386419,577636.56,7389,20241030.0,180.0,V-US
Kazuya Nishimura,Daiwa Securities Co. Ltd.,467,V-US,2025Q1,2025,0.0314613043737693,577636.56,7389,20241101.0,178.0,V-US
Pei Feng Li,China International Capital,898,V-US,2025Q1,2025,0.0322966764126737,577636.56,7389,20241030.0,180.0,V-US
Dominick Gabriele,Compass Point Research,1921,V-US,2025Q1,2025,0.0322668416969986,577636.56,7389,20241030.0,180.0,V-US
Irene Weng,Fubon Securities,1084,V-US,2025Q1,2025,0.0305662629035145,577636.56,7389,20241031.0,179.0,V-US
Steve Biggar,Argus Research,376,V-US,2025Q1,2025,0.0311331225013425,577636.56,7389,20241031.0,179.0,V-US
Harshita Rawat,Bernstein Research,1140,V-US,2024Q4,2024,,546974.3,7389,20241021.0,100.0,V-US
Gus Gala,"Monness, Crespi, Hardt",1080,V-US,2024Q4,2024,0.0308552548374857,546974.3,7389,20241030.0,91.0,V-US
John Davis,Raymond James,402,V-US,2024Q4,2024,0.0312030479322119,546974.3,7389,20250124.0,5.0,V-US
Bryan C. Bergin,TD Cowen,917,V-US,2024Q4,2024,0.0322780447704565,546974.3,7389,20240725.0,188.0,V-US
Arvind Ramnani,Piper Sandler Companies,570,V-US,2024Q4,2024,0.0318670165675983,546974.3,7389,20241030.0,91.0,V-US
Andrew W. Jeffrey,William Blair,198,V-US,2024Q4,2024,0.0321038320475528,546974.3,7389,20241030.0,91.0,V-US
Rayna Kumar,Oppenheimer,498,V-US,2024Q4,2024,0.0324677500948526,546974.3,7389,20240927.0,124.0,V-US
Trevor Williams,Jefferies,512,V-US,2024Q4,2024,0.031392753256608,546974.3,7389,20241030.0,91.0,V-US
Daniel Perlin,RBC Capital Markets,1269,V-US,2024Q4,2024,0.0319302516757303,546974.3,7389,20241030.0,91.0,V-US
Rufus Hone,BMO Capital Markets,181,V-US,2024Q4,2024,0.0328471607436448,546974.3,7389,20240412.0,292.0,V-US
Jeff Cantwell,Seaport Research Partners,1321,V-US,2024Q4,2024,0.0323728974326546,546974.3,7389,20250113.0,16.0,V-US
Bryan Keane,Deutsche Bank Research,77,V-US,2024Q4,2024,0.0323122075376248,546974.3,7389,20240724.0,189.0,V-US
Dan Dolev,Mizuho Securities USA,1802,V-US,2024Q4,2024,0.0311714303781459,546974.3,7389,20241030.0,91.0,V-US
Sanjay Sakhrani,Keefe Bruyette & Woods,525,V-US,2024Q4,2024,0.0324361325407866,546974.3,7389,20250103.0,26.0,V-US
Donald Fandetti,Wells Fargo Securities,596,V-US,2024Q4,2024,0.0322464272163905,546974.3,7389,20240424.0,280.0,V-US
Dominick Gabriele,Compass Point Research,1921,V-US,2024Q4,2024,0.033131718730239,546974.3,7389,20241030.0,91.0,V-US
Alex Markgraff,KeyBanc Capital Markets,618,V-US,2024Q4,2024,0.0317721639054002,546974.3,7389,20241030.0,91.0,V-US
James E. Friedman,Susquehanna Financial Group,974,V-US,2024Q4,2024,0.0316456936891362,546974.3,7389,20241030.0,91.0,V-US
Kazuya Nishimura,Daiwa Securities Co. Ltd.,467,V-US,2024Q4,2024,0.0323096623245225,546974.3,7389,20231115.0,441.0,V-US
Fahed Kunwar,Rothschild & Co Redburn,1652,V-US,2024Q4,2024,,546974.3,7389,20241031.0,90.0,V-US
Irene Weng,Fubon Securities,1084,V-US,2024Q4,2024,0.031329518148476,546974.3,7389,20241031.0,90.0,V-US
Steve Biggar,Argus Research,376,V-US,2024Q4,2024,0.0320883394460604,546974.3,7389,20241031.0,90.0,V-US
Ze Yu Yao,China International Capital,898,V-US,2024Q4,2024,0.0335743644871632,546974.3,7389,20241030.0,91.0,V-US
James E. Friedman,Susquehanna Financial Group,974,V-US,2024Q3,2024,0.0346589566400515,466538.6,7389,20240724.0,96.0,V-US
Rayna Kumar,Oppenheimer,498,V-US,2024Q3,2024,0.036162769880769,466538.6,7389,20240927.0,31.0,V-US
Gus Gala,"Monness, Crespi, Hardt",1080,V-US,2024Q3,2024,0.0339786601740126,466538.6,7389,20241018.0,10.0,V-US
Harshita Rawat,Bernstein Research,1140,V-US,2024Q3,2024,,466538.6,7389,20241021.0,7.0,V-US
Bryan C. Bergin,TD Cowen,917,V-US,2024Q3,2024,0.0359479394178094,466538.6,7389,20240409.0,202.0,V-US
Jeff Cantwell,Seaport Research Partners,1321,V-US,2024Q3,2024,0.034336710945612,466538.6,7389,20241004.0,24.0,V-US
Bryan Keane,Deutsche Bank Research,77,V-US,2024Q3,2024,0.0364850155752085,466538.6,7389,20240126.0,276.0,V-US
Rufus Hone,BMO Capital Markets,181,V-US,2024Q3,2024,0.0366282358838483,466538.6,7389,20240412.0,199.0,V-US
John Davis,Raymond James,402,V-US,2024Q3,2024,0.0355182784918901,466538.6,7389,20231025.0,369.0,V-US
Donald Fandetti,Wells Fargo Securities,596,V-US,2024Q3,2024,0.0362837910415696,466538.6,7389,20240424.0,187.0,V-US
Dan Dolev,Mizuho Securities USA,1802,V-US,2024Q3,2024,0.0344441261770919,466538.6,7389,20240501.0,180.0,V-US
Fahed Kunwar,Rothschild & Co Redburn,1652,V-US,2024Q3,2024,,466538.6,7389,20240816.0,73.0,V-US
Kazuya Nishimura,Daiwa Securities Co. Ltd.,467,V-US,2024Q3,2024,0.0359479394178094,466538.6,7389,20240709.0,111.0,V-US
Dan Dolev,Mizuho Securities USA,1802,V-US,2024Q2,2024,0.037425783604581,417842.9,7389,20240501.0,82.0,V-US
Harshita Rawat,Bernstein Research,1140,V-US,2024Q2,2024,,417842.9,7389,20240715.0,7.0,V-US
Moshe Orenbuch,TD Cowen,917,V-US,2024Q2,2024,0.0386588306208559,417842.9,7389,20240409.0,104.0,V-US
Rufus Hone,BMO Capital Markets,181,V-US,2024Q2,2024,0.0396861814345991,417842.9,7389,20240412.0,101.0,V-US
Bryan Keane,Deutsche Bank Research,77,V-US,2024Q2,2024,0.0397238547317661,417842.9,7389,20240126.0,178.0,V-US
Kazuya Nishimura,Daiwa Securities Co. Ltd.,467,V-US,2024Q2,2024,0.0391964285714285,417842.9,7389,20231115.0,250.0,V-US
David Togut,Evercore ISI,1772,V-US,2024Q2,2024,0.0393094484629294,417842.9,7389,20240624.0,28.0,V-US
Donald Fandetti,Wells Fargo Securities,596,V-US,2024Q2,2024,0.0394978149487643,417842.9,7389,20240424.0,89.0,V-US
Fahed Kunwar,Rothschild & Co Redburn,1652,V-US,2024Q2,2024,,417842.9,7389,20240509.0,74.0,V-US
John Davis,Raymond James,402,V-US,2024Q2,2024,0.038593655816757,417842.9,7389,20231025.0,271.0,V-US
Bryan C. Bergin,TD Cowen,917,V-US,2024Q1,2024,0.0379329285920786,437657.66,7389,20240409.0,13.0,V-US
David Togut,Evercore ISI,1772,V-US,2024Q1,2024,0.0395612893899971,437657.66,7389,20240325.0,28.0,V-US
Harshita Rawat,Bernstein Research,1140,V-US,2024Q1,2024,,437657.66,7389,20240126.0,87.0,V-US
Rufus Hone,BMO Capital Markets,181,V-US,2024Q1,2024,0.0382964729690662,437657.66,7389,20240412.0,10.0,V-US
Bryan Keane,Deutsche Bank Research,77,V-US,2024Q1,2024,0.0385132986412257,437657.66,7389,20240126.0,87.0,V-US
Fahed Kunwar,Rothschild & Co Redburn,1652,V-US,2024Q1,2024,,437657.66,7389,20240327.0,26.0,V-US
Kazuya Nishimura,Daiwa Securities Co. Ltd.,467,V-US,2024Q1,2024,0.038224197745013,437657.66,7389,20231115.0,159.0,V-US
John Davis,Raymond James,402,V-US,2024Q1,2024,0.0373930326684012,437657.66,7389,20231025.0,180.0,V-US
Harshita Rawat,Bernstein Research,1140,V-US,2023Q4,2023,,418672.6,7389,20240105.0,19.0,V-US
Bryan Keane,Deutsche Bank Research,77,V-US,2023Q4,2023,0.0405056508920471,418672.6,7389,20231025.0,91.0,V-US
Fahed Kunwar,Rothschild & Co Redburn,1652,V-US,2023Q4,2023,,418672.6,7389,20230814.0,163.0,V-US
Kazuya Nishimura,Daiwa Securities Co. Ltd.,467,V-US,2023Q4,2023,0.0394806471121862,418672.6,7389,20231115.0,70.0,V-US
John Davis,Raymond James,402,V-US,2023Q4,2023,0.0386112791049289,418672.6,7389,20231025.0,91.0,V-US
Christopher McGratty,Keefe Bruyette & Woods,525,WFC-US,2026Q1,2026,0.0715651041666666,236976.83,6021,20260407.0,6.0,WFC-US
David Chiaverini,Jefferies,512,WFC-US,2026Q1,2026,0.0735182291666666,236976.83,6021,20260324.0,20.0,WFC-US
John Pancari,Evercore ISI,1772,WFC-US,2026Q1,2026,0.0722161458333333,236976.83,6021,20260114.0,89.0,WFC-US
Kazuya Nishimura,Daiwa Securities Co. Ltd.,467,WFC-US,2026Q1,2026,0.0709140625,236976.83,6021,20251103.0,161.0,WFC-US
John McDonald,Truist Securities,852,WFC-US,2026Q1,2026,0.0683098958333333,236976.83,6021,20260211.0,61.0,WFC-US
Matthew O'Connor,Deutsche Bank Research,77,WFC-US,2026Q1,2026,0.0718255208333333,236976.83,6021,20260114.0,89.0,WFC-US
Jim Mitchell,Seaport Research Partners,1321,WFC-US,2026Q1,2026,0.0715651041666666,236976.83,6021,20260116.0,87.0,WFC-US
Chris Kotowski,Oppenheimer,498,WFC-US,2026Q1,2026,0.0715651041666666,236976.83,6021,20260114.0,89.0,WFC-US
Gerard Cassidy,RBC Capital Markets,1269,WFC-US,2026Q1,2026,0.0702630208333333,236976.83,6021,20260114.0,89.0,WFC-US
Pei Feng Li,China International Capital,898,WFC-US,2026Q1,2026,0.0689609375,236976.83,6021,20260113.0,90.0,WFC-US
Mikhail Paramonov,Freedom Broker,3713,WFC-US,2026Q1,2026,0.0706536458333333,236976.83,6021,20260121.0,82.0,WFC-US
R. Scott Siefers,Piper Sandler Companies,570,WFC-US,2026Q1,2026,0.0679192708333333,236976.83,6021,20251014.0,181.0,WFC-US
Steve Biggar,Argus Research,376,WFC-US,2026Q1,2026,0.0700026041666666,236976.83,6021,20260114.0,89.0,WFC-US
Steven Alexopoulos,TD Cowen,917,WFC-US,2025Q4,2025,0.0572696426677976,296047.06,6021,20251014.0,91.0,WFC-US
Pei Feng Li,China International Capital,898,WFC-US,2025Q4,2025,0.0553610433676174,296047.06,6021,20260113.0,0.0,WFC-US
John Pancari,Evercore ISI,1772,WFC-US,2025Q4,2025,0.0600265083236136,296047.06,6021,20251212.0,32.0,WFC-US
Christopher McGratty,Keefe Bruyette & Woods,525,WFC-US,2025Q4,2025,0.0570575760788887,296047.06,6021,20260107.0,6.0,WFC-US
Jim Mitchell,Seaport Research Partners,1321,WFC-US,2025Q4,2025,0.0591782419679779,296047.06,6021,20251014.0,91.0,WFC-US
Matthew O'Connor,Deutsche Bank Research,77,WFC-US,2025Q4,2025,0.0608747746792492,296047.06,6021,20251014.0,91.0,WFC-US
John McDonald,Truist Securities,852,WFC-US,2025Q4,2025,0.0586480754957056,296047.06,6021,20251216.0,28.0,WFC-US
Kazuya Nishimura,Daiwa Securities Co. Ltd.,467,WFC-US,2025Q4,2025,0.0579058424345244,296047.06,6021,20251103.0,71.0,WFC-US
R. Scott Siefers,Piper Sandler Companies,570,WFC-US,2025Q4,2025,0.0546188103064362,296047.06,6021,20251014.0,91.0,WFC-US
Chris Kotowski,Oppenheimer,498,WFC-US,2025Q4,2025,0.0569515427844343,296047.06,6021,20251216.0,28.0,WFC-US
Gerard Cassidy,RBC Capital Markets,1269,WFC-US,2025Q4,2025,0.0581179090234333,296047.06,6021,20251210.0,34.0,WFC-US
David Long,Raymond James,402,WFC-US,2025Q4,2025,0.0583299756123422,296047.06,6021,20251014.0,91.0,WFC-US
Glenn Thum,Phillip Securities,651,WFC-US,2025Q4,2025,0.0576937758456155,296047.06,6021,20250411.0,277.0,WFC-US
Mikhail Paramonov,Freedom Broker,3713,WFC-US,2025Q4,2025,0.0566334429010709,296047.06,6021,20251016.0,89.0,WFC-US
Steve Biggar,Argus Research,376,WFC-US,2025Q4,2025,0.0532403774785282,296047.06,6021,20251015.0,90.0,WFC-US
Christopher McGratty,Keefe Bruyette & Woods,525,WFC-US,2025Q3,2025,0.0577797661655929,268512.44,6021,20250715.0,90.0,WFC-US
John McDonald,Truist Securities,852,WFC-US,2025Q3,2025,0.0601658315437843,268512.44,6021,20250922.0,21.0,WFC-US
Kazuya Nishimura,Daiwa Securities Co. Ltd.,467,WFC-US,2025Q3,2025,0.0617167740396086,268512.44,6021,20250731.0,74.0,WFC-US
Jim Mitchell,Seaport Research Partners,1321,WFC-US,2025Q3,2025,0.0619553805774278,268512.44,6021,20250707.0,98.0,WFC-US
Steven Alexopoulos,TD Cowen,917,WFC-US,2025Q3,2025,0.0611202576950608,268512.44,6021,20251001.0,12.0,WFC-US
Gerard Cassidy,RBC Capital Markets,1269,WFC-US,2025Q3,2025,0.0595693151992364,268512.44,6021,20250929.0,14.0,WFC-US
R. Scott Siefers,Piper Sandler Companies,570,WFC-US,2025Q3,2025,0.0571832498210451,268512.44,6021,20250908.0,35.0,WFC-US
Matthew O'Connor,Deutsche Bank Research,77,WFC-US,2025Q3,2025,0.0664889047959914,268512.44,6021,20250613.0,122.0,WFC-US
John Pancari,Evercore ISI,1772,WFC-US,2025Q3,2025,0.0611202576950608,268512.44,6021,20250926.0,17.0,WFC-US
Chris Kotowski,Oppenheimer,498,WFC-US,2025Q3,2025,0.0592114053925077,268512.44,6021,20250922.0,21.0,WFC-US
Mikhail Paramonov,Freedom Broker,3713,WFC-US,2025Q3,2025,0.0602851348126938,268512.44,6021,20250416.0,180.0,WFC-US
David Long,Raymond James,402,WFC-US,2025Q3,2025,0.0607623478883321,268512.44,6021,20250617.0,118.0,WFC-US
Glenn Thum,Phillip Securities,651,WFC-US,2025Q3,2025,0.0644607492245287,268512.44,6021,20250411.0,185.0,WFC-US
Steve Biggar,Argus Research,376,WFC-US,2025Q3,2025,0.0607623478883321,268512.44,6021,20250606.0,129.0,WFC-US
Matthew O'Connor,Deutsche Bank Research,77,WFC-US,2025Q2,2025,0.0694879056415376,261327.4,6021,20250613.0,31.0,WFC-US
John McDonald,Truist Securities,852,WFC-US,2025Q2,2025,0.0624563155267099,261327.4,6021,20250411.0,94.0,WFC-US
Kazuya Nishimura,Daiwa Securities Co. Ltd.,467,WFC-US,2025Q2,2025,0.0660758861707438,261327.4,6021,20250708.0,6.0,WFC-US
Jim Mitchell,Seaport Research Partners,1321,WFC-US,2025Q2,2025,0.0655766350474288,261327.4,6021,20250707.0,7.0,WFC-US
Christopher McGratty,Keefe Bruyette & Woods,525,WFC-US,2025Q2,2025,0.0624563155267099,261327.4,6021,20250701.0,13.0,WFC-US
David Long,Raymond James,402,WFC-US,2025Q2,2025,0.063954068896655,261327.4,6021,20250617.0,27.0,WFC-US
Steven Alexopoulos,TD Cowen,917,WFC-US,2025Q2,2025,0.0619570644033949,261327.4,6021,20250512.0,63.0,WFC-US
Gerard Cassidy,RBC Capital Markets,1269,WFC-US,2025Q2,2025,0.0643285072391412,261327.4,6021,20250115.0,180.0,WFC-US
John Pancari,Evercore ISI,1772,WFC-US,2025Q2,2025,0.0655766350474288,261327.4,6021,20250411.0,94.0,WFC-US
R. Scott Siefers,Piper Sandler Companies,570,WFC-US,2025Q2,2025,0.0580878681977034,261327.4,6021,20250609.0,35.0,WFC-US
Chris Kotowski,Oppenheimer,498,WFC-US,2025Q2,2025,0.0609585621567648,261327.4,6021,20250618.0,26.0,WFC-US
Steve Biggar,Argus Research,376,WFC-US,2025Q2,2025,0.0648277583624563,261327.4,6021,20250606.0,38.0,WFC-US
Mikhail Paramonov,Freedom Broker,3713,WFC-US,2025Q2,2025,0.0630803794308537,261327.4,6021,20250416.0,89.0,WFC-US
Glenn Thum,Phillip Securities,651,WFC-US,2025Q2,2025,0.0681977034448327,261327.4,6021,20250411.0,94.0,WFC-US
R. Scott Siefers,Piper Sandler Companies,570,WFC-US,2025Q1,2025,0.0722916961380676,230814.1,6021,20250115.0,85.0,WFC-US
John McDonald,Truist Securities,852,WFC-US,2025Q1,2025,0.0793648323666714,230814.1,6021,20250403.0,7.0,WFC-US
Jim Mitchell,Seaport Research Partners,1321,WFC-US,2025Q1,2025,0.0772428914980902,230814.1,6021,20250115.0,85.0,WFC-US
David Konrad,Keefe Bruyette & Woods,525,WFC-US,2025Q1,2025,0.078657518743811,230814.1,6021,20250115.0,85.0,WFC-US
Kazuya Nishimura,Daiwa Securities Co. Ltd.,467,WFC-US,2025Q1,2025,0.0778087423963785,230814.1,6021,20250128.0,72.0,WFC-US
Chris Kotowski,Oppenheimer,498,WFC-US,2025Q1,2025,0.0734233979346442,230814.1,6021,20250116.0,84.0,WFC-US
Matthew O'Connor,Deutsche Bank Research,77,WFC-US,2025Q1,2025,0.0772428914980902,230814.1,6021,20250115.0,85.0,WFC-US
Gerard Cassidy,RBC Capital Markets,1269,WFC-US,2025Q1,2025,0.0758282642523695,230814.1,6021,20250115.0,85.0,WFC-US
John Pancari,Evercore ISI,1772,WFC-US,2025Q1,2025,0.0814867732352525,230814.1,6021,20250115.0,85.0,WFC-US
David Long,Raymond James,402,WFC-US,2025Q1,2025,0.0729990097609279,230814.1,6021,20250115.0,85.0,WFC-US
Glenn Thum,Phillip Securities,651,WFC-US,2025Q1,2025,0.0913891639552977,230814.1,6021,20250116.0,84.0,WFC-US
Steve Biggar,Argus Research,376,WFC-US,2025Q1,2025,0.0715843825152072,230814.1,6021,20250116.0,84.0,WFC-US
John McDonald,Truist Securities,852,WFC-US,2024Q4,2024,0.0770643374520664,234429.45,6021,20241231.0,14.0,WFC-US
David Konrad,Keefe Bruyette & Woods,525,WFC-US,2024Q4,2024,0.0769975855702315,234429.45,6021,20250107.0,7.0,WFC-US
David Long,Raymond James,402,WFC-US,2024Q4,2024,0.0691861951427354,234429.45,6021,20241011.0,95.0,WFC-US
John Pancari,Evercore ISI,1772,WFC-US,2024Q4,2024,0.0748672063627325,234429.45,6021,20241212.0,33.0,WFC-US
Matthew O'Connor,Deutsche Bank Research,77,WFC-US,2024Q4,2024,0.076003408606732,234429.45,6021,20241212.0,33.0,WFC-US
Jim Mitchell,Seaport Research Partners,1321,WFC-US,2024Q4,2024,0.0734469535577332,234429.45,6021,20250106.0,8.0,WFC-US
Kazuya Nishimura,Daiwa Securities Co. Ltd.,467,WFC-US,2024Q4,2024,0.0751512569237324,234429.45,6021,20250103.0,11.0,WFC-US
Chris Kotowski,Oppenheimer,498,WFC-US,2024Q4,2024,0.0670558159352364,234429.45,6021,20241104.0,71.0,WFC-US
R. Scott Siefers,Piper Sandler Companies,570,WFC-US,2024Q4,2024,0.0620849311177389,234429.45,6021,20241011.0,95.0,WFC-US
Gerard Cassidy,RBC Capital Markets,1269,WFC-US,2024Q4,2024,0.0713165743502343,234429.45,6021,20241011.0,95.0,WFC-US
Matthew O'Connor,Deutsche Bank Research,77,WFC-US,2024Q3,2024,0.0934418604651162,190270.77,6021,20240917.0,23.0,WFC-US
Kazuya Nishimura,Daiwa Securities Co. Ltd.,467,WFC-US,2024Q3,2024,0.0870017889087656,190270.77,6021,20241004.0,6.0,WFC-US
David Long,Raymond James,402,WFC-US,2024Q3,2024,0.0855706618962433,190270.77,6021,20241001.0,9.0,WFC-US
John Pancari,Evercore ISI,1772,WFC-US,2024Q3,2024,0.0875384615384615,190270.77,6021,20240905.0,35.0,WFC-US
David Konrad,Keefe Bruyette & Woods,525,WFC-US,2024Q3,2024,0.0855706618962433,190270.77,6021,20240918.0,22.0,WFC-US
James Fotheringham,BMO Capital Markets,181,WFC-US,2024Q2,2024,0.0894984326018808,200184.22,6021,20240708.0,3.0,WFC-US
John Heagerty,Rothschild & Co Redburn,1652,WFC-US,2024Q2,2024,,200184.22,6021,20240705.0,6.0,WFC-US
David Konrad,Keefe Bruyette & Woods,525,WFC-US,2024Q2,2024,0.0943747823058167,200184.22,6021,20240412.0,90.0,WFC-US
Kazuya Nishimura,Daiwa Securities Co. Ltd.,467,WFC-US,2024Q2,2024,0.0879310344827586,200184.22,6021,20240312.0,121.0,WFC-US
Parth Talsania,Equisights,3723,WFC-US,2024Q2,2024,0.0738244514106583,200184.22,6021,20240423.0,79.0,WFC-US
James Fotheringham,BMO Capital Markets,181,WFC-US,2024Q1,2024,0.0880262249827467,207348.63,6021,20240408.0,3.0,WFC-US
John Heagerty,Rothschild & Co Redburn,1652,WFC-US,2024Q1,2024,,207348.63,6021,20240314.0,28.0,WFC-US
David Konrad,Keefe Bruyette & Woods,525,WFC-US,2024Q1,2024,0.0935472739820566,207348.63,6021,20240325.0,17.0,WFC-US
Kazuya Nishimura,Daiwa Securities Co. Ltd.,467,WFC-US,2024Q1,2024,0.0895790200138026,207348.63,6021,20240312.0,30.0,WFC-US
Parth Talsania,Equisights,3723,WFC-US,2024Q1,2024,0.0630089717046238,207348.63,6021,20240112.0,90.0,WFC-US
Sunil K. Sibal,Seaport Research Partners,1321,WMB-US,2026Q1,2026,0.0212283175856719,86712.79,4922,20260501.0,0.0,WMB-US
Elvira Scotto,RBC Capital Markets,1269,WMB-US,2026Q1,2026,0.0233436750810887,86712.79,4922,20260402.0,29.0,WMB-US
Gabriel Moreen,Mizuho Securities USA,1802,WMB-US,2026Q1,2026,0.0226385559159498,86712.79,4922,20260429.0,2.0,WMB-US
James Carreker,U.S. Capital Advisors,1866,WMB-US,2026Q1,2026,0.0209462699196164,86712.79,4922,20260320.0,42.0,WMB-US
Brandon Bingham,Scotiabank GBM,810,WMB-US,2026Q1,2026,0.0211380623325341,86712.79,4922,20260211.0,79.0,WMB-US
Julien Dumoulin-Smith,Jefferies,512,WMB-US,2026Q1,2026,0.0208052460865886,86712.79,4922,20260409.0,22.0,WMB-US
Robert Catellier,CIBC Capital Markets,183,WMB-US,2026Q1,2026,0.0226254689042448,86712.79,4922,20260422.0,9.0,WMB-US
Jason Gabelman,TD Cowen,917,WMB-US,2026Q1,2026,0.0247539134113665,86712.79,4922,20260416.0,15.0,WMB-US
Ameet Thakkar,BMO Capital Markets,181,WMB-US,2026Q1,2026,0.023766746580172,86712.79,4922,20260417.0,14.0,WMB-US
Gabe Daoud,Truist Securities,852,WMB-US,2026Q1,2026,0.0227795797489775,86712.79,4922,20260320.0,42.0,WMB-US
Praneeth Satish,Wells Fargo Securities,596,WMB-US,2026Q1,2026,0.0218450966013256,86712.79,4922,20260210.0,80.0,WMB-US
William Selesky,Argus Research,376,WMB-US,2026Q1,2026,0.0247539134113665,86712.79,4922,20260217.0,73.0,WMB-US
Selman Akyol,Stifel Nicolaus,548,WMB-US,2026Q1,2026,0.0229206035820053,86712.79,4922,20260212.0,78.0,WMB-US
Sunil K. Sibal,Seaport Research Partners,1321,WMB-US,2025Q4,2025,0.0266050702504581,79965.414,4922,20260205.0,4.0,WMB-US
Praneeth Satish,Wells Fargo Securities,596,WMB-US,2025Q4,2025,0.0276740989615149,79965.414,4922,20251104.0,97.0,WMB-US
Robert Catellier,CIBC Capital Markets,183,WMB-US,2025Q4,2025,0.024925167990226,79965.414,4922,20260126.0,14.0,WMB-US
Elvira Scotto,RBC Capital Markets,1269,WMB-US,2025Q4,2025,0.025841478313989,79965.414,4922,20251110.0,91.0,WMB-US
James Carreker,U.S. Capital Advisors,1866,WMB-US,2025Q4,2025,0.0247724496029321,79965.414,4922,20260130.0,10.0,WMB-US
Gabriel Moreen,Mizuho Securities USA,1802,WMB-US,2025Q4,2025,0.0267577886377519,79965.414,4922,20260130.0,10.0,WMB-US
Julien Dumoulin-Smith,Jefferies,512,WMB-US,2025Q4,2025,0.0253833231521075,79965.414,4922,20260108.0,32.0,WMB-US
Brandon Bingham,Scotiabank GBM,810,WMB-US,2025Q4,2025,0.025014746487477,79965.414,4922,20260115.0,25.0,WMB-US
Ameet Thakkar,BMO Capital Markets,181,WMB-US,2025Q4,2025,0.0255360415394013,79965.414,4922,20260116.0,24.0,WMB-US
Jason Gabelman,TD Cowen,917,WMB-US,2025Q4,2025,0.0282849725106902,79965.414,4922,20251105.0,96.0,WMB-US
Selman Akyol,Stifel Nicolaus,548,WMB-US,2025Q4,2025,0.0288958460598656,79965.414,4922,20251104.0,97.0,WMB-US
William Selesky,Argus Research,376,WMB-US,2025Q4,2025,0.0278268173488087,79965.414,4922,20250512.0,273.0,WMB-US
Elvira Scotto,RBC Capital Markets,1269,WMB-US,2025Q3,2025,0.0271582619727243,77007.445,4922,20251024.0,7.0,WMB-US
James Carreker,U.S. Capital Advisors,1866,WMB-US,2025Q3,2025,0.028744053282588,77007.445,4922,20250527.0,157.0,WMB-US
Sunil K. Sibal,Seaport Research Partners,1321,WMB-US,2025Q3,2025,0.0265239454487789,77007.445,4922,20251024.0,7.0,WMB-US
Praneeth Satish,Wells Fargo Securities,596,WMB-US,2025Q3,2025,0.028744053282588,77007.445,4922,20250806.0,86.0,WMB-US
Jason Gabelman,TD Cowen,917,WMB-US,2025Q3,2025,0.0300586742784649,77007.445,4922,20251016.0,15.0,WMB-US
Brandon Bingham,Scotiabank GBM,810,WMB-US,2025Q3,2025,0.0278417380272756,77007.445,4922,20251006.0,25.0,WMB-US
Selman Akyol,Stifel Nicolaus,548,WMB-US,2025Q3,2025,0.0300126863304789,77007.445,4922,20250506.0,178.0,WMB-US
Julien Dumoulin-Smith,Jefferies,512,WMB-US,2025Q3,2025,0.0304186489058039,77007.445,4922,20251008.0,23.0,WMB-US
Robert Catellier,CIBC Capital Markets,183,WMB-US,2025Q3,2025,0.0271582619727243,77007.445,4922,20251021.0,10.0,WMB-US
Ameet Thakkar,BMO Capital Markets,181,WMB-US,2025Q3,2025,0.0300206152870282,77007.445,4922,20251014.0,17.0,WMB-US
William Selesky,Argus Research,376,WMB-US,2025Q3,2025,0.0300126863304789,77007.445,4922,20250512.0,172.0,WMB-US
Bin Yang,Haitong International Research,2898,WMB-US,2025Q3,2025,0.0277925784966698,77007.445,4922,20250214.0,259.0,WMB-US
James Carreker,U.S. Capital Advisors,1866,WMB-US,2025Q2,2025,0.0328363384188626,70427.65,4922,20250527.0,66.0,WMB-US
Sunil K. Sibal,Seaport Research Partners,1321,WMB-US,2025Q2,2025,0.0316227461858529,70427.65,4922,20250724.0,8.0,WMB-US
Robert Catellier,CIBC Capital Markets,183,WMB-US,2025Q2,2025,0.0373724687933425,70427.65,4922,20250506.0,87.0,WMB-US
Selman Akyol,Stifel Nicolaus,548,WMB-US,2025Q2,2025,0.0343966712898751,70427.65,4922,20250506.0,87.0,WMB-US
Brandon Bingham,Scotiabank GBM,810,WMB-US,2025Q2,2025,0.0344596411234396,70427.65,4922,20250711.0,21.0,WMB-US
Gabriel Moreen,Mizuho Securities USA,1802,WMB-US,2025Q2,2025,0.0345700416088765,70427.65,4922,20250402.0,121.0,WMB-US
Praneeth Satish,Wells Fargo Securities,596,WMB-US,2025Q2,2025,0.0336117926490984,70427.65,4922,20250506.0,87.0,WMB-US
William Selesky,Argus Research,376,WMB-US,2025Q2,2025,0.033876560332871,70427.65,4922,20250512.0,81.0,WMB-US
Brandon Bingham,Scotiabank GBM,810,WMB-US,2025Q1,2025,0.0285674468462083,68895.5,4922,20250425.0,7.0,WMB-US
James Carreker,U.S. Capital Advisors,1866,WMB-US,2025Q1,2025,0.0314776754075124,68895.5,4922,20250321.0,42.0,WMB-US
Sunil K. Sibal,Seaport Research Partners,1321,WMB-US,2025Q1,2025,0.0284656272147413,68895.5,4922,20250425.0,7.0,WMB-US
Robert Catellier,CIBC Capital Markets,183,WMB-US,2025Q1,2025,0.0334016654854712,68895.5,4922,20250423.0,9.0,WMB-US
Praneeth Satish,Wells Fargo Securities,596,WMB-US,2025Q1,2025,0.0311233167965981,68895.5,4922,20250213.0,78.0,WMB-US
Gabriel Moreen,Mizuho Securities USA,1802,WMB-US,2025Q1,2025,0.0332494684620836,68895.5,4922,20250402.0,30.0,WMB-US
Bin Yang,Haitong International Research,2898,WMB-US,2025Q1,2025,0.0304145995747696,68895.5,4922,20250214.0,77.0,WMB-US
William Selesky,Argus Research,376,WMB-US,2025Q1,2025,0.0305917788802267,68895.5,4922,20250214.0,77.0,WMB-US
Selman Akyol,Stifel Nicolaus,548,WMB-US,2025Q1,2025,0.0343125442948263,68895.5,4922,20250213.0,78.0,WMB-US
Brandon Bingham,Scotiabank GBM,810,WMB-US,2024Q4,2024,0.0371191035604554,67447.93,4922,20250108.0,34.0,WMB-US
Gabriel Moreen,Mizuho Securities USA,1802,WMB-US,2024Q4,2024,0.0342291704319537,67447.93,4922,20241031.0,103.0,WMB-US
Sunil K. Sibal,Seaport Research Partners,1321,WMB-US,2024Q4,2024,0.0326025664196638,67447.93,4922,20250204.0,7.0,WMB-US
James Carreker,U.S. Capital Advisors,1866,WMB-US,2024Q4,2024,0.0342291704319537,67447.93,4922,20241125.0,78.0,WMB-US
Robert Catellier,CIBC Capital Markets,183,WMB-US,2024Q4,2024,0.0274620639797578,67447.93,4922,20250108.0,34.0,WMB-US
Selman Akyol,Stifel Nicolaus,548,WMB-US,2024Q4,2024,0.0353135731068136,67447.93,4922,20241107.0,96.0,WMB-US
Praneeth Satish,Wells Fargo Securities,596,WMB-US,2024Q4,2024,0.0339906018434845,67447.93,4922,20241107.0,96.0,WMB-US
Gabriel Moreen,Mizuho Securities USA,1802,WMB-US,2024Q3,2024,0.0326028708133971,63689.152,4922,20241031.0,5.0,WMB-US
Sunil K. Sibal,Seaport Research Partners,1321,WMB-US,2024Q3,2024,0.0314545454545454,63689.152,4922,20241028.0,8.0,WMB-US
James Carreker,U.S. Capital Advisors,1866,WMB-US,2024Q3,2024,0.0318851674641148,63689.152,4922,20241025.0,11.0,WMB-US
Selman Akyol,Stifel Nicolaus,548,WMB-US,2024Q3,2024,0.0348995215311004,63689.152,4922,20240806.0,91.0,WMB-US
Praneeth Satish,Wells Fargo Securities,596,WMB-US,2024Q3,2024,0.0329856459330143,63689.152,4922,20240806.0,91.0,WMB-US
James Carreker,U.S. Capital Advisors,1866,WMB-US,2024Q2,2024,0.0401102747375474,54563.617,4922,20240726.0,7.0,WMB-US
Gabriel Moreen,Mizuho Securities USA,1802,WMB-US,2024Q2,2024,0.0415881170426624,54563.617,4922,20240410.0,114.0,WMB-US
Tristan J. Richardson,Scotiabank GBM,810,WMB-US,2024Q2,2024,0.0384230511503238,54563.617,4922,20240515.0,79.0,WMB-US
Selman Akyol,Stifel Nicolaus,548,WMB-US,2024Q2,2024,0.0453853026580299,54563.617,4922,20240708.0,25.0,WMB-US
Praneeth Satish,Wells Fargo Securities,596,WMB-US,2024Q2,2024,0.0424815724815724,54563.617,4922,20240214.0,170.0,WMB-US
Gabriel Moreen,Mizuho Securities USA,1802,WMB-US,2024Q1,2024,0.0427754785307811,47104.31,4922,20240410.0,23.0,WMB-US
James Carreker,U.S. Capital Advisors,1866,WMB-US,2024Q1,2024,0.0389134143817899,47104.31,4922,20240426.0,7.0,WMB-US
Tristan J. Richardson,Scotiabank GBM,810,WMB-US,2024Q1,2024,0.0385648758406621,47104.31,4922,20240306.0,58.0,WMB-US
Praneeth Satish,Wells Fargo Securities,596,WMB-US,2024Q1,2024,0.043810139679255,47104.31,4922,20240214.0,79.0,WMB-US
Tristan J. Richardson,Scotiabank GBM,810,WMB-US,2023Q4,2023,0.0467959953837276,42163.844,4922,20231226.0,49.0,WMB-US
