firm,quarter_end,quarter,year,report_date,snapshot_date,analyst,broker,broker_code,estimate_value,revision_date,staleness_days,actual_eps,price_10d_prior,market_cap,source_ticker
AMZN-US,2026-03-31,2026Q1,2026,20260429,20260428,Lloyd Walmsley,Mizuho Securities USA,1802,7.58,20260206,81,2.7823,248.5,2672431.5,AMZN-US
AMZN-US,2026-03-31,2026Q1,2026,20260429,20260428,Justin Patterson,KeyBanc Capital Markets,618,7.64,20260417,11,2.7823,248.5,2672431.5,AMZN-US
AMZN-US,2026-03-31,2026Q1,2026,20260429,20260428,Barton Crockett,Rosenblatt Securities,2623,8.09,20260206,81,2.7823,248.5,2672431.5,AMZN-US
AMZN-US,2026-03-31,2026Q1,2026,20260429,20260428,Mark Mahaney,Evercore ISI,1772,7.6,20260206,81,2.7823,248.5,2672431.5,AMZN-US
AMZN-US,2026-03-31,2026Q1,2026,20260429,20260428,Brad Erickson,RBC Capital Markets,1269,7.74,20260206,81,2.7823,248.5,2672431.5,AMZN-US
AMZN-US,2026-03-31,2026Q1,2026,20260429,20260428,Daniel L. Kurnos,"Benchmark, a StoneX Company",1124,6.91,20260206,81,2.7823,248.5,2672431.5,AMZN-US
AMZN-US,2026-03-31,2026Q1,2026,20260429,20260428,Brian J. White,"Monness, Crespi, Hardt",1080,7.92,20260206,81,2.7823,248.5,2672431.5,AMZN-US
AMZN-US,2026-03-31,2026Q1,2026,20260429,20260428,Nathaniel Schindler,Scotiabank GBM,810,7.7765,20260206,81,2.7823,248.5,2672431.5,AMZN-US
AMZN-US,2026-03-31,2026Q1,2026,20260429,20260428,Alex Haissl,Rothschild & Co Redburn,1652,,20260423,5,2.7823,248.5,2672431.5,AMZN-US
AMZN-US,2026-03-31,2026Q1,2026,20260429,20260428,John Blackledge,TD Cowen,917,8.22,20260206,81,2.7823,248.5,2672431.5,AMZN-US
AMZN-US,2026-03-31,2026Q1,2026,20260429,20260428,Ken Gawrelski,Wells Fargo Securities,596,8.0,20260423,5,2.7823,248.5,2672431.5,AMZN-US
AMZN-US,2026-03-31,2026Q1,2026,20260429,20260428,Brent Thill,Jefferies,512,7.88,20260206,81,2.7823,248.5,2672431.5,AMZN-US
AMZN-US,2026-03-31,2026Q1,2026,20260429,20260428,Dylan Carden,William Blair,198,7.12,20260206,81,2.7823,248.5,2672431.5,AMZN-US
AMZN-US,2026-03-31,2026Q1,2026,20260429,20260428,Daryl Boehringer,Edgewater Research,3222,7.92,20260422,6,2.7823,248.5,2672431.5,AMZN-US
AMZN-US,2026-03-31,2026Q1,2026,20260429,20260428,Scott Bender,Cleveland Research Company,2295,7.741792,20260206,81,2.7823,248.5,2672431.5,AMZN-US
AMZN-US,2026-03-31,2026Q1,2026,20260429,20260428,Mark Shmulik,Bernstein Research,1140,,20260206,81,2.7823,248.5,2672431.5,AMZN-US
AMZN-US,2026-03-31,2026Q1,2026,20260429,20260428,Jason Helfstein,Oppenheimer,498,8.14,20260206,81,2.7823,248.5,2672431.5,AMZN-US
AMZN-US,2026-03-31,2026Q1,2026,20260429,20260428,Brian J. Pitz,BMO Capital Markets,181,7.89,20260422,6,2.7823,248.5,2672431.5,AMZN-US
AMZN-US,2026-03-31,2026Q1,2026,20260429,20260428,Maria Ripps,Canaccord Genuity,466,7.39,20260421,7,2.7823,248.5,2672431.5,AMZN-US
AMZN-US,2026-03-31,2026Q1,2026,20260429,20260428,Deepak Mathivanan,Cantor Fitzgerald,1190,7.32,20260406,22,2.7823,248.5,2672431.5,AMZN-US
AMZN-US,2026-03-31,2026Q1,2026,20260429,20260428,Youssef Squali,Truist Securities,852,7.23,20260413,15,2.7823,248.5,2672431.5,AMZN-US
AMZN-US,2026-03-31,2026Q1,2026,20260429,20260428,Mark Kelley,Stifel Nicolaus,548,7.06,20260410,18,2.7823,248.5,2672431.5,AMZN-US
AMZN-US,2026-03-31,2026Q1,2026,20260429,20260428,Benjamin Black,Deutsche Bank Research,77,7.66,20260420,8,2.7823,248.5,2672431.5,AMZN-US
AMZN-US,2026-03-31,2026Q1,2026,20260429,20260428,Andrew Cheng,KGI Securities,671,7.74,20260417,11,2.7823,248.5,2672431.5,AMZN-US
AMZN-US,2026-03-31,2026Q1,2026,20260429,20260428,Joseph Feldman,Telsey Advisory Group,2252,7.65,20260206,81,2.7823,248.5,2672431.5,AMZN-US
AMZN-US,2026-03-31,2026Q1,2026,20260429,20260428,Helena Wang,Phillip Securities,651,7.56,20260206,81,2.7823,248.5,2672431.5,AMZN-US
AMZN-US,2026-03-31,2026Q1,2026,20260429,20260428,Rob Sanderson,Loop Capital Markets,1009,7.76,20260220,67,2.7823,248.5,2672431.5,AMZN-US
AMZN-US,2026-03-31,2026Q1,2026,20260429,20260428,Andrew Boone,Citizens,805,7.92,20260130,88,2.7823,248.5,2672431.5,AMZN-US
AMZN-US,2026-03-31,2026Q1,2026,20260429,20260428,Thomas Champion,Piper Sandler Companies,570,7.73,20260206,81,2.7823,248.5,2672431.5,AMZN-US
AMZN-US,2026-03-31,2026Q1,2026,20260429,20260428,Daniel Salmon,New Street Research,1634,7.4,20260327,32,2.7823,248.5,2672431.5,AMZN-US
AMZN-US,2026-03-31,2026Q1,2026,20260429,20260428,Laura Martin,Needham,477,7.65,20251031,179,2.7823,248.5,2672431.5,AMZN-US
AMZN-US,2026-03-31,2026Q1,2026,20260429,20260428,Michael Morton,MoffettNathanson Research,3177,7.63,20260406,22,2.7823,248.5,2672431.5,AMZN-US
AMZN-US,2026-03-31,2026Q1,2026,20260429,20260428,Ivan Feinseth,Tigress Financial Partners LLC,2345,8.47,20260324,35,2.7823,248.5,2672431.5,AMZN-US
AMZN-US,2026-03-31,2026Q1,2026,20260429,20260428,Saiyi He,CMB International,2157,7.69,20260206,81,2.7823,248.5,2672431.5,AMZN-US
AMZN-US,2026-03-31,2026Q1,2026,20260429,20260428,Kadambari Daptardar,ARC Independent Research,940,7.63,20260213,74,2.7823,248.5,2672431.5,AMZN-US
AMZN-US,2026-03-31,2026Q1,2026,20260429,20260428,Ye Tao,China International Capital,898,8.73,20260209,78,2.7823,248.5,2672431.5,AMZN-US
AMZN-US,2026-03-31,2026Q1,2026,20260429,20260428,Satoshi Tanaka,Daiwa Securities Co. Ltd.,467,7.95,20251107,172,2.7823,248.5,2672431.5,AMZN-US
AMZN-US,2026-03-31,2026Q1,2026,20260429,20260428,Ella Ji,China Renaissance Securities (US),2903,7.67,20260206,81,2.7823,248.5,2672431.5,AMZN-US
AMZN-US,2026-03-31,2026Q1,2026,20260429,20260428,Barney Yao,Haitong International Research,2898,8.47,20251031,179,2.7823,248.5,2672431.5,AMZN-US
AMZN-US,2026-03-31,2026Q1,2026,20260429,20260428,Lun Ke Zhang,Guosen Securities,1894,8.2,20260206,81,2.7823,248.5,2672431.5,AMZN-US
AMZN-US,2026-03-31,2026Q1,2026,20260429,20260428,Tommy Wong,China Merchants Securities,1788,8.0,20260206,81,2.7823,248.5,2672431.5,AMZN-US
AMZN-US,2026-03-31,2026Q1,2026,20260429,20260428,Jeffrey Wlodarczak,Pivotal Research Group,1662,7.3,20260206,81,2.7823,248.5,2672431.5,AMZN-US
AMZN-US,2026-03-31,2026Q1,2026,20260429,20260428,Simeon Siegel,Guggenheim Securities,1515,7.76,20260206,81,2.7823,248.5,2672431.5,AMZN-US
AMZN-US,2026-03-31,2026Q1,2026,20260429,20260428,Lulu Xia,Huatai Research,1271,7.82,20260206,81,2.7823,248.5,2672431.5,AMZN-US
AMZN-US,2026-03-31,2026Q1,2026,20260429,20260428,Jia Qing Dong,Capital Securities Asia,1128,7.97,20260206,81,2.7823,248.5,2672431.5,AMZN-US
AMZN-US,2026-03-31,2026Q1,2026,20260429,20260428,Irene Weng,Fubon Securities,1084,7.13,20260206,81,2.7823,248.5,2672431.5,AMZN-US
AMZN-US,2026-03-31,2026Q1,2026,20260429,20260428,Tom Forte,Maxim Group,1063,6.96,20260206,81,2.7823,248.5,2672431.5,AMZN-US
AMZN-US,2026-03-31,2026Q1,2026,20260429,20260428,Shyam Patil,Susquehanna Financial Group,974,6.47,20260206,81,2.7823,248.5,2672431.5,AMZN-US
AMZN-US,2026-03-31,2026Q1,2026,20260429,20260428,Bo Tao Yu,China Securities,697,8.01,20260206,81,2.7823,248.5,2672431.5,AMZN-US
AMZN-US,2026-03-31,2026Q1,2026,20260429,20260428,Gil Luria,DA Davidson,556,7.79,20260206,81,2.7823,248.5,2672431.5,AMZN-US
AMZN-US,2026-03-31,2026Q1,2026,20260429,20260428,Yong-Jei Jeong,Mirae Asset Securities,484,7.8,20260206,81,2.7823,248.5,2672431.5,AMZN-US
AMZN-US,2026-03-31,2026Q1,2026,20260429,20260428,Josh J. Beck,Raymond James,402,7.35,20260206,81,2.7823,248.5,2672431.5,AMZN-US
AMZN-US,2026-03-31,2026Q1,2026,20260429,20260428,James Kelleher,Argus Research,376,8.34,20260206,81,2.7823,248.5,2672431.5,AMZN-US
AMZN-US,2025-12-31,2025Q4,2025,20260205,20260204,Dylan Carden,William Blair,198,7.26,20251031,96,1.9508,234.34,2505145.3,AMZN-US
AMZN-US,2025-12-31,2025Q4,2025,20260205,20260204,Mark Mahaney,Evercore ISI,1772,7.93,20251031,96,1.9508,234.34,2505145.3,AMZN-US
AMZN-US,2025-12-31,2025Q4,2025,20260205,20260204,Mark Shmulik,Bernstein Research,1140,,20260202,2,1.9508,234.34,2505145.3,AMZN-US
AMZN-US,2025-12-31,2025Q4,2025,20260205,20260204,Nathaniel Schindler,Scotiabank GBM,810,8.47,20251031,96,1.9508,234.34,2505145.3,AMZN-US
AMZN-US,2025-12-31,2025Q4,2025,20260205,20260204,Brian J. Pitz,BMO Capital Markets,181,7.67,20251031,96,1.9508,234.34,2505145.3,AMZN-US
AMZN-US,2025-12-31,2025Q4,2025,20260205,20260204,Lee Horowitz,Deutsche Bank Research,77,7.84,20260112,23,1.9508,234.34,2505145.3,AMZN-US
AMZN-US,2025-12-31,2025Q4,2025,20260205,20260204,Barton Crockett,Rosenblatt Securities,2623,8.76,20250801,187,1.9508,234.34,2505145.3,AMZN-US
AMZN-US,2025-12-31,2025Q4,2025,20260205,20260204,Lloyd Walmsley,Mizuho Securities USA,1802,7.43,20251031,96,1.9508,234.34,2505145.3,AMZN-US
AMZN-US,2025-12-31,2025Q4,2025,20260205,20260204,Deepak Mathivanan,Cantor Fitzgerald,1190,8.14,20251031,96,1.9508,234.34,2505145.3,AMZN-US
AMZN-US,2025-12-31,2025Q4,2025,20260205,20260204,Brian J. White,"Monness, Crespi, Hardt",1080,7.64,20251031,96,1.9508,234.34,2505145.3,AMZN-US
AMZN-US,2025-12-31,2025Q4,2025,20260205,20260204,Andrew Boone,Citizens,805,7.88,20260130,5,1.9508,234.34,2505145.3,AMZN-US
AMZN-US,2025-12-31,2025Q4,2025,20260205,20260204,Mark Kelley,Stifel Nicolaus,548,7.87,20251031,96,1.9508,234.34,2505145.3,AMZN-US
AMZN-US,2025-12-31,2025Q4,2025,20260205,20260204,Brent Thill,Jefferies,512,7.82,20260130,5,1.9508,234.34,2505145.3,AMZN-US
AMZN-US,2025-12-31,2025Q4,2025,20260205,20260204,Laura Martin,Needham,477,7.6,20251031,96,1.9508,234.34,2505145.3,AMZN-US
AMZN-US,2025-12-31,2025Q4,2025,20260205,20260204,Maria Ripps,Canaccord Genuity,466,7.86,20260130,5,1.9508,234.34,2505145.3,AMZN-US
AMZN-US,2025-12-31,2025Q4,2025,20260205,20260204,Joseph Feldman,Telsey Advisory Group,2252,7.75,20251031,96,1.9508,234.34,2505145.3,AMZN-US
AMZN-US,2025-12-31,2025Q4,2025,20260205,20260204,Scott Bender,Cleveland Research Company,2295,7.84064,20251217,49,1.9508,234.34,2505145.3,AMZN-US
AMZN-US,2025-12-31,2025Q4,2025,20260205,20260204,Daniel L. Kurnos,"Benchmark, a StoneX Company",1124,7.46,20251031,96,1.9508,234.34,2505145.3,AMZN-US
AMZN-US,2025-12-31,2025Q4,2025,20260205,20260204,Scott Devitt,Wedbush Securities,590,8.0,20251218,48,1.9508,234.34,2505145.3,AMZN-US
AMZN-US,2025-12-31,2025Q4,2025,20260205,20260204,Ella Ji,China Renaissance Securities (US),2903,8.92,20251031,96,1.9508,234.34,2505145.3,AMZN-US
AMZN-US,2025-12-31,2025Q4,2025,20260205,20260204,Justin Patterson,KeyBanc Capital Markets,618,8.12,20260126,9,1.9508,234.34,2505145.3,AMZN-US
AMZN-US,2025-12-31,2025Q4,2025,20260205,20260204,Jason Helfstein,Oppenheimer,498,8.01,20260126,9,1.9508,234.34,2505145.3,AMZN-US
AMZN-US,2025-12-31,2025Q4,2025,20260205,20260204,Brad Erickson,RBC Capital Markets,1269,7.89,20251216,50,1.9508,234.34,2505145.3,AMZN-US
AMZN-US,2025-12-31,2025Q4,2025,20260205,20260204,Helena Wang,Phillip Securities,651,7.28,20251031,96,1.9508,234.34,2505145.3,AMZN-US
AMZN-US,2025-12-31,2025Q4,2025,20260205,20260204,Michael Morton,MoffettNathanson Research,3177,8.24,20251031,96,1.9508,234.34,2505145.3,AMZN-US
AMZN-US,2025-12-31,2025Q4,2025,20260205,20260204,Alex Haissl,Rothschild & Co Redburn,1652,,20260121,14,1.9508,234.34,2505145.3,AMZN-US
AMZN-US,2025-12-31,2025Q4,2025,20260205,20260204,Ye Tao,China International Capital,898,8.08,20251103,93,1.9508,234.34,2505145.3,AMZN-US
AMZN-US,2025-12-31,2025Q4,2025,20260205,20260204,Daryl Boehringer,Edgewater Research,3222,8.07,20260115,20,1.9508,234.34,2505145.3,AMZN-US
AMZN-US,2025-12-31,2025Q4,2025,20260205,20260204,Josh J. Beck,Raymond James,402,7.95,20260114,21,1.9508,234.34,2505145.3,AMZN-US
AMZN-US,2025-12-31,2025Q4,2025,20260205,20260204,Tommy Wong,China Merchants Securities,1788,8.2,20251103,93,1.9508,234.34,2505145.3,AMZN-US
AMZN-US,2025-12-31,2025Q4,2025,20260205,20260204,John Blackledge,TD Cowen,917,8.48,20251031,96,1.9508,234.34,2505145.3,AMZN-US
AMZN-US,2025-12-31,2025Q4,2025,20260205,20260204,Ken Gawrelski,Wells Fargo Securities,596,8.2,20251031,96,1.9508,234.34,2505145.3,AMZN-US
AMZN-US,2025-12-31,2025Q4,2025,20260205,20260204,Thomas Champion,Piper Sandler Companies,570,8.3,20251031,96,1.9508,234.34,2505145.3,AMZN-US
AMZN-US,2025-12-31,2025Q4,2025,20260205,20260204,Daniel Salmon,New Street Research,1634,7.9,20251103,93,1.9508,234.34,2505145.3,AMZN-US
AMZN-US,2025-12-31,2025Q4,2025,20260205,20260204,Youssef Squali,Truist Securities,852,7.51,20251031,96,1.9508,234.34,2505145.3,AMZN-US
AMZN-US,2025-12-31,2025Q4,2025,20260205,20260204,Jun Yun Chen,Citic Securities,1123,8.0,20251230,36,1.9508,234.34,2505145.3,AMZN-US
AMZN-US,2025-12-31,2025Q4,2025,20260205,20260204,Saiyi He,CMB International,2157,7.98,20251031,96,1.9508,234.34,2505145.3,AMZN-US
AMZN-US,2025-12-31,2025Q4,2025,20260205,20260204,Alice Tang,First Shanghai,1701,7.95,20251203,63,1.9508,234.34,2505145.3,AMZN-US
AMZN-US,2025-12-31,2025Q4,2025,20260205,20260204,Rong Jin,Huaan Securities,3624,7.9,20251105,91,1.9508,234.34,2505145.3,AMZN-US
AMZN-US,2025-12-31,2025Q4,2025,20260205,20260204,Lulu Xia,Huatai Research,1271,8.14,20251031,96,1.9508,234.34,2505145.3,AMZN-US
AMZN-US,2025-12-31,2025Q4,2025,20260205,20260204,Shyam Patil,Susquehanna Financial Group,974,7.15,20251031,96,1.9508,234.34,2505145.3,AMZN-US
AMZN-US,2025-12-31,2025Q4,2025,20260205,20260204,Rob Sanderson,Loop Capital Markets,1009,7.67,20250815,173,1.9508,234.34,2505145.3,AMZN-US
AMZN-US,2025-12-31,2025Q4,2025,20260205,20260204,Kadambari Daptardar,ARC Independent Research,940,7.51,20251114,82,1.9508,234.34,2505145.3,AMZN-US
AMZN-US,2025-12-31,2025Q4,2025,20260205,20260204,Satoshi Tanaka,Daiwa Securities Co. Ltd.,467,7.98,20251107,89,1.9508,234.34,2505145.3,AMZN-US
AMZN-US,2025-12-31,2025Q4,2025,20260205,20260204,Barney Yao,Haitong International Research,2898,8.47,20251031,96,1.9508,234.34,2505145.3,AMZN-US
AMZN-US,2025-12-31,2025Q4,2025,20260205,20260204,Lun Ke Zhang,Guosen Securities,1894,8.4,20251031,96,1.9508,234.34,2505145.3,AMZN-US
AMZN-US,2025-12-31,2025Q4,2025,20260205,20260204,Tian Zi Fu,Everbright Securities,1299,7.84,20251031,96,1.9508,234.34,2505145.3,AMZN-US
AMZN-US,2025-12-31,2025Q4,2025,20260205,20260204,Irene Weng,Fubon Securities,1084,7.78,20250801,187,1.9508,234.34,2505145.3,AMZN-US
AMZN-US,2025-12-31,2025Q4,2025,20260205,20260204,Tom Forte,Maxim Group,1063,7.63,20251031,96,1.9508,234.34,2505145.3,AMZN-US
AMZN-US,2025-12-31,2025Q4,2025,20260205,20260204,Gil Luria,DA Davidson,556,7.55,20251031,96,1.9508,234.34,2505145.3,AMZN-US
AMZN-US,2025-12-31,2025Q4,2025,20260205,20260204,Yong-Jei Jeong,Mirae Asset Securities,484,7.0,20251031,96,1.9508,234.34,2505145.3,AMZN-US
AMZN-US,2025-12-31,2025Q4,2025,20260205,20260204,James Kelleher,Argus Research,376,8.21,20251031,96,1.9508,234.34,2505145.3,AMZN-US
AMZN-US,2025-09-30,2025Q3,2025,20251030,20251029,Mark Shmulik,Bernstein Research,1140,,20251017,12,1.9536,214.47,2287303.8,AMZN-US
AMZN-US,2025-09-30,2025Q3,2025,20251030,20251029,Ken Gawrelski,Wells Fargo Securities,596,7.73,20250923,36,1.9536,214.47,2287303.8,AMZN-US
AMZN-US,2025-09-30,2025Q3,2025,20251030,20251029,Scott Bender,Cleveland Research Company,2295,7.6116056,20250916,43,1.9536,214.47,2287303.8,AMZN-US
AMZN-US,2025-09-30,2025Q3,2025,20251030,20251029,Rob Sanderson,Loop Capital Markets,1009,7.61,20250815,75,1.9536,214.47,2287303.8,AMZN-US
AMZN-US,2025-09-30,2025Q3,2025,20251030,20251029,Dylan Carden,William Blair,198,6.99,20250801,89,1.9536,214.47,2287303.8,AMZN-US
AMZN-US,2025-09-30,2025Q3,2025,20251030,20251029,Barton Crockett,Rosenblatt Securities,2623,8.83,20250801,89,1.9536,214.47,2287303.8,AMZN-US
AMZN-US,2025-09-30,2025Q3,2025,20251030,20251029,Joseph Feldman,Telsey Advisory Group,2252,7.59,20250801,89,1.9536,214.47,2287303.8,AMZN-US
AMZN-US,2025-09-30,2025Q3,2025,20251030,20251029,Mark Mahaney,Evercore ISI,1772,8.22,20250501,181,1.9536,214.47,2287303.8,AMZN-US
AMZN-US,2025-09-30,2025Q3,2025,20251030,20251029,Aaron Kessler,Seaport Research Partners,1321,7.67,20250801,89,1.9536,214.47,2287303.8,AMZN-US
AMZN-US,2025-09-30,2025Q3,2025,20251030,20251029,Brian J. White,"Monness, Crespi, Hardt",1080,7.1,20250801,89,1.9536,214.47,2287303.8,AMZN-US
AMZN-US,2025-09-30,2025Q3,2025,20251030,20251029,Andrew Boone,Citizens,805,7.51,20250801,89,1.9536,214.47,2287303.8,AMZN-US
AMZN-US,2025-09-30,2025Q3,2025,20251030,20251029,Gil Luria,DA Davidson,556,8.47,20250801,89,1.9536,214.47,2287303.8,AMZN-US
AMZN-US,2025-09-30,2025Q3,2025,20251030,20251029,Mark Kelley,Stifel Nicolaus,548,7.23,20250731,90,1.9536,214.47,2287303.8,AMZN-US
AMZN-US,2025-09-30,2025Q3,2025,20251030,20251029,Maria Ripps,Canaccord Genuity,466,7.43,20251024,5,1.9536,214.47,2287303.8,AMZN-US
AMZN-US,2025-09-30,2025Q3,2025,20251030,20251029,Justin Patterson,KeyBanc Capital Markets,618,7.72,20251022,7,1.9536,214.47,2287303.8,AMZN-US
AMZN-US,2025-09-30,2025Q3,2025,20251030,20251029,Scott Devitt,Wedbush Securities,590,7.68,20251023,6,1.9536,214.47,2287303.8,AMZN-US
AMZN-US,2025-09-30,2025Q3,2025,20251030,20251029,Brian J. Pitz,BMO Capital Markets,181,6.7849,20250801,89,1.9536,214.47,2287303.8,AMZN-US
AMZN-US,2025-09-30,2025Q3,2025,20251030,20251029,Daryl Boehringer,Edgewater Research,3222,7.76,20251021,8,1.9536,214.47,2287303.8,AMZN-US
AMZN-US,2025-09-30,2025Q3,2025,20251030,20251029,Daniel L. Kurnos,"Benchmark, a StoneX Company",1124,7.35,20250801,89,1.9536,214.47,2287303.8,AMZN-US
AMZN-US,2025-09-30,2025Q3,2025,20251030,20251029,Brad Erickson,RBC Capital Markets,1269,7.7,20251020,9,1.9536,214.47,2287303.8,AMZN-US
AMZN-US,2025-09-30,2025Q3,2025,20251030,20251029,Helena Wang,Phillip Securities,651,6.77,20250502,180,1.9536,214.47,2287303.8,AMZN-US
AMZN-US,2025-09-30,2025Q3,2025,20251030,20251029,Ye Tao,China International Capital,898,7.91,20250801,89,1.9536,214.47,2287303.8,AMZN-US
AMZN-US,2025-09-30,2025Q3,2025,20251030,20251029,Brent Thill,Jefferies,512,7.14,20250801,89,1.9536,214.47,2287303.8,AMZN-US
AMZN-US,2025-09-30,2025Q3,2025,20251030,20251029,Youssef Squali,Truist Securities,852,7.33,20250915,44,1.9536,214.47,2287303.8,AMZN-US
AMZN-US,2025-09-30,2025Q3,2025,20251030,20251029,Nathaniel Schindler,Scotiabank GBM,810,8.02,20251015,14,1.9536,214.47,2287303.8,AMZN-US
AMZN-US,2025-09-30,2025Q3,2025,20251030,20251029,Lee Horowitz,Deutsche Bank Research,77,7.71,20250801,89,1.9536,214.47,2287303.8,AMZN-US
AMZN-US,2025-09-30,2025Q3,2025,20251030,20251029,Josh J. Beck,Raymond James,402,7.69,20250801,89,1.9536,214.47,2287303.8,AMZN-US
AMZN-US,2025-09-30,2025Q3,2025,20251030,20251029,Deepak Mathivanan,Cantor Fitzgerald,1190,7.67,20250801,89,1.9536,214.47,2287303.8,AMZN-US
AMZN-US,2025-09-30,2025Q3,2025,20251030,20251029,Thomas Champion,Piper Sandler Companies,570,7.85,20250801,89,1.9536,214.47,2287303.8,AMZN-US
AMZN-US,2025-09-30,2025Q3,2025,20251030,20251029,Lloyd Walmsley,Mizuho Securities USA,1802,7.6,20250926,33,1.9536,214.47,2287303.8,AMZN-US
AMZN-US,2025-09-30,2025Q3,2025,20251030,20251029,John Blackledge,TD Cowen,917,8.16,20251006,23,1.9536,214.47,2287303.8,AMZN-US
AMZN-US,2025-09-30,2025Q3,2025,20251030,20251029,Michael Morton,MoffettNathanson Research,3177,7.77,20250801,89,1.9536,214.47,2287303.8,AMZN-US
AMZN-US,2025-09-30,2025Q3,2025,20251030,20251029,Laura Martin,Needham,477,7.43,20250502,180,1.9536,214.47,2287303.8,AMZN-US
AMZN-US,2025-09-30,2025Q3,2025,20251030,20251029,Kadambari Daptardar,ARC Independent Research,940,7.3,20250826,64,1.9536,214.47,2287303.8,AMZN-US
AMZN-US,2025-09-30,2025Q3,2025,20251030,20251029,Egor Tolmachev,Freedom Broker,3713,7.74,20250808,82,1.9536,214.47,2287303.8,AMZN-US
AMZN-US,2025-09-30,2025Q3,2025,20251030,20251029,Satoshi Tanaka,Daiwa Securities Co. Ltd.,467,7.69,20250807,83,1.9536,214.47,2287303.8,AMZN-US
AMZN-US,2025-09-30,2025Q3,2025,20251030,20251029,Barney Yao,Haitong International Research,2898,7.56,20250806,84,1.9536,214.47,2287303.8,AMZN-US
AMZN-US,2025-09-30,2025Q3,2025,20251030,20251029,Siyu Cai,Mega Intl Invst Serv,1175,7.4,20250509,173,1.9536,214.47,2287303.8,AMZN-US
AMZN-US,2025-09-30,2025Q3,2025,20251030,20251029,Rong Jin,Huaan Securities,3624,7.82,20250805,85,1.9536,214.47,2287303.8,AMZN-US
AMZN-US,2025-09-30,2025Q3,2025,20251030,20251029,Saiyi He,CMB International,2157,7.81,20250801,89,1.9536,214.47,2287303.8,AMZN-US
AMZN-US,2025-09-30,2025Q3,2025,20251030,20251029,James Kelleher,Argus Research,376,7.75,20250804,86,1.9536,214.47,2287303.8,AMZN-US
AMZN-US,2025-09-30,2025Q3,2025,20251030,20251029,Lun Ke Zhang,Guosen Securities,1894,7.8,20250801,89,1.9536,214.47,2287303.8,AMZN-US
AMZN-US,2025-09-30,2025Q3,2025,20251030,20251029,Tommy Wong,China Merchants Securities,1788,7.7,20250801,89,1.9536,214.47,2287303.8,AMZN-US
AMZN-US,2025-09-30,2025Q3,2025,20251030,20251029,Daniel Salmon,New Street Research,1634,7.8,20250602,149,1.9536,214.47,2287303.8,AMZN-US
AMZN-US,2025-09-30,2025Q3,2025,20251030,20251029,Lulu Xia,Huatai Research,1271,8.28,20250801,89,1.9536,214.47,2287303.8,AMZN-US
AMZN-US,2025-09-30,2025Q3,2025,20251030,20251029,Irene Weng,Fubon Securities,1084,7.71,20250801,89,1.9536,214.47,2287303.8,AMZN-US
AMZN-US,2025-09-30,2025Q3,2025,20251030,20251029,Tom Forte,Maxim Group,1063,6.67,20250801,89,1.9536,214.47,2287303.8,AMZN-US
AMZN-US,2025-09-30,2025Q3,2025,20251030,20251029,Shyam Patil,Susquehanna Financial Group,974,6.57,20250801,89,1.9536,214.47,2287303.8,AMZN-US
AMZN-US,2025-09-30,2025Q3,2025,20251030,20251029,Jason Helfstein,Oppenheimer,498,7.73,20250801,89,1.9536,214.47,2287303.8,AMZN-US
AMZN-US,2025-09-30,2025Q3,2025,20251030,20251029,Yong-Jei Jeong,Mirae Asset Securities,484,5.7,20250801,89,1.9536,214.47,2287303.8,AMZN-US
AMZN-US,2025-06-30,2025Q2,2025,20250731,20250730,Scott Devitt,Wedbush Securities,590,7.66,20250729,1,1.6809,223.88,2376789.0,AMZN-US
AMZN-US,2025-06-30,2025Q2,2025,20250731,20250730,Ken Gawrelski,Wells Fargo Securities,596,7.43,20250728,2,1.6809,223.88,2376789.0,AMZN-US
AMZN-US,2025-06-30,2025Q2,2025,20250731,20250730,Mark Kelley,Stifel Nicolaus,548,6.9,20250728,2,1.6809,223.88,2376789.0,AMZN-US
AMZN-US,2025-06-30,2025Q2,2025,20250731,20250730,Scott Bender,Cleveland Research Company,2295,7.0923023,20250725,5,1.6809,223.88,2376789.0,AMZN-US
AMZN-US,2025-06-30,2025Q2,2025,20250731,20250730,Mark Mahaney,Evercore ISI,1772,8.16,20250206,174,1.6809,223.88,2376789.0,AMZN-US
AMZN-US,2025-06-30,2025Q2,2025,20250731,20250730,Aaron Kessler,Seaport Research Partners,1321,7.34,20250502,89,1.6809,223.88,2376789.0,AMZN-US
AMZN-US,2025-06-30,2025Q2,2025,20250731,20250730,Brad Erickson,RBC Capital Markets,1269,8.24,20250502,89,1.6809,223.88,2376789.0,AMZN-US
AMZN-US,2025-06-30,2025Q2,2025,20250731,20250730,Daniel L. Kurnos,"Benchmark, a StoneX Company",1124,7.64,20250502,89,1.6809,223.88,2376789.0,AMZN-US
AMZN-US,2025-06-30,2025Q2,2025,20250731,20250730,Maria Ripps,Canaccord Genuity,466,6.99,20250502,89,1.6809,223.88,2376789.0,AMZN-US
AMZN-US,2025-06-30,2025Q2,2025,20250731,20250730,Daryl Boehringer,Edgewater Research,3222,7.38,20250724,6,1.6809,223.88,2376789.0,AMZN-US
AMZN-US,2025-06-30,2025Q2,2025,20250731,20250730,Brian J. White,"Monness, Crespi, Hardt",1080,6.36,20250502,89,1.6809,223.88,2376789.0,AMZN-US
AMZN-US,2025-06-30,2025Q2,2025,20250731,20250730,John Blackledge,TD Cowen,917,8.04,20250502,89,1.6809,223.88,2376789.0,AMZN-US
AMZN-US,2025-06-30,2025Q2,2025,20250731,20250730,Brian J. Pitz,BMO Capital Markets,181,6.56,20250721,9,1.6809,223.88,2376789.0,AMZN-US
AMZN-US,2025-06-30,2025Q2,2025,20250731,20250730,Ye Tao,China International Capital,898,6.85,20250502,89,1.6809,223.88,2376789.0,AMZN-US
AMZN-US,2025-06-30,2025Q2,2025,20250731,20250730,Dylan Carden,William Blair,198,7.32,20250502,89,1.6809,223.88,2376789.0,AMZN-US
AMZN-US,2025-06-30,2025Q2,2025,20250731,20250730,Rob Sanderson,Loop Capital Markets,1009,7.46,20250530,61,1.6809,223.88,2376789.0,AMZN-US
AMZN-US,2025-06-30,2025Q2,2025,20250731,20250730,Barton Crockett,Rosenblatt Securities,2623,7.89,20250207,173,1.6809,223.88,2376789.0,AMZN-US
AMZN-US,2025-06-30,2025Q2,2025,20250731,20250730,Nathaniel Schindler,Scotiabank GBM,810,7.51,20250502,89,1.6809,223.88,2376789.0,AMZN-US
AMZN-US,2025-06-30,2025Q2,2025,20250731,20250730,Laura Martin,Needham,477,7.43,20250502,89,1.6809,223.88,2376789.0,AMZN-US
AMZN-US,2025-06-30,2025Q2,2025,20250731,20250730,Lee Horowitz,Deutsche Bank Research,77,7.1,20250718,12,1.6809,223.88,2376789.0,AMZN-US
AMZN-US,2025-06-30,2025Q2,2025,20250731,20250730,Andrew Boone,Citizens,805,7.34,20250708,22,1.6809,223.88,2376789.0,AMZN-US
AMZN-US,2025-06-30,2025Q2,2025,20250731,20250730,Alex Haissl,Rothschild & Co Redburn,1652,,20250626,34,1.6809,223.88,2376789.0,AMZN-US
AMZN-US,2025-06-30,2025Q2,2025,20250731,20250730,Mark Shmulik,Bernstein Research,1140,,20250502,89,1.6809,223.88,2376789.0,AMZN-US
AMZN-US,2025-06-30,2025Q2,2025,20250731,20250730,Brent Thill,Jefferies,512,6.5,20250421,100,1.6809,223.88,2376789.0,AMZN-US
AMZN-US,2025-06-30,2025Q2,2025,20250731,20250730,Deepak Mathivanan,Cantor Fitzgerald,1190,7.27,20250715,15,1.6809,223.88,2376789.0,AMZN-US
AMZN-US,2025-06-30,2025Q2,2025,20250731,20250730,Michael Morton,MoffettNathanson Research,3177,7.3,20250623,37,1.6809,223.88,2376789.0,AMZN-US
AMZN-US,2025-06-30,2025Q2,2025,20250731,20250730,Thomas Champion,Piper Sandler Companies,570,7.36,20250502,89,1.6809,223.88,2376789.0,AMZN-US
AMZN-US,2025-06-30,2025Q2,2025,20250731,20250730,Youssef Squali,Truist Securities,852,7.19,20250701,29,1.6809,223.88,2376789.0,AMZN-US
AMZN-US,2025-06-30,2025Q2,2025,20250731,20250730,Saiyi He,CMB International,2157,7.55,20250505,86,1.6809,223.88,2376789.0,AMZN-US
AMZN-US,2025-06-30,2025Q2,2025,20250731,20250730,Helena Wang,Phillip Securities,651,6.77,20250502,89,1.6809,223.88,2376789.0,AMZN-US
AMZN-US,2025-06-30,2025Q2,2025,20250731,20250730,Jason Helfstein,Oppenheimer,498,7.57,20250618,42,1.6809,223.88,2376789.0,AMZN-US
AMZN-US,2025-06-30,2025Q2,2025,20250731,20250730,Tommy Wong,China Merchants Securities,1788,7.5,20250505,86,1.6809,223.88,2376789.0,AMZN-US
AMZN-US,2025-06-30,2025Q2,2025,20250731,20250730,Daniel Salmon,New Street Research,1634,7.74,20250602,58,1.6809,223.88,2376789.0,AMZN-US
AMZN-US,2025-06-30,2025Q2,2025,20250731,20250730,Rong Jin,Huaan Securities,3624,7.05,20250509,82,1.6809,223.88,2376789.0,AMZN-US
AMZN-US,2025-06-30,2025Q2,2025,20250731,20250730,Siyu Cai,Mega Intl Invst Serv,1175,7.4,20250509,82,1.6809,223.88,2376789.0,AMZN-US
AMZN-US,2025-06-30,2025Q2,2025,20250731,20250730,Kadambari Daptardar,ARC Independent Research,940,6.98,20250506,85,1.6809,223.88,2376789.0,AMZN-US
AMZN-US,2025-06-30,2025Q2,2025,20250731,20250730,Satoshi Tanaka,Daiwa Securities Co. Ltd.,467,6.95,20250506,85,1.6809,223.88,2376789.0,AMZN-US
AMZN-US,2025-06-30,2025Q2,2025,20250731,20250730,Ella Ji,China Renaissance Securities (US),2903,8.5,20250502,89,1.6809,223.88,2376789.0,AMZN-US
AMZN-US,2025-06-30,2025Q2,2025,20250731,20250730,Barney Yao,Haitong International Research,2898,7.89,20250502,89,1.6809,223.88,2376789.0,AMZN-US
AMZN-US,2025-06-30,2025Q2,2025,20250731,20250730,Lun Ke Zhang,Guosen Securities,1894,7.9,20250502,89,1.6809,223.88,2376789.0,AMZN-US
AMZN-US,2025-06-30,2025Q2,2025,20250731,20250730,Lulu Xia,Huatai Research,1271,7.39,20250502,89,1.6809,223.88,2376789.0,AMZN-US
AMZN-US,2025-06-30,2025Q2,2025,20250731,20250730,Irene Weng,Fubon Securities,1084,7.19,20250502,89,1.6809,223.88,2376789.0,AMZN-US
AMZN-US,2025-06-30,2025Q2,2025,20250731,20250730,Tom Forte,Maxim Group,1063,5.98,20250502,89,1.6809,223.88,2376789.0,AMZN-US
AMZN-US,2025-06-30,2025Q2,2025,20250731,20250730,Shyam Patil,Susquehanna Financial Group,974,6.36,20250502,89,1.6809,223.88,2376789.0,AMZN-US
AMZN-US,2025-06-30,2025Q2,2025,20250731,20250730,Josh J. Beck,Raymond James,402,7.06,20250502,89,1.6809,223.88,2376789.0,AMZN-US
AMZN-US,2025-06-30,2025Q2,2025,20250731,20250730,James Kelleher,Argus Research,376,7.44,20250502,89,1.6809,223.88,2376789.0,AMZN-US
AMZN-US,2025-03-31,2025Q1,2025,20250501,20250430,Mark Mahaney,Evercore ISI,1772,8.12,20250206,83,1.5869,174.33,1850053.5,AMZN-US
AMZN-US,2025-03-31,2025Q1,2025,20250501,20250430,Daniel L. Kurnos,"Benchmark, a StoneX Company",1124,7.48,20250207,82,1.5869,174.33,1850053.5,AMZN-US
AMZN-US,2025-03-31,2025Q1,2025,20250501,20250430,Michael Morton,MoffettNathanson Research,3177,7.36,20250422,8,1.5869,174.33,1850053.5,AMZN-US
AMZN-US,2025-03-31,2025Q1,2025,20250501,20250430,Mark Shmulik,Bernstein Research,1140,,20250428,2,1.5869,174.33,1850053.5,AMZN-US
AMZN-US,2025-03-31,2025Q1,2025,20250501,20250430,Rob Sanderson,Loop Capital Markets,1009,7.58,20250210,79,1.5869,174.33,1850053.5,AMZN-US
AMZN-US,2025-03-31,2025Q1,2025,20250501,20250430,Barton Crockett,Rosenblatt Securities,2623,7.89,20250207,82,1.5869,174.33,1850053.5,AMZN-US
AMZN-US,2025-03-31,2025Q1,2025,20250501,20250430,Aaron Kessler,Seaport Research Partners,1321,7.59,20250207,82,1.5869,174.33,1850053.5,AMZN-US
AMZN-US,2025-03-31,2025Q1,2025,20250501,20250430,Brad Erickson,RBC Capital Markets,1269,8.45,20250401,29,1.5869,174.33,1850053.5,AMZN-US
AMZN-US,2025-03-31,2025Q1,2025,20250501,20250430,Brian J. White,"Monness, Crespi, Hardt",1080,6.94,20250207,82,1.5869,174.33,1850053.5,AMZN-US
AMZN-US,2025-03-31,2025Q1,2025,20250501,20250430,Jason Helfstein,Oppenheimer,498,6.72,20250425,5,1.5869,174.33,1850053.5,AMZN-US
AMZN-US,2025-03-31,2025Q1,2025,20250501,20250430,Maria Ripps,Canaccord Genuity,466,7.29,20250207,82,1.5869,174.33,1850053.5,AMZN-US
AMZN-US,2025-03-31,2025Q1,2025,20250501,20250430,Brian J. Pitz,BMO Capital Markets,181,6.45,20250415,15,1.5869,174.33,1850053.5,AMZN-US
AMZN-US,2025-03-31,2025Q1,2025,20250501,20250430,Lee Horowitz,Deutsche Bank Research,77,6.87,20250411,19,1.5869,174.33,1850053.5,AMZN-US
AMZN-US,2025-03-31,2025Q1,2025,20250501,20250430,Dylan Carden,William Blair,198,6.19,20250207,82,1.5869,174.33,1850053.5,AMZN-US
AMZN-US,2025-03-31,2025Q1,2025,20250501,20250430,Joseph Feldman,Telsey Advisory Group,2252,7.5,20250207,82,1.5869,174.33,1850053.5,AMZN-US
AMZN-US,2025-03-31,2025Q1,2025,20250501,20250430,Ken Gawrelski,Wells Fargo Securities,596,7.25,20250422,8,1.5869,174.33,1850053.5,AMZN-US
AMZN-US,2025-03-31,2025Q1,2025,20250501,20250430,Mark Kelley,Stifel Nicolaus,548,6.07,20250207,82,1.5869,174.33,1850053.5,AMZN-US
AMZN-US,2025-03-31,2025Q1,2025,20250501,20250430,Louis Ng,Haitong International Research,2898,7.35,20250421,9,1.5869,174.33,1850053.5,AMZN-US
AMZN-US,2025-03-31,2025Q1,2025,20250501,20250430,Nathaniel Schindler,Scotiabank GBM,810,8.1269,20250207,82,1.5869,174.33,1850053.5,AMZN-US
AMZN-US,2025-03-31,2025Q1,2025,20250501,20250430,Brent Thill,Jefferies,512,6.52,20250421,9,1.5869,174.33,1850053.5,AMZN-US
AMZN-US,2025-03-31,2025Q1,2025,20250501,20250430,Josh J. Beck,Raymond James,402,6.644,20250417,13,1.5869,174.33,1850053.5,AMZN-US
AMZN-US,2025-03-31,2025Q1,2025,20250501,20250430,Daryl Boehringer,Edgewater Research,3222,7.04,20250417,13,1.5869,174.33,1850053.5,AMZN-US
AMZN-US,2025-03-31,2025Q1,2025,20250501,20250430,Alex Haissl,Rothschild & Co Redburn,1652,,20250303,58,1.5869,174.33,1850053.5,AMZN-US
AMZN-US,2025-03-31,2025Q1,2025,20250501,20250430,Deepak Mathivanan,Cantor Fitzgerald,1190,6.24,20250415,15,1.5869,174.33,1850053.5,AMZN-US
AMZN-US,2025-03-31,2025Q1,2025,20250501,20250430,Ye Tao,China International Capital,898,7.86,20250207,82,1.5869,174.33,1850053.5,AMZN-US
AMZN-US,2025-03-31,2025Q1,2025,20250501,20250430,Scott Devitt,Wedbush Securities,590,7.56,20250414,16,1.5869,174.33,1850053.5,AMZN-US
AMZN-US,2025-03-31,2025Q1,2025,20250501,20250430,Gil Luria,DA Davidson,556,8.18,20250411,19,1.5869,174.33,1850053.5,AMZN-US
AMZN-US,2025-03-31,2025Q1,2025,20250501,20250430,Youssef Squali,Truist Securities,852,7.35,20250409,21,1.5869,174.33,1850053.5,AMZN-US
AMZN-US,2025-03-31,2025Q1,2025,20250501,20250430,Laura Martin,Needham,477,7.7,20241113,168,1.5869,174.33,1850053.5,AMZN-US
AMZN-US,2025-03-31,2025Q1,2025,20250501,20250430,Tommy Wong,China Merchants Securities,1788,6.8,20250409,21,1.5869,174.33,1850053.5,AMZN-US
AMZN-US,2025-03-31,2025Q1,2025,20250501,20250430,Thomas Champion,Piper Sandler Companies,570,7.77,20250409,21,1.5869,174.33,1850053.5,AMZN-US
AMZN-US,2025-03-31,2025Q1,2025,20250501,20250430,John Blackledge,TD Cowen,917,8.4,20250403,27,1.5869,174.33,1850053.5,AMZN-US
AMZN-US,2025-03-31,2025Q1,2025,20250501,20250430,Curtis A Shauger,WestPark Capital,3079,8.34,20250328,33,1.5869,174.33,1850053.5,AMZN-US
AMZN-US,2025-03-31,2025Q1,2025,20250501,20250430,James Kelleher,Argus Research,376,6.88,20250207,82,1.5869,174.33,1850053.5,AMZN-US
AMZN-US,2025-03-31,2025Q1,2025,20250501,20250430,Ella Ji,China Renaissance Securities (US),2903,8.12,20241101,180,1.5869,174.33,1850053.5,AMZN-US
AMZN-US,2025-03-31,2025Q1,2025,20250501,20250430,Scott Bender,Cleveland Research Company,2295,7.2931647,20250207,82,1.5869,174.33,1850053.5,AMZN-US
AMZN-US,2025-03-31,2025Q1,2025,20250501,20250430,Daniel Salmon,New Street Research,1634,8.56,20250207,82,1.5869,174.33,1850053.5,AMZN-US
AMZN-US,2025-03-31,2025Q1,2025,20250501,20250430,Lun Ke Zhang,Guosen Securities,1894,7.8,20250207,82,1.5869,174.33,1850053.5,AMZN-US
AMZN-US,2025-03-31,2025Q1,2025,20250501,20250430,Megan Tao,Phillip Securities,651,7.8,20250226,63,1.5869,174.33,1850053.5,AMZN-US
AMZN-US,2025-03-31,2025Q1,2025,20250501,20250430,Rong Jin,Huaan Securities,3624,7.66,20250211,78,1.5869,174.33,1850053.5,AMZN-US
AMZN-US,2025-03-31,2025Q1,2025,20250501,20250430,Kadambari Daptardar,ARC Independent Research,940,7.19,20250210,79,1.5869,174.33,1850053.5,AMZN-US
AMZN-US,2025-03-31,2025Q1,2025,20250501,20250430,Satoshi Tanaka,Daiwa Securities Co. Ltd.,467,7.5,20250210,79,1.5869,174.33,1850053.5,AMZN-US
AMZN-US,2025-03-31,2025Q1,2025,20250501,20250430,Saiyi He,CMB International,2157,8.2,20250207,82,1.5869,174.33,1850053.5,AMZN-US
AMZN-US,2025-03-31,2025Q1,2025,20250501,20250430,Thiago Alves Kapulskis,Itau Securities,1394,8.02,20250207,82,1.5869,174.33,1850053.5,AMZN-US
AMZN-US,2025-03-31,2025Q1,2025,20250501,20250430,Tian Zi Fu,Everbright Securities,1299,7.75,20250207,82,1.5869,174.33,1850053.5,AMZN-US
AMZN-US,2025-03-31,2025Q1,2025,20250501,20250430,Lulu Xia,Huatai Research,1271,8.36,20250207,82,1.5869,174.33,1850053.5,AMZN-US
AMZN-US,2025-03-31,2025Q1,2025,20250501,20250430,Irene Weng,Fubon Securities,1084,7.43,20250207,82,1.5869,174.33,1850053.5,AMZN-US
AMZN-US,2025-03-31,2025Q1,2025,20250501,20250430,Tom Forte,Maxim Group,1063,6.61,20250207,82,1.5869,174.33,1850053.5,AMZN-US
AMZN-US,2025-03-31,2025Q1,2025,20250501,20250430,Shyam Patil,Susquehanna Financial Group,974,6.45,20250207,82,1.5869,174.33,1850053.5,AMZN-US
AMZN-US,2024-12-31,2024Q4,2024,20250206,20250205,James Lee,Mizuho Securities USA,1802,7.16,20250115,21,1.8572,235.42,2475443.8,AMZN-US
AMZN-US,2024-12-31,2024Q4,2024,20250206,20250205,Alex Haissl,Rothschild & Co Redburn,1652,,20250114,22,1.8572,235.42,2475443.8,AMZN-US
AMZN-US,2024-12-31,2024Q4,2024,20250206,20250205,Mark Mahaney,Evercore ISI,1772,7.37,20241101,96,1.8572,235.42,2475443.8,AMZN-US
AMZN-US,2024-12-31,2024Q4,2024,20250206,20250205,Brian J. Pitz,BMO Capital Markets,181,7.07,20250116,20,1.8572,235.42,2475443.8,AMZN-US
AMZN-US,2024-12-31,2024Q4,2024,20250206,20250205,Tommy Wong,China Merchants Securities,1788,7.9,20241108,89,1.8572,235.42,2475443.8,AMZN-US
AMZN-US,2024-12-31,2024Q4,2024,20250206,20250205,Brad Erickson,RBC Capital Markets,1269,8.28,20241101,96,1.8572,235.42,2475443.8,AMZN-US
AMZN-US,2024-12-31,2024Q4,2024,20250206,20250205,Nathaniel Schindler,Scotiabank GBM,810,7.8483,20250123,13,1.8572,235.42,2475443.8,AMZN-US
AMZN-US,2024-12-31,2024Q4,2024,20250206,20250205,Joseph Feldman,Telsey Advisory Group,2252,7.61,20250130,6,1.8572,235.42,2475443.8,AMZN-US
AMZN-US,2024-12-31,2024Q4,2024,20250206,20250205,Michael Graham,Canaccord Genuity,466,7.44,20250130,6,1.8572,235.42,2475443.8,AMZN-US
AMZN-US,2024-12-31,2024Q4,2024,20250206,20250205,Mark Shmulik,Bernstein Research,1140,,20250129,7,1.8572,235.42,2475443.8,AMZN-US
AMZN-US,2024-12-31,2024Q4,2024,20250206,20250205,Mark Kelley,Stifel Nicolaus,548,7.13,20241101,96,1.8572,235.42,2475443.8,AMZN-US
AMZN-US,2024-12-31,2024Q4,2024,20250206,20250205,Lee Horowitz,Deutsche Bank Research,77,7.9,20250124,12,1.8572,235.42,2475443.8,AMZN-US
AMZN-US,2024-12-31,2024Q4,2024,20250206,20250205,Scott Devitt,Wedbush Securities,590,7.96,20250124,12,1.8572,235.42,2475443.8,AMZN-US
AMZN-US,2024-12-31,2024Q4,2024,20250206,20250205,Brent Thill,Jefferies,512,7.63,20241213,54,1.8572,235.42,2475443.8,AMZN-US
AMZN-US,2024-12-31,2024Q4,2024,20250206,20250205,Youssef Squali,Truist Securities,852,8.58,20241101,96,1.8572,235.42,2475443.8,AMZN-US
AMZN-US,2024-12-31,2024Q4,2024,20250206,20250205,Josh J. Beck,Raymond James,402,7.3532,20250115,21,1.8572,235.42,2475443.8,AMZN-US
AMZN-US,2024-12-31,2024Q4,2024,20250206,20250205,Michael Morton,MoffettNathanson Research,3177,7.25,20241101,96,1.8572,235.42,2475443.8,AMZN-US
AMZN-US,2024-12-31,2024Q4,2024,20250206,20250205,Deepak Mathivanan,Cantor Fitzgerald,1190,8.23,20250103,33,1.8572,235.42,2475443.8,AMZN-US
AMZN-US,2024-12-31,2024Q4,2024,20250206,20250205,Laura Martin,Needham,477,7.64,20241113,84,1.8572,235.42,2475443.8,AMZN-US
AMZN-US,2024-12-31,2024Q4,2024,20250206,20250205,John Blackledge,TD Cowen,917,8.52,20241211,56,1.8572,235.42,2475443.8,AMZN-US
AMZN-US,2024-12-31,2024Q4,2024,20250206,20250205,Ken Gawrelski,Wells Fargo Securities,596,7.7,20250113,23,1.8572,235.42,2475443.8,AMZN-US
AMZN-US,2024-12-31,2024Q4,2024,20250206,20250205,Thomas Champion,Piper Sandler Companies,570,8.19,20241101,96,1.8572,235.42,2475443.8,AMZN-US
AMZN-US,2024-12-31,2024Q4,2024,20250206,20250205,Yong-Jei Jeong,Mirae Asset Securities,484,7.3,20250107,29,1.8572,235.42,2475443.8,AMZN-US
AMZN-US,2024-12-31,2024Q4,2024,20250206,20250205,Saiyi He,CMB International,2157,7.59,20241101,96,1.8572,235.42,2475443.8,AMZN-US
AMZN-US,2024-12-31,2024Q4,2024,20250206,20250205,Rob Sanderson,Loop Capital Markets,1009,7.39,20241105,92,1.8572,235.42,2475443.8,AMZN-US
AMZN-US,2024-12-31,2024Q4,2024,20250206,20250205,Alice Tang,First Shanghai,1701,7.71,20241212,55,1.8572,235.42,2475443.8,AMZN-US
AMZN-US,2024-12-31,2024Q4,2024,20250206,20250205,Irene Weng,Fubon Securities,1084,7.27,20241205,62,1.8572,235.42,2475443.8,AMZN-US
AMZN-US,2024-12-31,2024Q4,2024,20250206,20250205,Dan Zhao,SPDB International,3451,7.6,20241204,63,1.8572,235.42,2475443.8,AMZN-US
AMZN-US,2024-12-31,2024Q4,2024,20250206,20250205,Lulu Xia,Huatai Research,1271,7.99,20241101,96,1.8572,235.42,2475443.8,AMZN-US
AMZN-US,2024-12-31,2024Q4,2024,20250206,20250205,Satoshi Tanaka,Daiwa Securities Co. Ltd.,467,7.05,20241106,91,1.8572,235.42,2475443.8,AMZN-US
AMZN-US,2024-12-31,2024Q4,2024,20250206,20250205,Rong Jin,Huaan Securities,3624,8.67,20241104,93,1.8572,235.42,2475443.8,AMZN-US
AMZN-US,2024-12-31,2024Q4,2024,20250206,20250205,Jason Helfstein,Oppenheimer,498,7.49,20241101,96,1.8572,235.42,2475443.8,AMZN-US
AMZN-US,2024-12-31,2024Q4,2024,20250206,20250205,Ella Ji,China Renaissance Securities (US),2903,8.11,20241101,96,1.8572,235.42,2475443.8,AMZN-US
AMZN-US,2024-12-31,2024Q4,2024,20250206,20250205,Lun Ke Zhang,Guosen Securities,1894,7.7,20241101,96,1.8572,235.42,2475443.8,AMZN-US
AMZN-US,2024-12-31,2024Q4,2024,20250206,20250205,Thiago Alves Kapulskis,Itau Securities,1394,8.58,20241101,96,1.8572,235.42,2475443.8,AMZN-US
AMZN-US,2024-12-31,2024Q4,2024,20250206,20250205,Tian Zi Fu,Everbright Securities,1299,7.58,20241101,96,1.8572,235.42,2475443.8,AMZN-US
AMZN-US,2024-09-30,2024Q3,2024,20241031,20241030,James Lee,Mizuho Securities USA,1802,6.67,20240927,33,1.4278,187.53,1968233.5,AMZN-US
AMZN-US,2024-09-30,2024Q3,2024,20241031,20241030,Josh J. Beck,Raymond James,402,7.11,20240802,89,1.4278,187.53,1968233.5,AMZN-US
AMZN-US,2024-09-30,2024Q3,2024,20241031,20241030,Mark Shmulik,Bernstein Research,1140,,20240802,89,1.4278,187.53,1968233.5,AMZN-US
AMZN-US,2024-09-30,2024Q3,2024,20241031,20241030,Daniel Salmon,New Street Research,1634,7.85,20241025,5,1.4278,187.53,1968233.5,AMZN-US
AMZN-US,2024-09-30,2024Q3,2024,20241031,20241030,Brad Erickson,RBC Capital Markets,1269,7.35,20240802,89,1.4278,187.53,1968233.5,AMZN-US
AMZN-US,2024-09-30,2024Q3,2024,20241031,20241030,Mark Kelley,Stifel Nicolaus,548,7.0,20241025,5,1.4278,187.53,1968233.5,AMZN-US
AMZN-US,2024-09-30,2024Q3,2024,20241031,20241030,Scott Bender,Cleveland Research Company,2295,7.439935,20240724,98,1.4278,187.53,1968233.5,AMZN-US
AMZN-US,2024-09-30,2024Q3,2024,20241031,20241030,Michael Graham,Canaccord Genuity,466,7.31,20241024,6,1.4278,187.53,1968233.5,AMZN-US
AMZN-US,2024-09-30,2024Q3,2024,20241031,20241030,Brian J. Pitz,BMO Capital Markets,181,6.0,20241021,9,1.4278,187.53,1968233.5,AMZN-US
AMZN-US,2024-09-30,2024Q3,2024,20241031,20241030,Jason Helfstein,Oppenheimer,498,7.18,20241023,7,1.4278,187.53,1968233.5,AMZN-US
AMZN-US,2024-09-30,2024Q3,2024,20241031,20241030,Michael Morton,MoffettNathanson Research,3177,7.56,20240924,36,1.4278,187.53,1968233.5,AMZN-US
AMZN-US,2024-09-30,2024Q3,2024,20241031,20241030,Youssef Squali,Truist Securities,852,7.62,20240927,33,1.4278,187.53,1968233.5,AMZN-US
AMZN-US,2024-09-30,2024Q3,2024,20241031,20241030,Scott Devitt,Wedbush Securities,590,7.2,20241016,14,1.4278,187.53,1968233.5,AMZN-US
AMZN-US,2024-09-30,2024Q3,2024,20241031,20241030,John Blackledge,TD Cowen,917,7.81,20241004,26,1.4278,187.53,1968233.5,AMZN-US
AMZN-US,2024-09-30,2024Q3,2024,20241031,20241030,Ken Gawrelski,Wells Fargo Securities,596,7.33,20241004,26,1.4278,187.53,1968233.5,AMZN-US
AMZN-US,2024-09-30,2024Q3,2024,20241031,20241030,Deepak Mathivanan,Cantor Fitzgerald,1190,7.29,20241007,23,1.4278,187.53,1968233.5,AMZN-US
AMZN-US,2024-09-30,2024Q3,2024,20241031,20241030,Thomas Champion,Piper Sandler Companies,570,8.44,20240802,89,1.4278,187.53,1968233.5,AMZN-US
AMZN-US,2024-09-30,2024Q3,2024,20241031,20241030,Alex Haissl,Rothschild & Co Redburn,1652,,20240808,83,1.4278,187.53,1968233.5,AMZN-US
AMZN-US,2024-09-30,2024Q3,2024,20241031,20241030,Rong Jin,Huaan Securities,3624,7.11,20240806,85,1.4278,187.53,1968233.5,AMZN-US
AMZN-US,2024-09-30,2024Q3,2024,20241031,20241030,Satoshi Tanaka,Daiwa Securities Co. Ltd.,467,6.97,20240806,85,1.4278,187.53,1968233.5,AMZN-US
AMZN-US,2024-09-30,2024Q3,2024,20241031,20241030,Ella Ji,China Renaissance Securities (US),2903,7.54,20240501,182,1.4278,187.53,1968233.5,AMZN-US
AMZN-US,2024-09-30,2024Q3,2024,20241031,20241030,Saiyi He,CMB International,2157,8.14,20240802,89,1.4278,187.53,1968233.5,AMZN-US
AMZN-US,2024-09-30,2024Q3,2024,20241031,20241030,Lun Ke Zhang,Guosen Securities,1894,7.3,20240802,89,1.4278,187.53,1968233.5,AMZN-US
AMZN-US,2024-09-30,2024Q3,2024,20241031,20241030,Thiago Alves Kapulskis,Itau Securities,1394,7.37,20240802,89,1.4278,187.53,1968233.5,AMZN-US
AMZN-US,2024-09-30,2024Q3,2024,20241031,20241030,Lulu Xia,Huatai Research,1271,7.56,20240605,147,1.4278,187.53,1968233.5,AMZN-US
AMZN-US,2024-06-28,2024Q2,2024,20240801,20240731,Mark Shmulik,Bernstein Research,1140,,20240719,12,1.2593,183.75,1912217.8,AMZN-US
AMZN-US,2024-06-28,2024Q2,2024,20240801,20240731,Michael Morton,MoffettNathanson Research,3177,8.14,20240522,70,1.2593,183.75,1912217.8,AMZN-US
AMZN-US,2024-06-28,2024Q2,2024,20240801,20240731,James Lee,Mizuho Securities USA,1802,6.08,20240429,93,1.2593,183.75,1912217.8,AMZN-US
AMZN-US,2024-06-28,2024Q2,2024,20240801,20240731,Brad Erickson,RBC Capital Markets,1269,7.27,20240202,180,1.2593,183.75,1912217.8,AMZN-US
AMZN-US,2024-06-28,2024Q2,2024,20240801,20240731,Youssef Squali,Truist Securities,852,7.83,20240719,12,1.2593,183.75,1912217.8,AMZN-US
AMZN-US,2024-06-28,2024Q2,2024,20240801,20240731,Maria Ripps,Canaccord Genuity,466,7.28,20240725,6,1.2593,183.75,1912217.8,AMZN-US
AMZN-US,2024-06-28,2024Q2,2024,20240801,20240731,Scott Bender,Cleveland Research Company,2295,7.439935,20240724,7,1.2593,183.75,1912217.8,AMZN-US
AMZN-US,2024-06-28,2024Q2,2024,20240801,20240731,Brian J. Pitz,BMO Capital Markets,181,5.87,20240724,7,1.2593,183.75,1912217.8,AMZN-US
AMZN-US,2024-06-28,2024Q2,2024,20240801,20240731,Ken Gawrelski,Wells Fargo Securities,596,7.98,20240627,34,1.2593,183.75,1912217.8,AMZN-US
AMZN-US,2024-06-28,2024Q2,2024,20240801,20240731,Saiyi He,CMB International,2157,8.23,20240501,91,1.2593,183.75,1912217.8,AMZN-US
AMZN-US,2024-06-28,2024Q2,2024,20240801,20240731,Thomas Champion,Piper Sandler Companies,570,8.22,20240501,91,1.2593,183.75,1912217.8,AMZN-US
AMZN-US,2024-06-28,2024Q2,2024,20240801,20240731,Alex Haissl,Rothschild & Co Redburn,1652,,20240319,134,1.2593,183.75,1912217.8,AMZN-US
AMZN-US,2024-06-28,2024Q2,2024,20240801,20240731,John Blackledge,TD Cowen,917,7.6,20240501,91,1.2593,183.75,1912217.8,AMZN-US
AMZN-US,2024-06-28,2024Q2,2024,20240801,20240731,Lulu Xia,Huatai Research,1271,7.56,20240605,56,1.2593,183.75,1912217.8,AMZN-US
AMZN-US,2024-06-28,2024Q2,2024,20240801,20240731,Ishan Majumdar,Baptista Research,3454,7.7,20240508,84,1.2593,183.75,1912217.8,AMZN-US
AMZN-US,2024-06-28,2024Q2,2024,20240801,20240731,Rong Jin,Huaan Securities,3624,7.81,20240506,86,1.2593,183.75,1912217.8,AMZN-US
AMZN-US,2024-06-28,2024Q2,2024,20240801,20240731,Lun Ke Zhang,Guosen Securities,1894,7.9,20240503,89,1.2593,183.75,1912217.8,AMZN-US
AMZN-US,2024-06-28,2024Q2,2024,20240801,20240731,Satoshi Tanaka,Daiwa Securities Co. Ltd.,467,7.13,20240503,89,1.2593,183.75,1912217.8,AMZN-US
AMZN-US,2024-06-28,2024Q2,2024,20240801,20240731,Parth Talsania,Equisights,3723,7.25,20240502,90,1.2593,183.75,1912217.8,AMZN-US
AMZN-US,2024-06-28,2024Q2,2024,20240801,20240731,Ella Ji,China Renaissance Securities (US),2903,7.51,20240501,91,1.2593,183.75,1912217.8,AMZN-US
AMZN-US,2024-06-28,2024Q2,2024,20240801,20240731,Thiago Alves Kapulskis,Itau Securities,1394,7.48,20240501,91,1.2593,183.75,1912217.8,AMZN-US
AMZN-US,2024-06-28,2024Q2,2024,20240801,20240731,Tom Forte,Maxim Group,1063,4.66,20240416,106,1.2593,183.75,1912217.8,AMZN-US
AMZN-US,2024-06-28,2024Q2,2024,20240801,20240731,Josh J. Beck,Raymond James,402,7.45,20240501,91,1.2593,183.75,1912217.8,AMZN-US
AMZN-US,2024-03-29,2024Q1,2024,20240430,20240429,James Lee,Mizuho Securities USA,1802,6.08,20240429,0,0.9776,183.32,1906012.3,AMZN-US
AMZN-US,2024-03-29,2024Q1,2024,20240430,20240429,Daniel Salmon,New Street Research,1634,8.5,20240202,87,0.9776,183.32,1906012.3,AMZN-US
AMZN-US,2024-03-29,2024Q1,2024,20240430,20240429,Brad Erickson,RBC Capital Markets,1269,7.26,20240202,87,0.9776,183.32,1906012.3,AMZN-US
AMZN-US,2024-03-29,2024Q1,2024,20240430,20240429,Michael Graham,Canaccord Genuity,466,6.84,20240426,3,0.9776,183.32,1906012.3,AMZN-US
AMZN-US,2024-03-29,2024Q1,2024,20240430,20240429,Josh J. Beck,Raymond James,402,7.29,20240426,3,0.9776,183.32,1906012.3,AMZN-US
AMZN-US,2024-03-29,2024Q1,2024,20240430,20240429,Alex Haissl,Rothschild & Co Redburn,1652,,20240319,41,0.9776,183.32,1906012.3,AMZN-US
AMZN-US,2024-03-29,2024Q1,2024,20240430,20240429,Nikhil Devnani,Bernstein Research,1140,,20240326,34,0.9776,183.32,1906012.3,AMZN-US
AMZN-US,2024-03-29,2024Q1,2024,20240430,20240429,Tom Forte,Maxim Group,1063,4.66,20240416,13,0.9776,183.32,1906012.3,AMZN-US
AMZN-US,2024-03-29,2024Q1,2024,20240430,20240429,Brian J. Pitz,BMO Capital Markets,181,4.97,20240422,7,0.9776,183.32,1906012.3,AMZN-US
AMZN-US,2024-03-29,2024Q1,2024,20240430,20240429,Michael Morton,MoffettNathanson Research,3177,7.02,20240419,10,0.9776,183.32,1906012.3,AMZN-US
AMZN-US,2024-03-29,2024Q1,2024,20240430,20240429,Saiyi He,CMB International,2157,7.24,20240220,69,0.9776,183.32,1906012.3,AMZN-US
AMZN-US,2024-03-29,2024Q1,2024,20240430,20240429,Youssef Squali,Truist Securities,852,7.25,20240416,13,0.9776,183.32,1906012.3,AMZN-US
AMZN-US,2024-03-29,2024Q1,2024,20240430,20240429,Thomas Champion,Piper Sandler Companies,570,6.92,20240202,87,0.9776,183.32,1906012.3,AMZN-US
AMZN-US,2024-03-29,2024Q1,2024,20240430,20240429,Lee Horowitz,Deutsche Bank Research,77,6.26,20240126,94,0.9776,183.32,1906012.3,AMZN-US
AMZN-US,2024-03-29,2024Q1,2024,20240430,20240429,John Blackledge,TD Cowen,917,7.51,20240202,87,0.9776,183.32,1906012.3,AMZN-US
AMZN-US,2024-03-29,2024Q1,2024,20240430,20240429,Rong Jin,Huaan Securities,3624,7.42,20240403,26,0.9776,183.32,1906012.3,AMZN-US
AMZN-US,2024-03-29,2024Q1,2024,20240430,20240429,Ken Gawrelski,Wells Fargo Securities,596,7.23,20240328,32,0.9776,183.32,1906012.3,AMZN-US
AMZN-US,2024-03-29,2024Q1,2024,20240430,20240429,Ella Ji,China Renaissance Securities (US),2903,6.44,20240202,87,0.9776,183.32,1906012.3,AMZN-US
AMZN-US,2024-03-29,2024Q1,2024,20240430,20240429,Ishan Majumdar,Baptista Research,3454,6.79,20240209,80,0.9776,183.32,1906012.3,AMZN-US
AMZN-US,2024-03-29,2024Q1,2024,20240430,20240429,Satoshi Tanaka,Daiwa Securities Co. Ltd.,467,6.89,20240206,83,0.9776,183.32,1906012.3,AMZN-US
AMZN-US,2024-03-29,2024Q1,2024,20240430,20240429,Parth Talsania,Equisights,3723,6.87,20240202,87,0.9776,183.32,1906012.3,AMZN-US
AMZN-US,2024-03-29,2024Q1,2024,20240430,20240429,Lun Ke Zhang,Guosen Securities,1894,7.0,20240202,87,0.9776,183.32,1906012.3,AMZN-US
AMZN-US,2024-03-29,2024Q1,2024,20240430,20240429,Thiago Alves Kapulskis,Itau Securities,1394,7.57,20240202,87,0.9776,183.32,1906012.3,AMZN-US
AMZN-US,2024-03-29,2024Q1,2024,20240430,20240429,Heping Qin,Guotai Haitong Securities China,1094,10.0,20240202,87,0.9776,183.32,1906012.3,AMZN-US
AMZN-US,2023-12-29,2023Q4,2023,20240201,20240131,James Lee,Mizuho Securities USA,1802,6.0,20240131,0,1.0013,153.5,1593790.5,AMZN-US
AMZN-US,2023-12-29,2023Q4,2023,20240201,20240131,Thomas Champion,Piper Sandler Companies,570,6.39,20231213,49,1.0013,153.5,1593790.5,AMZN-US
AMZN-US,2023-12-29,2023Q4,2023,20240201,20240131,Brad Erickson,RBC Capital Markets,1269,6.29,20231027,96,1.0013,153.5,1593790.5,AMZN-US
AMZN-US,2023-12-29,2023Q4,2023,20240201,20240131,Nikhil Devnani,Bernstein Research,1140,,20231027,96,1.0013,153.5,1593790.5,AMZN-US
AMZN-US,2023-12-29,2023Q4,2023,20240201,20240131,Maria Ripps,Canaccord Genuity,466,5.94,20240126,5,1.0013,153.5,1593790.5,AMZN-US
AMZN-US,2023-12-29,2023Q4,2023,20240201,20240131,Josh J. Beck,Raymond James,402,6.36,20240126,5,1.0013,153.5,1593790.5,AMZN-US
AMZN-US,2023-12-29,2023Q4,2023,20240201,20240131,Lee Horowitz,Deutsche Bank Research,77,6.26,20240126,5,1.0013,153.5,1593790.5,AMZN-US
AMZN-US,2023-12-29,2023Q4,2023,20240201,20240131,Michael Morton,MoffettNathanson Research,3177,6.31,20231208,54,1.0013,153.5,1593790.5,AMZN-US
AMZN-US,2023-12-29,2023Q4,2023,20240201,20240131,Brian J. Pitz,BMO Capital Markets,181,3.73,20240105,26,1.0013,153.5,1593790.5,AMZN-US
AMZN-US,2023-12-29,2023Q4,2023,20240201,20240131,Alex Haissl,Rothschild & Co Redburn,1652,,20230928,125,1.0013,153.5,1593790.5,AMZN-US
AMZN-US,2023-12-29,2023Q4,2023,20240201,20240131,Youssef Squali,Truist Securities,852,7.14,20240111,20,1.0013,153.5,1593790.5,AMZN-US
AMZN-US,2023-12-29,2023Q4,2023,20240201,20240131,Gil Luria,DA Davidson,556,6.28,20231027,96,1.0013,153.5,1593790.5,AMZN-US
AMZN-US,2023-12-29,2023Q4,2023,20240201,20240131,Ken Gawrelski,Wells Fargo Securities,596,6.58,20240112,19,1.0013,153.5,1593790.5,AMZN-US
AMZN-US,2023-12-29,2023Q4,2023,20240201,20240131,John Blackledge,TD Cowen,917,7.26,20231027,96,1.0013,153.5,1593790.5,AMZN-US
AMZN-US,2023-09-29,2023Q3,2023,20231026,20231025,John Blackledge,TD Cowen,917,6.5,20230804,82,0.9357,132.33,1357752.6,AMZN-US
AMZN-US,2023-09-29,2023Q3,2023,20231026,20231025,Maria Ripps,Canaccord Genuity,466,5.6,20231020,5,0.9357,132.33,1357752.6,AMZN-US
AMZN-US,2023-09-29,2023Q3,2023,20231026,20231025,Brad Erickson,RBC Capital Markets,1269,5.85,20230804,82,0.9357,132.33,1357752.6,AMZN-US
AMZN-US,2023-09-29,2023Q3,2023,20231026,20231025,Youssef Squali,Truist Securities,852,6.09,20230804,82,0.9357,132.33,1357752.6,AMZN-US
AMZN-US,2023-09-29,2023Q3,2023,20231026,20231025,Tom Forte,DA Davidson,556,5.87,20230804,82,0.9357,132.33,1357752.6,AMZN-US
AMZN-US,2023-09-29,2023Q3,2023,20231026,20231025,Ken Gawrelski,Wells Fargo Securities,596,6.11,20230920,35,0.9357,132.33,1357752.6,AMZN-US
AMZN-US,2023-09-29,2023Q3,2023,20231026,20231025,Craig Moffett,MoffettNathanson Research,3177,6.39,20231010,15,0.9357,132.33,1357752.6,AMZN-US
AMZN-US,2023-09-29,2023Q3,2023,20231026,20231025,Thomas Champion,Piper Sandler Companies,570,6.87,20230823,63,0.9357,132.33,1357752.6,AMZN-US
AMZN-US,2023-09-29,2023Q3,2023,20231026,20231025,Alex Haissl,Rothschild & Co Redburn,1652,,20230928,27,0.9357,132.33,1357752.6,AMZN-US
AMZN-US,2023-06-30,2023Q2,2023,20230803,20230802,Thomas Champion,Piper Sandler Companies,570,5.34,20230606,57,0.646,129.96,1333435.6,AMZN-US
AMZN-US,2023-06-30,2023Q2,2023,20230803,20230802,Brad Erickson,RBC Capital Markets,1269,5.03,20230428,96,0.646,129.96,1333435.6,AMZN-US
AMZN-US,2023-06-30,2023Q2,2023,20230803,20230802,Maria Ripps,Canaccord Genuity,466,4.89,20230728,5,0.646,129.96,1333435.6,AMZN-US
AMZN-US,2023-06-30,2023Q2,2023,20230803,20230802,Tom Forte,DA Davidson,556,4.7,20230428,96,0.646,129.96,1333435.6,AMZN-US
AMZN-US,2023-06-30,2023Q2,2023,20230803,20230802,Youssef Squali,Truist Securities,852,5.58,20230428,96,0.646,129.96,1333435.6,AMZN-US
AMZN-US,2023-06-30,2023Q2,2023,20230803,20230802,John Blackledge,TD Cowen,917,5.3,20230428,96,0.646,129.96,1333435.6,AMZN-US
AMZN-US,2023-06-30,2023Q2,2023,20230803,20230802,Ken Gawrelski,Wells Fargo Securities,596,5.41,20230606,57,0.646,129.96,1333435.6,AMZN-US
AMZN-US,2023-06-30,2023Q2,2023,20230803,20230802,Alex Haissl,Rothschild & Co Redburn,1652,,20230530,64,0.646,129.96,1333435.6,AMZN-US
CME-US,2026-03-31,2026Q1,2026,20260422,20260421,Patrick Moley,Piper Sandler Companies,570,12.43,20260413,8,3.1781,302.81,109725.08,CME-US
CME-US,2026-03-31,2026Q1,2026,20260422,20260421,Simon Clinch,Rothschild & Co Redburn,1652,,20260413,8,3.1781,302.81,109725.08,CME-US
CME-US,2026-03-31,2026Q1,2026,20260422,20260421,Daniel T. Fannon,Jefferies,512,12.220789,20260410,11,3.1781,302.81,109725.08,CME-US
CME-US,2026-03-31,2026Q1,2026,20260422,20260421,Bill Katz,TD Cowen,917,12.35,20260408,13,3.1781,302.81,109725.08,CME-US
CME-US,2026-03-31,2026Q1,2026,20260422,20260421,Brian Bedell,Deutsche Bank Research,77,12.43,20260407,14,3.1781,302.81,109725.08,CME-US
CME-US,2026-03-31,2026Q1,2026,20260422,20260421,Chris Allen,Keefe Bruyette & Woods,525,12.38,20260406,15,3.1781,302.81,109725.08,CME-US
CME-US,2026-03-31,2026Q1,2026,20260422,20260421,Patrick O'Shaughnessy,Raymond James,402,12.3468,20260402,19,3.1781,302.81,109725.08,CME-US
CME-US,2026-03-31,2026Q1,2026,20260422,20260421,Ashish Sabadra,RBC Capital Markets,1269,11.75,20260204,76,3.1781,302.81,109725.08,CME-US
CME-US,2026-03-31,2026Q1,2026,20260422,20260421,Kevin Heal,Argus Research,376,11.99,20260303,49,3.1781,302.81,109725.08,CME-US
CME-US,2025-12-31,2025Q4,2025,20260204,20260203,Ashish Sabadra,RBC Capital Markets,1269,11.32,20260108,26,3.2424,279.07,100631.71,CME-US
CME-US,2025-12-31,2025Q4,2025,20260204,20260203,Patrick Moley,Piper Sandler Companies,570,11.63,20260113,21,3.2424,279.07,100631.71,CME-US
CME-US,2025-12-31,2025Q4,2025,20260204,20260203,Brian Bedell,Deutsche Bank Research,77,12.0,20260112,22,3.2424,279.07,100631.71,CME-US
CME-US,2025-12-31,2025Q4,2025,20260204,20260203,Simon Clinch,Rothschild & Co Redburn,1652,,20260127,7,3.2424,279.07,100631.71,CME-US
CME-US,2025-12-31,2025Q4,2025,20260204,20260203,Bill Katz,TD Cowen,917,11.88,20260113,21,3.2424,279.07,100631.71,CME-US
CME-US,2025-12-31,2025Q4,2025,20260204,20260203,Daniel T. Fannon,Jefferies,512,11.6,20260109,25,3.2424,279.07,100631.71,CME-US
CME-US,2025-12-31,2025Q4,2025,20260204,20260203,Kevin Heal,Argus Research,376,11.82,20251030,96,3.2424,279.07,100631.71,CME-US
CME-US,2025-09-30,2025Q3,2025,20251022,20251021,Patrick Moley,Piper Sandler Companies,570,11.38,20250407,197,2.4876,264.94,95536.48,CME-US
CME-US,2025-09-30,2025Q3,2025,20251022,20251021,Kyle Voigt,Keefe Bruyette & Woods,525,11.51,20250723,90,2.4876,264.94,95536.48,CME-US
CME-US,2025-09-30,2025Q3,2025,20251022,20251021,Patrick O'Shaughnessy,Raymond James,402,11.7,20250307,228,2.4876,264.94,95536.48,CME-US
CME-US,2025-09-30,2025Q3,2025,20251022,20251021,Daniel T. Fannon,Jefferies,512,11.47,20250711,102,2.4876,264.94,95536.48,CME-US
CME-US,2025-09-30,2025Q3,2025,20251022,20251021,Simon Clinch,Rothschild & Co Redburn,1652,,20250609,134,2.4876,264.94,95536.48,CME-US
CME-US,2025-09-30,2025Q3,2025,20251022,20251021,Brian Bedell,Deutsche Bank Research,77,11.23,20251008,13,2.4876,264.94,95536.48,CME-US
CME-US,2025-09-30,2025Q3,2025,20251022,20251021,Bill Katz,TD Cowen,917,11.67,20251007,14,2.4876,264.94,95536.48,CME-US
CME-US,2025-09-30,2025Q3,2025,20251022,20251021,Ashish Sabadra,RBC Capital Markets,1269,11.43,20251003,18,2.4876,264.94,95536.48,CME-US
CME-US,2025-09-30,2025Q3,2025,20251022,20251021,Kevin Heal,Argus Research,376,12.14,20250505,169,2.4876,264.94,95536.48,CME-US
CME-US,2025-06-30,2025Q2,2025,20250723,20250722,Simon Clinch,Rothschild & Co Redburn,1652,,20250609,43,2.8089,275.64,99334.336,CME-US
CME-US,2025-06-30,2025Q2,2025,20250723,20250722,Ashish Sabadra,RBC Capital Markets,1269,11.7,20250618,34,2.8089,275.64,99334.336,CME-US
CME-US,2025-06-30,2025Q2,2025,20250723,20250722,Patrick Moley,Piper Sandler Companies,570,11.38,20250407,106,2.8089,275.64,99334.336,CME-US
CME-US,2025-06-30,2025Q2,2025,20250723,20250722,Owen Lau,Oppenheimer,498,11.5,20250603,49,2.8089,275.64,99334.336,CME-US
CME-US,2025-06-30,2025Q2,2025,20250723,20250722,Kyle Voigt,Keefe Bruyette & Woods,525,11.66,20250423,90,2.8089,275.64,99334.336,CME-US
CME-US,2025-06-30,2025Q2,2025,20250723,20250722,Daniel T. Fannon,Jefferies,512,11.37,20250711,11,2.8089,275.64,99334.336,CME-US
CME-US,2025-06-30,2025Q2,2025,20250723,20250722,Brian Bedell,Deutsche Bank Research,77,11.45,20250709,13,2.8089,275.64,99334.336,CME-US
CME-US,2025-06-30,2025Q2,2025,20250723,20250722,Bill Katz,TD Cowen,917,11.37,20250423,90,2.8089,275.64,99334.336,CME-US
CME-US,2025-06-30,2025Q2,2025,20250723,20250722,Patrick O'Shaughnessy,Raymond James,402,11.8,20250423,90,2.8089,275.64,99334.336,CME-US
CME-US,2025-06-30,2025Q2,2025,20250723,20250722,Kevin Heal,Argus Research,376,12.07,20250505,78,2.8089,275.64,99334.336,CME-US
CME-US,2025-03-31,2025Q1,2025,20250423,20250422,Bill Katz,TD Cowen,917,11.63,20250408,14,2.6211,255.03,91907.6,CME-US
CME-US,2025-03-31,2025Q1,2025,20250423,20250422,Kyle Voigt,Keefe Bruyette & Woods,525,11.35,20250408,14,2.6211,255.03,91907.6,CME-US
CME-US,2025-03-31,2025Q1,2025,20250423,20250422,Daniel T. Fannon,Jefferies,512,10.85,20250219,62,2.6211,255.03,91907.6,CME-US
CME-US,2025-03-31,2025Q1,2025,20250423,20250422,Owen Lau,Oppenheimer,498,11.16,20250409,13,2.6211,255.03,91907.6,CME-US
CME-US,2025-03-31,2025Q1,2025,20250423,20250422,Patrick Moley,Piper Sandler Companies,570,11.32,20250407,15,2.6211,255.03,91907.6,CME-US
CME-US,2025-03-31,2025Q1,2025,20250423,20250422,Brian Bedell,Deutsche Bank Research,77,11.568264,20250407,15,2.6211,255.03,91907.6,CME-US
CME-US,2025-03-31,2025Q1,2025,20250423,20250422,Simon Clinch,Rothschild & Co Redburn,1652,,20250402,20,2.6211,255.03,91907.6,CME-US
CME-US,2025-03-31,2025Q1,2025,20250423,20250422,Patrick O'Shaughnessy,Raymond James,402,11.65,20250307,46,2.6211,255.03,91907.6,CME-US
CME-US,2025-03-31,2025Q1,2025,20250423,20250422,Ashish Sabadra,RBC Capital Markets,1269,11.59,20250401,21,2.6211,255.03,91907.6,CME-US
CME-US,2025-03-31,2025Q1,2025,20250423,20250422,Kevin Heal,Argus Research,376,11.55,20250312,41,2.6211,255.03,91907.6,CME-US
CME-US,2024-12-31,2024Q4,2024,20250212,20250211,Brian Bedell,Deutsche Bank Research,77,10.66,20250106,36,2.3988,232.5,83783.484,CME-US
CME-US,2024-12-31,2024Q4,2024,20250212,20250211,Patrick Moley,Piper Sandler Companies,570,10.74,20250106,36,2.3988,232.5,83783.484,CME-US
CME-US,2024-12-31,2024Q4,2024,20250212,20250211,Bill Katz,TD Cowen,917,10.91,20241217,56,2.3988,232.5,83783.484,CME-US
CME-US,2024-12-31,2024Q4,2024,20250212,20250211,Kyle Voigt,Keefe Bruyette & Woods,525,11.12,20241219,54,2.3988,232.5,83783.484,CME-US
CME-US,2024-12-31,2024Q4,2024,20250212,20250211,Owen Lau,Oppenheimer,498,10.76,20241023,111,2.3988,232.5,83783.484,CME-US
CME-US,2024-12-31,2024Q4,2024,20250212,20250211,Simon Clinch,Rothschild & Co Redburn,1652,,20241209,64,2.3988,232.5,83783.484,CME-US
CME-US,2024-12-31,2024Q4,2024,20250212,20250211,Daniel T. Fannon,Jefferies,512,10.55,20250107,35,2.3988,232.5,83783.484,CME-US
CME-US,2024-12-31,2024Q4,2024,20250212,20250211,Patrick O'Shaughnessy,Raymond James,402,11.1,20250103,39,2.3988,232.5,83783.484,CME-US
CME-US,2024-12-31,2024Q4,2024,20250212,20250211,Ashish Sabadra,RBC Capital Markets,1269,10.95,20240925,139,2.3988,232.5,83783.484,CME-US
CME-US,2024-09-30,2024Q3,2024,20241023,20241022,Ashish Sabadra,RBC Capital Markets,1269,10.98,20240925,27,2.5037,221.46,79805.125,CME-US
CME-US,2024-09-30,2024Q3,2024,20241023,20241022,Patrick O'Shaughnessy,Raymond James,402,10.65,20240724,90,2.5037,221.46,79805.125,CME-US
CME-US,2024-09-30,2024Q3,2024,20241023,20241022,Simon Clinch,Rothschild & Co Redburn,1652,,20241008,14,2.5037,221.46,79805.125,CME-US
CME-US,2024-09-30,2024Q3,2024,20241023,20241022,Kyle Voigt,Keefe Bruyette & Woods,525,10.76,20241008,14,2.5037,221.46,79805.125,CME-US
CME-US,2024-09-30,2024Q3,2024,20241023,20241022,Owen Lau,Oppenheimer,498,10.63,20241008,14,2.5037,221.46,79805.125,CME-US
CME-US,2024-09-30,2024Q3,2024,20241023,20241022,Brian Bedell,Deutsche Bank Research,77,10.37,20241008,14,2.5037,221.46,79805.125,CME-US
CME-US,2024-09-30,2024Q3,2024,20241023,20241022,Daniel T. Fannon,Jefferies,512,10.55,20241007,15,2.5037,221.46,79805.125,CME-US
CME-US,2024-06-28,2024Q2,2024,20240724,20240723,Simon Clinch,Rothschild & Co Redburn,1652,,20240620,33,2.4234,193.58,69706.92,CME-US
CME-US,2024-06-28,2024Q2,2024,20240724,20240723,Brian Bedell,Deutsche Bank Research,77,9.756238,20240708,15,2.4234,193.58,69706.92,CME-US
CME-US,2024-06-28,2024Q2,2024,20240724,20240723,Kyle Voigt,Keefe Bruyette & Woods,525,10.39,20240710,13,2.4234,193.58,69706.92,CME-US
CME-US,2024-06-28,2024Q2,2024,20240724,20240723,Daniel T. Fannon,Jefferies,512,10.33,20240709,14,2.4234,193.58,69706.92,CME-US
CME-US,2024-06-28,2024Q2,2024,20240724,20240723,Patrick O'Shaughnessy,Raymond James,402,10.3,20240214,160,2.4234,193.58,69706.92,CME-US
CME-US,2024-03-29,2024Q1,2024,20240424,20240423,Kyle Voigt,Keefe Bruyette & Woods,525,10.39,20240410,13,2.3466,212.0,76325.34,CME-US
CME-US,2024-03-29,2024Q1,2024,20240424,20240423,Simon Clinch,Rothschild & Co Redburn,1652,,20240408,15,2.3466,212.0,76325.34,CME-US
CME-US,2024-03-29,2024Q1,2024,20240424,20240423,Brian Bedell,Deutsche Bank Research,77,10.39,20240404,19,2.3466,212.0,76325.34,CME-US
CME-US,2024-03-29,2024Q1,2024,20240424,20240423,Patrick O'Shaughnessy,Raymond James,402,10.25,20240214,69,2.3466,212.0,76325.34,CME-US
CME-US,2023-12-29,2023Q4,2023,20240214,20240213,Brian Bedell,Deutsche Bank Research,77,10.69,20240105,39,2.2361,205.84,74100.305,CME-US
CME-US,2023-12-29,2023Q4,2023,20240214,20240213,Simon Clinch,Rothschild & Co Redburn,1652,,20231005,131,2.2361,205.84,74100.305,CME-US
CME-US,2023-12-29,2023Q4,2023,20240214,20240213,Patrick O'Shaughnessy,Raymond James,402,10.1,20240103,41,2.2361,205.84,74100.305,CME-US
CME-US,2023-09-29,2023Q3,2023,20231025,20231024,Simon Clinch,Rothschild & Co Redburn,1652,,20231005,19,2.06,217.1,78100.91,CME-US
CME-US,2023-09-29,2023Q3,2023,20231025,20231024,Patrick O'Shaughnessy,Raymond James,402,9.95,20231002,22,2.06,217.1,78100.91,CME-US
CME-US,2023-06-30,2023Q2,2023,20230726,20230725,Nicholas Watts,Rothschild & Co Redburn,1652,,20230710,15,2.1362,181.31,65219.836,CME-US
CME-US,2023-06-30,2023Q2,2023,20230726,20230725,Patrick O'Shaughnessy,Raymond James,402,10.3,20230208,167,2.1362,181.31,65219.836,CME-US
MSFT-US,2026-03-31,2026Q1,2026,20260429,20260428,Derrick Wood,TD Cowen,917,19.304,20260129,89,4.2684,411.22,3053567.3,MSFT-US
MSFT-US,2026-03-31,2026Q1,2026,20260429,20260428,Patrick Colville,Scotiabank GBM,810,19.4928,20260427,1,4.2684,411.22,3053567.3,MSFT-US
MSFT-US,2026-03-31,2026Q1,2026,20260429,20260428,Jackson Ader,KeyBanc Capital Markets,618,18.42,20251030,180,4.2684,411.22,3053567.3,MSFT-US
MSFT-US,2026-03-31,2026Q1,2026,20260429,20260428,Michael Turrin,Wells Fargo Securities,596,19.42,20260330,29,4.2684,411.22,3053567.3,MSFT-US
MSFT-US,2026-03-31,2026Q1,2026,20260429,20260428,Keith Bachman,BMO Capital Markets,181,17.61,20260129,89,4.2684,411.22,3053567.3,MSFT-US
MSFT-US,2026-03-31,2026Q1,2026,20260429,20260428,Ben Reitzes,Melius Research,3130,18.62,20260206,81,4.2684,411.22,3053567.3,MSFT-US
MSFT-US,2026-03-31,2026Q1,2026,20260429,20260428,Barney Yao,Haitong International Research,2898,19.38,20260129,89,4.2684,411.22,3053567.3,MSFT-US
MSFT-US,2026-03-31,2026Q1,2026,20260429,20260428,Kirk Materne,Evercore ISI,1772,19.27,20260129,89,4.2684,411.22,3053567.3,MSFT-US
MSFT-US,2026-03-31,2026Q1,2026,20260429,20260428,Rishi N. Jaluria,RBC Capital Markets,1269,18.69,20260129,89,4.2684,411.22,3053567.3,MSFT-US
MSFT-US,2026-03-31,2026Q1,2026,20260429,20260428,Thomas Blakey,Cantor Fitzgerald,1190,18.74,20251030,180,4.2684,411.22,3053567.3,MSFT-US
MSFT-US,2026-03-31,2026Q1,2026,20260429,20260428,Mark L. Moerdler,Bernstein Research,1140,,20251030,180,4.2684,411.22,3053567.3,MSFT-US
MSFT-US,2026-03-31,2026Q1,2026,20260429,20260428,Yun Kim,Loop Capital Markets,1009,19.02,20260129,89,4.2684,411.22,3053567.3,MSFT-US
MSFT-US,2026-03-31,2026Q1,2026,20260429,20260428,Terry Tillman,Truist Securities,852,19.32,20260129,89,4.2684,411.22,3053567.3,MSFT-US
MSFT-US,2026-03-31,2026Q1,2026,20260429,20260428,Dan Ives,Wedbush Securities,590,19.01,20260129,89,4.2684,411.22,3053567.3,MSFT-US
MSFT-US,2026-03-31,2026Q1,2026,20260429,20260428,Brad R. Reback,Stifel Nicolaus,548,17.59,20260204,83,4.2684,411.22,3053567.3,MSFT-US
MSFT-US,2026-03-31,2026Q1,2026,20260429,20260428,Brad Zelnick,Deutsche Bank Research,77,19.1,20251030,180,4.2684,411.22,3053567.3,MSFT-US
MSFT-US,2026-03-31,2026Q1,2026,20260429,20260428,Alex Haissl,Rothschild & Co Redburn,1652,,20260121,97,4.2684,411.22,3053567.3,MSFT-US
MSFT-US,2026-03-31,2026Q1,2026,20260429,20260428,Ari Terjanian,Cleveland Research Company,2295,18.87047,20251209,140,4.2684,411.22,3053567.3,MSFT-US
MSFT-US,2026-03-31,2026Q1,2026,20260429,20260428,John DiFucci,Guggenheim Securities,1515,19.25,20260129,89,4.2684,411.22,3053567.3,MSFT-US
MSFT-US,2026-03-31,2026Q1,2026,20260429,20260428,Billy Fitzsimmons,Piper Sandler Companies,570,18.87,20260129,89,4.2684,411.22,3053567.3,MSFT-US
MSFT-US,2026-03-31,2026Q1,2026,20260429,20260428,Jason Ader,William Blair,198,19.18,20260129,89,4.2684,411.22,3053567.3,MSFT-US
MSFT-US,2026-03-31,2026Q1,2026,20260429,20260428,Phillip Securities Research Team,Phillip Securities,651,17.8,20250801,270,4.2684,411.22,3053567.3,MSFT-US
MSFT-US,2026-03-31,2026Q1,2026,20260429,20260428,Gregg Moskowitz,Mizuho Securities USA,1802,19.22,20260120,98,4.2684,411.22,3053567.3,MSFT-US
MSFT-US,2026-03-31,2026Q1,2026,20260429,20260428,Ella Ji,China Renaissance Securities (US),2903,18.83,20251031,179,4.2684,411.22,3053567.3,MSFT-US
MSFT-US,2026-03-31,2026Q1,2026,20260429,20260428,Rong Jin,Huaan Securities,3624,19.53,20260205,82,4.2684,411.22,3053567.3,MSFT-US
MSFT-US,2026-03-31,2026Q1,2026,20260429,20260428,Ya Li Guo,Huatai Research,1271,19.43,20260129,89,4.2684,411.22,3053567.3,MSFT-US
MSFT-US,2026-03-31,2026Q1,2026,20260429,20260428,Hui Ting Tang,Mega Intl Invst Serv,1175,18.01,20251103,176,4.2684,411.22,3053567.3,MSFT-US
MSFT-US,2026-03-31,2026Q1,2026,20260429,20260428,Bo Tao Yu,China Securities,697,18.36,20250502,361,4.2684,411.22,3053567.3,MSFT-US
MSFT-US,2026-03-31,2026Q1,2026,20260429,20260428,Satoshi Tanaka,Daiwa Securities Co. Ltd.,467,18.94,20251105,174,4.2684,411.22,3053567.3,MSFT-US
MSFT-US,2026-03-31,2026Q1,2026,20260429,20260428,Lun Ke Zhang,Guosen Securities,1894,19.7,20260130,88,4.2684,411.22,3053567.3,MSFT-US
MSFT-US,2026-03-31,2026Q1,2026,20260429,20260428,Peng Rui Huang,Capital Securities Asia,1128,18.79,20260129,89,4.2684,411.22,3053567.3,MSFT-US
MSFT-US,2026-03-31,2026Q1,2026,20260429,20260428,Je-Min Park,SK Securities,1095,18.8,20260129,89,4.2684,411.22,3053567.3,MSFT-US
MSFT-US,2026-03-31,2026Q1,2026,20260429,20260428,Irene Weng,Fubon Securities,1084,19.3,20260129,89,4.2684,411.22,3053567.3,MSFT-US
MSFT-US,2026-03-31,2026Q1,2026,20260429,20260428,Ye Tao,China International Capital,898,19.52,20251030,180,4.2684,411.22,3053567.3,MSFT-US
MSFT-US,2026-03-31,2026Q1,2026,20260429,20260428,Gil Luria,DA Davidson,556,18.8471,20260129,89,4.2684,411.22,3053567.3,MSFT-US
MSFT-US,2026-03-31,2026Q1,2026,20260429,20260428,Joseph Bonner,Argus Research,376,18.06,20260129,89,4.2684,411.22,3053567.3,MSFT-US
MSFT-US,2025-12-31,2025Q4,2025,20260128,20260127,Mark L. Moerdler,Bernstein Research,1140,,20251030,89,5.1552,470.67,3498197.3,MSFT-US
MSFT-US,2025-12-31,2025Q4,2025,20260128,20260127,Ari Terjanian,Cleveland Research Company,2295,18.862902,20251209,49,5.1552,470.67,3498197.3,MSFT-US
MSFT-US,2025-12-31,2025Q4,2025,20260128,20260127,Yun Kim,Loop Capital Markets,1009,18.57,20251030,89,5.1552,470.67,3498197.3,MSFT-US
MSFT-US,2025-12-31,2025Q4,2025,20260128,20260127,Terry Tillman,Truist Securities,852,19.01,20251027,92,5.1552,470.67,3498197.3,MSFT-US
MSFT-US,2025-12-31,2025Q4,2025,20260128,20260127,Phillip Securities Research Team,Phillip Securities,651,17.8,20250801,179,5.1552,470.67,3498197.3,MSFT-US
MSFT-US,2025-12-31,2025Q4,2025,20260128,20260127,Dan Ives,Wedbush Securities,590,18.55,20251030,89,5.1552,470.67,3498197.3,MSFT-US
MSFT-US,2025-12-31,2025Q4,2025,20260128,20260127,Brad R. Reback,Stifel Nicolaus,548,18.07,20251030,89,5.1552,470.67,3498197.3,MSFT-US
MSFT-US,2025-12-31,2025Q4,2025,20260128,20260127,Jackson Ader,KeyBanc Capital Markets,618,18.37,20251030,89,5.1552,470.67,3498197.3,MSFT-US
MSFT-US,2025-12-31,2025Q4,2025,20260128,20260127,Kirk Materne,Evercore ISI,1772,19.05,20251030,89,5.1552,470.67,3498197.3,MSFT-US
MSFT-US,2025-12-31,2025Q4,2025,20260128,20260127,Alex Haissl,Rothschild & Co Redburn,1652,,20260121,6,5.1552,470.67,3498197.3,MSFT-US
MSFT-US,2025-12-31,2025Q4,2025,20260128,20260127,Thomas Blakey,Cantor Fitzgerald,1190,18.74,20251030,89,5.1552,470.67,3498197.3,MSFT-US
MSFT-US,2025-12-31,2025Q4,2025,20260128,20260127,Michael Turrin,Wells Fargo Securities,596,18.45,20251030,89,5.1552,470.67,3498197.3,MSFT-US
MSFT-US,2025-12-31,2025Q4,2025,20260128,20260127,Brent Thill,Jefferies,512,18.1,20251030,89,5.1552,470.67,3498197.3,MSFT-US
MSFT-US,2025-12-31,2025Q4,2025,20260128,20260127,Brian Schwartz,Oppenheimer,498,18.3461,20251030,89,5.1552,470.67,3498197.3,MSFT-US
MSFT-US,2025-12-31,2025Q4,2025,20260128,20260127,Brad Zelnick,Deutsche Bank Research,77,19.01,20251030,89,5.1552,470.67,3498197.3,MSFT-US
MSFT-US,2025-12-31,2025Q4,2025,20260128,20260127,Gregg Moskowitz,Mizuho Securities USA,1802,19.07,20260120,7,5.1552,470.67,3498197.3,MSFT-US
MSFT-US,2025-12-31,2025Q4,2025,20260128,20260127,John DiFucci,Guggenheim Securities,1515,19.14,20251030,89,5.1552,470.67,3498197.3,MSFT-US
MSFT-US,2025-12-31,2025Q4,2025,20260128,20260127,Derrick Wood,TD Cowen,917,17.5673,20260119,8,5.1552,470.67,3498197.3,MSFT-US
MSFT-US,2025-12-31,2025Q4,2025,20260128,20260127,Ye Tao,China International Capital,898,19.54,20251030,89,5.1552,470.67,3498197.3,MSFT-US
MSFT-US,2025-12-31,2025Q4,2025,20260128,20260127,Gil Luria,DA Davidson,556,18.13,20251030,89,5.1552,470.67,3498197.3,MSFT-US
MSFT-US,2025-12-31,2025Q4,2025,20260128,20260127,Tommy Wong,China Merchants Securities,1788,20.5,20251030,89,5.1552,470.67,3498197.3,MSFT-US
MSFT-US,2025-12-31,2025Q4,2025,20260128,20260127,Rishi N. Jaluria,RBC Capital Markets,1269,19.03,20251030,89,5.1552,470.67,3498197.3,MSFT-US
MSFT-US,2025-12-31,2025Q4,2025,20260128,20260127,Ben Reitzes,Melius Research,3130,18.88,20250801,179,5.1552,470.67,3498197.3,MSFT-US
MSFT-US,2025-12-31,2025Q4,2025,20260128,20260127,Jason Ader,William Blair,198,19.47,20251030,89,5.1552,470.67,3498197.3,MSFT-US
MSFT-US,2025-12-31,2025Q4,2025,20260128,20260127,Rong Jin,Huaan Securities,3624,19.1,20251031,88,5.1552,470.67,3498197.3,MSFT-US
MSFT-US,2025-12-31,2025Q4,2025,20260128,20260127,Chun Sheng Xie,Huatai Research,1271,18.99,20250501,271,5.1552,470.67,3498197.3,MSFT-US
MSFT-US,2025-12-31,2025Q4,2025,20260128,20260127,Keith Bachman,BMO Capital Markets,181,18.1,20251030,89,5.1552,470.67,3498197.3,MSFT-US
MSFT-US,2025-12-31,2025Q4,2025,20260128,20260127,Ella Ji,China Renaissance Securities (US),2903,18.72,20251031,88,5.1552,470.67,3498197.3,MSFT-US
MSFT-US,2025-12-31,2025Q4,2025,20260128,20260127,Kadambari Daptardar,ARC Independent Research,940,18.47,20251117,71,5.1552,470.67,3498197.3,MSFT-US
MSFT-US,2025-12-31,2025Q4,2025,20260128,20260127,Satoshi Tanaka,Daiwa Securities Co. Ltd.,467,18.82,20251105,83,5.1552,470.67,3498197.3,MSFT-US
MSFT-US,2025-12-31,2025Q4,2025,20260128,20260127,Liang Wei Zhang,Soochow Securities,3048,18.51,20250804,176,5.1552,470.67,3498197.3,MSFT-US
MSFT-US,2025-12-31,2025Q4,2025,20260128,20260127,Shi Feng Cui,China Securities,697,18.25,20250502,270,5.1552,470.67,3498197.3,MSFT-US
MSFT-US,2025-12-31,2025Q4,2025,20260128,20260127,Hui Ting Tang,Mega Intl Invst Serv,1175,18.01,20251103,85,5.1552,470.67,3498197.3,MSFT-US
MSFT-US,2025-12-31,2025Q4,2025,20260128,20260127,Lun Ke Zhang,Guosen Securities,1894,18.1,20251031,88,5.1552,470.67,3498197.3,MSFT-US
MSFT-US,2025-12-31,2025Q4,2025,20260128,20260127,Barney Yao,Haitong International Research,2898,18.02,20251030,89,5.1552,470.67,3498197.3,MSFT-US
MSFT-US,2025-12-31,2025Q4,2025,20260128,20260127,Tian Zi Fu,Everbright Securities,1299,18.65,20251030,89,5.1552,470.67,3498197.3,MSFT-US
MSFT-US,2025-12-31,2025Q4,2025,20260128,20260127,Irene Weng,Fubon Securities,1084,18.78,20251030,89,5.1552,470.67,3498197.3,MSFT-US
MSFT-US,2025-12-31,2025Q4,2025,20260128,20260127,Hannah Rudoff,Piper Sandler Companies,570,18.16,20251030,89,5.1552,470.67,3498197.3,MSFT-US
MSFT-US,2025-12-31,2025Q4,2025,20260128,20260127,Soo-Jin Kim,Mirae Asset Securities,484,20.4,20250829,151,5.1552,470.67,3498197.3,MSFT-US
MSFT-US,2025-12-31,2025Q4,2025,20260128,20260127,Joseph Bonner,Argus Research,376,17.82,20251030,89,5.1552,470.67,3498197.3,MSFT-US
MSFT-US,2025-09-30,2025Q3,2025,20251029,20251028,Gregg Moskowitz,Mizuho Securities USA,1802,18.23,20241016,377,3.7164,513.43,3816370.0,MSFT-US
MSFT-US,2025-09-30,2025Q3,2025,20251029,20251028,Rishi N. Jaluria,RBC Capital Markets,1269,17.94,20250731,89,3.7164,513.43,3816370.0,MSFT-US
MSFT-US,2025-09-30,2025Q3,2025,20251029,20251028,Mark L. Moerdler,Bernstein Research,1140,,20250731,89,3.7164,513.43,3816370.0,MSFT-US
MSFT-US,2025-09-30,2025Q3,2025,20251029,20251028,Yun Kim,Loop Capital Markets,1009,17.86,20250731,89,3.7164,513.43,3816370.0,MSFT-US
MSFT-US,2025-09-30,2025Q3,2025,20251029,20251028,Terry Tillman,Truist Securities,852,19.01,20251027,1,3.7164,513.43,3816370.0,MSFT-US
MSFT-US,2025-09-30,2025Q3,2025,20251029,20251028,Michael Turrin,Wells Fargo Securities,596,17.48,20250731,89,3.7164,513.43,3816370.0,MSFT-US
MSFT-US,2025-09-30,2025Q3,2025,20251029,20251028,Jason Ader,William Blair,198,18.35,20250731,89,3.7164,513.43,3816370.0,MSFT-US
MSFT-US,2025-09-30,2025Q3,2025,20251029,20251028,Brad Zelnick,Deutsche Bank Research,77,17.850395,20250716,104,3.7164,513.43,3816370.0,MSFT-US
MSFT-US,2025-09-30,2025Q3,2025,20251029,20251028,Kirk Materne,Evercore ISI,1772,17.59,20250731,89,3.7164,513.43,3816370.0,MSFT-US
MSFT-US,2025-09-30,2025Q3,2025,20251029,20251028,John DiFucci,Guggenheim Securities,1515,18.11,20250731,89,3.7164,513.43,3816370.0,MSFT-US
MSFT-US,2025-09-30,2025Q3,2025,20251029,20251028,Ye Tao,China International Capital,898,18.9,20251024,4,3.7164,513.43,3816370.0,MSFT-US
MSFT-US,2025-09-30,2025Q3,2025,20251029,20251028,Gil Luria,DA Davidson,556,17.4444,20250731,89,3.7164,513.43,3816370.0,MSFT-US
MSFT-US,2025-09-30,2025Q3,2025,20251029,20251028,Ari Terjanian,Cleveland Research Company,2295,19.221832,20251023,5,3.7164,513.43,3816370.0,MSFT-US
MSFT-US,2025-09-30,2025Q3,2025,20251029,20251028,Derrick Wood,TD Cowen,917,18.23,20250731,89,3.7164,513.43,3816370.0,MSFT-US
MSFT-US,2025-09-30,2025Q3,2025,20251029,20251028,Brad R. Reback,Stifel Nicolaus,548,18.59,20250731,89,3.7164,513.43,3816370.0,MSFT-US
MSFT-US,2025-09-30,2025Q3,2025,20251029,20251028,Brent Thill,Jefferies,512,17.88,20250731,89,3.7164,513.43,3816370.0,MSFT-US
MSFT-US,2025-09-30,2025Q3,2025,20251029,20251028,Brian Schwartz,Oppenheimer,498,17.82,20250731,89,3.7164,513.43,3816370.0,MSFT-US
MSFT-US,2025-09-30,2025Q3,2025,20251029,20251028,Alex Haissl,Rothschild & Co Redburn,1652,,20251022,6,3.7164,513.43,3816370.0,MSFT-US
MSFT-US,2025-09-30,2025Q3,2025,20251029,20251028,Jackson Ader,KeyBanc Capital Markets,618,18.05,20250731,89,3.7164,513.43,3816370.0,MSFT-US
MSFT-US,2025-09-30,2025Q3,2025,20251029,20251028,Dan Ives,Wedbush Securities,590,17.85,20250731,89,3.7164,513.43,3816370.0,MSFT-US
MSFT-US,2025-09-30,2025Q3,2025,20251029,20251028,Phillip Securities Research Team,Phillip Securities,651,17.8,20250801,88,3.7164,513.43,3816370.0,MSFT-US
MSFT-US,2025-09-30,2025Q3,2025,20251029,20251028,Ben Reitzes,Melius Research,3130,18.83,20250801,88,3.7164,513.43,3816370.0,MSFT-US
MSFT-US,2025-09-30,2025Q3,2025,20251029,20251028,Colin Liu,China Renaissance Securities (US),2903,18.37,20250801,88,3.7164,513.43,3816370.0,MSFT-US
MSFT-US,2025-09-30,2025Q3,2025,20251029,20251028,Keith Bachman,BMO Capital Markets,181,17.92,20250731,89,3.7164,513.43,3816370.0,MSFT-US
MSFT-US,2025-09-30,2025Q3,2025,20251029,20251028,Pierre Ferragu,New Street Research,1634,18.85,20250731,89,3.7164,513.43,3816370.0,MSFT-US
MSFT-US,2025-09-30,2025Q3,2025,20251029,20251028,Tommy Wong,China Merchants Securities,1788,18.24,20250908,50,3.7164,513.43,3816370.0,MSFT-US
MSFT-US,2025-09-30,2025Q3,2025,20251029,20251028,Soo-Jin Kim,Mirae Asset Securities,484,20.4,20250829,60,3.7164,513.43,3816370.0,MSFT-US
MSFT-US,2025-09-30,2025Q3,2025,20251029,20251028,Chun Sheng Xie,Huatai Research,1271,18.99,20250501,180,3.7164,513.43,3816370.0,MSFT-US
MSFT-US,2025-09-30,2025Q3,2025,20251029,20251028,Xiao Yu Han,First Shanghai,1701,18.7,20250813,76,3.7164,513.43,3816370.0,MSFT-US
MSFT-US,2025-09-30,2025Q3,2025,20251029,20251028,Kadambari Daptardar,ARC Independent Research,940,17.87,20250811,78,3.7164,513.43,3816370.0,MSFT-US
MSFT-US,2025-09-30,2025Q3,2025,20251029,20251028,Liang Wei Zhang,Soochow Securities,3048,18.51,20250804,85,3.7164,513.43,3816370.0,MSFT-US
MSFT-US,2025-09-30,2025Q3,2025,20251029,20251028,Satoshi Tanaka,Daiwa Securities Co. Ltd.,467,17.9,20250806,83,3.7164,513.43,3816370.0,MSFT-US
MSFT-US,2025-09-30,2025Q3,2025,20251029,20251028,Rong Jin,Huaan Securities,3624,18.34,20250509,172,3.7164,513.43,3816370.0,MSFT-US
MSFT-US,2025-09-30,2025Q3,2025,20251029,20251028,Joseph Bonner,Argus Research,376,17.61,20250801,88,3.7164,513.43,3816370.0,MSFT-US
MSFT-US,2025-09-30,2025Q3,2025,20251029,20251028,Lun Ke Zhang,Guosen Securities,1894,17.75,20250502,179,3.7164,513.43,3816370.0,MSFT-US
MSFT-US,2025-09-30,2025Q3,2025,20251029,20251028,Irene Weng,Fubon Securities,1084,18.48,20250731,89,3.7164,513.43,3816370.0,MSFT-US
MSFT-US,2025-09-30,2025Q3,2025,20251029,20251028,Brent A. Bracelin,Piper Sandler Companies,570,17.85,20250731,89,3.7164,513.43,3816370.0,MSFT-US
MSFT-US,2025-06-30,2025Q2,2025,20250730,20250729,Michael Turrin,Wells Fargo Securities,596,18.81,20250714,15,3.65,505.62,3758042.8,MSFT-US
MSFT-US,2025-06-30,2025Q2,2025,20250730,20250729,Mark L. Moerdler,Bernstein Research,1140,,20250501,89,3.65,505.62,3758042.8,MSFT-US
MSFT-US,2025-06-30,2025Q2,2025,20250730,20250729,Ye Tao,China International Capital,898,18.13,20250728,1,3.65,505.62,3758042.8,MSFT-US
MSFT-US,2025-06-30,2025Q2,2025,20250730,20250729,Yun Kim,Loop Capital Markets,1009,17.37,20250501,89,3.65,505.62,3758042.8,MSFT-US
MSFT-US,2025-06-30,2025Q2,2025,20250730,20250729,Kirk Materne,Evercore ISI,1772,16.49,20250723,6,3.65,505.62,3758042.8,MSFT-US
MSFT-US,2025-06-30,2025Q2,2025,20250730,20250729,Jackson Ader,KeyBanc Capital Markets,618,16.39,20250501,89,3.65,505.62,3758042.8,MSFT-US
MSFT-US,2025-06-30,2025Q2,2025,20250730,20250729,John DiFucci,Guggenheim Securities,1515,17.23,20250501,89,3.65,505.62,3758042.8,MSFT-US
MSFT-US,2025-06-30,2025Q2,2025,20250730,20250729,Alex Haissl,Rothschild & Co Redburn,1652,,20250717,12,3.65,505.62,3758042.8,MSFT-US
MSFT-US,2025-06-30,2025Q2,2025,20250730,20250729,Soo-Jin Kim,Mirae Asset Securities,484,19.5,20250717,12,3.65,505.62,3758042.8,MSFT-US
MSFT-US,2025-06-30,2025Q2,2025,20250730,20250729,Derrick Wood,TD Cowen,917,17.45,20250501,89,3.65,505.62,3758042.8,MSFT-US
MSFT-US,2025-06-30,2025Q2,2025,20250730,20250729,Brad Zelnick,Deutsche Bank Research,77,17.743258,20250716,13,3.65,505.62,3758042.8,MSFT-US
MSFT-US,2025-06-30,2025Q2,2025,20250730,20250729,Gregg Moskowitz,Mizuho Securities USA,1802,18.09,20250415,105,3.65,505.62,3758042.8,MSFT-US
MSFT-US,2025-06-30,2025Q2,2025,20250730,20250729,Ben Reitzes,Melius Research,3130,17.92,20250207,172,3.65,505.62,3758042.8,MSFT-US
MSFT-US,2025-06-30,2025Q2,2025,20250730,20250729,Brent A. Bracelin,Piper Sandler Companies,570,16.7,20250501,89,3.65,505.62,3758042.8,MSFT-US
MSFT-US,2025-06-30,2025Q2,2025,20250730,20250729,Chun Sheng Xie,Huatai Research,1271,18.85,20250501,89,3.65,505.62,3758042.8,MSFT-US
MSFT-US,2025-06-30,2025Q2,2025,20250730,20250729,Brian Schwartz,Oppenheimer,498,17.42,20250501,89,3.65,505.62,3758042.8,MSFT-US
MSFT-US,2025-06-30,2025Q2,2025,20250730,20250729,Saiyi He,CMB International,2157,18.31,20240731,363,3.65,505.62,3758042.8,MSFT-US
MSFT-US,2025-06-30,2025Q2,2025,20250730,20250729,Pierre Ferragu,New Street Research,1634,19.19,20250130,180,3.65,505.62,3758042.8,MSFT-US
MSFT-US,2025-06-30,2025Q2,2025,20250730,20250729,Joel P. Fishbein Jr.,Truist Securities,852,17.41,20250612,47,3.65,505.62,3758042.8,MSFT-US
MSFT-US,2025-06-30,2025Q2,2025,20250730,20250729,Jason Ader,William Blair,198,17.02,20250501,89,3.65,505.62,3758042.8,MSFT-US
MSFT-US,2025-06-30,2025Q2,2025,20250730,20250729,Rong Jin,Huaan Securities,3624,18.37,20250509,81,3.65,505.62,3758042.8,MSFT-US
MSFT-US,2025-06-30,2025Q2,2025,20250730,20250729,Xiao Yu Han,First Shanghai,1701,18.1,20241112,259,3.65,505.62,3758042.8,MSFT-US
MSFT-US,2025-06-30,2025Q2,2025,20250730,20250729,Liang Wei Zhang,Soochow Securities,3048,18.19,20240731,363,3.65,505.62,3758042.8,MSFT-US
MSFT-US,2025-06-30,2025Q2,2025,20250730,20250729,Colin Liu,China Renaissance Securities (US),2903,17.41,20250203,176,3.65,505.62,3758042.8,MSFT-US
MSFT-US,2025-06-30,2025Q2,2025,20250730,20250729,Satoshi Tanaka,Daiwa Securities Co. Ltd.,467,17.07,20250505,85,3.65,505.62,3758042.8,MSFT-US
MSFT-US,2025-06-30,2025Q2,2025,20250730,20250729,Lun Ke Zhang,Guosen Securities,1894,17.8,20250502,88,3.65,505.62,3758042.8,MSFT-US
MSFT-US,2025-06-30,2025Q2,2025,20250730,20250729,Shi Feng Cui,China Securities,697,18.25,20250502,88,3.65,505.62,3758042.8,MSFT-US
MSFT-US,2025-06-30,2025Q2,2025,20250730,20250729,Curtis A Shauger,WestPark Capital,3079,17.19,20250501,89,3.65,505.62,3758042.8,MSFT-US
MSFT-US,2025-03-31,2025Q1,2025,20250430,20250429,Colin Liu,China Renaissance Securities (US),2903,17.28,20250203,85,3.4612,385.73,2867510.0,MSFT-US
MSFT-US,2025-03-31,2025Q1,2025,20250430,20250429,Yun Kim,Loop Capital Markets,1009,16.72,20250130,89,3.4612,385.73,2867510.0,MSFT-US
MSFT-US,2025-03-31,2025Q1,2025,20250430,20250429,Joel P. Fishbein Jr.,Truist Securities,852,17.41,20250328,32,3.4612,385.73,2867510.0,MSFT-US
MSFT-US,2025-03-31,2025Q1,2025,20250430,20250429,Brad Zelnick,Deutsche Bank Research,77,17.39798,20250117,102,3.4612,385.73,2867510.0,MSFT-US
MSFT-US,2025-03-31,2025Q1,2025,20250430,20250429,Kirk Materne,Evercore ISI,1772,17.44,20250130,89,3.4612,385.73,2867510.0,MSFT-US
MSFT-US,2025-03-31,2025Q1,2025,20250430,20250429,Jackson Ader,KeyBanc Capital Markets,618,16.18,20250423,6,3.4612,385.73,2867510.0,MSFT-US
MSFT-US,2025-03-31,2025Q1,2025,20250430,20250429,John DiFucci,Guggenheim Securities,1515,17.08,20241031,180,3.4612,385.73,2867510.0,MSFT-US
MSFT-US,2025-03-31,2025Q1,2025,20250430,20250429,Gregg Moskowitz,Mizuho Securities USA,1802,18.23,20241016,195,3.4612,385.73,2867510.0,MSFT-US
MSFT-US,2025-03-31,2025Q1,2025,20250430,20250429,Alex Haissl,Rothschild & Co Redburn,1652,,20250303,57,3.4612,385.73,2867510.0,MSFT-US
MSFT-US,2025-03-31,2025Q1,2025,20250430,20250429,Ben Reitzes,Melius Research,3130,17.79,20250207,81,3.4612,385.73,2867510.0,MSFT-US
MSFT-US,2025-03-31,2025Q1,2025,20250430,20250429,Mark L. Moerdler,Bernstein Research,1140,,20250130,89,3.4612,385.73,2867510.0,MSFT-US
MSFT-US,2025-03-31,2025Q1,2025,20250430,20250429,Curtis A Shauger,WestPark Capital,3079,16.51,20250328,32,3.4612,385.73,2867510.0,MSFT-US
MSFT-US,2025-03-31,2025Q1,2025,20250430,20250429,Pierre Ferragu,New Street Research,1634,19.19,20250130,89,3.4612,385.73,2867510.0,MSFT-US
MSFT-US,2025-03-31,2025Q1,2025,20250430,20250429,Rong Jin,Huaan Securities,3624,17.36,20250207,81,3.4612,385.73,2867510.0,MSFT-US
MSFT-US,2025-03-31,2025Q1,2025,20250430,20250429,Jason Ader,William Blair,198,17.31,20250130,89,3.4612,385.73,2867510.0,MSFT-US
MSFT-US,2025-03-31,2025Q1,2025,20250430,20250429,Satoshi Tanaka,Daiwa Securities Co. Ltd.,467,17.25,20240802,270,3.4612,385.73,2867510.0,MSFT-US
MSFT-US,2025-03-31,2025Q1,2025,20250430,20250429,Lun Ke Zhang,Guosen Securities,1894,18.0,20241031,180,3.4612,385.73,2867510.0,MSFT-US
MSFT-US,2025-03-31,2025Q1,2025,20250430,20250429,Chun Sheng Xie,Huatai Research,1271,18.41,20250130,89,3.4612,385.73,2867510.0,MSFT-US
MSFT-US,2025-03-31,2025Q1,2025,20250430,20250429,Thiago Alves Kapulskis,Itau Securities,1394,17.76,20241031,180,3.4612,385.73,2867510.0,MSFT-US
MSFT-US,2025-03-31,2025Q1,2025,20250430,20250429,Tian Zi Fu,Everbright Securities,1299,17.68,20250130,89,3.4612,385.73,2867510.0,MSFT-US
MSFT-US,2025-03-31,2025Q1,2025,20250430,20250429,Timothy Horan,Oppenheimer,498,16.0,20250130,89,3.4612,385.73,2867510.0,MSFT-US
MSFT-US,2024-12-31,2024Q4,2024,20250129,20250128,Joel P. Fishbein Jr.,Truist Securities,852,17.76,20250106,22,3.2282,415.67,3090457.0,MSFT-US
MSFT-US,2024-12-31,2024Q4,2024,20250129,20250128,Colin Liu,China Renaissance Securities (US),2903,18.56,20240731,181,3.2282,415.67,3090457.0,MSFT-US
MSFT-US,2024-12-31,2024Q4,2024,20250129,20250128,Gregg Moskowitz,Mizuho Securities USA,1802,18.221,20241016,104,3.2282,415.67,3090457.0,MSFT-US
MSFT-US,2024-12-31,2024Q4,2024,20250129,20250128,Timothy Horan,Oppenheimer,498,16.27,20241031,89,3.2282,415.67,3090457.0,MSFT-US
MSFT-US,2024-12-31,2024Q4,2024,20250129,20250128,Mark L. Moerdler,Bernstein Research,1140,,20250103,25,3.2282,415.67,3090457.0,MSFT-US
MSFT-US,2024-12-31,2024Q4,2024,20250129,20250128,John DiFucci,Guggenheim Securities,1515,17.0,20241031,89,3.2282,415.67,3090457.0,MSFT-US
MSFT-US,2024-12-31,2024Q4,2024,20250129,20250128,Jackson Ader,KeyBanc Capital Markets,618,16.5,20241031,89,3.2282,415.67,3090457.0,MSFT-US
MSFT-US,2024-12-31,2024Q4,2024,20250129,20250128,Michael Turrin,Wells Fargo Securities,596,16.77,20241031,89,3.2282,415.67,3090457.0,MSFT-US
MSFT-US,2024-12-31,2024Q4,2024,20250129,20250128,Brad Zelnick,Deutsche Bank Research,77,17.461704,20250117,11,3.2282,415.67,3090457.0,MSFT-US
MSFT-US,2024-12-31,2024Q4,2024,20250129,20250128,Ben Reitzes,Melius Research,3130,18.0,20241119,70,3.2282,415.67,3090457.0,MSFT-US
MSFT-US,2024-12-31,2024Q4,2024,20250129,20250128,Alex Haissl,Rothschild & Co Redburn,1652,,20241122,67,3.2282,415.67,3090457.0,MSFT-US
MSFT-US,2024-12-31,2024Q4,2024,20250129,20250128,Xiao Yu Han,First Shanghai,1701,18.1,20241112,77,3.2282,415.67,3090457.0,MSFT-US
MSFT-US,2024-12-31,2024Q4,2024,20250129,20250128,Chun Sheng Xie,Huatai Research,1271,18.65,20240731,181,3.2282,415.67,3090457.0,MSFT-US
MSFT-US,2024-12-31,2024Q4,2024,20250129,20250128,Rong Jin,Huaan Securities,3624,17.72,20241104,85,3.2282,415.67,3090457.0,MSFT-US
MSFT-US,2024-12-31,2024Q4,2024,20250129,20250128,Dan Zhao,SPDB International,3451,17.6,20241031,89,3.2282,415.67,3090457.0,MSFT-US
MSFT-US,2024-12-31,2024Q4,2024,20250129,20250128,Lun Ke Zhang,Guosen Securities,1894,18.0,20241031,89,3.2282,415.67,3090457.0,MSFT-US
MSFT-US,2024-12-31,2024Q4,2024,20250129,20250128,Thiago Alves Kapulskis,Itau Securities,1394,17.77,20241031,89,3.2282,415.67,3090457.0,MSFT-US
MSFT-US,2024-12-31,2024Q4,2024,20250129,20250128,Tian Zi Fu,Everbright Securities,1299,17.43,20241031,89,3.2282,415.67,3090457.0,MSFT-US
MSFT-US,2024-09-30,2024Q3,2024,20241030,20241029,Jackson Ader,KeyBanc Capital Markets,618,16.7,20240916,43,3.3021,416.12,3093617.8,MSFT-US
MSFT-US,2024-09-30,2024Q3,2024,20241030,20241029,Brad Zelnick,Deutsche Bank Research,77,17.881899,20240731,90,3.3021,416.12,3093617.8,MSFT-US
MSFT-US,2024-09-30,2024Q3,2024,20241030,20241029,Colin Liu,China Renaissance Securities (US),2903,18.56,20240731,90,3.3021,416.12,3093617.8,MSFT-US
MSFT-US,2024-09-30,2024Q3,2024,20241030,20241029,Alex Haissl,Rothschild & Co Redburn,1652,,20240808,82,3.3021,416.12,3093617.8,MSFT-US
MSFT-US,2024-09-30,2024Q3,2024,20241030,20241029,Kirk Materne,Evercore ISI,1772,17.22,20241018,11,3.3021,416.12,3093617.8,MSFT-US
MSFT-US,2024-09-30,2024Q3,2024,20241030,20241029,Timothy Horan,Oppenheimer,498,16.83,20240924,35,3.3021,416.12,3093617.8,MSFT-US
MSFT-US,2024-09-30,2024Q3,2024,20241030,20241029,Gregg Moskowitz,Mizuho Securities USA,1802,18.1126,20240812,78,3.3021,416.12,3093617.8,MSFT-US
MSFT-US,2024-09-30,2024Q3,2024,20241030,20241029,Chun Sheng Xie,Huatai Research,1271,18.65,20240731,90,3.3021,416.12,3093617.8,MSFT-US
MSFT-US,2024-09-30,2024Q3,2024,20241030,20241029,John DiFucci,Guggenheim Securities,1515,17.98,20240731,90,3.3021,416.12,3093617.8,MSFT-US
MSFT-US,2024-09-30,2024Q3,2024,20241030,20241029,Steve Wong,SDIC Securities International,1967,16.031,20240829,61,3.3021,416.12,3093617.8,MSFT-US
MSFT-US,2024-09-30,2024Q3,2024,20241030,20241029,Xiao Yu Han,First Shanghai,1701,17.6,20240819,71,3.3021,416.12,3093617.8,MSFT-US
MSFT-US,2024-09-30,2024Q3,2024,20241030,20241029,Rong Jin,Huaan Securities,3624,17.11,20240806,84,3.3021,416.12,3093617.8,MSFT-US
MSFT-US,2024-09-30,2024Q3,2024,20241030,20241029,Satoshi Tanaka,Daiwa Securities Co. Ltd.,467,17.33,20240802,88,3.3021,416.12,3093617.8,MSFT-US
MSFT-US,2024-09-30,2024Q3,2024,20241030,20241029,Liang Wei Zhang,Soochow Securities,3048,18.21,20240731,90,3.3021,416.12,3093617.8,MSFT-US
MSFT-US,2024-09-30,2024Q3,2024,20241030,20241029,Lun Ke Zhang,Guosen Securities,1894,18.2,20240731,90,3.3021,416.12,3093617.8,MSFT-US
MSFT-US,2024-09-30,2024Q3,2024,20241030,20241029,Tian Zi Fu,Everbright Securities,1299,17.89,20240731,90,3.3021,416.12,3093617.8,MSFT-US
MSFT-US,2024-06-28,2024Q2,2024,20240730,20240729,Pierre Ferragu,New Street Research,1634,19.54,20240710,19,2.9491,449.52,3340970.0,MSFT-US
MSFT-US,2024-06-28,2024Q2,2024,20240730,20240729,Alex Haissl,Rothschild & Co Redburn,1652,,20240709,20,2.9491,449.52,3340970.0,MSFT-US
MSFT-US,2024-06-28,2024Q2,2024,20240730,20240729,Jackson Ader,KeyBanc Capital Markets,618,17.48,20240426,94,2.9491,449.52,3340970.0,MSFT-US
MSFT-US,2024-06-28,2024Q2,2024,20240730,20240729,Timothy Horan,Oppenheimer,498,18.64,20240605,54,2.9491,449.52,3340970.0,MSFT-US
MSFT-US,2024-03-29,2024Q1,2024,20240425,20240424,Alex Haissl,Rothschild & Co Redburn,1652,,20231025,182,2.9362,427.93,3179706.5,MSFT-US
MSFT-US,2024-03-29,2024Q1,2024,20240425,20240424,Timothy Horan,Oppenheimer,498,18.33,20240131,84,2.9362,427.93,3179706.5,MSFT-US
MSFT-US,2023-12-29,2023Q4,2023,20240130,20240129,Timothy Horan,Oppenheimer,498,17.66,20231025,96,2.9285,390.27,2900486.5,MSFT-US
MSFT-US,2023-12-29,2023Q4,2023,20240130,20240129,Alex Haissl,Rothschild & Co Redburn,1652,,20231025,96,2.9285,390.27,2900486.5,MSFT-US
MSFT-US,2023-09-29,2023Q3,2023,20231024,20231023,Timothy Horan,Oppenheimer,498,17.44,20230726,89,2.9873,328.39,2439619.5,MSFT-US
MSFT-US,2023-09-29,2023Q3,2023,20231024,20231023,Alex Haissl,Rothschild & Co Redburn,1652,,20230811,73,2.9873,328.39,2439619.5,MSFT-US
MSFT-US,2023-06-30,2023Q2,2023,20230725,20230724,Timothy Horan,Oppenheimer,498,17.76,20230426,89,2.6893,332.47,2472076.8,MSFT-US
QCOM-US,2026-03-31,2026Q1,2026,20260429,20260428,Chandler B. Converse,Cleveland Research Company,2295,10.87566,20260428,0,6.875,133.05,141964.36,QCOM-US
QCOM-US,2026-03-31,2026Q1,2026,20260429,20260428,Jay Goldberg,Seaport Research Partners,1321,11.05,20260313,46,6.875,133.05,141964.36,QCOM-US
QCOM-US,2026-03-31,2026Q1,2026,20260429,20260428,Stacy A. Rasgon,Bernstein Research,1140,,20260325,34,6.875,133.05,141964.36,QCOM-US
QCOM-US,2026-03-31,2026Q1,2026,20260429,20260428,C.J. Muse,Cantor Fitzgerald,1190,10.0,20260424,4,6.875,133.05,141964.36,QCOM-US
QCOM-US,2026-03-31,2026Q1,2026,20260429,20260428,Mark Lipacis,Evercore ISI,1772,11.36,20260205,82,6.875,133.05,141964.36,QCOM-US
QCOM-US,2026-03-31,2026Q1,2026,20260429,20260428,Ross Seymore,Deutsche Bank Research,77,10.73,20260205,82,6.875,133.05,141964.36,QCOM-US
QCOM-US,2026-03-31,2026Q1,2026,20260429,20260428,Gary Mobley,Loop Capital Markets,1009,11.23,20260223,64,6.875,133.05,141964.36,QCOM-US
QCOM-US,2026-03-31,2026Q1,2026,20260429,20260428,Christopher Rolland,Susquehanna Financial Group,974,10.88,20260417,11,6.875,133.05,141964.36,QCOM-US
QCOM-US,2026-03-31,2026Q1,2026,20260429,20260428,Rick Schafer,Oppenheimer,498,11.29,20260205,82,6.875,133.05,141964.36,QCOM-US
QCOM-US,2026-03-31,2026Q1,2026,20260429,20260428,John N. Vinh,KeyBanc Capital Markets,618,10.76,20260205,82,6.875,133.05,141964.36,QCOM-US
QCOM-US,2026-03-31,2026Q1,2026,20260429,20260428,Joshua Buchalter,TD Cowen,917,10.6452,20260408,20,6.875,133.05,141964.36,QCOM-US
QCOM-US,2026-03-31,2026Q1,2026,20260429,20260428,Louis Miscioscia,Daiwa Securities Co. Ltd.,467,11.2,20260209,78,6.875,133.05,141964.36,QCOM-US
QCOM-US,2026-03-31,2026Q1,2026,20260429,20260428,Melissa Fairbanks,Raymond James,402,11.06,20260330,29,6.875,133.05,141964.36,QCOM-US
QCOM-US,2026-03-31,2026Q1,2026,20260429,20260428,Aaron Rakers,Wells Fargo Securities,596,11.23,20260205,82,6.875,133.05,141964.36,QCOM-US
QCOM-US,2026-03-31,2026Q1,2026,20260429,20260428,James Kelleher,Argus Research,376,11.79,20260205,82,6.875,133.05,141964.36,QCOM-US
QCOM-US,2026-03-31,2026Q1,2026,20260429,20260428,Ben Reitzes,Melius Research,3130,11.08,20260205,82,6.875,133.05,141964.36,QCOM-US
QCOM-US,2026-03-31,2026Q1,2026,20260429,20260428,Edward Snyder,Charter Equity Research,3077,11.52,20260205,82,6.875,133.05,141964.36,QCOM-US
QCOM-US,2026-03-31,2026Q1,2026,20260429,20260428,Kevin Cassidy,Rosenblatt Securities,2623,11.65,20260205,82,6.875,133.05,141964.36,QCOM-US
QCOM-US,2026-03-31,2026Q1,2026,20260429,20260428,Vijay Rakesh,Mizuho Securities USA,1802,11.14,20260205,82,6.875,133.05,141964.36,QCOM-US
QCOM-US,2026-03-31,2026Q1,2026,20260429,20260428,Tian Zi Fu,Everbright Securities,1299,10.78,20250731,271,6.875,133.05,141964.36,QCOM-US
QCOM-US,2026-03-31,2026Q1,2026,20260429,20260428,Srini Pajjuri,RBC Capital Markets,1269,11.24,20260205,82,6.875,133.05,141964.36,QCOM-US
QCOM-US,2026-03-31,2026Q1,2026,20260429,20260428,Cody Acree,"Benchmark, a StoneX Company",1124,11.29,20260205,82,6.875,133.05,141964.36,QCOM-US
QCOM-US,2025-12-31,2025Q4,2025,20260204,20260203,Stefan Chang,Aletheia Capital,2859,11.11,20260130,4,2.7841,156.37,167010.2,QCOM-US
QCOM-US,2025-12-31,2025Q4,2025,20260204,20260203,Chandler B. Converse,Cleveland Research Company,2295,11.90866,20260130,4,2.7841,156.37,167010.2,QCOM-US
QCOM-US,2025-12-31,2025Q4,2025,20260204,20260203,C.J. Muse,Cantor Fitzgerald,1190,12.11,20251106,89,2.7841,156.37,167010.2,QCOM-US
QCOM-US,2025-12-31,2025Q4,2025,20260204,20260203,Stacy A. Rasgon,Bernstein Research,1140,,20260130,4,2.7841,156.37,167010.2,QCOM-US
QCOM-US,2025-12-31,2025Q4,2025,20260204,20260203,Kevin Cassidy,Rosenblatt Securities,2623,12.53,20250721,197,2.7841,156.37,167010.2,QCOM-US
QCOM-US,2025-12-31,2025Q4,2025,20260204,20260203,Ross Seymore,Deutsche Bank Research,77,11.99,20250731,187,2.7841,156.37,167010.2,QCOM-US
QCOM-US,2025-12-31,2025Q4,2025,20260204,20260203,Vijay Rakesh,Mizuho Securities USA,1802,11.6728,20260108,26,2.7841,156.37,167010.2,QCOM-US
QCOM-US,2025-12-31,2025Q4,2025,20260204,20260203,Louis Miscioscia,Daiwa Securities Co. Ltd.,467,12.17,20251107,88,2.7841,156.37,167010.2,QCOM-US
QCOM-US,2025-12-31,2025Q4,2025,20260204,20260203,Christopher Rolland,Susquehanna Financial Group,974,11.9,20251106,89,2.7841,156.37,167010.2,QCOM-US
QCOM-US,2025-12-31,2025Q4,2025,20260204,20260203,John N. Vinh,KeyBanc Capital Markets,618,10.37,20260109,25,2.7841,156.37,167010.2,QCOM-US
QCOM-US,2025-12-31,2025Q4,2025,20260204,20260203,Joshua Buchalter,TD Cowen,917,11.9976,20251106,89,2.7841,156.37,167010.2,QCOM-US
QCOM-US,2025-12-31,2025Q4,2025,20260204,20260203,Aaron Rakers,Wells Fargo Securities,596,12.3607,20251105,90,2.7841,156.37,167010.2,QCOM-US
QCOM-US,2025-12-31,2025Q4,2025,20260204,20260203,Rick Schafer,Oppenheimer,498,11.52,20260114,20,2.7841,156.37,167010.2,QCOM-US
QCOM-US,2025-12-31,2025Q4,2025,20260204,20260203,Srini Pajjuri,RBC Capital Markets,1269,12.14,20260113,21,2.7841,156.37,167010.2,QCOM-US
QCOM-US,2025-12-31,2025Q4,2025,20260204,20260203,Ben Reitzes,Melius Research,3130,12.39,20250731,187,2.7841,156.37,167010.2,QCOM-US
QCOM-US,2025-12-31,2025Q4,2025,20260204,20260203,Edward Snyder,Charter Equity Research,3077,12.489778,20251106,89,2.7841,156.37,167010.2,QCOM-US
QCOM-US,2025-12-31,2025Q4,2025,20260204,20260203,Jay Goldberg,Seaport Research Partners,1321,12.82,20251106,89,2.7841,156.37,167010.2,QCOM-US
QCOM-US,2025-12-31,2025Q4,2025,20260204,20260203,Cody Acree,"Benchmark, a StoneX Company",1124,12.22,20250730,188,2.7841,156.37,167010.2,QCOM-US
QCOM-US,2025-12-31,2025Q4,2025,20260204,20260203,sean Hao,Fubon Securities,1084,12.67,20250731,187,2.7841,156.37,167010.2,QCOM-US
QCOM-US,2025-12-31,2025Q4,2025,20260204,20260203,Gary Mobley,Loop Capital Markets,1009,12.22,20251106,89,2.7841,156.37,167010.2,QCOM-US
QCOM-US,2025-12-31,2025Q4,2025,20260204,20260203,Harsh V. Kumar,Piper Sandler Companies,570,11.98,20251106,89,2.7841,156.37,167010.2,QCOM-US
QCOM-US,2025-12-31,2025Q4,2025,20260204,20260203,Melissa Fairbanks,Raymond James,402,12.27,20251106,89,2.7841,156.37,167010.2,QCOM-US
QCOM-US,2025-12-31,2025Q4,2025,20260204,20260203,James Kelleher,Argus Research,376,13.25,20251106,89,2.7841,156.37,167010.2,QCOM-US
QCOM-US,2025-09-30,2025Q3,2025,20251105,20251104,C.J. Muse,Cantor Fitzgerald,1190,11.05,20250731,96,-2.8915,169.27,182642.33,QCOM-US
QCOM-US,2025-09-30,2025Q3,2025,20251105,20251104,Stacy A. Rasgon,Bernstein Research,1140,,20250725,102,-2.8915,169.27,182642.33,QCOM-US
QCOM-US,2025-09-30,2025Q3,2025,20251105,20251104,Kevin Cassidy,Rosenblatt Securities,2623,12.5,20250721,106,-2.8915,169.27,182642.33,QCOM-US
QCOM-US,2025-09-30,2025Q3,2025,20251105,20251104,Jay Goldberg,Seaport Research Partners,1321,12.1,20250508,180,-2.8915,169.27,182642.33,QCOM-US
QCOM-US,2025-09-30,2025Q3,2025,20251105,20251104,Aaron Rakers,Wells Fargo Securities,596,11.8477,20250731,96,-2.8915,169.27,182642.33,QCOM-US
QCOM-US,2025-09-30,2025Q3,2025,20251105,20251104,Ben Reitzes,Melius Research,3130,12.31,20250731,96,-2.8915,169.27,182642.33,QCOM-US
QCOM-US,2025-09-30,2025Q3,2025,20251105,20251104,Joshua Buchalter,TD Cowen,917,12.2447,20251009,26,-2.8915,169.27,182642.33,QCOM-US
QCOM-US,2025-09-30,2025Q3,2025,20251105,20251104,Ross Seymore,Deutsche Bank Research,77,11.98,20250731,96,-2.8915,169.27,182642.33,QCOM-US
QCOM-US,2025-09-30,2025Q3,2025,20251105,20251104,Louis Miscioscia,Daiwa Securities Co. Ltd.,467,12.3,20250806,90,-2.8915,169.27,182642.33,QCOM-US
QCOM-US,2025-09-30,2025Q3,2025,20251105,20251104,Christopher Rolland,Susquehanna Financial Group,974,12.15,20250731,96,-2.8915,169.27,182642.33,QCOM-US
QCOM-US,2025-09-30,2025Q3,2025,20251105,20251104,Gary Mobley,Loop Capital Markets,1009,11.93,20250724,103,-2.8915,169.27,182642.33,QCOM-US
QCOM-US,2025-09-30,2025Q3,2025,20251105,20251104,Rick Schafer,Oppenheimer,498,11.52,20250731,96,-2.8915,169.27,182642.33,QCOM-US
QCOM-US,2025-09-30,2025Q3,2025,20251105,20251104,John N. Vinh,KeyBanc Capital Markets,618,12.07,20250926,39,-2.8915,169.27,182642.33,QCOM-US
QCOM-US,2025-09-30,2025Q3,2025,20251105,20251104,Chandler B. Converse,Cleveland Research Company,2295,12.275452,20250624,133,-2.8915,169.27,182642.33,QCOM-US
QCOM-US,2025-09-30,2025Q3,2025,20251105,20251104,Angustt Lin,Aletheia Capital,2859,11.5,20250923,42,-2.8915,169.27,182642.33,QCOM-US
QCOM-US,2025-09-30,2025Q3,2025,20251105,20251104,Heping Qin,Guotai Haitong Securities China,1094,14.8,20250903,62,-2.8915,169.27,182642.33,QCOM-US
QCOM-US,2025-09-30,2025Q3,2025,20251105,20251104,Vijay Rakesh,Mizuho Securities USA,1802,12.17,20250731,96,-2.8915,169.27,182642.33,QCOM-US
QCOM-US,2025-09-30,2025Q3,2025,20251105,20251104,Edward Snyder,Charter Equity Research,3077,12.099564,20250731,96,-2.8915,169.27,182642.33,QCOM-US
QCOM-US,2025-09-30,2025Q3,2025,20251105,20251104,Melissa Fairbanks,Raymond James,402,11.92,20250501,187,-2.8915,169.27,182642.33,QCOM-US
QCOM-US,2025-09-30,2025Q3,2025,20251105,20251104,Cody Acree,"Benchmark, a StoneX Company",1124,12.15,20250501,187,-2.8915,169.27,182642.33,QCOM-US
QCOM-US,2025-09-30,2025Q3,2025,20251105,20251104,sean Hao,Fubon Securities,1084,12.67,20250731,96,-2.8915,169.27,182642.33,QCOM-US
QCOM-US,2025-09-30,2025Q3,2025,20251105,20251104,Harsh V. Kumar,Piper Sandler Companies,570,12.26,20250731,96,-2.8915,169.27,182642.33,QCOM-US
QCOM-US,2025-09-30,2025Q3,2025,20251105,20251104,James Kelleher,Argus Research,376,12.92,20250731,96,-2.8915,169.27,182642.33,QCOM-US
QCOM-US,2025-06-30,2025Q2,2025,20250730,20250729,Chandler B. Converse,Cleveland Research Company,2295,12.171014,20250624,35,2.4258,154.07,169168.88,QCOM-US
QCOM-US,2025-06-30,2025Q2,2025,20250730,20250729,C.J. Muse,Cantor Fitzgerald,1190,10.84,20250206,173,2.4258,154.07,169168.88,QCOM-US
QCOM-US,2025-06-30,2025Q2,2025,20250730,20250729,Stacy A. Rasgon,Bernstein Research,1140,,20250725,4,2.4258,154.07,169168.88,QCOM-US
QCOM-US,2025-06-30,2025Q2,2025,20250730,20250729,Joshua Buchalter,TD Cowen,917,11.9955,20250501,89,2.4258,154.07,169168.88,QCOM-US
QCOM-US,2025-06-30,2025Q2,2025,20250730,20250729,Angustt Lin,Aletheia Capital,2859,12.38,20250724,5,2.4258,154.07,169168.88,QCOM-US
QCOM-US,2025-06-30,2025Q2,2025,20250730,20250729,Gary Mobley,Loop Capital Markets,1009,11.93,20250724,5,2.4258,154.07,169168.88,QCOM-US
QCOM-US,2025-06-30,2025Q2,2025,20250730,20250729,Kevin Cassidy,Rosenblatt Securities,2623,12.44,20250501,89,2.4258,154.07,169168.88,QCOM-US
QCOM-US,2025-06-30,2025Q2,2025,20250730,20250729,Christopher Rolland,Susquehanna Financial Group,974,11.82,20250721,8,2.4258,154.07,169168.88,QCOM-US
QCOM-US,2025-06-30,2025Q2,2025,20250730,20250729,Ross Seymore,Deutsche Bank Research,77,11.528624,20250501,89,2.4258,154.07,169168.88,QCOM-US
QCOM-US,2025-06-30,2025Q2,2025,20250730,20250729,Vijay Rakesh,Mizuho Securities USA,1802,12.5008,20250501,89,2.4258,154.07,169168.88,QCOM-US
QCOM-US,2025-06-30,2025Q2,2025,20250730,20250729,John N. Vinh,KeyBanc Capital Markets,618,11.34,20250703,26,2.4258,154.07,169168.88,QCOM-US
QCOM-US,2025-06-30,2025Q2,2025,20250730,20250729,Rick Schafer,Oppenheimer,498,12.29,20250206,173,2.4258,154.07,169168.88,QCOM-US
QCOM-US,2025-06-30,2025Q2,2025,20250730,20250729,Louis Miscioscia,Daiwa Securities Co. Ltd.,467,11.76,20250501,89,2.4258,154.07,169168.88,QCOM-US
QCOM-US,2025-06-30,2025Q2,2025,20250730,20250729,Srini Pajjuri,Raymond James,402,11.87,20250501,89,2.4258,154.07,169168.88,QCOM-US
QCOM-US,2025-06-30,2025Q2,2025,20250730,20250729,Aaron Rakers,Wells Fargo Securities,596,12.01,20250501,89,2.4258,154.07,169168.88,QCOM-US
QCOM-US,2025-06-30,2025Q2,2025,20250730,20250729,Edward Snyder,Charter Equity Research,3077,12.346984,20250501,89,2.4258,154.07,169168.88,QCOM-US
QCOM-US,2025-06-30,2025Q2,2025,20250730,20250729,Jay Goldberg,Seaport Research Partners,1321,12.01,20250508,82,2.4258,154.07,169168.88,QCOM-US
QCOM-US,2025-06-30,2025Q2,2025,20250730,20250729,sean Hao,Fubon Securities,1084,11.67,20250523,67,2.4258,154.07,169168.88,QCOM-US
QCOM-US,2025-06-30,2025Q2,2025,20250730,20250729,Han Jing Wen,China International Capital,898,12.05,20250207,172,2.4258,154.07,169168.88,QCOM-US
QCOM-US,2025-06-30,2025Q2,2025,20250730,20250729,Ben Reitzes,Melius Research,3130,12.04,20250501,89,2.4258,154.07,169168.88,QCOM-US
QCOM-US,2025-06-30,2025Q2,2025,20250730,20250729,Cody Acree,"Benchmark, a StoneX Company",1124,12.07,20250501,89,2.4258,154.07,169168.88,QCOM-US
QCOM-US,2025-06-30,2025Q2,2025,20250730,20250729,Harsh V. Kumar,Piper Sandler Companies,570,11.84,20250501,89,2.4258,154.07,169168.88,QCOM-US
QCOM-US,2025-06-30,2025Q2,2025,20250730,20250729,James Kelleher,Argus Research,376,12.62,20250501,89,2.4258,154.07,169168.88,QCOM-US
QCOM-US,2025-03-31,2025Q1,2025,20250430,20250429,C.J. Muse,Cantor Fitzgerald,1190,10.82,20250206,82,2.522,138.6,153291.61,QCOM-US
QCOM-US,2025-03-31,2025Q1,2025,20250430,20250429,Stacy A. Rasgon,Bernstein Research,1140,,20250206,82,2.522,138.6,153291.61,QCOM-US
QCOM-US,2025-03-31,2025Q1,2025,20250430,20250429,Joshua Buchalter,TD Cowen,917,12.7025,20250206,82,2.522,138.6,153291.61,QCOM-US
QCOM-US,2025-03-31,2025Q1,2025,20250430,20250429,Chandler B. Converse,Cleveland Research Company,2295,12.618107,20250423,6,2.522,138.6,153291.61,QCOM-US
QCOM-US,2025-03-31,2025Q1,2025,20250430,20250429,Vijay Rakesh,Mizuho Securities USA,1802,12.3099,20241216,134,2.522,138.6,153291.61,QCOM-US
QCOM-US,2025-03-31,2025Q1,2025,20250430,20250429,Ross Seymore,Deutsche Bank Research,77,11.987203,20250206,82,2.522,138.6,153291.61,QCOM-US
QCOM-US,2025-03-31,2025Q1,2025,20250430,20250429,Kevin Cassidy,Rosenblatt Securities,2623,12.77,20250206,82,2.522,138.6,153291.61,QCOM-US
QCOM-US,2025-03-31,2025Q1,2025,20250430,20250429,Ben Reitzes,Melius Research,3130,11.75,20250417,12,2.522,138.6,153291.61,QCOM-US
QCOM-US,2025-03-31,2025Q1,2025,20250430,20250429,Louis Miscioscia,Daiwa Securities Co. Ltd.,467,12.25,20241204,146,2.522,138.6,153291.61,QCOM-US
QCOM-US,2025-03-31,2025Q1,2025,20250430,20250429,John N. Vinh,KeyBanc Capital Markets,618,13.269299,20250404,25,2.522,138.6,153291.61,QCOM-US
QCOM-US,2025-03-31,2025Q1,2025,20250430,20250429,Rick Schafer,Oppenheimer,498,12.35,20250206,82,2.522,138.6,153291.61,QCOM-US
QCOM-US,2025-03-31,2025Q1,2025,20250430,20250429,Mark Lipacis,Evercore ISI,1772,11.62,20250206,82,2.522,138.6,153291.61,QCOM-US
QCOM-US,2025-03-31,2025Q1,2025,20250430,20250429,Edward Snyder,Charter Equity Research,3077,11.74,20250221,67,2.522,138.6,153291.61,QCOM-US
QCOM-US,2025-03-31,2025Q1,2025,20250430,20250429,Gary Mobley,Loop Capital Markets,1009,12.1,20250206,82,2.522,138.6,153291.61,QCOM-US
QCOM-US,2025-03-31,2025Q1,2025,20250430,20250429,Cody Acree,"Benchmark, a StoneX Company",1124,12.23,20250206,82,2.522,138.6,153291.61,QCOM-US
QCOM-US,2025-03-31,2025Q1,2025,20250430,20250429,Han Jing Wen,China International Capital,898,12.04,20250207,81,2.522,138.6,153291.61,QCOM-US
QCOM-US,2025-03-31,2025Q1,2025,20250430,20250429,sean Hao,Fubon Securities,1084,12.18,20250206,82,2.522,138.6,153291.61,QCOM-US
QCOM-US,2025-03-31,2025Q1,2025,20250430,20250429,Christopher Rolland,Susquehanna Financial Group,974,10.7,20250206,82,2.522,138.6,153291.61,QCOM-US
QCOM-US,2025-03-31,2025Q1,2025,20250430,20250429,Aaron Rakers,Wells Fargo Securities,596,12.25,20241107,173,2.522,138.6,153291.61,QCOM-US
QCOM-US,2025-03-31,2025Q1,2025,20250430,20250429,Harsh V. Kumar,Piper Sandler Companies,570,12.4,20241107,173,2.522,138.6,153291.61,QCOM-US
QCOM-US,2025-03-31,2025Q1,2025,20250430,20250429,Srini Pajjuri,Raymond James,402,12.19,20250206,82,2.522,138.6,153291.61,QCOM-US
QCOM-US,2025-03-31,2025Q1,2025,20250430,20250429,James Kelleher,Argus Research,376,12.96,20250206,82,2.522,138.6,153291.61,QCOM-US
QCOM-US,2024-12-31,2024Q4,2024,20250205,20250204,C.J. Muse,Cantor Fitzgerald,1190,11.45,20241107,89,2.8342,170.24,188285.45,QCOM-US
QCOM-US,2024-12-31,2024Q4,2024,20250205,20250204,Stacy A. Rasgon,Bernstein Research,1140,,20241107,89,2.8342,170.24,188285.45,QCOM-US
QCOM-US,2024-12-31,2024Q4,2024,20250205,20250204,Mark Lipacis,Evercore ISI,1772,12.54,20241107,89,2.8342,170.24,188285.45,QCOM-US
QCOM-US,2024-12-31,2024Q4,2024,20250205,20250204,Ross Seymore,Deutsche Bank Research,77,11.450488,20240801,187,2.8342,170.24,188285.45,QCOM-US
QCOM-US,2024-12-31,2024Q4,2024,20250205,20250204,Angustt Lin,Aletheia Capital,2859,13.6,20250128,7,2.8342,170.24,188285.45,QCOM-US
QCOM-US,2024-12-31,2024Q4,2024,20250205,20250204,Kevin Cassidy,Rosenblatt Securities,2623,12.49,20240801,187,2.8342,170.24,188285.45,QCOM-US
QCOM-US,2024-12-31,2024Q4,2024,20250205,20250204,Chandler B. Converse,Cleveland Research Company,2295,12.492079,20241107,89,2.8342,170.24,188285.45,QCOM-US
QCOM-US,2024-12-31,2024Q4,2024,20250205,20250204,John N. Vinh,KeyBanc Capital Markets,618,12.401801,20250110,25,2.8342,170.24,188285.45,QCOM-US
QCOM-US,2024-12-31,2024Q4,2024,20250205,20250204,Vijay Rakesh,Mizuho Securities USA,1802,12.2711,20241216,50,2.8342,170.24,188285.45,QCOM-US
QCOM-US,2024-12-31,2024Q4,2024,20250205,20250204,Rick Schafer,Oppenheimer,498,13.44,20241107,89,2.8342,170.24,188285.45,QCOM-US
QCOM-US,2024-12-31,2024Q4,2024,20250205,20250204,Ben Reitzes,Melius Research,3130,12.3,20241206,60,2.8342,170.24,188285.45,QCOM-US
QCOM-US,2024-12-31,2024Q4,2024,20250205,20250204,Christopher Rolland,Susquehanna Financial Group,974,11.29,20241107,89,2.8342,170.24,188285.45,QCOM-US
QCOM-US,2024-12-31,2024Q4,2024,20250205,20250204,Joshua Buchalter,TD Cowen,917,12.9225,20241107,89,2.8342,170.24,188285.45,QCOM-US
QCOM-US,2024-12-31,2024Q4,2024,20250205,20250204,Aaron Rakers,Wells Fargo Securities,596,12.2129,20241107,89,2.8342,170.24,188285.45,QCOM-US
QCOM-US,2024-12-31,2024Q4,2024,20250205,20250204,Harsh V. Kumar,Piper Sandler Companies,570,12.5,20241107,89,2.8342,170.24,188285.45,QCOM-US
QCOM-US,2024-12-31,2024Q4,2024,20250205,20250204,Gary Mobley,Loop Capital Markets,1009,11.57,20241108,88,2.8342,170.24,188285.45,QCOM-US
QCOM-US,2024-12-31,2024Q4,2024,20250205,20250204,Xiao Yu Han,First Shanghai,1701,12.19,20241210,56,2.8342,170.24,188285.45,QCOM-US
QCOM-US,2024-12-31,2024Q4,2024,20250205,20250204,Louis Miscioscia,Daiwa Securities Co. Ltd.,467,12.25,20241204,62,2.8342,170.24,188285.45,QCOM-US
QCOM-US,2024-12-31,2024Q4,2024,20250205,20250204,Srini Pajjuri,Raymond James,402,12.03,20241107,89,2.8342,170.24,188285.45,QCOM-US
QCOM-US,2024-12-31,2024Q4,2024,20250205,20250204,Han Jing Wen,China International Capital,898,12.35,20241108,88,2.8342,170.24,188285.45,QCOM-US
QCOM-US,2024-12-31,2024Q4,2024,20250205,20250204,James Kelleher,Argus Research,376,12.65,20241107,89,2.8342,170.24,188285.45,QCOM-US
QCOM-US,2024-09-30,2024Q3,2024,20241106,20241105,Stacy A. Rasgon,Bernstein Research,1140,,20241101,4,2.5864,166.6,185592.4,QCOM-US
QCOM-US,2024-09-30,2024Q3,2024,20241106,20241105,Kevin Garrigan,WestPark Capital,3079,11.74,20240801,96,2.5864,166.6,185592.4,QCOM-US
QCOM-US,2024-09-30,2024Q3,2024,20241106,20241105,Ross Seymore,Deutsche Bank Research,77,11.51,20240502,187,2.5864,166.6,185592.4,QCOM-US
QCOM-US,2024-09-30,2024Q3,2024,20241106,20241105,Angustt Lin,Aletheia Capital,2859,14.54,20241025,11,2.5864,166.6,185592.4,QCOM-US
QCOM-US,2024-09-30,2024Q3,2024,20241106,20241105,Kevin Cassidy,Rosenblatt Securities,2623,12.45,20240517,172,2.5864,166.6,185592.4,QCOM-US
QCOM-US,2024-09-30,2024Q3,2024,20241106,20241105,Vijay Rakesh,Mizuho Securities USA,1802,12.6088,20240529,160,2.5864,166.6,185592.4,QCOM-US
QCOM-US,2024-09-30,2024Q3,2024,20241106,20241105,Harsh V. Kumar,Piper Sandler Companies,570,12.22,20240801,96,2.5864,166.6,185592.4,QCOM-US
QCOM-US,2024-09-30,2024Q3,2024,20241106,20241105,Aaron Rakers,Wells Fargo Securities,596,11.9273,20240801,96,2.5864,166.6,185592.4,QCOM-US
QCOM-US,2024-09-30,2024Q3,2024,20241106,20241105,Christopher Rolland,Susquehanna Financial Group,974,11.12,20241018,18,2.5864,166.6,185592.4,QCOM-US
QCOM-US,2024-09-30,2024Q3,2024,20241106,20241105,Rick Schafer,Oppenheimer,498,12.19,20240801,96,2.5864,166.6,185592.4,QCOM-US
QCOM-US,2024-09-30,2024Q3,2024,20241106,20241105,Heping Qin,Guotai Haitong Securities China,1094,12.7,20240801,96,2.5864,166.6,185592.4,QCOM-US
QCOM-US,2024-06-28,2024Q2,2024,20240731,20240730,Kevin Garrigan,WestPark Capital,3079,11.48,20240502,89,1.8774,191.6,213825.61,QCOM-US
QCOM-US,2024-06-28,2024Q2,2024,20240731,20240730,Stacy A. Rasgon,Bernstein Research,1140,,20240627,33,1.8774,191.6,213825.61,QCOM-US
QCOM-US,2024-06-28,2024Q2,2024,20240731,20240730,Kevin Cassidy,Rosenblatt Securities,2623,12.36,20240517,74,1.8774,191.6,213825.61,QCOM-US
QCOM-US,2024-06-28,2024Q2,2024,20240731,20240730,Ross Seymore,Deutsche Bank Research,77,11.616316,20240502,89,1.8774,191.6,213825.61,QCOM-US
QCOM-US,2024-06-28,2024Q2,2024,20240731,20240730,Angustt Lin,Aletheia Capital,2859,14.97,20240405,116,1.8774,191.6,213825.61,QCOM-US
QCOM-US,2024-06-28,2024Q2,2024,20240731,20240730,Christopher Rolland,Susquehanna Financial Group,974,11.73,20240716,14,1.8774,191.6,213825.61,QCOM-US
QCOM-US,2024-06-28,2024Q2,2024,20240731,20240730,Vijay Rakesh,Mizuho Securities USA,1802,12.5695,20240529,62,1.8774,191.6,213825.61,QCOM-US
QCOM-US,2024-06-28,2024Q2,2024,20240731,20240730,Aaron Rakers,Wells Fargo Securities,596,12.2652,20240502,89,1.8774,191.6,213825.61,QCOM-US
QCOM-US,2024-06-28,2024Q2,2024,20240731,20240730,Sun-Woo Kim,Meritz Securities,1778,12.55,20240610,50,1.8774,191.6,213825.61,QCOM-US
QCOM-US,2024-06-28,2024Q2,2024,20240731,20240730,Heping Qin,Guotai Haitong Securities China,1094,16.1,20240502,89,1.8774,191.6,213825.61,QCOM-US
QCOM-US,2024-03-29,2024Q1,2024,20240501,20240430,Kevin Garrigan,WestPark Capital,3079,10.81,20231102,180,2.0584,164.32,183381.13,QCOM-US
QCOM-US,2024-03-29,2024Q1,2024,20240501,20240430,Angustt Lin,Aletheia Capital,2859,14.89,20240405,25,2.0584,164.32,183381.13,QCOM-US
QCOM-US,2024-03-29,2024Q1,2024,20240501,20240430,Kevin Cassidy,Rosenblatt Securities,2623,11.74,20240308,53,2.0584,164.32,183381.13,QCOM-US
QCOM-US,2024-03-29,2024Q1,2024,20240501,20240430,Stacy A. Rasgon,Bernstein Research,1140,,20240410,20,2.0584,164.32,183381.13,QCOM-US
QCOM-US,2024-03-29,2024Q1,2024,20240501,20240430,Gary Mobley,Wells Fargo Securities,596,11.88,20240424,6,2.0584,164.32,183381.13,QCOM-US
QCOM-US,2024-03-29,2024Q1,2024,20240501,20240430,Ross Seymore,Deutsche Bank Research,77,10.714509,20240201,89,2.0584,164.32,183381.13,QCOM-US
QCOM-US,2024-03-29,2024Q1,2024,20240501,20240430,Christopher Rolland,Susquehanna Financial Group,974,12.63,20240201,89,2.0584,164.32,183381.13,QCOM-US
QCOM-US,2024-03-29,2024Q1,2024,20240501,20240430,Heping Qin,Guotai Haitong Securities China,1094,19.6,20240202,88,2.0584,164.32,183381.13,QCOM-US
QCOM-US,2023-12-29,2023Q4,2023,20240131,20240130,Stacy A. Rasgon,Bernstein Research,1140,,20231102,89,2.4552,139.32,155757.86,QCOM-US
QCOM-US,2023-12-29,2023Q4,2023,20240131,20240130,Kevin Garrigan,WestPark Capital,3079,10.79,20231102,89,2.4552,139.32,155757.86,QCOM-US
QCOM-US,2023-12-29,2023Q4,2023,20240131,20240130,Ross Seymore,Deutsche Bank Research,77,10.167253,20231102,89,2.4552,139.32,155757.86,QCOM-US
QCOM-US,2023-12-29,2023Q4,2023,20240131,20240130,Gary Mobley,Wells Fargo Securities,596,11.04,20240119,11,2.4552,139.32,155757.86,QCOM-US
QCOM-US,2023-12-29,2023Q4,2023,20240131,20240130,Christopher Rolland,Susquehanna Financial Group,974,12.43,20231102,89,2.4552,139.32,155757.86,QCOM-US
QCOM-US,2023-12-29,2023Q4,2023,20240131,20240130,Ling Ji Cao,First Shanghai,1701,11.71,20231218,43,2.4552,139.32,155757.86,QCOM-US
QCOM-US,2023-12-29,2023Q4,2023,20240131,20240130,Qi Li,Guotai Haitong Securities China,1094,17.9,20231102,89,2.4552,139.32,155757.86,QCOM-US
QCOM-US,2023-09-29,2023Q3,2023,20231101,20231031,Kevin Garrigan,WestPark Capital,3079,10.46,20230803,89,1.3236,110.98,123853.69,QCOM-US
QCOM-US,2023-09-29,2023Q3,2023,20231101,20231031,Christopher Rolland,Susquehanna Financial Group,974,11.07,20231023,8,1.3236,110.98,123853.69,QCOM-US
QCOM-US,2023-06-30,2023Q2,2023,20230802,20230801,Kevin Garrigan,WestPark Capital,3079,10.25,20230504,89,1.6041,124.42,138603.88,QCOM-US
TSM-US,2026-03-31,2026Q1,2026,20260416,20260415,Cheng Chieh Tsai,First Capital Management,1173,15.177145,20260408,7,3.4894,341.49,1771139.5,TSM-US
TSM-US,2026-03-31,2026Q1,2026,20260416,20260415,Matthew Bryson,Wedbush Securities,590,14.2690935,20260309,37,3.4894,341.49,1771139.5,TSM-US
TSM-US,2026-03-31,2026Q1,2026,20260416,20260415,Mark Li,Bernstein Research,1140,,20260313,33,3.4894,341.49,1771139.5,TSM-US
TSM-US,2026-03-31,2026Q1,2026,20260416,20260415,Robert Sanders,Deutsche Bank Research,77,14.180242,20260116,89,3.4894,341.49,1771139.5,TSM-US
TSM-US,2026-03-31,2026Q1,2026,20260416,20260415,Felix Hsu,IBF Securities,3105,14.335947,20260115,90,3.4894,341.49,1771139.5,TSM-US
TSM-US,2026-03-31,2026Q1,2026,20260416,20260415,Li Yen Chen,Capital Securities Asia,1128,14.007279,20260410,5,3.4894,341.49,1771139.5,TSM-US
TSM-US,2026-03-31,2026Q1,2026,20260416,20260415,Stefan Chang,Aletheia Capital,2859,16.176031,20260409,6,3.4894,341.49,1771139.5,TSM-US
TSM-US,2026-03-31,2026Q1,2026,20260416,20260415,Stephano Gabriel,Itau Securities,1394,11.88,20251003,194,3.4894,341.49,1771139.5,TSM-US
TSM-US,2026-03-31,2026Q1,2026,20260416,20260415,Wayne Lin,Yuanta Research,762,14.6765585,20260409,6,3.4894,341.49,1771139.5,TSM-US
TSM-US,2026-03-31,2026Q1,2026,20260416,20260415,Felix Pan,KGI Securities,671,15.204208,20260409,6,3.4894,341.49,1771139.5,TSM-US
TSM-US,2026-03-31,2026Q1,2026,20260416,20260415,Aaron Jeng,Nomura Research,143,,20260409,6,3.4894,341.49,1771139.5,TSM-US
TSM-US,2026-03-31,2026Q1,2026,20260416,20260415,Mehdi Hosseini,Susquehanna Financial Group,974,15.65,20260408,7,3.4894,341.49,1771139.5,TSM-US
TSM-US,2026-03-31,2026Q1,2026,20260416,20260415,Kevin Wang,Mizuho Securities Asia Ex Japan,1819,14.346684,20260115,90,3.4894,341.49,1771139.5,TSM-US
TSM-US,2026-03-31,2026Q1,2026,20260416,20260415,Sherman Shang,Fubon Securities,1084,15.058,20260407,8,3.4894,341.49,1771139.5,TSM-US
TSM-US,2026-03-31,2026Q1,2026,20260416,20260415,Krish Sankar,TD Cowen,917,14.225776,20260407,8,3.4894,341.49,1771139.5,TSM-US
TSM-US,2026-03-31,2026Q1,2026,20260416,20260415,Jack Zhou,China Renaissance Securities (US),2903,15.696646,20260401,14,3.4894,341.49,1771139.5,TSM-US
TSM-US,2026-03-31,2026Q1,2026,20260416,20260415,Ian Chi,Cathay Securities,3216,14.886244,20260202,72,3.4894,341.49,1771139.5,TSM-US
TSM-US,2026-03-31,2026Q1,2026,20260416,20260415,Pei Wen Chen,Mega Intl Invst Serv,1175,11.956165,20260313,33,3.4894,341.49,1771139.5,TSM-US
TSM-US,2026-03-31,2026Q1,2026,20260416,20260415,Yen Chun Wang,SinoPac Securities Investment Services,1120,14.61565,20260304,42,3.4894,341.49,1771139.5,TSM-US
TSM-US,2026-03-31,2026Q1,2026,20260416,20260415,Gil Luria,DA Davidson,556,14.37,20260210,64,3.4894,341.49,1771139.5,TSM-US
TSM-US,2026-03-31,2026Q1,2026,20260416,20260415,Ling Ji Cao,First Shanghai,1701,12.326119,20260202,72,3.4894,341.49,1771139.5,TSM-US
TSM-US,2026-03-31,2026Q1,2026,20260416,20260415,Egor Tolmachev,Freedom Broker,3713,14.161575,20260121,84,3.4894,341.49,1771139.5,TSM-US
TSM-US,2026-03-31,2026Q1,2026,20260416,20260415,Tony Shen,SPDB International,3451,14.4766865,20260116,89,3.4894,341.49,1771139.5,TSM-US
TSM-US,2026-03-31,2026Q1,2026,20260416,20260415,Barney Yao,Haitong International Research,2898,13.970064,20260115,90,3.4894,341.49,1771139.5,TSM-US
TSM-US,2026-03-31,2026Q1,2026,20260416,20260415,Dawei Wang,Bocom International,1746,14.370159,20260115,90,3.4894,341.49,1771139.5,TSM-US
TSM-US,2026-03-31,2026Q1,2026,20260416,20260415,Pierre Ferragu,New Street Research,1634,14.85,20260115,90,3.4894,341.49,1771139.5,TSM-US
TSM-US,2026-03-31,2026Q1,2026,20260416,20260415,Leping Huang,Huatai Research,1271,14.731924,20260115,90,3.4894,341.49,1771139.5,TSM-US
TSM-US,2026-03-31,2026Q1,2026,20260416,20260415,Heping Qin,Guotai Haitong Securities China,1094,14.429398,20260115,90,3.4894,341.49,1771139.5,TSM-US
TSM-US,2026-03-31,2026Q1,2026,20260416,20260415,Sarena Hsu,Masterlink Securities,731,14.073018,20260115,90,3.4894,341.49,1771139.5,TSM-US
TSM-US,2026-03-31,2026Q1,2026,20260416,20260415,Charles Shi,Needham,477,13.269977,20260115,90,3.4894,341.49,1771139.5,TSM-US
TSM-US,2026-03-31,2026Q1,2026,20260416,20260415,Jim Hin Kwong Au,DBS Bank,469,12.243605,20260114,91,3.4894,341.49,1771139.5,TSM-US
TSM-US,2026-03-31,2026Q1,2026,20260416,20260415,Rick Hsu,Daiwa Securities Co. Ltd.,467,14.752673,20260115,90,3.4894,341.49,1771139.5,TSM-US
TSM-US,2026-03-31,2026Q1,2026,20260416,20260415,James Kelleher,Argus Research,376,14.55,20260115,90,3.4894,341.49,1771139.5,TSM-US
TSM-US,2025-12-31,2025Q4,2025,20260115,20260114,Jim Hin Kwong Au,DBS Bank,469,12.233529,20260114,0,3.1416,303.89,1576127.0,TSM-US
TSM-US,2025-12-31,2025Q4,2025,20260115,20260114,Pierre Ferragu,New Street Research,1634,14.25,20260106,8,3.1416,303.89,1576127.0,TSM-US
TSM-US,2025-12-31,2025Q4,2025,20260115,20260114,Li Yen Chen,Capital Securities Asia,1128,12.7669325,20260101,13,3.1416,303.89,1576127.0,TSM-US
TSM-US,2025-12-31,2025Q4,2025,20260115,20260114,Krish Sankar,TD Cowen,917,12.75,20260112,2,3.1416,303.89,1576127.0,TSM-US
TSM-US,2025-12-31,2025Q4,2025,20260115,20260114,Anthony Lau,Yuanta Research,762,13.392871,20260112,2,3.1416,303.89,1576127.0,TSM-US
TSM-US,2025-12-31,2025Q4,2025,20260115,20260114,Barney Yao,Haitong International Research,2898,14.352327,20260109,5,3.1416,303.89,1576127.0,TSM-US
TSM-US,2025-12-31,2025Q4,2025,20260115,20260114,Stephano Gabriel,Itau Securities,1394,11.88,20251003,103,3.1416,303.89,1576127.0,TSM-US
TSM-US,2025-12-31,2025Q4,2025,20260115,20260114,Pei Wen Chen,Mega Intl Invst Serv,1175,12.088833,20251125,50,3.1416,303.89,1576127.0,TSM-US
TSM-US,2025-12-31,2025Q4,2025,20260115,20260114,Mark Li,Bernstein Research,1140,,20260108,6,3.1416,303.89,1576127.0,TSM-US
TSM-US,2025-12-31,2025Q4,2025,20260115,20260114,Mehdi Hosseini,Susquehanna Financial Group,974,13.244289,20251107,68,3.1416,303.89,1576127.0,TSM-US
TSM-US,2025-12-31,2025Q4,2025,20260115,20260114,Matthew Bryson,Wedbush Securities,590,12.128349,20260109,5,3.1416,303.89,1576127.0,TSM-US
TSM-US,2025-12-31,2025Q4,2025,20260115,20260114,Sherman Shang,Fubon Securities,1084,13.303029,20260108,6,3.1416,303.89,1576127.0,TSM-US
TSM-US,2025-12-31,2025Q4,2025,20260115,20260114,Aaron Jeng,Nomura Research,143,,20260107,7,3.1416,303.89,1576127.0,TSM-US
TSM-US,2025-12-31,2025Q4,2025,20260115,20260114,Robert Sanders,Deutsche Bank Research,77,12.727705,20251016,90,3.1416,303.89,1576127.0,TSM-US
TSM-US,2025-12-31,2025Q4,2025,20260115,20260114,Felix Pan,KGI Securities,671,12.803213,20260105,9,3.1416,303.89,1576127.0,TSM-US
TSM-US,2025-12-31,2025Q4,2025,20260115,20260114,Kevin Wang,Mizuho Securities Asia Ex Japan,1819,13.144514,20260102,12,3.1416,303.89,1576127.0,TSM-US
TSM-US,2025-12-31,2025Q4,2025,20260115,20260114,Leping Huang,Huatai Research,1271,12.073444,20260102,12,3.1416,303.89,1576127.0,TSM-US
TSM-US,2025-12-31,2025Q4,2025,20260115,20260114,Charles Shi,Needham,477,12.427279,20260102,12,3.1416,303.89,1576127.0,TSM-US
TSM-US,2025-12-31,2025Q4,2025,20260115,20260114,Stefan Chang,Aletheia Capital,2859,15.4310055,20260101,13,3.1416,303.89,1576127.0,TSM-US
TSM-US,2025-12-31,2025Q4,2025,20260115,20260114,Jun Yun Chen,Citic Securities,1123,12.0,20251230,15,3.1416,303.89,1576127.0,TSM-US
TSM-US,2025-12-31,2025Q4,2025,20260115,20260114,Ling Ji Cao,First Shanghai,1701,11.99193,20251021,85,3.1416,303.89,1576127.0,TSM-US
TSM-US,2025-12-31,2025Q4,2025,20260115,20260114,Felix Hsu,IBF Securities,3105,12.859337,20251016,90,3.1416,303.89,1576127.0,TSM-US
TSM-US,2025-12-31,2025Q4,2025,20260115,20260114,Cheng Chieh Tsai,First Capital Management,1173,12.385961,20251210,35,3.1416,303.89,1576127.0,TSM-US
TSM-US,2025-12-31,2025Q4,2025,20260115,20260114,Jun Xia,Guosheng Securities,3586,12.7388525,20251028,78,3.1416,303.89,1576127.0,TSM-US
TSM-US,2025-12-31,2025Q4,2025,20260115,20260114,Rong Jin,Huaan Securities,3624,12.62453,20251020,86,3.1416,303.89,1576127.0,TSM-US
TSM-US,2025-12-31,2025Q4,2025,20260115,20260114,Dawei Wang,Bocom International,1746,12.385112,20251016,90,3.1416,303.89,1576127.0,TSM-US
TSM-US,2025-12-31,2025Q4,2025,20260115,20260114,Heping Qin,Guotai Haitong Securities China,1094,13.818111,20251016,90,3.1416,303.89,1576127.0,TSM-US
TSM-US,2025-12-31,2025Q4,2025,20260115,20260114,Tony Shen,SPDB International,3451,12.037764,20251016,90,3.1416,303.89,1576127.0,TSM-US
TSM-US,2025-12-31,2025Q4,2025,20260115,20260114,Sarena Hsu,Masterlink Securities,731,12.312166,20251016,90,3.1416,303.89,1576127.0,TSM-US
TSM-US,2025-12-31,2025Q4,2025,20260115,20260114,Rick Hsu,Daiwa Securities Co. Ltd.,467,12.645532,20251016,90,3.1416,303.89,1576127.0,TSM-US
TSM-US,2025-12-31,2025Q4,2025,20260115,20260114,James Kelleher,Argus Research,376,11.91,20251016,90,3.1416,303.89,1576127.0,TSM-US
TSM-US,2025-09-30,2025Q3,2025,20251016,20251015,Cheng Chieh Tsai,First Capital Management,1173,10.974431,20250929,16,2.915,288.11,1494289.0,TSM-US
TSM-US,2025-09-30,2025Q3,2025,20251016,20251015,Li Yen Chen,Capital Securities Asia,1128,11.916514,20251006,9,2.915,288.11,1494289.0,TSM-US
TSM-US,2025-09-30,2025Q3,2025,20251016,20251015,Felix Hsu,IBF Securities,3105,11.722644,20250912,33,2.915,288.11,1494289.0,TSM-US
TSM-US,2025-09-30,2025Q3,2025,20251016,20251015,Barney Yao,Haitong International Research,2898,13.347857,20251014,1,2.915,288.11,1494289.0,TSM-US
TSM-US,2025-09-30,2025Q3,2025,20251016,20251015,Leping Huang,Huatai Research,1271,11.41315,20251014,1,2.915,288.11,1494289.0,TSM-US
TSM-US,2025-09-30,2025Q3,2025,20251016,20251015,Robert Sanders,Deutsche Bank Research,77,10.689667,20251014,1,2.915,288.11,1494289.0,TSM-US
TSM-US,2025-09-30,2025Q3,2025,20251016,20251015,Sherman Shang,Fubon Securities,1084,12.200953,20251010,5,2.915,288.11,1494289.0,TSM-US
TSM-US,2025-09-30,2025Q3,2025,20251016,20251015,Krish Sankar,TD Cowen,917,10.4,20251010,5,2.915,288.11,1494289.0,TSM-US
TSM-US,2025-09-30,2025Q3,2025,20251016,20251015,Mehdi Hosseini,Susquehanna Financial Group,974,11.78,20251009,6,2.915,288.11,1494289.0,TSM-US
TSM-US,2025-09-30,2025Q3,2025,20251016,20251015,Stephano Gabriel,Itau Securities,1394,11.9,20251003,12,2.915,288.11,1494289.0,TSM-US
TSM-US,2025-09-30,2025Q3,2025,20251016,20251015,Mark Li,Bernstein Research,1140,,20251003,12,2.915,288.11,1494289.0,TSM-US
TSM-US,2025-09-30,2025Q3,2025,20251016,20251015,Anthony Lau,Yuanta Research,762,11.447805,20251008,7,2.915,288.11,1494289.0,TSM-US
TSM-US,2025-09-30,2025Q3,2025,20251016,20251015,Matthew Bryson,Wedbush Securities,590,11.377373,20251008,7,2.915,288.11,1494289.0,TSM-US
TSM-US,2025-09-30,2025Q3,2025,20251016,20251015,Aaron Jeng,Nomura Research,143,,20251008,7,2.915,288.11,1494289.0,TSM-US
TSM-US,2025-09-30,2025Q3,2025,20251016,20251015,Yen Chun Wang,SinoPac Securities Investment Services,1120,10.72905,20250918,27,2.915,288.11,1494289.0,TSM-US
TSM-US,2025-09-30,2025Q3,2025,20251016,20251015,Felix Pan,KGI Securities,671,12.310926,20251001,14,2.915,288.11,1494289.0,TSM-US
TSM-US,2025-09-30,2025Q3,2025,20251016,20251015,Kevin Wang,Mizuho Securities Asia Ex Japan,1819,11.643937,20250926,19,2.915,288.11,1494289.0,TSM-US
TSM-US,2025-09-30,2025Q3,2025,20251016,20251015,Warren Lau,Aletheia Capital,2859,13.624564,20250922,23,2.915,288.11,1494289.0,TSM-US
TSM-US,2025-09-30,2025Q3,2025,20251016,20251015,Ling Ji Cao,First Shanghai,1701,12.258689,20250721,86,2.915,288.11,1494289.0,TSM-US
TSM-US,2025-09-30,2025Q3,2025,20251016,20251015,Jim Hin Kwong Au,DBS Bank,469,11.833443,20250717,90,2.915,288.11,1494289.0,TSM-US
TSM-US,2025-09-30,2025Q3,2025,20251016,20251015,Colin Liu,China Renaissance Securities (US),2903,12.311892,20250718,89,2.915,288.11,1494289.0,TSM-US
TSM-US,2025-09-30,2025Q3,2025,20251016,20251015,Heping Qin,Guotai Haitong Securities China,1094,12.748232,20250717,90,2.915,288.11,1494289.0,TSM-US
TSM-US,2025-09-30,2025Q3,2025,20251016,20251015,Tony Shen,SPDB International,3451,11.493471,20250717,90,2.915,288.11,1494289.0,TSM-US
TSM-US,2025-09-30,2025Q3,2025,20251016,20251015,Sarena Hsu,Masterlink Securities,731,11.435664,20250717,90,2.915,288.11,1494289.0,TSM-US
TSM-US,2025-09-30,2025Q3,2025,20251016,20251015,Charles Shi,Needham,477,10.298219,20250717,90,2.915,288.11,1494289.0,TSM-US
TSM-US,2025-09-30,2025Q3,2025,20251016,20251015,Rick Hsu,Daiwa Securities Co. Ltd.,467,10.192124,20250717,90,2.915,288.11,1494289.0,TSM-US
TSM-US,2025-09-30,2025Q3,2025,20251016,20251015,James Kelleher,Argus Research,376,11.58,20250717,90,2.915,288.11,1494289.0,TSM-US
TSM-US,2025-06-30,2025Q2,2025,20250717,20250716,Cheng Chieh Tsai,First Capital Management,1173,11.062699,20250715,1,2.4865,233.6,1211571.8,TSM-US
TSM-US,2025-06-30,2025Q2,2025,20250717,20250716,Li Yen Chen,Capital Securities Asia,1128,11.66071,20250702,14,2.4865,233.6,1211571.8,TSM-US
TSM-US,2025-06-30,2025Q2,2025,20250717,20250716,Barney Yao,Haitong International Research,2898,13.90263,20250715,1,2.4865,233.6,1211571.8,TSM-US
TSM-US,2025-06-30,2025Q2,2025,20250717,20250716,Aaron Jeng,Nomura Research,143,,20250715,1,2.4865,233.6,1211571.8,TSM-US
TSM-US,2025-06-30,2025Q2,2025,20250717,20250716,Robert Sanders,Deutsche Bank Research,77,11.481008,20250711,5,2.4865,233.6,1211571.8,TSM-US
TSM-US,2025-06-30,2025Q2,2025,20250717,20250716,Mehdi Hosseini,Susquehanna Financial Group,974,10.47,20250711,5,2.4865,233.6,1211571.8,TSM-US
TSM-US,2025-06-30,2025Q2,2025,20250717,20250716,Felix Pan,KGI Securities,671,11.318979,20250711,5,2.4865,233.6,1211571.8,TSM-US
TSM-US,2025-06-30,2025Q2,2025,20250717,20250716,Kevin Wang,Mizuho Securities Asia Ex Japan,1819,11.066072,20250418,89,2.4865,233.6,1211571.8,TSM-US
TSM-US,2025-06-30,2025Q2,2025,20250717,20250716,Mark Li,Bernstein Research,1140,,20250707,9,2.4865,233.6,1211571.8,TSM-US
TSM-US,2025-06-30,2025Q2,2025,20250717,20250716,Sherman Shang,Fubon Securities,1084,10.655584,20250710,6,2.4865,233.6,1211571.8,TSM-US
TSM-US,2025-06-30,2025Q2,2025,20250717,20250716,Matthew Bryson,Wedbush Securities,590,11.28842,20250709,7,2.4865,233.6,1211571.8,TSM-US
TSM-US,2025-06-30,2025Q2,2025,20250717,20250716,Krish Sankar,TD Cowen,917,10.5,20250709,7,2.4865,233.6,1211571.8,TSM-US
TSM-US,2025-06-30,2025Q2,2025,20250717,20250716,Felix Hsu,IBF Securities,3105,10.905787,20250418,89,2.4865,233.6,1211571.8,TSM-US
TSM-US,2025-06-30,2025Q2,2025,20250717,20250716,Charles Shi,Needham,477,10.422088,20250630,16,2.4865,233.6,1211571.8,TSM-US
TSM-US,2025-06-30,2025Q2,2025,20250717,20250716,Rick Hsu,Daiwa Securities Co. Ltd.,467,10.488558,20250418,89,2.4865,233.6,1211571.8,TSM-US
TSM-US,2025-06-30,2025Q2,2025,20250717,20250716,Anthony Lau,Yuanta Research,762,11.294078,20250612,34,2.4865,233.6,1211571.8,TSM-US
TSM-US,2025-06-30,2025Q2,2025,20250717,20250716,Dawei Wang,Bocom International,1746,11.481359,20250509,68,2.4865,233.6,1211571.8,TSM-US
TSM-US,2025-06-30,2025Q2,2025,20250717,20250716,Egor Tolmachev,Freedom Broker,3713,10.71,20250424,83,2.4865,233.6,1211571.8,TSM-US
TSM-US,2025-06-30,2025Q2,2025,20250717,20250716,Rong Jin,Huaan Securities,3624,10.805245,20250424,83,2.4865,233.6,1211571.8,TSM-US
TSM-US,2025-06-30,2025Q2,2025,20250717,20250716,Ling Ji Cao,First Shanghai,1701,9.913774,20250424,83,2.4865,233.6,1211571.8,TSM-US
TSM-US,2025-06-30,2025Q2,2025,20250717,20250716,Tony Shen,SPDB International,3451,11.253223,20250418,89,2.4865,233.6,1211571.8,TSM-US
TSM-US,2025-06-30,2025Q2,2025,20250717,20250716,Colin Liu,China Renaissance Securities (US),2903,11.94502,20250418,89,2.4865,233.6,1211571.8,TSM-US
TSM-US,2025-06-30,2025Q2,2025,20250717,20250716,Seung-Woo Lee,Eugene Investment & Securities,1775,11.062595,20250418,89,2.4865,233.6,1211571.8,TSM-US
TSM-US,2025-06-30,2025Q2,2025,20250717,20250716,Leping Huang,Huatai Research,1271,10.96728,20250213,153,2.4865,233.6,1211571.8,TSM-US
TSM-US,2025-06-30,2025Q2,2025,20250717,20250716,James Kelleher,Argus Research,376,11.12,20250418,89,2.4865,233.6,1211571.8,TSM-US
TSM-US,2025-06-30,2025Q2,2025,20250717,20250716,Warren Lau,Aletheia Capital,2859,11.913319,20250411,96,2.4865,233.6,1211571.8,TSM-US
TSM-US,2025-03-31,2025Q1,2025,20250417,20250416,Mark Li,Bernstein Research,1140,,20250410,6,2.12,157.38,816258.75,TSM-US
TSM-US,2025-03-31,2025Q1,2025,20250417,20250416,Matthew Bryson,Wedbush Securities,590,10.885223,20250415,1,2.12,157.38,816258.75,TSM-US
TSM-US,2025-03-31,2025Q1,2025,20250417,20250416,Rick Hsu,Daiwa Securities Co. Ltd.,467,10.825511,20250415,1,2.12,157.38,816258.75,TSM-US
TSM-US,2025-03-31,2025Q1,2025,20250417,20250416,Barney Yao,Haitong International Research,2898,11.465644,20250414,2,2.12,157.38,816258.75,TSM-US
TSM-US,2025-03-31,2025Q1,2025,20250417,20250416,Warren Lau,Aletheia Capital,2859,11.913319,20250411,5,2.12,157.38,816258.75,TSM-US
TSM-US,2025-03-31,2025Q1,2025,20250417,20250416,Sherman Shang,Fubon Securities,1084,10.044503,20250411,5,2.12,157.38,816258.75,TSM-US
TSM-US,2025-03-31,2025Q1,2025,20250417,20250416,Aaron Jeng,Nomura Research,143,,20250411,5,2.12,157.38,816258.75,TSM-US
TSM-US,2025-03-31,2025Q1,2025,20250417,20250416,Robert Sanders,Deutsche Bank Research,77,11.208002,20250117,89,2.12,157.38,816258.75,TSM-US
TSM-US,2025-03-31,2025Q1,2025,20250417,20250416,Chih Sheng Tsai,IBF Securities,3105,10.485147,20250204,71,2.12,157.38,816258.75,TSM-US
TSM-US,2025-03-31,2025Q1,2025,20250417,20250416,Li Yen Chen,Capital Securities Asia,1128,9.123124,20250404,12,2.12,157.38,816258.75,TSM-US
TSM-US,2025-03-31,2025Q1,2025,20250417,20250416,Krish Sankar,TD Cowen,917,10.45,20250304,43,2.12,157.38,816258.75,TSM-US
TSM-US,2025-03-31,2025Q1,2025,20250417,20250416,Jorge Chang,Yuanta Research,762,10.134746,20250409,7,2.12,157.38,816258.75,TSM-US
TSM-US,2025-03-31,2025Q1,2025,20250417,20250416,Felix Hsu,Cathay Securities,3216,10.764723,20250116,90,2.12,157.38,816258.75,TSM-US
TSM-US,2025-03-31,2025Q1,2025,20250417,20250416,Kevin Wang,Mizuho Securities Asia Ex Japan,1819,10.938535,20250401,15,2.12,157.38,816258.75,TSM-US
TSM-US,2025-03-31,2025Q1,2025,20250417,20250416,Felix Pan,KGI Securities,671,10.253746,20250304,43,2.12,157.38,816258.75,TSM-US
TSM-US,2025-03-31,2025Q1,2025,20250417,20250416,Pierre Ferragu,New Street Research,1634,11.085969,20250116,90,2.12,157.38,816258.75,TSM-US
TSM-US,2025-03-31,2025Q1,2025,20250417,20250416,Charles Shi,Needham,477,10.8612,20250116,90,2.12,157.38,816258.75,TSM-US
TSM-US,2025-03-31,2025Q1,2025,20250417,20250416,Mehdi Hosseini,Susquehanna Financial Group,974,10.767378,20250218,57,2.12,157.38,816258.75,TSM-US
TSM-US,2025-03-31,2025Q1,2025,20250417,20250416,Leping Huang,Huatai Research,1271,10.865394,20250116,90,2.12,157.38,816258.75,TSM-US
TSM-US,2025-03-31,2025Q1,2025,20250417,20250416,Ling Ji Cao,First Shanghai,1701,10.348933,20250121,85,2.12,157.38,816258.75,TSM-US
TSM-US,2025-03-31,2025Q1,2025,20250417,20250416,Tony Shen,SPDB International,3451,11.009203,20241021,177,2.12,157.38,816258.75,TSM-US
TSM-US,2025-03-31,2025Q1,2025,20250417,20250416,Colin Liu,China Renaissance Securities (US),2903,11.798828,20250116,90,2.12,157.38,816258.75,TSM-US
TSM-US,2025-03-31,2025Q1,2025,20250417,20250416,Alex Bai,ABCI Securities,2281,11.769977,20250116,90,2.12,157.38,816258.75,TSM-US
TSM-US,2025-03-31,2025Q1,2025,20250417,20250416,James Kelleher,Argus Research,376,9.26,20250116,90,2.12,157.38,816258.75,TSM-US
TSM-US,2024-12-31,2024Q4,2024,20250116,20250115,Mark Li,Bernstein Research,1140,,20250114,1,2.2344,197.49,1024291.2,TSM-US
TSM-US,2024-12-31,2024Q4,2024,20250116,20250115,Matthew Bryson,Wedbush Securities,590,10.320418,20250109,6,2.2344,197.49,1024291.2,TSM-US
TSM-US,2024-12-31,2024Q4,2024,20250116,20250115,Aaron Jeng,Nomura Research,143,,20250113,2,2.2344,197.49,1024291.2,TSM-US
TSM-US,2024-12-31,2024Q4,2024,20250116,20250115,Li Yen Chen,Capital Securities Asia,1128,10.209633,20241118,58,2.2344,197.49,1024291.2,TSM-US
TSM-US,2024-12-31,2024Q4,2024,20250116,20250115,Krish Sankar,TD Cowen,917,9.0,20250110,5,2.2344,197.49,1024291.2,TSM-US
TSM-US,2024-12-31,2024Q4,2024,20250116,20250115,Jorge Chang,Yuanta Research,762,10.75908,20250108,7,2.2344,197.49,1024291.2,TSM-US
TSM-US,2024-12-31,2024Q4,2024,20250116,20250115,Pierre Ferragu,New Street Research,1634,11.222276,20241017,90,2.2344,197.49,1024291.2,TSM-US
TSM-US,2024-12-31,2024Q4,2024,20250116,20250115,Sherman Shang,Fubon Securities,1084,11.06953,20250106,9,2.2344,197.49,1024291.2,TSM-US
TSM-US,2024-12-31,2024Q4,2024,20250116,20250115,Kevin Wang,Mizuho Securities Asia Ex Japan,1819,11.193373,20241017,90,2.2344,197.49,1024291.2,TSM-US
TSM-US,2024-12-31,2024Q4,2024,20250116,20250115,Felix Pan,KGI Securities,671,10.868046,20241127,49,2.2344,197.49,1024291.2,TSM-US
TSM-US,2024-12-31,2024Q4,2024,20250116,20250115,Robert Sanders,Deutsche Bank Research,77,10.594406,20241018,89,2.2344,197.49,1024291.2,TSM-US
TSM-US,2024-12-31,2024Q4,2024,20250116,20250115,Warren Lau,Aletheia Capital,2859,12.142857,20250103,12,2.2344,197.49,1024291.2,TSM-US
TSM-US,2024-12-31,2024Q4,2024,20250116,20250115,Charles Shi,Needham,477,10.705167,20250103,12,2.2344,197.49,1024291.2,TSM-US
TSM-US,2024-12-31,2024Q4,2024,20250116,20250115,Felix Hsu,Cathay Securities,3216,10.910183,20241211,35,2.2344,197.49,1024291.2,TSM-US
TSM-US,2024-12-31,2024Q4,2024,20250116,20250115,Alex Bai,ABCI Securities,2281,10.922651,20241216,30,2.2344,197.49,1024291.2,TSM-US
TSM-US,2024-12-31,2024Q4,2024,20250116,20250115,Rick Hsu,Daiwa Securities Co. Ltd.,467,10.681508,20241017,90,2.2344,197.49,1024291.2,TSM-US
TSM-US,2024-12-31,2024Q4,2024,20250116,20250115,Colin Liu,China Renaissance Securities (US),2903,11.021284,20241017,90,2.2344,197.49,1024291.2,TSM-US
TSM-US,2024-12-31,2024Q4,2024,20250116,20250115,Jun Xia,Guosheng Securities,3586,10.445086,20241018,89,2.2344,197.49,1024291.2,TSM-US
TSM-US,2024-12-31,2024Q4,2024,20250116,20250115,Tony Shen,SPDB International,3451,10.96752,20241021,86,2.2344,197.49,1024291.2,TSM-US
TSM-US,2024-12-31,2024Q4,2024,20250116,20250115,Ling Ji Cao,First Shanghai,1701,10.044433,20241021,86,2.2344,197.49,1024291.2,TSM-US
TSM-US,2024-12-31,2024Q4,2024,20250116,20250115,Rong Jin,Huaan Securities,3624,10.476265,20241018,89,2.2344,197.49,1024291.2,TSM-US
TSM-US,2024-12-31,2024Q4,2024,20250116,20250115,Leping Huang,Huatai Research,1271,11.08738,20241017,90,2.2344,197.49,1024291.2,TSM-US
TSM-US,2024-12-31,2024Q4,2024,20250116,20250115,Heping Qin,Guotai Haitong Securities China,1094,11.940113,20241017,90,2.2344,197.49,1024291.2,TSM-US
TSM-US,2024-12-31,2024Q4,2024,20250116,20250115,Jeff Pu,Haitong International Research,2898,10.458482,20241017,90,2.2344,197.49,1024291.2,TSM-US
TSM-US,2024-09-30,2024Q3,2024,20241017,20241016,Pierre Ferragu,New Street Research,1634,10.746742,20240905,41,1.9407,179.48,930881.44,TSM-US
TSM-US,2024-09-30,2024Q3,2024,20241017,20241016,Jeff Pu,Haitong International Research,2898,9.929677,20240718,90,1.9407,179.48,930881.44,TSM-US
TSM-US,2024-09-30,2024Q3,2024,20241017,20241016,Jorge Chang,Yuanta Research,762,10.010987,20241001,15,1.9407,179.48,930881.44,TSM-US
TSM-US,2024-09-30,2024Q3,2024,20241017,20241016,Matthew Bryson,Wedbush Securities,590,10.2378845,20241008,8,1.9407,179.48,930881.44,TSM-US
TSM-US,2024-09-30,2024Q3,2024,20241017,20241016,Robert Sanders,Deutsche Bank Research,77,9.937708,20241014,2,1.9407,179.48,930881.44,TSM-US
TSM-US,2024-09-30,2024Q3,2024,20241017,20241016,Warren Lau,Aletheia Capital,2859,11.493538,20241004,12,1.9407,179.48,930881.44,TSM-US
TSM-US,2024-09-30,2024Q3,2024,20241017,20241016,Mark Li,Bernstein Research,1140,,20241008,8,1.9407,179.48,930881.44,TSM-US
TSM-US,2024-09-30,2024Q3,2024,20241017,20241016,Aaron Jeng,Nomura Research,143,,20241009,7,1.9407,179.48,930881.44,TSM-US
TSM-US,2024-09-30,2024Q3,2024,20241017,20241016,Alex Bai,ABCI Securities,2281,10.24329,20241002,14,1.9407,179.48,930881.44,TSM-US
TSM-US,2024-09-30,2024Q3,2024,20241017,20241016,Kevin Wang,Mizuho Securities Asia Ex Japan,1819,10.613718,20241001,15,1.9407,179.48,930881.44,TSM-US
TSM-US,2024-09-30,2024Q3,2024,20241017,20241016,Rong Jin,Huaan Securities,3624,9.632224,20240924,22,1.9407,179.48,930881.44,TSM-US
TSM-US,2024-09-30,2024Q3,2024,20241017,20241016,Chun Sheng Xie,Huatai Research,1271,9.074176,20240718,90,1.9407,179.48,930881.44,TSM-US
TSM-US,2024-09-30,2024Q3,2024,20241017,20241016,Colin Liu,China Renaissance Securities (US),2903,9.352508,20240719,89,1.9407,179.48,930881.44,TSM-US
TSM-US,2024-09-30,2024Q3,2024,20241017,20241016,Felix Hsu,Cathay Securities,3216,8.739913,20240718,90,1.9407,179.48,930881.44,TSM-US
TSM-US,2024-09-30,2024Q3,2024,20241017,20241016,Tony Shen,SPDB International,3451,9.759885,20240724,84,1.9407,179.48,930881.44,TSM-US
TSM-US,2024-09-30,2024Q3,2024,20241017,20241016,Heping Qin,Guotai Haitong Securities China,1094,10.003681,20240718,90,1.9407,179.48,930881.44,TSM-US
TSM-US,2024-09-30,2024Q3,2024,20241017,20241016,Ling Ji Cao,First Shanghai,1701,9.387079,20240718,90,1.9407,179.48,930881.44,TSM-US
TSM-US,2024-09-30,2024Q3,2024,20241017,20241016,Rick Hsu,Daiwa Securities Co. Ltd.,467,10.11427,20240718,90,1.9407,179.48,930881.44,TSM-US
TSM-US,2024-06-28,2024Q2,2024,20240718,20240717,Mark Li,Bernstein Research,1140,,20240618,29,1.4777,182.49,946525.7,TSM-US
TSM-US,2024-06-28,2024Q2,2024,20240718,20240717,Matthew Bryson,Wedbush Securities,590,10.237719,20240709,8,1.4777,182.49,946525.7,TSM-US
TSM-US,2024-06-28,2024Q2,2024,20240718,20240717,Aaron Jeng,Nomura Research,143,,20240710,7,1.4777,182.49,946525.7,TSM-US
TSM-US,2024-06-28,2024Q2,2024,20240718,20240717,Jeff Pu,Haitong International Research,2898,9.694457,20240709,8,1.4777,182.49,946525.7,TSM-US
TSM-US,2024-06-28,2024Q2,2024,20240718,20240717,Jorge Chang,Yuanta Research,762,9.395405,20240704,13,1.4777,182.49,946525.7,TSM-US
TSM-US,2024-06-28,2024Q2,2024,20240718,20240717,Ling Ji Cao,First Shanghai,1701,9.11817,20240703,14,1.4777,182.49,946525.7,TSM-US
TSM-US,2024-06-28,2024Q2,2024,20240718,20240717,Kevin Wang,Mizuho Securities Asia Ex Japan,1819,9.657398,20240701,16,1.4777,182.49,946525.7,TSM-US
TSM-US,2024-06-28,2024Q2,2024,20240718,20240717,Robert Sanders,Deutsche Bank Research,77,8.102628,20240418,90,1.4777,182.49,946525.7,TSM-US
TSM-US,2024-06-28,2024Q2,2024,20240718,20240717,Felix Hsu,Cathay Securities,3216,8.085382,20240619,28,1.4777,182.49,946525.7,TSM-US
TSM-US,2024-06-28,2024Q2,2024,20240718,20240717,Parth Talsania,Equisights,3723,8.55,20240119,180,1.4777,182.49,946525.7,TSM-US
TSM-US,2024-06-28,2024Q2,2024,20240718,20240717,Ishan Majumdar,Baptista Research,3454,8.57,20240312,127,1.4777,182.49,946525.7,TSM-US
TSM-US,2024-06-28,2024Q2,2024,20240718,20240717,Heping Qin,Guotai Haitong Securities China,1094,9.284796,20240422,86,1.4777,182.49,946525.7,TSM-US
TSM-US,2024-06-28,2024Q2,2024,20240718,20240717,Szeho Ng,China Renaissance Securities (US),2903,8.733827,20240410,98,1.4777,182.49,946525.7,TSM-US
TSM-US,2024-06-28,2024Q2,2024,20240718,20240717,Leping Huang,Huatai Research,1271,8.231439,20240418,90,1.4777,182.49,946525.7,TSM-US
TSM-US,2024-06-28,2024Q2,2024,20240718,20240717,Rick Hsu,Daiwa Securities Co. Ltd.,467,8.691162,20240418,90,1.4777,182.49,946525.7,TSM-US
TSM-US,2024-03-29,2024Q1,2024,20240410,20240409,Mark Li,Bernstein Research,1140,,20240320,20,1.3831,138.84,720163.94,TSM-US
TSM-US,2024-03-29,2024Q1,2024,20240410,20240409,Jorge Chang,Yuanta Research,762,8.7145605,20240403,6,1.3831,138.84,720163.94,TSM-US
TSM-US,2024-03-29,2024Q1,2024,20240410,20240409,Leping Huang,Huatai Research,1271,8.319402,20240328,12,1.3831,138.84,720163.94,TSM-US
TSM-US,2024-03-29,2024Q1,2024,20240410,20240409,Ishan Majumdar,Baptista Research,3454,8.65,20240312,28,1.3831,138.84,720163.94,TSM-US
TSM-US,2024-03-29,2024Q1,2024,20240410,20240409,Parth Talsania,Equisights,3723,8.55,20240119,81,1.3831,138.84,720163.94,TSM-US
TSM-US,2024-03-29,2024Q1,2024,20240410,20240409,Heping Qin,Guotai Haitong Securities China,1094,10.145826,20240119,81,1.3831,138.84,720163.94,TSM-US
WMB-US,2026-03-31,2026Q1,2026,20260504,20260501,Sunil K. Sibal,Seaport Research Partners,1321,2.21,20260501,0,0.7047,70.91,86712.79,WMB-US
WMB-US,2026-03-31,2026Q1,2026,20260504,20260501,Elvira Scotto,RBC Capital Markets,1269,2.36,20260402,29,0.7047,70.91,86712.79,WMB-US
WMB-US,2026-03-31,2026Q1,2026,20260504,20260501,Gabriel Moreen,Mizuho Securities USA,1802,2.31,20260429,2,0.7047,70.91,86712.79,WMB-US
WMB-US,2026-03-31,2026Q1,2026,20260504,20260501,James Carreker,U.S. Capital Advisors,1866,2.19,20260320,42,0.7047,70.91,86712.79,WMB-US
WMB-US,2026-03-31,2026Q1,2026,20260504,20260501,Brandon Bingham,Scotiabank GBM,810,2.2036,20260211,79,0.7047,70.91,86712.79,WMB-US
WMB-US,2026-03-31,2026Q1,2026,20260504,20260501,Julien Dumoulin-Smith,Jefferies,512,2.18,20260409,22,0.7047,70.91,86712.79,WMB-US
WMB-US,2026-03-31,2026Q1,2026,20260504,20260501,Robert Catellier,CIBC Capital Markets,183,2.309072,20260422,9,0.7047,70.91,86712.79,WMB-US
WMB-US,2026-03-31,2026Q1,2026,20260504,20260501,Jason Gabelman,TD Cowen,917,2.46,20260416,15,0.7047,70.91,86712.79,WMB-US
WMB-US,2026-03-31,2026Q1,2026,20260504,20260501,Ameet Thakkar,BMO Capital Markets,181,2.39,20260417,14,0.7047,70.91,86712.79,WMB-US
WMB-US,2026-03-31,2026Q1,2026,20260504,20260501,Gabe Daoud,Truist Securities,852,2.32,20260320,42,0.7047,70.91,86712.79,WMB-US
WMB-US,2026-03-31,2026Q1,2026,20260504,20260501,Praneeth Satish,Wells Fargo Securities,596,2.2537358,20260210,80,0.7047,70.91,86712.79,WMB-US
WMB-US,2026-03-31,2026Q1,2026,20260504,20260501,William Selesky,Argus Research,376,2.46,20260217,73,0.7047,70.91,86712.79,WMB-US
WMB-US,2026-03-31,2026Q1,2026,20260504,20260501,Selman Akyol,Stifel Nicolaus,548,2.33,20260212,78,0.7047,70.91,86712.79,WMB-US
WMB-US,2025-12-31,2025Q4,2025,20260210,20260209,Sunil K. Sibal,Seaport Research Partners,1321,2.34,20260205,4,0.5979,65.48,79965.414,WMB-US
WMB-US,2025-12-31,2025Q4,2025,20260210,20260209,Praneeth Satish,Wells Fargo Securities,596,2.41,20251104,97,0.5979,65.48,79965.414,WMB-US
WMB-US,2025-12-31,2025Q4,2025,20260210,20260209,Robert Catellier,CIBC Capital Markets,183,2.23,20260126,14,0.5979,65.48,79965.414,WMB-US
WMB-US,2025-12-31,2025Q4,2025,20260210,20260209,Elvira Scotto,RBC Capital Markets,1269,2.29,20251110,91,0.5979,65.48,79965.414,WMB-US
WMB-US,2025-12-31,2025Q4,2025,20260210,20260209,James Carreker,U.S. Capital Advisors,1866,2.22,20260130,10,0.5979,65.48,79965.414,WMB-US
WMB-US,2025-12-31,2025Q4,2025,20260210,20260209,Gabriel Moreen,Mizuho Securities USA,1802,2.35,20260130,10,0.5979,65.48,79965.414,WMB-US
WMB-US,2025-12-31,2025Q4,2025,20260210,20260209,Julien Dumoulin-Smith,Jefferies,512,2.26,20260108,32,0.5979,65.48,79965.414,WMB-US
WMB-US,2025-12-31,2025Q4,2025,20260210,20260209,Brandon Bingham,Scotiabank GBM,810,2.2358656,20260115,25,0.5979,65.48,79965.414,WMB-US
WMB-US,2025-12-31,2025Q4,2025,20260210,20260209,Ameet Thakkar,BMO Capital Markets,181,2.27,20260116,24,0.5979,65.48,79965.414,WMB-US
WMB-US,2025-12-31,2025Q4,2025,20260210,20260209,Jason Gabelman,TD Cowen,917,2.45,20251105,96,0.5979,65.48,79965.414,WMB-US
WMB-US,2025-12-31,2025Q4,2025,20260210,20260209,Selman Akyol,Stifel Nicolaus,548,2.49,20251104,97,0.5979,65.48,79965.414,WMB-US
WMB-US,2025-12-31,2025Q4,2025,20260210,20260209,William Selesky,Argus Research,376,2.42,20250512,273,0.5979,65.48,79965.414,WMB-US
WMB-US,2025-09-30,2025Q3,2025,20251103,20251031,Elvira Scotto,RBC Capital Markets,1269,2.24,20251024,7,0.5274,63.06,77007.445,WMB-US
WMB-US,2025-09-30,2025Q3,2025,20251103,20251031,James Carreker,U.S. Capital Advisors,1866,2.34,20250527,157,0.5274,63.06,77007.445,WMB-US
WMB-US,2025-09-30,2025Q3,2025,20251103,20251031,Sunil K. Sibal,Seaport Research Partners,1321,2.2,20251024,7,0.5274,63.06,77007.445,WMB-US
WMB-US,2025-09-30,2025Q3,2025,20251103,20251031,Praneeth Satish,Wells Fargo Securities,596,2.34,20250806,86,0.5274,63.06,77007.445,WMB-US
WMB-US,2025-09-30,2025Q3,2025,20251103,20251031,Jason Gabelman,TD Cowen,917,2.4229,20251016,15,0.5274,63.06,77007.445,WMB-US
WMB-US,2025-09-30,2025Q3,2025,20251103,20251031,Brandon Bingham,Scotiabank GBM,810,2.2831,20251006,25,0.5274,63.06,77007.445,WMB-US
WMB-US,2025-09-30,2025Q3,2025,20251103,20251031,Selman Akyol,Stifel Nicolaus,548,2.42,20250506,178,0.5274,63.06,77007.445,WMB-US
WMB-US,2025-09-30,2025Q3,2025,20251103,20251031,Julien Dumoulin-Smith,Jefferies,512,2.4456,20251008,23,0.5274,63.06,77007.445,WMB-US
WMB-US,2025-09-30,2025Q3,2025,20251103,20251031,Robert Catellier,CIBC Capital Markets,183,2.24,20251021,10,0.5274,63.06,77007.445,WMB-US
WMB-US,2025-09-30,2025Q3,2025,20251103,20251031,Ameet Thakkar,BMO Capital Markets,181,2.4205,20251014,17,0.5274,63.06,77007.445,WMB-US
WMB-US,2025-09-30,2025Q3,2025,20251103,20251031,William Selesky,Argus Research,376,2.42,20250512,172,0.5274,63.06,77007.445,WMB-US
WMB-US,2025-09-30,2025Q3,2025,20251103,20251031,Bin Yang,Haitong International Research,2898,2.28,20250214,259,0.5274,63.06,77007.445,WMB-US
WMB-US,2025-06-30,2025Q2,2025,20250804,20250801,James Carreker,U.S. Capital Advisors,1866,2.34,20250527,66,0.446,57.68,70427.65,WMB-US
WMB-US,2025-06-30,2025Q2,2025,20250804,20250801,Sunil K. Sibal,Seaport Research Partners,1321,2.27,20250724,8,0.446,57.68,70427.65,WMB-US
WMB-US,2025-06-30,2025Q2,2025,20250804,20250801,Robert Catellier,CIBC Capital Markets,183,2.601644,20250506,87,0.446,57.68,70427.65,WMB-US
WMB-US,2025-06-30,2025Q2,2025,20250804,20250801,Selman Akyol,Stifel Nicolaus,548,2.43,20250506,87,0.446,57.68,70427.65,WMB-US
WMB-US,2025-06-30,2025Q2,2025,20250804,20250801,Brandon Bingham,Scotiabank GBM,810,2.4336321,20250711,21,0.446,57.68,70427.65,WMB-US
WMB-US,2025-06-30,2025Q2,2025,20250804,20250801,Gabriel Moreen,Mizuho Securities USA,1802,2.44,20250402,121,0.446,57.68,70427.65,WMB-US
WMB-US,2025-06-30,2025Q2,2025,20250804,20250801,Praneeth Satish,Wells Fargo Securities,596,2.3847282,20250506,87,0.446,57.68,70427.65,WMB-US
WMB-US,2025-06-30,2025Q2,2025,20250804,20250801,William Selesky,Argus Research,376,2.4,20250512,81,0.446,57.68,70427.65,WMB-US
WMB-US,2025-03-31,2025Q1,2025,20250505,20250502,Brandon Bingham,Scotiabank GBM,810,2.1757467,20250425,7,0.5634,56.44,68895.5,WMB-US
WMB-US,2025-03-31,2025Q1,2025,20250505,20250502,James Carreker,U.S. Capital Advisors,1866,2.34,20250321,42,0.5634,56.44,68895.5,WMB-US
WMB-US,2025-03-31,2025Q1,2025,20250505,20250502,Sunil K. Sibal,Seaport Research Partners,1321,2.17,20250425,7,0.5634,56.44,68895.5,WMB-US
WMB-US,2025-03-31,2025Q1,2025,20250505,20250502,Robert Catellier,CIBC Capital Markets,183,2.44859,20250423,9,0.5634,56.44,68895.5,WMB-US
WMB-US,2025-03-31,2025Q1,2025,20250505,20250502,Praneeth Satish,Wells Fargo Securities,596,2.32,20250213,78,0.5634,56.44,68895.5,WMB-US
WMB-US,2025-03-31,2025Q1,2025,20250505,20250502,Gabriel Moreen,Mizuho Securities USA,1802,2.44,20250402,30,0.5634,56.44,68895.5,WMB-US
WMB-US,2025-03-31,2025Q1,2025,20250505,20250502,Bin Yang,Haitong International Research,2898,2.28,20250214,77,0.5634,56.44,68895.5,WMB-US
WMB-US,2025-03-31,2025Q1,2025,20250505,20250502,William Selesky,Argus Research,376,2.29,20250214,77,0.5634,56.44,68895.5,WMB-US
WMB-US,2025-03-31,2025Q1,2025,20250505,20250502,Selman Akyol,Stifel Nicolaus,548,2.5,20250213,78,0.5634,56.44,68895.5,WMB-US
WMB-US,2024-12-31,2024Q4,2024,20250212,20250211,Brandon Bingham,Scotiabank GBM,810,2.4499,20250108,34,0.3961,55.33,67447.93,WMB-US
WMB-US,2024-12-31,2024Q4,2024,20250212,20250211,Gabriel Moreen,Mizuho Securities USA,1802,2.29,20241031,103,0.3961,55.33,67447.93,WMB-US
WMB-US,2024-12-31,2024Q4,2024,20250212,20250211,Sunil K. Sibal,Seaport Research Partners,1321,2.2,20250204,7,0.3961,55.33,67447.93,WMB-US
WMB-US,2024-12-31,2024Q4,2024,20250212,20250211,James Carreker,U.S. Capital Advisors,1866,2.29,20241125,78,0.3961,55.33,67447.93,WMB-US
WMB-US,2024-12-31,2024Q4,2024,20250212,20250211,Robert Catellier,CIBC Capital Markets,183,1.915576,20250108,34,0.3961,55.33,67447.93,WMB-US
WMB-US,2024-12-31,2024Q4,2024,20250212,20250211,Selman Akyol,Stifel Nicolaus,548,2.35,20241107,96,0.3961,55.33,67447.93,WMB-US
WMB-US,2024-12-31,2024Q4,2024,20250212,20250211,Praneeth Satish,Wells Fargo Securities,596,2.2768,20241107,96,0.3961,55.33,67447.93,WMB-US
WMB-US,2024-09-30,2024Q3,2024,20241106,20241105,Gabriel Moreen,Mizuho Securities USA,1802,2.28,20241031,5,0.5765,52.25,63689.152,WMB-US
WMB-US,2024-09-30,2024Q3,2024,20241106,20241105,Sunil K. Sibal,Seaport Research Partners,1321,2.22,20241028,8,0.5765,52.25,63689.152,WMB-US
WMB-US,2024-09-30,2024Q3,2024,20241106,20241105,James Carreker,U.S. Capital Advisors,1866,2.2425,20241025,11,0.5765,52.25,63689.152,WMB-US
WMB-US,2024-09-30,2024Q3,2024,20241106,20241105,Selman Akyol,Stifel Nicolaus,548,2.4,20240806,91,0.5765,52.25,63689.152,WMB-US
WMB-US,2024-09-30,2024Q3,2024,20241106,20241105,Praneeth Satish,Wells Fargo Securities,596,2.3,20240806,91,0.5765,52.25,63689.152,WMB-US
WMB-US,2024-06-28,2024Q2,2024,20240805,20240802,James Carreker,U.S. Capital Advisors,1866,2.123837,20240726,7,0.3281,44.77,54563.617,WMB-US
WMB-US,2024-06-28,2024Q2,2024,20240805,20240802,Gabriel Moreen,Mizuho Securities USA,1802,2.19,20240410,114,0.3281,44.77,54563.617,WMB-US
WMB-US,2024-06-28,2024Q2,2024,20240805,20240802,Tristan J. Richardson,Scotiabank GBM,810,2.0483,20240515,79,0.3281,44.77,54563.617,WMB-US
WMB-US,2024-06-28,2024Q2,2024,20240805,20240802,Selman Akyol,Stifel Nicolaus,548,2.36,20240708,25,0.3281,44.77,54563.617,WMB-US
WMB-US,2024-06-28,2024Q2,2024,20240805,20240802,Praneeth Satish,Wells Fargo Securities,596,2.23,20240214,170,0.3281,44.77,54563.617,WMB-US
WMB-US,2024-03-29,2024Q1,2024,20240506,20240503,Gabriel Moreen,Mizuho Securities USA,1802,2.17,20240410,23,0.5163,38.66,47104.31,WMB-US
WMB-US,2024-03-29,2024Q1,2024,20240506,20240503,James Carreker,U.S. Capital Advisors,1866,2.0206926,20240426,7,0.5163,38.66,47104.31,WMB-US
WMB-US,2024-03-29,2024Q1,2024,20240506,20240503,Tristan J. Richardson,Scotiabank GBM,810,2.0072181,20240306,58,0.5163,38.66,47104.31,WMB-US
WMB-US,2024-03-29,2024Q1,2024,20240506,20240503,Praneeth Satish,Wells Fargo Securities,596,2.21,20240214,79,0.5163,38.66,47104.31,WMB-US
WMB-US,2023-12-29,2023Q4,2023,20240214,20240213,Tristan J. Richardson,Scotiabank GBM,810,2.5517492,20231226,49,0.9298,34.66,42163.844,WMB-US
