firm,quarter,target_quarter_order,analyst,broker,broker_code,estimate_value,n_prior_obs,historical_mae,accuracy_component,credibility_weight,normalized_weight
AMZN-US,2023Q4,20234,Brad Erickson,RBC Capital Markets,1269,6.29,4.0,0.0434234096199786,23.029052963632587,0.2857142857142857,0.08699782774552646
AMZN-US,2023Q4,20234,John Blackledge,TD Cowen,917,7.26,4.0,0.04661714203771315,21.45133648886074,0.2857142857142857,0.08103762146521448
AMZN-US,2023Q4,20234,Ken Gawrelski,Wells Fargo Securities,596,6.58,4.0,0.05018520531121735,19.926191270885983,0.2857142857142857,0.07527601584600746
AMZN-US,2023Q4,20234,Maria Ripps,Canaccord Genuity,466,5.94,4.0,0.043008586653369756,23.25117093615652,0.2857142857142857,0.08783693220819537
AMZN-US,2023Q4,20234,Thomas Champion,Piper Sandler Companies,570,6.39,4.0,0.0490425625510913,20.39045164000607,0.2857142857142857,0.07702987188540114
AMZN-US,2023Q4,20234,Youssef Squali,Truist Securities,852,7.14,4.0,0.046706063910414916,21.410496117122204,0.2857142857142857,0.08088333706493178
LLY-US,2023Q4,20234,David Risinger,Leerink Partners,1079,22.31,4.0,0.0406957599033573,24.572584524155857,0.2857142857142857,0.0928288922289096
LLY-US,2023Q4,20234,Narumi Nakagiri,Daiwa Securities Co. Ltd.,467,15.15,4.0,0.029825129567183174,33.52877303508206,0.2857142857142857,0.1266630645051418
LLY-US,2023Q4,20234,Robyn Karnauskas,Truist Securities,852,26.26,4.0,0.0359046264924536,27.85156392617478,0.2857142857142857,0.10521603145032961
META-US,2023Q4,20234,Brad Erickson,RBC Capital Markets,1269,23.19,4.0,0.0434234096199786,23.029052963632587,0.2857142857142857,0.08699782774552646
META-US,2023Q4,20234,John Blackledge,TD Cowen,917,22.87,4.0,0.04661714203771315,21.45133648886074,0.2857142857142857,0.08103762146521448
META-US,2023Q4,20234,Ken Gawrelski,Wells Fargo Securities,596,25.2,4.0,0.05018520531121735,19.926191270885983,0.2857142857142857,0.07527601584600746
META-US,2023Q4,20234,Maria Ripps,Canaccord Genuity,466,21.84,4.0,0.043008586653369756,23.25117093615652,0.2857142857142857,0.08783693220819537
META-US,2023Q4,20234,Thomas Champion,Piper Sandler Companies,570,23.76,4.0,0.0490425625510913,20.39045164000607,0.2857142857142857,0.07702987188540114
META-US,2023Q4,20234,Youssef Squali,Truist Securities,852,23.05,4.0,0.046706063910414916,21.410496117122204,0.2857142857142857,0.08088333706493178
NVDA-US,2023Q4,20234,Kevin Garrigan,WestPark Capital,3079,1.906,4.0,0.05260506931924995,19.00957479841333,0.2857142857142857,0.07181327501568244
QCOM-US,2023Q4,20234,Kevin Garrigan,WestPark Capital,3079,10.79,4.0,0.05260506931924995,19.00957479841333,0.2857142857142857,0.07181327501568244
VRTX-US,2023Q4,20234,David Risinger,Leerink Partners,1079,20.44,4.0,0.0406957599033573,24.572584524155857,0.2857142857142857,0.0928288922289096
VRTX-US,2023Q4,20234,Narumi Nakagiri,Daiwa Securities Co. Ltd.,467,17.82,4.0,0.029825129567183174,33.52877303508206,0.2857142857142857,0.1266630645051418
VRTX-US,2023Q4,20234,Robyn Karnauskas,Truist Securities,852,16.79,4.0,0.0359046264924536,27.85156392617478,0.2857142857142857,0.10521603145032961
AMD-US,2024Q1,20241,Ben Reitzes,Melius Research,3130,8.2,4.0,0.047822568740083025,20.910629151583795,0.2857142857142857,0.04799267079404644
AMZN-US,2024Q1,20241,Brad Erickson,RBC Capital Markets,1269,7.26,6.0,0.04260534842359091,23.471231594160425,0.375,0.070703841393699
AMZN-US,2024Q1,20241,John Blackledge,TD Cowen,917,7.51,6.0,0.04564591146213843,21.907767157403846,0.375,0.06599412085271858
AMZN-US,2024Q1,20241,Ken Gawrelski,Wells Fargo Securities,596,7.23,6.0,0.04831873686295025,20.695905251752933,0.375,0.0623435543443328
AMZN-US,2024Q1,20241,Thomas Champion,Piper Sandler Companies,570,6.92,6.0,0.04671260025963012,21.407500212832684,0.375,0.06448713582035794
AMZN-US,2024Q1,20241,Tom Forte,Maxim Group,1063,4.66,4.0,0.03301727888943255,30.287171857765,0.2857142857142857,0.06951308149149253
AMZN-US,2024Q1,20241,Youssef Squali,Truist Securities,852,7.25,6.0,0.04565465920856238,21.903569478675536,0.375,0.06598147592567938
LLY-US,2024Q1,20241,David Risinger,Leerink Partners,1079,24.22,6.0,0.03875944125892332,25.800165521472188,0.375,0.07771943298515273
LLY-US,2024Q1,20241,Evan David Seigerman,BMO Capital Markets,181,26.9969,5.0,0.04492729682732067,22.258183122913632,0.3333333333333333,0.05959973379594845
LLY-US,2024Q1,20241,Mohit Bansal,Wells Fargo Securities,596,24.35,5.0,0.04487126265795076,22.285978614484332,0.3333333333333333,0.05967416053101453
LLY-US,2024Q1,20241,Narumi Nakagiri,Daiwa Securities Co. Ltd.,467,17.16,6.0,0.02862503566351936,34.93445429220657,0.375,0.1052352155251252
LNG-US,2024Q1,20241,Tristan J. Richardson,Scotiabank GBM,810,14.154442,4.0,0.06981288736291863,14.324002885048323,0.2857142857142857,0.03287548882110166
META-US,2024Q1,20241,Brad Erickson,RBC Capital Markets,1269,30.22,6.0,0.04260534842359091,23.471231594160425,0.375,0.070703841393699
META-US,2024Q1,20241,John Blackledge,TD Cowen,917,26.31,6.0,0.04564591146213843,21.907767157403846,0.375,0.06599412085271858
META-US,2024Q1,20241,Ken Gawrelski,Wells Fargo Securities,596,32.05,6.0,0.04831873686295025,20.695905251752933,0.375,0.0623435543443328
META-US,2024Q1,20241,Maria Ripps,Canaccord Genuity,466,25.3,6.0,0.0413505806319194,24.18345727479528,0.375,0.07284932282521685
META-US,2024Q1,20241,Thomas Champion,Piper Sandler Companies,570,28.89,6.0,0.04671260025963012,21.407500212832684,0.375,0.06448713582035794
META-US,2024Q1,20241,Youssef Squali,Truist Securities,852,24.77,6.0,0.04565465920856238,21.903569478675536,0.375,0.06598147592567938
NVDA-US,2024Q1,20241,Ben Reitzes,Melius Research,3130,3.073,4.0,0.047822568740083025,20.910629151583795,0.2857142857142857,0.04799267079404644
NVDA-US,2024Q1,20241,Kevin Garrigan,WestPark Capital,3079,2.663,6.0,0.05060934797408979,19.759195485228638,0.375,0.05952184562834279
QCOM-US,2024Q1,20241,Kevin Garrigan,WestPark Capital,3079,10.81,6.0,0.05060934797408979,19.759195485228638,0.375,0.05952184562834279
VRTX-US,2024Q1,20241,David Risinger,Leerink Partners,1079,20.45,6.0,0.03875944125892332,25.800165521472188,0.375,0.07771943298515273
VRTX-US,2024Q1,20241,Evan David Seigerman,BMO Capital Markets,181,22.3211,5.0,0.04492729682732067,22.258183122913632,0.3333333333333333,0.05959973379594845
VRTX-US,2024Q1,20241,Mohit Bansal,Wells Fargo Securities,596,22.44,5.0,0.04487126265795076,22.285978614484332,0.3333333333333333,0.05967416053101453
VRTX-US,2024Q1,20241,Narumi Nakagiri,Daiwa Securities Co. Ltd.,467,17.93,6.0,0.02862503566351936,34.93445429220657,0.375,0.1052352155251252
WMB-US,2024Q1,20241,Tristan J. Richardson,Scotiabank GBM,810,2.0072181,4.0,0.06981288736291863,14.324002885048323,0.2857142857142857,0.03287548882110166
AMAT-US,2024Q2,20242,Pierre Ferragu,New Street Research,1634,11.72,4.0,0.03689926724345815,27.100809167891796,0.2857142857142857,0.017888833678753154
AMD-US,2024Q2,20242,Ben Reitzes,Melius Research,3130,7.51,7.0,0.045364390934380716,22.043721504968364,0.4117647058823529,0.020970164955971145
AMD-US,2024Q2,20242,Matthew D. Ramsay,TD Cowen,917,8.0,5.0,0.03748498425906496,26.677348804226078,0.3333333333333333,0.02054419955720988
AMD-US,2024Q2,20242,Pierre Ferragu,New Street Research,1634,7.46,4.0,0.03689926724345815,27.100809167891796,0.2857142857142857,0.017888833678753154
AMD-US,2024Q2,20242,Ross Seymore,Deutsche Bank Research,77,6.45,4.0,0.04495906319909342,22.242456333479932,0.2857142857142857,0.014681908554522494
AMZN-US,2024Q2,20242,Brad Erickson,RBC Capital Markets,1269,7.27,8.0,0.042371513438859025,23.600761899689367,0.4444444444444444,0.024233230757053616
AMZN-US,2024Q2,20242,Brian J. Pitz,BMO Capital Markets,181,5.87,4.0,0.028799271580888353,34.72310045034666,0.2857142857142857,0.02292019271154517
AMZN-US,2024Q2,20242,Ishan Majumdar,Baptista Research,3454,7.7,6.0,0.038328179793933714,26.09046412786532,0.375,0.022603770288652226
AMZN-US,2024Q2,20242,James Lee,Mizuho Securities USA,1802,6.08,4.0,0.036910943698977475,27.092236062978323,0.2857142857142857,0.017883174702042995
AMZN-US,2024Q2,20242,John Blackledge,TD Cowen,917,7.6,8.0,0.043882191437920284,22.788287622661016,0.4444444444444444,0.02339898325593131
AMZN-US,2024Q2,20242,Josh J. Beck,Raymond James,402,7.45,4.0,0.0450239400768343,22.210406248175502,0.2857142857142857,0.014660752778624848
AMZN-US,2024Q2,20242,Ken Gawrelski,Wells Fargo Securities,596,7.98,8.0,0.047076146443117,21.242180500231022,0.4444444444444444,0.02181144253024553
AMZN-US,2024Q2,20242,Maria Ripps,Canaccord Genuity,466,7.28,7.0,0.041101248479405064,24.330161175057203,0.4117647058823529,0.023145252181276214
AMZN-US,2024Q2,20242,Parth Talsania,Equisights,3723,7.25,8.0,0.05430268526973576,18.415295579449456,0.4444444444444444,0.01890880087400999
AMZN-US,2024Q2,20242,Thiago Alves Kapulskis,Itau Securities,1394,7.48,5.0,0.03998806831548402,25.007459527940835,0.3333333333333333,0.019258219500413003
AMZN-US,2024Q2,20242,Thomas Champion,Piper Sandler Companies,570,8.22,8.0,0.04490030117961695,22.27156552914087,0.4444444444444444,0.02286841370132272
AMZN-US,2024Q2,20242,Tom Forte,Maxim Group,1063,4.66,6.0,0.030968434865326484,32.290944129037676,0.375,0.027975626647320583
AMZN-US,2024Q2,20242,Youssef Squali,Truist Securities,852,7.83,8.0,0.04334115325528661,23.07275937282595,0.4444444444444444,0.023691078468573594
CME-US,2024Q2,20242,Brian Bedell,Deutsche Bank Research,77,9.756238,6.0,0.07486259882917382,13.357805040696796,0.375,0.011572686297214411
CME-US,2024Q2,20242,Patrick O'Shaughnessy,Raymond James,402,10.3,4.0,0.039213395618323675,25.501489586194342,0.2857142857142857,0.016833147045231707
CMG-US,2024Q2,20242,Andrew M. Charles,TD Cowen,917,1.61,4.0,0.0304746156669084,32.81419562202631,0.2857142857142857,0.021660153545524655
FCX-US,2024Q2,20242,Orest Wowkodaw,Scotiabank GBM,810,1.6655,4.0,0.061406517717184424,16.2849162788489,0.2857142857142857,0.01074942659387058
LLY-US,2024Q2,20242,David Risinger,Leerink Partners,1079,25.46,8.0,0.03778404224078263,26.46619950367933,0.4444444444444444,0.027175458256850624
LLY-US,2024Q2,20242,Evan David Seigerman,BMO Capital Markets,181,26.7284,7.0,0.04324993678818222,23.121421076232508,0.4117647058823529,0.021995379222867727
LLY-US,2024Q2,20242,Louise Chen,Cantor Fitzgerald,1190,21.08,4.0,0.02753396763571985,36.31877589275215,0.2857142857142857,0.023973473903911992
LLY-US,2024Q2,20242,Mohit Bansal,Wells Fargo Securities,596,24.98,7.0,0.042746012700891775,23.393994827010797,0.4117647058823529,0.022254678294269994
LLY-US,2024Q2,20242,Narumi Nakagiri,Daiwa Securities Co. Ltd.,467,20.11,8.0,0.028213776939859974,35.44367711319132,0.4444444444444444,0.03639352026062219
LLY-US,2024Q2,20242,Seamus Fernandez,Guggenheim Securities,1515,25.95,4.0,0.0384528997822471,26.005841059135914,0.2857142857142857,0.017166061813908624
LLY-US,2024Q2,20242,Steve Scala,TD Cowen,917,22.2,4.0,0.02828596257956953,35.353225020607326,0.2857142857142857,0.023336128396876807
LNG-US,2024Q2,20242,Michael Blum,Wells Fargo Securities,596,10.1684,4.0,0.041693559691446225,23.984519609275726,0.2857142857142857,0.015831818138605923
LNG-US,2024Q2,20242,Tristan J. Richardson,Scotiabank GBM,810,15.5334,6.0,0.06533614085386155,15.30546473867682,0.375,0.013260063424652592
META-US,2024Q2,20242,Brad Erickson,RBC Capital Markets,1269,27.79,8.0,0.042371513438859025,23.600761899689367,0.4444444444444444,0.024233230757053616
META-US,2024Q2,20242,Brian J. Pitz,BMO Capital Markets,181,21.13,4.0,0.028799271580888353,34.72310045034666,0.2857142857142857,0.02292019271154517
META-US,2024Q2,20242,Ishan Majumdar,Baptista Research,3454,26.57,6.0,0.038328179793933714,26.09046412786532,0.375,0.022603770288652226
META-US,2024Q2,20242,James Lee,Mizuho Securities USA,1802,26.67,4.0,0.036910943698977475,27.092236062978323,0.2857142857142857,0.017883174702042995
META-US,2024Q2,20242,John Blackledge,TD Cowen,917,26.86,8.0,0.043882191437920284,22.788287622661016,0.4444444444444444,0.02339898325593131
META-US,2024Q2,20242,Josh J. Beck,Raymond James,402,28.19,4.0,0.0450239400768343,22.210406248175502,0.2857142857142857,0.014660752778624848
META-US,2024Q2,20242,Ken Gawrelski,Wells Fargo Securities,596,31.23,8.0,0.047076146443117,21.242180500231022,0.4444444444444444,0.02181144253024553
META-US,2024Q2,20242,Maria Ripps,Canaccord Genuity,466,25.69,7.0,0.041101248479405064,24.330161175057203,0.4117647058823529,0.023145252181276214
META-US,2024Q2,20242,Michael Nathanson,MoffettNathanson Research,3177,25.91,4.0,0.05254657956302675,19.030734413465574,0.2857142857142857,0.01256189955797887
META-US,2024Q2,20242,Thiago Alves Kapulskis,Itau Securities,1394,33.56,5.0,0.03998806831548402,25.007459527940835,0.3333333333333333,0.019258219500413003
META-US,2024Q2,20242,Thomas Champion,Piper Sandler Companies,570,28.13,8.0,0.04490030117961695,22.27156552914087,0.4444444444444444,0.02286841370132272
META-US,2024Q2,20242,Youssef Squali,Truist Securities,852,25.56,8.0,0.04334115325528661,23.07275937282595,0.4444444444444444,0.023691078468573594
MSFT-US,2024Q2,20242,Pierre Ferragu,New Street Research,1634,19.54,4.0,0.03689926724345815,27.100809167891796,0.2857142857142857,0.017888833678753154
MSFT-US,2024Q2,20242,Timothy Horan,Oppenheimer,498,18.64,4.0,0.0407649833796773,24.530857542273235,0.2857142857142857,0.01619244753366345
MTZ-US,2024Q2,20242,Marc Bianchi,TD Cowen,917,5.64,4.0,0.08367454119193456,11.95106642659895,0.2857142857142857,0.007888717944350237
MU-US,2024Q2,20242,Pierre Ferragu,New Street Research,1634,15.0,4.0,0.03689926724345815,27.100809167891796,0.2857142857142857,0.017888833678753154
MU-US,2024Q2,20242,Vijay Rakesh,Mizuho Securities USA,1802,9.6261,6.0,0.05680030517681092,17.60553921122692,0.375,0.015252759099574995
NVDA-US,2024Q2,20242,Ben Reitzes,Melius Research,3130,3.74,7.0,0.045364390934380716,22.043721504968364,0.4117647058823529,0.020970164955971145
NVDA-US,2024Q2,20242,Heping Qin,Guotai Haitong Securities China,1094,3.459,4.0,0.059409873647911005,16.832218932604352,0.2857142857142857,0.011110692786489327
NVDA-US,2024Q2,20242,Kevin Garrigan,WestPark Capital,3079,3.425,8.0,0.04858964666924428,20.580515985372838,0.4444444444444444,0.02113204629124007
NVDA-US,2024Q2,20242,Matthew D. Ramsay,TD Cowen,917,3.019,5.0,0.03748498425906496,26.677348804226078,0.3333333333333333,0.02054419955720988
NVDA-US,2024Q2,20242,Thiago Alves Kapulskis,Itau Securities,1394,3.559,5.0,0.03998806831548402,25.007459527940835,0.3333333333333333,0.019258219500413003
QCOM-US,2024Q2,20242,Heping Qin,Guotai Haitong Securities China,1094,16.1,4.0,0.059409873647911005,16.832218932604352,0.2857142857142857,0.011110692786489327
QCOM-US,2024Q2,20242,Kevin Garrigan,WestPark Capital,3079,11.48,8.0,0.04858964666924428,20.580515985372838,0.4444444444444444,0.02113204629124007
QCOM-US,2024Q2,20242,Ross Seymore,Deutsche Bank Research,77,11.616316,4.0,0.04495906319909342,22.242456333479932,0.2857142857142857,0.014681908554522494
QCOM-US,2024Q2,20242,Vijay Rakesh,Mizuho Securities USA,1802,12.5695,6.0,0.05680030517681092,17.60553921122692,0.375,0.015252759099574995
SNDK-US,2024Q2,20242,Vijay Rakesh,Mizuho Securities USA,1802,6.72,6.0,0.05680030517681092,17.60553921122692,0.375,0.015252759099574995
STT-US,2024Q2,20242,Brian Bedell,Deutsche Bank Research,77,9.96,6.0,0.07486259882917382,13.357805040696796,0.375,0.011572686297214411
TSLA-US,2024Q2,20242,Chris McNally,Evercore ISI,1772,1.75,4.0,0.017713519312455475,56.45405536644759,0.2857142857142857,0.037264466927356465
TSLA-US,2024Q2,20242,Colin M. Langan,Wells Fargo Securities,596,1.25,4.0,0.010229754484894726,97.75405670552523,0.2857142857142857,0.06452597230566674
TSLA-US,2024Q2,20242,Pierre Ferragu,New Street Research,1634,3.79,4.0,0.03689926724345815,27.100809167891796,0.2857142857142857,0.017888833678753154
TSLA-US,2024Q2,20242,Vijay Rakesh,Mizuho Securities USA,1802,2.8981,6.0,0.05680030517681092,17.60553921122692,0.375,0.015252759099574995
TSM-US,2024Q2,20242,Heping Qin,Guotai Haitong Securities China,1094,9.284796,4.0,0.059409873647911005,16.832218932604352,0.2857142857142857,0.011110692786489327
TSM-US,2024Q2,20242,Ishan Majumdar,Baptista Research,3454,8.57,6.0,0.038328179793933714,26.09046412786532,0.375,0.022603770288652226
TSM-US,2024Q2,20242,Parth Talsania,Equisights,3723,8.55,8.0,0.05430268526973576,18.415295579449456,0.4444444444444444,0.01890880087400999
TXN-US,2024Q2,20242,Ishan Majumdar,Baptista Research,3454,7.51,6.0,0.038328179793933714,26.09046412786532,0.375,0.022603770288652226
TXN-US,2024Q2,20242,Parth Talsania,Equisights,3723,7.46,8.0,0.05430268526973576,18.415295579449456,0.4444444444444444,0.01890880087400999
TXN-US,2024Q2,20242,Ross Seymore,Deutsche Bank Research,77,7.000915,4.0,0.04495906319909342,22.242456333479932,0.2857142857142857,0.014681908554522494
UPS-US,2024Q2,20242,Fadi Chamoun,BMO Capital Markets,181,11.32,4.0,0.06712770911335256,14.896977912822699,0.2857142857142857,0.009833269499357724
V-US,2024Q2,20242,Kazuya Nishimura,Daiwa Securities Co. Ltd.,467,12.77,4.0,0.06261320824333627,15.971071089564028,0.2857142857142857,0.010542262137738932
VRTX-US,2024Q2,20242,Brian Abrahams,RBC Capital Markets,1269,19.17,4.0,0.0335007200874796,29.8501046362205,0.2857142857142857,0.019703601978179094
VRTX-US,2024Q2,20242,Christopher Raymond,Piper Sandler Companies,570,20.16,4.0,0.040558803893169626,24.655559434986362,0.2857142857142857,0.0162747613643816
VRTX-US,2024Q2,20242,David Risinger,Leerink Partners,1079,20.31,8.0,0.03778404224078263,26.46619950367933,0.4444444444444444,0.027175458256850624
VRTX-US,2024Q2,20242,Evan David Seigerman,BMO Capital Markets,181,20.8049,7.0,0.04324993678818222,23.121421076232508,0.4117647058823529,0.021995379222867727
VRTX-US,2024Q2,20242,Hartaj Singh,Oppenheimer,498,17.33,4.0,0.03845693068294985,26.003115231537627,0.2857142857142857,0.017164262536394782
VRTX-US,2024Q2,20242,Joseph Stringer,Needham,477,22.69,4.0,0.0443125839431698,22.566953019090118,0.2857142857142857,0.01489610390205716
VRTX-US,2024Q2,20242,Mohit Bansal,Wells Fargo Securities,596,22.83,7.0,0.042746012700891775,23.393994827010797,0.4117647058823529,0.022254678294269994
VRTX-US,2024Q2,20242,Myles R. Minter,William Blair,198,28.44,4.0,0.048485452978928346,20.624742857091537,0.2857142857142857,0.013614080389698708
VRTX-US,2024Q2,20242,Narumi Nakagiri,Daiwa Securities Co. Ltd.,467,17.5,8.0,0.028213776939859974,35.44367711319132,0.4444444444444444,0.03639352026062219
VRTX-US,2024Q2,20242,Naz Rahman,Maxim Group,1063,19.52,4.0,0.0414742761449284,24.11133099720857,0.2857142857142857,0.015915524415169434
VRTX-US,2024Q2,20242,Olivia Brayer Saunders,Cantor Fitzgerald,1190,20.07,4.0,0.04232131361251347,23.628756166593142,0.2857142857142857,0.015596984078275745
VRTX-US,2024Q2,20242,Phil Nadeau,TD Cowen,917,20.75,4.0,0.0449270583586668,22.258301267282768,0.2857142857142857,0.014692367555347665
WFC-US,2024Q2,20242,Kazuya Nishimura,Daiwa Securities Co. Ltd.,467,6.38,4.0,0.06261320824333627,15.971071089564028,0.2857142857142857,0.010542262137738932
WFC-US,2024Q2,20242,Parth Talsania,Equisights,3723,5.57,8.0,0.05430268526973576,18.415295579449456,0.4444444444444444,0.01890880087400999
WMB-US,2024Q2,20242,Tristan J. Richardson,Scotiabank GBM,810,2.0483,6.0,0.06533614085386155,15.30546473867682,0.375,0.013260063424652592
AMAT-US,2024Q3,20243,Pierre Ferragu,New Street Research,1634,11.94,9.0,0.04385951140414175,22.80007159189575,0.47368421052631576,0.017022558588080067
AMAT-US,2024Q3,20243,Vijay Rakesh,Mizuho Securities USA,1802,10.96,10.0,0.061893261440288325,16.15684772024419,0.5,0.012732871450163373
AMD-US,2024Q3,20243,Aaron Rakers,Wells Fargo Securities,596,6.64,9.0,0.08633567038095215,11.582698038800721,0.47368421052631576,0.00864765512594303
AMD-US,2024Q3,20243,Ben Reitzes,Melius Research,3130,7.39,10.0,0.04258186017051809,23.48417838007834,0.5,0.018507386440956324
AMD-US,2024Q3,20243,Heping Qin,Guotai Haitong Securities China,1094,7.12,7.0,0.05518518164419241,18.120806531860683,0.4117647058823529,0.011760515555493735
AMD-US,2024Q3,20243,Ling Ji Cao,First Shanghai,1701,7.2,5.0,0.04541739068364502,22.01799762046004,0.3333333333333333,0.011567946839863041
AMD-US,2024Q3,20243,Pianpian He,Huatai Research,1271,7.43,4.0,0.04632539798718795,21.586430844621486,0.2857142857142857,0.009721035183933332
AMD-US,2024Q3,20243,Pierre Ferragu,New Street Research,1634,7.63,9.0,0.04385951140414175,22.80007159189575,0.47368421052631576,0.017022558588080067
AMD-US,2024Q3,20243,Ross Seymore,Deutsche Bank Research,77,6.45,7.0,0.04213772520600995,23.731703482118053,0.4117647058823529,0.01540202239172386
AMD-US,2024Q3,20243,Vijay Rakesh,Mizuho Securities USA,1802,7.2652,10.0,0.061893261440288325,16.15684772024419,0.5,0.012732871450163373
AMZN-US,2024Q3,20243,Brad Erickson,RBC Capital Markets,1269,7.35,10.0,0.04206693088137834,23.77164150196342,0.5,0.018733930073786334
AMZN-US,2024Q3,20243,Brian J. Pitz,BMO Capital Markets,181,6.0,6.0,0.029143223926573637,34.31329363283555,0.375,0.020281188095458567
AMZN-US,2024Q3,20243,Ella Ji,China Renaissance Securities (US),2903,7.54,4.0,0.03733717572576368,26.782957750871674,0.2857142857142857,0.012061191426228518
AMZN-US,2024Q3,20243,James Lee,Mizuho Securities USA,1802,6.67,6.0,0.0367400817874121,27.218230100473548,0.375,0.016087585476345277
AMZN-US,2024Q3,20243,John Blackledge,TD Cowen,917,7.81,10.0,0.04325376205885428,23.119376266955133,0.5,0.018219893577770783
AMZN-US,2024Q3,20243,Josh J. Beck,Raymond James,402,7.11,6.0,0.04393972884224467,22.75844722643297,0.375,0.01345158975115592
AMZN-US,2024Q3,20243,Ken Gawrelski,Wells Fargo Securities,596,7.33,10.0,0.04696163670418494,21.293976747426395,0.5,0.016781334656513706
AMZN-US,2024Q3,20243,Lun Ke Zhang,Guosen Securities,1894,7.3,4.0,0.03790995340449808,26.378296731996205,0.2857142857142857,0.011878960096261578
AMZN-US,2024Q3,20243,Rong Jin,Huaan Securities,3624,7.11,5.0,0.030058709096977897,33.268228411729766,0.3333333333333333,0.017478660155985166
AMZN-US,2024Q3,20243,Saiyi He,CMB International,2157,8.14,4.0,0.03886792174975987,25.728157179028436,0.2857142857142857,0.011586182215825587
AMZN-US,2024Q3,20243,Satoshi Tanaka,Daiwa Securities Co. Ltd.,467,6.97,4.0,0.039517061163313,25.30552552648788,0.2857142857142857,0.011395858155597061
AMZN-US,2024Q3,20243,Thiago Alves Kapulskis,Itau Securities,1394,7.37,9.0,0.03979359582124441,25.129671731402947,0.47368421052631576,0.018761840620670538
AMZN-US,2024Q3,20243,Thomas Champion,Piper Sandler Companies,570,8.44,10.0,0.04468056254325699,22.381096903868684,0.5,0.017638071158741008
AMZN-US,2024Q3,20243,Youssef Squali,Truist Securities,852,7.62,10.0,0.042664710208666926,23.438574763760133,0.5,0.018471447191277395
BJ-US,2024Q3,20243,Laura Champine,Loop Capital Markets,1009,4.98,4.0,0.06165273387625147,16.219880889745887,0.2857142857142857,0.00730431232209534
BJ-US,2024Q3,20243,Michael Baker,DA Davidson,556,4.58,4.0,0.060114104541407976,16.63503112337267,0.2857142857142857,0.007491267268781659
CME-US,2024Q3,20243,Brian Bedell,Deutsche Bank Research,77,10.37,9.0,0.07523198418404714,13.292218872675285,0.47368421052631576,0.00992398526529737
CME-US,2024Q3,20243,Kyle Voigt,Keefe Bruyette & Woods,525,10.76,4.0,0.05714277593037698,17.5000248713574,0.2857142857142857,0.007880800615844312
CME-US,2024Q3,20243,Patrick O'Shaughnessy,Raymond James,402,10.65,5.0,0.03950854065004687,25.310982981063706,0.3333333333333333,0.013298035118213692
CMG-US,2024Q3,20243,Andrew M. Charles,TD Cowen,917,1.56,5.0,0.028771459257368903,34.75666600900271,0.3333333333333333,0.018260664373467097
CMG-US,2024Q3,20243,Lauren Silberman,Deutsche Bank Research,77,1.616245,4.0,0.028576261088363024,34.99408116785528,0.2857142857142857,0.015758913398455563
FCX-US,2024Q3,20243,Orest Wowkodaw,Scotiabank GBM,810,1.42,5.0,0.054020096063511325,18.511629428135446,0.3333333333333333,0.009725750217400598
LH-US,2024Q3,20243,Jack Meehan,Nephron Research,3154,18.0,4.0,0.0794218931141631,12.590986701394462,0.2857142857142857,0.005670109412978247
LLY-US,2024Q3,20243,David Risinger,Leerink Partners,1079,32.19,10.0,0.03994131758446965,25.036730395414626,0.5,0.01973091998990471
LLY-US,2024Q3,20243,Evan David Seigerman,BMO Capital Markets,181,27.871,9.0,0.04471654146613228,22.36308907649727,0.47368421052631576,0.016696306960300913
LLY-US,2024Q3,20243,Louise Chen,Cantor Fitzgerald,1190,24.71,5.0,0.02636200526823442,37.93338138828823,0.3333333333333333,0.01992966603594355
LLY-US,2024Q3,20243,Mohit Bansal,Wells Fargo Securities,596,30.32,9.0,0.04454900823920159,22.44718882697897,0.47368421052631576,0.016759095926732335
LLY-US,2024Q3,20243,Narumi Nakagiri,Daiwa Securities Co. Ltd.,467,23.43,10.0,0.031057933667574044,32.19789219409814,0.5,0.025374480800483407
LLY-US,2024Q3,20243,Seamus Fernandez,Guggenheim Securities,1515,30.84,5.0,0.03628323459582654,27.56093857505815,0.3333333333333333,0.0144801302002476
LLY-US,2024Q3,20243,Steve Scala,TD Cowen,917,27.7,5.0,0.027236376098799718,36.715604027955436,0.3333333333333333,0.019289862907160022
LNG-US,2024Q3,20243,James Carreker,U.S. Capital Advisors,1866,11.105452,4.0,0.04521625162129472,22.115942037288363,0.2857142857142857,0.009959490395508235
LNG-US,2024Q3,20243,Michael Blum,Wells Fargo Securities,596,14.9026,5.0,0.04052683527796558,24.675008377565064,0.3333333333333333,0.012963902989961532
META-US,2024Q3,20243,Brad Erickson,RBC Capital Markets,1269,27.55,10.0,0.04206693088137834,23.77164150196342,0.5,0.018733930073786334
META-US,2024Q3,20243,Brian J. Pitz,BMO Capital Markets,181,23.57,6.0,0.029143223926573637,34.31329363283555,0.375,0.020281188095458567
META-US,2024Q3,20243,Ella Ji,China Renaissance Securities (US),2903,26.8,4.0,0.03733717572576368,26.782957750871674,0.2857142857142857,0.012061191426228518
META-US,2024Q3,20243,James Lee,Mizuho Securities USA,1802,31.07,6.0,0.0367400817874121,27.218230100473548,0.375,0.016087585476345277
META-US,2024Q3,20243,John Blackledge,TD Cowen,917,27.67,10.0,0.04325376205885428,23.119376266955133,0.5,0.018219893577770783
META-US,2024Q3,20243,Josh J. Beck,Raymond James,402,29.15,6.0,0.04393972884224467,22.75844722643297,0.375,0.01345158975115592
META-US,2024Q3,20243,Ken Gawrelski,Wells Fargo Securities,596,32.6,10.0,0.04696163670418494,21.293976747426395,0.5,0.016781334656513706
META-US,2024Q3,20243,Lun Ke Zhang,Guosen Securities,1894,29.7,4.0,0.03790995340449808,26.378296731996205,0.2857142857142857,0.011878960096261578
META-US,2024Q3,20243,Maria Ripps,Canaccord Genuity,466,26.73,9.0,0.040546089943711984,24.663290625267386,0.47368421052631576,0.0184136399726345
META-US,2024Q3,20243,Michael Nathanson,MoffettNathanson Research,3177,26.74,5.0,0.051020574977506394,19.59993591685067,0.3333333333333333,0.010297531167873453
META-US,2024Q3,20243,Saiyi He,CMB International,2157,27.3,4.0,0.03886792174975987,25.728157179028436,0.2857142857142857,0.011586182215825587
META-US,2024Q3,20243,Satoshi Tanaka,Daiwa Securities Co. Ltd.,467,29.26,4.0,0.039517061163313,25.30552552648788,0.2857142857142857,0.011395858155597061
META-US,2024Q3,20243,Thiago Alves Kapulskis,Itau Securities,1394,32.59,9.0,0.03979359582124441,25.129671731402947,0.47368421052631576,0.018761840620670538
META-US,2024Q3,20243,Thomas Champion,Piper Sandler Companies,570,29.42,10.0,0.04468056254325699,22.381096903868684,0.5,0.017638071158741008
META-US,2024Q3,20243,Youssef Squali,Truist Securities,852,25.43,10.0,0.042664710208666926,23.438574763760133,0.5,0.018471447191277395
MLM-US,2024Q3,20243,Rohit Seth,Seaport Research Partners,1321,24.14,4.0,0.034836393559956574,28.705612085789245,0.2857142857142857,0.01292702193664532
MSFT-US,2024Q3,20243,Lun Ke Zhang,Guosen Securities,1894,18.2,4.0,0.03790995340449808,26.378296731996205,0.2857142857142857,0.011878960096261578
MSFT-US,2024Q3,20243,Rong Jin,Huaan Securities,3624,17.11,5.0,0.030058709096977897,33.268228411729766,0.3333333333333333,0.017478660155985166
MSFT-US,2024Q3,20243,Satoshi Tanaka,Daiwa Securities Co. Ltd.,467,17.33,4.0,0.039517061163313,25.30552552648788,0.2857142857142857,0.011395858155597061
MSFT-US,2024Q3,20243,Timothy Horan,Oppenheimer,498,16.83,5.0,0.03959316662899544,25.256883577169237,0.3333333333333333,0.013269612050907244
MTZ-US,2024Q3,20243,Marc Bianchi,TD Cowen,917,5.69,5.0,0.07693100151593374,12.998660881762767,0.3333333333333333,0.006829313939516047
MU-US,2024Q3,20243,Aaron Rakers,Wells Fargo Securities,596,11.34,9.0,0.08633567038095215,11.582698038800721,0.47368421052631576,0.00864765512594303
MU-US,2024Q3,20243,Pianpian He,Huatai Research,1271,11.75,4.0,0.04632539798718795,21.586430844621486,0.2857142857142857,0.009721035183933332
MU-US,2024Q3,20243,Pierre Ferragu,New Street Research,1634,15.0,9.0,0.04385951140414175,22.80007159189575,0.47368421052631576,0.017022558588080067
MU-US,2024Q3,20243,Vijay Rakesh,Mizuho Securities USA,1802,12.12,10.0,0.061893261440288325,16.15684772024419,0.5,0.012732871450163373
NVDA-US,2024Q3,20243,Aaron Rakers,Wells Fargo Securities,596,4.85,9.0,0.08633567038095215,11.582698038800721,0.47368421052631576,0.00864765512594303
NVDA-US,2024Q3,20243,Ben Reitzes,Melius Research,3130,4.47,10.0,0.04258186017051809,23.48417838007834,0.5,0.018507386440956324
NVDA-US,2024Q3,20243,Heping Qin,Guotai Haitong Securities China,1094,5.3,7.0,0.05518518164419241,18.120806531860683,0.4117647058823529,0.011760515555493735
NVDA-US,2024Q3,20243,Kevin Garrigan,WestPark Capital,3079,4.06,10.0,0.04701042067506886,21.27187941822295,0.5,0.016763920216703962
NVDA-US,2024Q3,20243,Lun Ke Zhang,Guosen Securities,1894,3.61,4.0,0.03790995340449808,26.378296731996205,0.2857142857142857,0.011878960096261578
NVDA-US,2024Q3,20243,Matthew D. Ramsay,TD Cowen,917,3.68,7.0,0.03690704581020896,27.095097373612795,0.4117647058823529,0.017584885837157647
NVDA-US,2024Q3,20243,Pianpian He,Huatai Research,1271,4.12,4.0,0.04632539798718795,21.586430844621486,0.2857142857142857,0.009721035183933332
NVDA-US,2024Q3,20243,Pierre Ferragu,New Street Research,1634,4.42,9.0,0.04385951140414175,22.80007159189575,0.47368421052631576,0.017022558588080067
NVDA-US,2024Q3,20243,Rong Jin,Huaan Securities,3624,5.403,5.0,0.030058709096977897,33.268228411729766,0.3333333333333333,0.017478660155985166
NVDA-US,2024Q3,20243,Ross Seymore,Deutsche Bank Research,77,3.7,7.0,0.04213772520600995,23.731703482118053,0.4117647058823529,0.01540202239172386
NVDA-US,2024Q3,20243,Thiago Alves Kapulskis,Itau Securities,1394,7.18,9.0,0.03979359582124441,25.129671731402947,0.47368421052631576,0.018761840620670538
NVDA-US,2024Q3,20243,Vijay Rakesh,Mizuho Securities USA,1802,4.3411,10.0,0.061893261440288325,16.15684772024419,0.5,0.012732871450163373
QCOM-US,2024Q3,20243,Aaron Rakers,Wells Fargo Securities,596,11.9273,9.0,0.08633567038095215,11.582698038800721,0.47368421052631576,0.00864765512594303
QCOM-US,2024Q3,20243,Christopher Rolland,Susquehanna Financial Group,974,11.12,4.0,0.06879393820913972,14.5361644649549,0.2857142857142857,0.006546082917569314
QCOM-US,2024Q3,20243,Heping Qin,Guotai Haitong Securities China,1094,12.7,7.0,0.05518518164419241,18.120806531860683,0.4117647058823529,0.011760515555493735
QCOM-US,2024Q3,20243,Kevin Garrigan,WestPark Capital,3079,11.74,10.0,0.04701042067506886,21.27187941822295,0.5,0.016763920216703962
QCOM-US,2024Q3,20243,Ross Seymore,Deutsche Bank Research,77,11.51,7.0,0.04213772520600995,23.731703482118053,0.4117647058823529,0.01540202239172386
QCOM-US,2024Q3,20243,Vijay Rakesh,Mizuho Securities USA,1802,12.6088,10.0,0.061893261440288325,16.15684772024419,0.5,0.012732871450163373
SNDK-US,2024Q3,20243,Aaron Rakers,Wells Fargo Securities,596,12.69,9.0,0.08633567038095215,11.582698038800721,0.47368421052631576,0.00864765512594303
SNDK-US,2024Q3,20243,Vijay Rakesh,Mizuho Securities USA,1802,10.65,10.0,0.061893261440288325,16.15684772024419,0.5,0.012732871450163373
STT-US,2024Q3,20243,Brian Bedell,Deutsche Bank Research,77,10.18,9.0,0.07523198418404714,13.292218872675285,0.47368421052631576,0.00992398526529737
STT-US,2024Q3,20243,Mike Mayo,Wells Fargo Securities,596,10.75,6.0,0.10253734564510653,9.752544243354166,0.375,0.0057643310585455566
TFC-US,2024Q3,20243,Mike Mayo,Wells Fargo Securities,596,4.7,6.0,0.10253734564510653,9.752544243354166,0.375,0.0057643310585455566
TSLA-US,2024Q3,20243,Chris McNally,Evercore ISI,1772,1.58,5.0,0.01508186046821502,66.30481710843947,0.3333333333333333,0.03483562005768095
TSLA-US,2024Q3,20243,Colin M. Langan,Wells Fargo Securities,596,0.8,5.0,0.0087568737514956,114.19600514729454,0.3333333333333333,0.05999697791052029
TSLA-US,2024Q3,20243,Pierre Ferragu,New Street Research,1634,3.5,9.0,0.04385951140414175,22.80007159189575,0.47368421052631576,0.017022558588080067
TSLA-US,2024Q3,20243,Vijay Rakesh,Mizuho Securities USA,1802,2.5986,10.0,0.061893261440288325,16.15684772024419,0.5,0.012732871450163373
TSM-US,2024Q3,20243,Heping Qin,Guotai Haitong Securities China,1094,10.003681,7.0,0.05518518164419241,18.120806531860683,0.4117647058823529,0.011760515555493735
TSM-US,2024Q3,20243,Ling Ji Cao,First Shanghai,1701,9.387079,5.0,0.04541739068364502,22.01799762046004,0.3333333333333333,0.011567946839863041
TSM-US,2024Q3,20243,Pierre Ferragu,New Street Research,1634,10.746742,9.0,0.04385951140414175,22.80007159189575,0.47368421052631576,0.017022558588080067
TSM-US,2024Q3,20243,Rong Jin,Huaan Securities,3624,9.632224,5.0,0.030058709096977897,33.268228411729766,0.3333333333333333,0.017478660155985166
TXN-US,2024Q3,20243,Ross Seymore,Deutsche Bank Research,77,7.039898,7.0,0.04213772520600995,23.731703482118053,0.4117647058823529,0.01540202239172386
TXN-US,2024Q3,20243,Vijay Rakesh,Mizuho Securities USA,1802,7.73,10.0,0.061893261440288325,16.15684772024419,0.5,0.012732871450163373
UPS-US,2024Q3,20243,Fadi Chamoun,BMO Capital Markets,181,10.16,5.0,0.06811369544081608,14.68133528108013,0.3333333333333333,0.007713367445908199
V-US,2024Q3,20243,Kazuya Nishimura,Daiwa Securities Co. Ltd.,467,12.66,7.0,0.0658952320415298,15.175604805060251,0.4117647058823529,0.009849061412368083
VRTX-US,2024Q3,20243,Brian Abrahams,RBC Capital Markets,1269,18.46,5.0,0.040360069637139284,24.776964187390828,0.3333333333333333,0.013017469141089809
VRTX-US,2024Q3,20243,Christopher Raymond,Piper Sandler Companies,570,22.47,5.0,0.04641217463957052,21.546070783492457,0.3333333333333333,0.011320003105085234
VRTX-US,2024Q3,20243,Danielle Brill,Raymond James,402,21.39,4.0,0.03769420100140293,26.52927966195069,0.2857142857142857,0.011946952363479138
VRTX-US,2024Q3,20243,David Risinger,Leerink Partners,1079,20.27,10.0,0.03994131758446965,25.036730395414626,0.5,0.01973091998990471
VRTX-US,2024Q3,20243,Evan David Seigerman,BMO Capital Markets,181,21.254,9.0,0.04471654146613228,22.36308907649727,0.47368421052631576,0.016696306960300913
VRTX-US,2024Q3,20243,Joseph Stringer,Needham,477,22.56,5.0,0.05045182901637309,19.820886962799126,0.3333333333333333,0.010413615745490483
VRTX-US,2024Q3,20243,Mohit Bansal,Wells Fargo Securities,596,21.2707,9.0,0.04454900823920159,22.44718882697897,0.47368421052631576,0.016759095926732335
VRTX-US,2024Q3,20243,Narumi Nakagiri,Daiwa Securities Co. Ltd.,467,17.33,10.0,0.031057933667574044,32.19789219409814,0.5,0.025374480800483407
VRTX-US,2024Q3,20243,Naz Rahman,Maxim Group,1063,20.6,5.0,0.04688232184194452,21.33000160212465,0.3333333333333333,0.011206483390582545
VRTX-US,2024Q3,20243,Olivia Brayer Saunders,Cantor Fitzgerald,1190,20.44,5.0,0.04778530623705658,20.926935050685504,0.3333333333333333,0.010994717883094151
VRTX-US,2024Q3,20243,Phil Nadeau,TD Cowen,917,19.9991,5.0,0.05014852204545182,19.940767129560786,0.3333333333333333,0.010476599102113439
WFC-US,2024Q3,20243,Kazuya Nishimura,Daiwa Securities Co. Ltd.,467,6.28,7.0,0.0658952320415298,15.175604805060251,0.4117647058823529,0.009849061412368083
WMB-US,2024Q3,20243,James Carreker,U.S. Capital Advisors,1866,2.2425,4.0,0.04521625162129472,22.115942037288363,0.2857142857142857,0.009959490395508235
AMAT-US,2024Q4,20244,Krish Sankar,TD Cowen,917,10.5004,5.0,0.051903584349816526,19.26649214166526,0.3333333333333333,0.0057246809659245255
AMAT-US,2024Q4,20244,Pierre Ferragu,New Street Research,1634,10.48,16.0,0.047694383471216,20.966829366889904,0.6153846153846154,0.011501362431715297
AMAT-US,2024Q4,20244,Steve Barger,KeyBanc Capital Markets,618,11.25,4.0,0.04306313173262016,23.221720292175217,0.2857142857142857,0.005914203159787712
AMAT-US,2024Q4,20244,Vijay Rakesh,Mizuho Securities USA,1802,10.48,18.0,0.056359658583713466,17.74318768298882,0.6428571428571429,0.010167542908666262
AMD-US,2024Q4,20244,Aaron Rakers,Wells Fargo Securities,596,6.4488,15.0,0.07489272617436184,13.352431552189,0.6,0.007141369500397042
AMD-US,2024Q4,20244,Ben Reitzes,Melius Research,3130,5.75,13.0,0.04119213580603573,24.276478517860046,0.5652173913043478,0.012231257219034399
AMD-US,2024Q4,20244,Blayne Curtis,Jefferies,512,5.43,6.0,0.03408569968270975,29.337816424735394,0.375,0.009806836801828863
AMD-US,2024Q4,20244,Christopher Rolland,Susquehanna Financial Group,974,6.78,5.0,0.06527956833441863,15.318728746445316,0.3333333333333333,0.004551676259078299
AMD-US,2024Q4,20244,Hans Mosesmann,Rosenblatt Securities,2623,10.0,5.0,0.07412579343174755,13.490580723709423,0.3333333333333333,0.00400847596544435
AMD-US,2024Q4,20244,Heping Qin,Guotai Haitong Securities China,1094,6.86,12.0,0.050496934108873515,19.803182463393874,0.5454545454545454,0.009628606710873766
AMD-US,2024Q4,20244,Ling Ji Cao,First Shanghai,1701,7.1,7.0,0.04450457747882834,22.469598783983933,0.4117647058823529,0.008247348187910728
AMD-US,2024Q4,20244,Matthew Bryson,Wedbush Securities,590,7.1,6.0,0.1376118061992661,7.266818361151146,0.375,0.002429100404222927
AMD-US,2024Q4,20244,Pianpian He,Huatai Research,1271,7.57,7.0,0.05426900476480471,18.426724505707796,0.4117647058823529,0.006763432423617773
AMD-US,2024Q4,20244,Pierre Ferragu,New Street Research,1634,7.15,16.0,0.047694383471216,20.966829366889904,0.6153846153846154,0.011501362431715297
AMD-US,2024Q4,20244,Rick Schafer,Oppenheimer,498,6.03,5.0,0.03803633732660543,26.29064916038922,0.3333333333333333,0.0078117790059353855
AMD-US,2024Q4,20244,Ross Seymore,Deutsche Bank Research,77,6.399916,11.0,0.039991299049462484,25.005439277258006,0.5238095238095238,0.011675561409547985
AMD-US,2024Q4,20244,Vijay Rakesh,Mizuho Securities USA,1802,7.1591,18.0,0.056359658583713466,17.74318768298882,0.6428571428571429,0.010167542908666262
AMD-US,2024Q4,20244,Warren Lau,Aletheia Capital,2859,7.26,7.0,0.051916749376422176,19.26160655301248,0.4117647058823529,0.007069871492964459
AMD-US,2024Q4,20244,William Stein,Truist Securities,852,5.81,5.0,0.015531888777399921,64.38366990208402,0.3333333333333333,0.01913041392769961
AMZN-US,2024Q4,20244,Brad Erickson,RBC Capital Markets,1269,8.28,12.0,0.04079605616538331,24.512173332297017,0.5454545454545454,0.011918189264868652
AMZN-US,2024Q4,20244,Brian J. Pitz,BMO Capital Markets,181,7.07,8.0,0.028705450277464198,34.8365899274909,0.4444444444444444,0.013801395833363019
AMZN-US,2024Q4,20244,Ella Ji,China Renaissance Securities (US),2903,8.11,6.0,0.03632415656065938,27.529889051382483,0.375,0.009202495686479784
AMZN-US,2024Q4,20244,James Lee,Mizuho Securities USA,1802,7.16,8.0,0.03647506380434072,27.415990424696524,0.4444444444444444,0.010861537733816293
AMZN-US,2024Q4,20244,Jason Helfstein,Oppenheimer,498,7.49,4.0,0.0425827210154116,23.483703628006264,0.2857142857142857,0.0059809261524466925
AMZN-US,2024Q4,20244,John Blackledge,TD Cowen,917,8.52,12.0,0.04200683121765755,23.805651866919455,0.5454545454545454,0.011574667846758925
AMZN-US,2024Q4,20244,Josh J. Beck,Raymond James,402,7.3532,8.0,0.04175198952350068,23.950954467382598,0.4444444444444444,0.009488776136792498
AMZN-US,2024Q4,20244,Ken Gawrelski,Wells Fargo Securities,596,7.7,12.0,0.04559570295927817,21.931891276972014,0.5454545454545454,0.010663617119216078
AMZN-US,2024Q4,20244,Lun Ke Zhang,Guosen Securities,1894,7.7,8.0,0.03558766563160447,28.099623345677564,0.4444444444444444,0.01113237619897077
AMZN-US,2024Q4,20244,Michael Morton,MoffettNathanson Research,3177,7.25,4.0,0.03442278213063215,29.050528112604816,0.2857142857142857,0.007398707890515866
AMZN-US,2024Q4,20244,Rong Jin,Huaan Securities,3624,8.67,9.0,0.03297007583899615,30.33053381142745,0.47368421052631576,0.012806747767157746
AMZN-US,2024Q4,20244,Saiyi He,CMB International,2157,7.59,6.0,0.038022379694291536,26.3003001926819,0.375,0.008791477460172493
AMZN-US,2024Q4,20244,Satoshi Tanaka,Daiwa Securities Co. Ltd.,467,7.05,7.0,0.03737159147228701,26.758293147391175,0.4117647058823529,0.009821490923016494
AMZN-US,2024Q4,20244,Thiago Alves Kapulskis,Itau Securities,1394,8.58,13.0,0.04015088519579339,24.906051139932774,0.5652173913043478,0.01254845580584625
AMZN-US,2024Q4,20244,Thomas Champion,Piper Sandler Companies,570,8.19,12.0,0.04372862292713119,22.868316746822487,0.5454545454545454,0.01111892134013624
AMZN-US,2024Q4,20244,Tian Zi Fu,Everbright Securities,1299,7.58,4.0,0.03344178362020955,29.902711271526783,0.2857142857142857,0.0076157453997012835
AMZN-US,2024Q4,20244,Youssef Squali,Truist Securities,852,8.58,12.0,0.04110789353408353,24.326228225994512,0.5454545454545454,0.011827779942947392
BJ-US,2024Q4,20244,Laura Champine,Loop Capital Markets,1009,5.09,5.0,0.05857604604187032,17.071824876762715,0.3333333333333333,0.005072576274237806
BJ-US,2024Q4,20244,Michael Baker,DA Davidson,556,4.46,5.0,0.05639524943697344,17.731990016598587,0.3333333333333333,0.005268732106996403
CME-US,2024Q4,20244,Brian Bedell,Deutsche Bank Research,77,10.66,12.0,0.0723347285154917,13.824618140176376,0.5454545454545454,0.006721738349168184
CME-US,2024Q4,20244,Daniel T. Fannon,Jefferies,512,10.55,5.0,0.055408608370114076,18.047737155213834,0.3333333333333333,0.005362550515723069
CME-US,2024Q4,20244,Kyle Voigt,Keefe Bruyette & Woods,525,11.12,6.0,0.054049006691043074,18.501727621309247,0.375,0.00618462603716785
CME-US,2024Q4,20244,Patrick O'Shaughnessy,Raymond James,402,11.1,6.0,0.039054537359490736,25.60521946003766,0.375,0.008559130812063042
CMG-US,2024Q4,20244,Andrew M. Charles,TD Cowen,917,1.57,6.0,0.027538050746575737,36.31339084972623,0.375,0.012138582252632752
CMG-US,2024Q4,20244,Lauren Silberman,Deutsche Bank Research,77,1.629372,5.0,0.02732328942578154,36.59881445520342,0.3333333333333333,0.010874659224239937
FCX-US,2024Q4,20244,Liam Fitzpatrick,Deutsche Bank Research,77,3.467193,4.0,0.04981436013281368,20.07453267157959,0.2857142857142857,0.00511266448237787
FCX-US,2024Q4,20244,Orest Wowkodaw,Scotiabank GBM,810,1.42,6.0,0.04865226843187923,20.55402619921322,0.375,0.006870653822288237
LH-US,2024Q4,20244,Elizabeth Anderson,Evercore ISI,1772,18.18,4.0,0.07572175545191419,13.206244282530308,0.2857142857142857,0.0033634205684144425
LH-US,2024Q4,20244,Jack Meehan,Nephron Research,3154,18.0,5.0,0.07842267037778927,12.751414803686897,0.3333333333333333,0.003788846515417891
LLY-US,2024Q4,20244,David Risinger,Leerink Partners,1079,30.8,12.0,0.038949079863361186,25.674547473474078,0.5454545454545454,0.012483353145824253
LLY-US,2024Q4,20244,Evan David Seigerman,BMO Capital Markets,181,29.85,11.0,0.04252454009345317,23.515833394138323,0.5238095238095238,0.010980033337773396
LLY-US,2024Q4,20244,James Shin,Deutsche Bank Research,77,31.787714,4.0,0.030640670804646924,32.63636120682911,0.2857142857142857,0.008311962599878576
LLY-US,2024Q4,20244,Mohit Bansal,Wells Fargo Securities,596,29.37,11.0,0.04263358437430898,23.455686747338103,0.5238095238095238,0.010951949613248187
LLY-US,2024Q4,20244,Narumi Nakagiri,Daiwa Securities Co. Ltd.,467,23.26,12.0,0.03023722613059727,33.07181669644269,0.5454545454545454,0.01608001727867641
LLY-US,2024Q4,20244,Seamus Fernandez,Guggenheim Securities,1515,28.08,6.0,0.035649812902660484,28.050638098169983,0.375,0.009376567977430764
LLY-US,2024Q4,20244,Steve Scala,TD Cowen,917,28.5,6.0,0.027539701396432168,36.311214330361345,0.375,0.012137854701205665
LNG-US,2024Q4,20244,James Carreker,U.S. Capital Advisors,1866,12.75,6.0,0.04200987880518631,23.803924896744658,0.375,0.007957006865328468
LNG-US,2024Q4,20244,Michael Blum,Wells Fargo Securities,596,12.87,6.0,0.04379273472608364,22.834837930420097,0.375,0.007633067360494987
META-US,2024Q4,20244,Brad Erickson,RBC Capital Markets,1269,27.6,12.0,0.04079605616538331,24.512173332297017,0.5454545454545454,0.011918189264868652
META-US,2024Q4,20244,Brian J. Pitz,BMO Capital Markets,181,24.7,8.0,0.028705450277464198,34.8365899274909,0.4444444444444444,0.013801395833363019
META-US,2024Q4,20244,Daniel Salmon,New Street Research,1634,30.29,4.0,0.03994689975152128,25.033231770681216,0.2857142857142857,0.006375566348017224
META-US,2024Q4,20244,Ella Ji,China Renaissance Securities (US),2903,29.24,6.0,0.03632415656065938,27.529889051382483,0.375,0.009202495686479784
META-US,2024Q4,20244,Gil Luria,DA Davidson,556,27.012,5.0,0.02263735742468336,44.17476745362593,0.3333333333333333,0.013125713210088118
META-US,2024Q4,20244,James Lee,Mizuho Securities USA,1802,31.73,8.0,0.03647506380434072,27.415990424696524,0.4444444444444444,0.010861537733816293
META-US,2024Q4,20244,Jason Helfstein,Oppenheimer,498,28.79,4.0,0.0425827210154116,23.483703628006264,0.2857142857142857,0.0059809261524466925
META-US,2024Q4,20244,John Blackledge,TD Cowen,917,27.78,12.0,0.04200683121765755,23.805651866919455,0.5454545454545454,0.011574667846758925
META-US,2024Q4,20244,Josh J. Beck,Raymond James,402,27.92,8.0,0.04175198952350068,23.950954467382598,0.4444444444444444,0.009488776136792498
META-US,2024Q4,20244,Ken Gawrelski,Wells Fargo Securities,596,30.45,12.0,0.04559570295927817,21.931891276972014,0.5454545454545454,0.010663617119216078
META-US,2024Q4,20244,Lun Ke Zhang,Guosen Securities,1894,29.3,8.0,0.03558766563160447,28.099623345677564,0.4444444444444444,0.01113237619897077
META-US,2024Q4,20244,Maria Ripps,Canaccord Genuity,466,28.46,10.0,0.04007964995365777,24.950317708768747,0.5,0.01112028654445131
META-US,2024Q4,20244,Michael Nathanson,MoffettNathanson Research,3177,28.94,6.0,0.04850031704386332,20.618421918677512,0.375,0.00689217956579893
META-US,2024Q4,20244,Saiyi He,CMB International,2157,28.6,6.0,0.038022379694291536,26.3003001926819,0.375,0.008791477460172493
META-US,2024Q4,20244,Satoshi Tanaka,Daiwa Securities Co. Ltd.,467,28.71,7.0,0.03737159147228701,26.758293147391175,0.4117647058823529,0.009821490923016494
META-US,2024Q4,20244,Thiago Alves Kapulskis,Itau Securities,1394,33.04,13.0,0.04015088519579339,24.906051139932774,0.5652173913043478,0.01254845580584625
META-US,2024Q4,20244,Thomas Champion,Piper Sandler Companies,570,29.91,12.0,0.04372862292713119,22.868316746822487,0.5454545454545454,0.01111892134013624
META-US,2024Q4,20244,Xiao Yu Han,First Shanghai,1701,29.8,6.0,0.034757215094727185,28.7710047331066,0.375,0.009617367017278522
META-US,2024Q4,20244,Youssef Squali,Truist Securities,852,25.27,12.0,0.04110789353408353,24.326228225994512,0.5454545454545454,0.011827779942947392
MSFT-US,2024Q4,20244,Ben Reitzes,Melius Research,3130,18.0,13.0,0.04119213580603573,24.276478517860046,0.5652173913043478,0.012231257219034399
MSFT-US,2024Q4,20244,Lun Ke Zhang,Guosen Securities,1894,18.0,8.0,0.03558766563160447,28.099623345677564,0.4444444444444444,0.01113237619897077
MSFT-US,2024Q4,20244,Rong Jin,Huaan Securities,3624,17.72,9.0,0.03297007583899615,30.33053381142745,0.47368421052631576,0.012806747767157746
MSFT-US,2024Q4,20244,Thiago Alves Kapulskis,Itau Securities,1394,17.77,13.0,0.04015088519579339,24.906051139932774,0.5652173913043478,0.01254845580584625
MSFT-US,2024Q4,20244,Tian Zi Fu,Everbright Securities,1299,17.43,4.0,0.03344178362020955,29.902711271526783,0.2857142857142857,0.0076157453997012835
MSFT-US,2024Q4,20244,Timothy Horan,Oppenheimer,498,16.27,6.0,0.0384125742927873,26.033141970070183,0.375,0.008702173707926952
MSFT-US,2024Q4,20244,Xiao Yu Han,First Shanghai,1701,18.1,6.0,0.034757215094727185,28.7710047331066,0.375,0.009617367017278522
MTZ-US,2024Q4,20244,Marc Bianchi,TD Cowen,917,7.58,6.0,0.06998094265162126,14.28960459961499,0.375,0.0047766274845504695
MTZ-US,2024Q4,20244,Sangita Jain,KeyBanc Capital Markets,618,6.83762,4.0,0.056486193947389275,17.703440967033305,0.2857142857142857,0.004508785102438077
MU-US,2024Q4,20244,Aaron Rakers,Wells Fargo Securities,596,12.49,15.0,0.07489272617436184,13.352431552189,0.6,0.007141369500397042
MU-US,2024Q4,20244,Hans Mosesmann,Rosenblatt Securities,2623,17.9989,5.0,0.07412579343174755,13.490580723709423,0.3333333333333333,0.00400847596544435
MU-US,2024Q4,20244,Jeff Pu,Haitong International Research,2898,14.11,4.0,0.038477487683111246,25.989222795305462,0.2857142857142857,0.006619042071065466
MU-US,2024Q4,20244,Krish Sankar,TD Cowen,917,9.18,5.0,0.051903584349816526,19.26649214166526,0.3333333333333333,0.0057246809659245255
MU-US,2024Q4,20244,Matthew Bryson,Wedbush Securities,590,15.66,6.0,0.1376118061992661,7.266818361151146,0.375,0.002429100404222927
MU-US,2024Q4,20244,Pianpian He,Huatai Research,1271,11.68,7.0,0.05426900476480471,18.426724505707796,0.4117647058823529,0.006763432423617773
MU-US,2024Q4,20244,Pierre Ferragu,New Street Research,1634,18.18,16.0,0.047694383471216,20.966829366889904,0.6153846153846154,0.011501362431715297
MU-US,2024Q4,20244,Vijay Rakesh,Mizuho Securities USA,1802,13.0505,18.0,0.056359658583713466,17.74318768298882,0.6428571428571429,0.010167542908666262
MU-US,2024Q4,20244,Warren Lau,Aletheia Capital,2859,11.32,7.0,0.051916749376422176,19.26160655301248,0.4117647058823529,0.007069871492964459
NVDA-US,2024Q4,20244,Aaron Rakers,Wells Fargo Securities,596,5.05,15.0,0.07489272617436184,13.352431552189,0.6,0.007141369500397042
NVDA-US,2024Q4,20244,Ben Reitzes,Melius Research,3130,5.1,13.0,0.04119213580603573,24.276478517860046,0.5652173913043478,0.012231257219034399
NVDA-US,2024Q4,20244,Blayne Curtis,Jefferies,512,5.53,6.0,0.03408569968270975,29.337816424735394,0.375,0.009806836801828863
NVDA-US,2024Q4,20244,Christopher Rolland,Susquehanna Financial Group,974,4.89,5.0,0.06527956833441863,15.318728746445316,0.3333333333333333,0.004551676259078299
NVDA-US,2024Q4,20244,Hans Mosesmann,Rosenblatt Securities,2623,4.5,5.0,0.07412579343174755,13.490580723709423,0.3333333333333333,0.00400847596544435
NVDA-US,2024Q4,20244,Heping Qin,Guotai Haitong Securities China,1094,5.3,12.0,0.050496934108873515,19.803182463393874,0.5454545454545454,0.009628606710873766
NVDA-US,2024Q4,20244,Kevin Garrigan,WestPark Capital,3079,4.7,12.0,0.04614783928704447,21.669486923968286,0.5454545454545454,0.010536032155588916
NVDA-US,2024Q4,20244,Liang Wei Zhang,Soochow Securities,3048,4.59,5.0,0.038294316716790865,26.11353552527368,0.3333333333333333,0.007759152972701295
NVDA-US,2024Q4,20244,Lun Ke Zhang,Guosen Securities,1894,4.2,8.0,0.03558766563160447,28.099623345677564,0.4444444444444444,0.01113237619897077
NVDA-US,2024Q4,20244,Pianpian He,Huatai Research,1271,5.91,7.0,0.05426900476480471,18.426724505707796,0.4117647058823529,0.006763432423617773
NVDA-US,2024Q4,20244,Pierre Ferragu,New Street Research,1634,4.99,16.0,0.047694383471216,20.966829366889904,0.6153846153846154,0.011501362431715297
NVDA-US,2024Q4,20244,Rick Schafer,Oppenheimer,498,5.04,5.0,0.03803633732660543,26.29064916038922,0.3333333333333333,0.0078117790059353855
NVDA-US,2024Q4,20244,Rong Jin,Huaan Securities,3624,6.0,9.0,0.03297007583899615,30.33053381142745,0.47368421052631576,0.012806747767157746
NVDA-US,2024Q4,20244,Ross Seymore,Deutsche Bank Research,77,4.4,11.0,0.039991299049462484,25.005439277258006,0.5238095238095238,0.011675561409547985
NVDA-US,2024Q4,20244,Thiago Alves Kapulskis,Itau Securities,1394,7.26,13.0,0.04015088519579339,24.906051139932774,0.5652173913043478,0.01254845580584625
NVDA-US,2024Q4,20244,Tony Shen,SPDB International,3451,5.13,5.0,0.02257135368514022,44.303944457631125,0.3333333333333333,0.013164095762066246
NVDA-US,2024Q4,20244,Vijay Rakesh,Mizuho Securities USA,1802,4.8634,18.0,0.056359658583713466,17.74318768298882,0.6428571428571429,0.010167542908666262
NVDA-US,2024Q4,20244,Warren Lau,Aletheia Capital,2859,5.41,7.0,0.051916749376422176,19.26160655301248,0.4117647058823529,0.007069871492964459
NVDA-US,2024Q4,20244,William Stein,Truist Securities,852,4.1846223,5.0,0.015531888777399921,64.38366990208402,0.3333333333333333,0.01913041392769961
QCOM-US,2024Q4,20244,Aaron Rakers,Wells Fargo Securities,596,12.2129,15.0,0.07489272617436184,13.352431552189,0.6,0.007141369500397042
QCOM-US,2024Q4,20244,Ben Reitzes,Melius Research,3130,12.3,13.0,0.04119213580603573,24.276478517860046,0.5652173913043478,0.012231257219034399
QCOM-US,2024Q4,20244,Christopher Rolland,Susquehanna Financial Group,974,11.29,5.0,0.06527956833441863,15.318728746445316,0.3333333333333333,0.004551676259078299
QCOM-US,2024Q4,20244,Rick Schafer,Oppenheimer,498,13.44,5.0,0.03803633732660543,26.29064916038922,0.3333333333333333,0.0078117790059353855
QCOM-US,2024Q4,20244,Ross Seymore,Deutsche Bank Research,77,11.450488,11.0,0.039991299049462484,25.005439277258006,0.5238095238095238,0.011675561409547985
QCOM-US,2024Q4,20244,Vijay Rakesh,Mizuho Securities USA,1802,12.2711,18.0,0.056359658583713466,17.74318768298882,0.6428571428571429,0.010167542908666262
QCOM-US,2024Q4,20244,Xiao Yu Han,First Shanghai,1701,12.19,6.0,0.034757215094727185,28.7710047331066,0.375,0.009617367017278522
SNDK-US,2024Q4,20244,Aaron Rakers,Wells Fargo Securities,596,4.6798,15.0,0.07489272617436184,13.352431552189,0.6,0.007141369500397042
STT-US,2024Q4,20244,Brian Bedell,Deutsche Bank Research,77,10.03248,12.0,0.0723347285154917,13.824618140176376,0.5454545454545454,0.006721738349168184
STT-US,2024Q4,20244,David Konrad,Keefe Bruyette & Woods,525,11.0,6.0,0.08997004768983684,11.114810158236269,0.375,0.0037153797585709673
STT-US,2024Q4,20244,Mike Mayo,Wells Fargo Securities,596,11.2,9.0,0.09838263729478683,10.16439513614247,0.47368421052631576,0.004291808562408394
TFC-US,2024Q4,20244,David Konrad,Keefe Bruyette & Woods,525,4.65,6.0,0.08997004768983684,11.114810158236269,0.375,0.0037153797585709673
TFC-US,2024Q4,20244,Matthew O'Connor,Deutsche Bank Research,77,4.52,4.0,0.08815895116885718,11.343147652523998,0.2857142857142857,0.0028889194617980635
TFC-US,2024Q4,20244,Mike Mayo,Wells Fargo Securities,596,4.35,9.0,0.09838263729478683,10.16439513614247,0.47368421052631576,0.004291808562408394
TSLA-US,2024Q4,20244,Chris McNally,Evercore ISI,1772,3.85,6.0,0.012932407411462232,77.32512348116109,0.375,0.02584769280994133
TSLA-US,2024Q4,20244,Colin M. Langan,Wells Fargo Securities,596,1.8,6.0,0.007365248326539617,135.77274732158634,0.375,0.045385149182272634
TSLA-US,2024Q4,20244,George Gianarikas,Canaccord Genuity,466,7.91,4.0,0.023498551526633375,42.55581450910262,0.2857142857142857,0.010838289733507889
TSLA-US,2024Q4,20244,Gordon L. Johnson II,GLJ Research,3391,2.52,4.0,0.0025730913462362,388.637582362847,0.2857142857142857,0.0989798166846882
TSLA-US,2024Q4,20244,Heping Qin,Guotai Haitong Securities China,1094,4.44,12.0,0.050496934108873515,19.803182463393874,0.5454545454545454,0.009628606710873766
TSLA-US,2024Q4,20244,Pierre Ferragu,New Street Research,1634,5.31,16.0,0.047694383471216,20.966829366889904,0.6153846153846154,0.011501362431715297
TSLA-US,2024Q4,20244,Rong Jin,Huaan Securities,3624,4.86,9.0,0.03297007583899615,30.33053381142745,0.47368421052631576,0.012806747767157746
TSLA-US,2024Q4,20244,Tony Shen,SPDB International,3451,3.99,5.0,0.02257135368514022,44.303944457631125,0.3333333333333333,0.013164095762066246
TSLA-US,2024Q4,20244,Vijay Rakesh,Mizuho Securities USA,1802,3.4,18.0,0.056359658583713466,17.74318768298882,0.6428571428571429,0.010167542908666262
TSLA-US,2024Q4,20244,William Stein,Truist Securities,852,4.87,5.0,0.015531888777399921,64.38366990208402,0.3333333333333333,0.01913041392769961
TSM-US,2024Q4,20244,Heping Qin,Guotai Haitong Securities China,1094,11.940113,12.0,0.050496934108873515,19.803182463393874,0.5454545454545454,0.009628606710873766
TSM-US,2024Q4,20244,Jeff Pu,Haitong International Research,2898,10.458482,4.0,0.038477487683111246,25.989222795305462,0.2857142857142857,0.006619042071065466
TSM-US,2024Q4,20244,Krish Sankar,TD Cowen,917,9.0,5.0,0.051903584349816526,19.26649214166526,0.3333333333333333,0.0057246809659245255
TSM-US,2024Q4,20244,Ling Ji Cao,First Shanghai,1701,10.044433,7.0,0.04450457747882834,22.469598783983933,0.4117647058823529,0.008247348187910728
TSM-US,2024Q4,20244,Matthew Bryson,Wedbush Securities,590,10.320418,6.0,0.1376118061992661,7.266818361151146,0.375,0.002429100404222927
TSM-US,2024Q4,20244,Pierre Ferragu,New Street Research,1634,11.222276,16.0,0.047694383471216,20.966829366889904,0.6153846153846154,0.011501362431715297
TSM-US,2024Q4,20244,Rong Jin,Huaan Securities,3624,10.476265,9.0,0.03297007583899615,30.33053381142745,0.47368421052631576,0.012806747767157746
TSM-US,2024Q4,20244,Tony Shen,SPDB International,3451,10.96752,5.0,0.02257135368514022,44.303944457631125,0.3333333333333333,0.013164095762066246
TSM-US,2024Q4,20244,Warren Lau,Aletheia Capital,2859,12.142857,7.0,0.051916749376422176,19.26160655301248,0.4117647058823529,0.007069871492964459
TXN-US,2024Q4,20244,Blayne Curtis,Jefferies,512,6.79,6.0,0.03408569968270975,29.337816424735394,0.375,0.009806836801828863
TXN-US,2024Q4,20244,Christopher Rolland,Susquehanna Financial Group,974,7.71,5.0,0.06527956833441863,15.318728746445316,0.3333333333333333,0.004551676259078299
TXN-US,2024Q4,20244,Hans Mosesmann,Rosenblatt Securities,2623,9.5,5.0,0.07412579343174755,13.490580723709423,0.3333333333333333,0.00400847596544435
TXN-US,2024Q4,20244,Rick Schafer,Oppenheimer,498,6.86,5.0,0.03803633732660543,26.29064916038922,0.3333333333333333,0.0078117790059353855
TXN-US,2024Q4,20244,Ross Seymore,Deutsche Bank Research,77,7.0,11.0,0.039991299049462484,25.005439277258006,0.5238095238095238,0.011675561409547985
TXN-US,2024Q4,20244,Vijay Rakesh,Mizuho Securities USA,1802,6.9763,18.0,0.056359658583713466,17.74318768298882,0.6428571428571429,0.010167542908666262
TXN-US,2024Q4,20244,William Stein,Truist Securities,852,6.65,5.0,0.015531888777399921,64.38366990208402,0.3333333333333333,0.01913041392769961
UPS-US,2024Q4,20244,Fadi Chamoun,BMO Capital Markets,181,9.49,6.0,0.06725022145913635,14.869839508374495,0.375,0.004970584286738752
V-US,2024Q4,20244,Bryan Keane,Deutsche Bank Research,77,12.770805,4.0,0.03880695496006185,25.768576819004462,0.2857142857142857,0.006562847047018366
V-US,2024Q4,20244,John Davis,Raymond James,402,12.42,4.0,0.0375290615204943,26.646016699722384,0.2857142857142857,0.006786317041909929
V-US,2024Q4,20244,Kazuya Nishimura,Daiwa Securities Co. Ltd.,467,12.77,10.0,0.06653435125821938,15.029830171771069,0.5,0.006698753105087495
VRTX-US,2024Q4,20244,Brian Abrahams,RBC Capital Markets,1269,18.95,6.0,0.03867240075581988,25.85823430808102,0.375,0.008643706817559781
VRTX-US,2024Q4,20244,Christopher Raymond,Piper Sandler Companies,570,21.97,6.0,0.045113745273610034,22.166193339415894,0.375,0.007409557597959447
VRTX-US,2024Q4,20244,David Risinger,Leerink Partners,1079,18.98,12.0,0.038949079863361186,25.674547473474078,0.5454545454545454,0.012483353145824253
VRTX-US,2024Q4,20244,Evan David Seigerman,BMO Capital Markets,181,21.7782,11.0,0.04252454009345317,23.515833394138323,0.5238095238095238,0.010980033337773396
VRTX-US,2024Q4,20244,Joseph Stringer,Needham,477,22.12,6.0,0.04851149876668585,20.613669447927403,0.375,0.006890590943647334
VRTX-US,2024Q4,20244,Mohit Bansal,Wells Fargo Securities,596,20.37,11.0,0.04263358437430898,23.455686747338103,0.5238095238095238,0.010951949613248187
VRTX-US,2024Q4,20244,Myles R. Minter,William Blair,198,19.74,5.0,0.05614610228316726,17.810675351186443,0.3333333333333333,0.0052921119954525055
VRTX-US,2024Q4,20244,Narumi Nakagiri,Daiwa Securities Co. Ltd.,467,17.75,12.0,0.03023722613059727,33.07181669644269,0.5454545454545454,0.01608001727867641
VRTX-US,2024Q4,20244,Olivia Brayer Saunders,Cantor Fitzgerald,1190,20.47,6.0,0.04555034452870515,21.953730764205634,0.375,0.007338537118063522
VRTX-US,2024Q4,20244,Phil Nadeau,TD Cowen,917,21.0,6.0,0.04736598915251322,21.11219501360166,0.375,0.007057234527250402
WFC-US,2024Q4,20244,David Konrad,Keefe Bruyette & Woods,525,6.85,6.0,0.08997004768983684,11.114810158236269,0.375,0.0037153797585709673
WFC-US,2024Q4,20244,Kazuya Nishimura,Daiwa Securities Co. Ltd.,467,6.72,10.0,0.06653435125821938,15.029830171771069,0.5,0.006698753105087495
WFC-US,2024Q4,20244,Matthew O'Connor,Deutsche Bank Research,77,6.78,4.0,0.08815895116885718,11.343147652523998,0.2857142857142857,0.0028889194617980635
WMB-US,2024Q4,20244,James Carreker,U.S. Capital Advisors,1866,2.29,6.0,0.04200987880518631,23.803924896744658,0.375,0.007957006865328468
AMAT-US,2025Q1,20251,C.J. Muse,Cantor Fitzgerald,1190,10.52,5.0,0.060147435622389736,16.625812715908246,0.3333333333333333,0.002647360182236934
AMAT-US,2025Q1,20251,Jed Dorsheimer,William Blair,198,10.27,4.0,0.00765060337333995,130.70864495272346,0.2857142857142857,0.017839705112325722
AMAT-US,2025Q1,20251,Joe Quatrochi,Wells Fargo Securities,596,10.5471,6.0,0.04046296751373028,24.713956030552392,0.375,0.004427157173677008
AMAT-US,2025Q1,20251,Krish Sankar,TD Cowen,917,10.2095,9.0,0.04858729113947995,20.581513736365576,0.47368421052631576,0.004657122106465606
AMAT-US,2025Q1,20251,Mark Lipacis,Evercore ISI,1772,10.05,7.0,0.04335103506886267,23.067499966529297,0.4117647058823529,0.004537337144961103
AMAT-US,2025Q1,20251,Mehdi Hosseini,Susquehanna Financial Group,974,9.31,4.0,0.11994517608424396,8.337142289887892,0.2857142857142857,0.0011378907644930107
AMAT-US,2025Q1,20251,Melissa Weathers,Deutsche Bank Research,77,10.174975,4.0,0.043845749730392854,22.807227750671196,0.2857142857142857,0.0031128332609429927
AMAT-US,2025Q1,20251,Pierre Ferragu,New Street Research,1634,10.59,23.0,0.04925348190867992,20.303133123747145,0.696969696969697,0.006759714623349096
AMAT-US,2025Q1,20251,Steve Barger,KeyBanc Capital Markets,618,10.96,6.0,0.044518560469792946,22.46254122881011,0.375,0.0040238479188521685
AMAT-US,2025Q1,20251,Vijay Rakesh,Mizuho Securities USA,1802,10.53,25.0,0.053880968258511824,18.55942891007764,0.7142857142857143,0.0063326863140673074
AMD-US,2025Q1,20251,Aaron Rakers,Wells Fargo Securities,596,4.95,21.0,0.06982493255059745,14.321531915199015,0.6774193548387096,0.004634452969537744
AMD-US,2025Q1,20251,Ben Reitzes,Melius Research,3130,4.62,18.0,0.04034653783769077,24.78527411751855,0.6428571428571429,0.00761131337927487
AMD-US,2025Q1,20251,Blayne Curtis,Jefferies,512,5.59,9.0,0.03418572740840217,29.25197372732282,0.47368421052631576,0.006619047328018479
AMD-US,2025Q1,20251,C.J. Muse,Cantor Fitzgerald,1190,6.0,5.0,0.060147435622389736,16.625812715908246,0.3333333333333333,0.002647360182236934
AMD-US,2025Q1,20251,Christopher Rolland,Susquehanna Financial Group,974,5.65,9.0,0.05451738139808908,18.342773888898698,0.47368421052631576,0.004150546887178331
AMD-US,2025Q1,20251,Dawei Wang,Bocom International,1746,6.066,4.0,0.03998050785090252,25.012188532703345,0.2857142857142857,0.003413776248684348
AMD-US,2025Q1,20251,Gary Mobley,Loop Capital Markets,1009,7.01,4.0,0.057048123129104976,17.529060469472608,0.2857142857142857,0.0023924451958370753
AMD-US,2025Q1,20251,John N. Vinh,KeyBanc Capital Markets,618,5.31,4.0,0.06220550101568373,16.075748666470385,0.2857142857142857,0.0021940906492713174
AMD-US,2025Q1,20251,Joshua Buchalter,TD Cowen,917,6.05,7.0,0.0411432981271591,24.305295042447998,0.4117647058823529,0.004780809284723324
AMD-US,2025Q1,20251,Kevin Cassidy,Rosenblatt Securities,2623,9.1,4.0,0.0573885175366199,17.425088552982658,0.2857142857142857,0.002378254639957508
AMD-US,2025Q1,20251,Ling Ji Cao,First Shanghai,1701,6.3,9.0,0.045192164509923784,22.12772968155595,0.47368421052631576,0.005006995130964886
AMD-US,2025Q1,20251,Mark Lipacis,Evercore ISI,1772,6.17,7.0,0.04335103506886267,23.067499966529297,0.4117647058823529,0.004537337144961103
AMD-US,2025Q1,20251,Matthew Bryson,Wedbush Securities,590,6.21,9.0,0.11753997009376288,8.507744209925265,0.47368421052631576,0.0019251063912850155
AMD-US,2025Q1,20251,Pierre Ferragu,New Street Research,1634,6.74,23.0,0.04925348190867992,20.303133123747145,0.696969696969697,0.006759714623349096
AMD-US,2025Q1,20251,Rick Schafer,Oppenheimer,498,5.58,9.0,0.03972710502371981,25.171730973171375,0.47368421052631576,0.005695782451901533
AMD-US,2025Q1,20251,Ross Seymore,Deutsche Bank Research,77,5.352942,15.0,0.039662550522618086,25.212700313605325,0.6,0.007226400300989868
AMD-US,2025Q1,20251,Sophie Huang,ABCI Securities,2281,5.7,4.0,0.03643528295906235,27.445923807523922,0.2857142857142857,0.003745943410542447
AMD-US,2025Q1,20251,Vijay Rakesh,Mizuho Securities USA,1802,6.3277,25.0,0.053880968258511824,18.55942891007764,0.7142857142857143,0.0063326863140673074
AMD-US,2025Q1,20251,Warren Lau,Aletheia Capital,2859,5.98,12.0,0.05140286462066343,19.454168700123574,0.5454545454545454,0.005069004141904217
AMD-US,2025Q1,20251,William Stein,Truist Securities,852,5.67,9.0,0.020509238937201243,48.75851332474959,0.47368421052631576,0.011032927567512703
AMZN-US,2025Q1,20251,Brad Erickson,RBC Capital Markets,1269,8.45,14.0,0.039270567419672144,25.464363407671602,0.5833333333333334,0.007095794357902886
AMZN-US,2025Q1,20251,Brian J. Pitz,BMO Capital Markets,181,6.45,10.0,0.02798590209092926,35.732276799614695,0.5,0.008534578889739484
AMZN-US,2025Q1,20251,Brian J. White,"Monness, Crespi, Hardt",1080,6.94,4.0,0.03255122169131225,30.720813168953804,0.2857142857142857,0.004192915074157605
AMZN-US,2025Q1,20251,Daniel Salmon,New Street Research,1634,8.56,5.0,0.0394534558550664,25.346322098462903,0.3333333333333333,0.004035943688059111
AMZN-US,2025Q1,20251,Deepak Mathivanan,Cantor Fitzgerald,1190,6.24,4.0,0.0336200113284561,29.74418985854405,0.2857142857142857,0.004059621122025862
AMZN-US,2025Q1,20251,Ella Ji,China Renaissance Securities (US),2903,8.12,8.0,0.03502723460280409,28.549213528833516,0.4444444444444444,0.006061261679604656
AMZN-US,2025Q1,20251,Gil Luria,DA Davidson,556,8.18,7.0,0.024208297957000614,41.30814986564628,0.4117647058823529,0.008125241272221712
AMZN-US,2025Q1,20251,Jason Helfstein,Oppenheimer,498,6.72,6.0,0.03820216224077095,26.176528796916056,0.375,0.004689156487207663
AMZN-US,2025Q1,20251,John Blackledge,TD Cowen,917,8.4,14.0,0.04040282870808382,24.750742261764444,0.5833333333333334,0.006896939636120103
AMZN-US,2025Q1,20251,Josh J. Beck,Raymond James,402,6.644,10.0,0.03908528861633806,25.5850739600779,0.5,0.0061109409102769185
AMZN-US,2025Q1,20251,Ken Gawrelski,Wells Fargo Securities,596,7.25,14.0,0.043551141769123704,22.961510522531615,0.5833333333333334,0.006398359707889729
AMZN-US,2025Q1,20251,Lulu Xia,Huatai Research,1271,8.36,5.0,0.034439492848837405,29.0364322259106,0.3333333333333333,0.004623527031285807
AMZN-US,2025Q1,20251,Lun Ke Zhang,Guosen Securities,1894,7.8,12.0,0.03369687546485838,29.676341981406395,0.5454545454545454,0.007732507245059486
AMZN-US,2025Q1,20251,Maria Ripps,Canaccord Genuity,466,7.29,11.0,0.039563333437811044,25.27592882363878,0.5238095238095238,0.006324583306363521
AMZN-US,2025Q1,20251,Mark Kelley,Stifel Nicolaus,548,6.07,4.0,0.031119364701565302,32.134332098036055,0.2857142857142857,0.004385838509900042
AMZN-US,2025Q1,20251,Michael Morton,MoffettNathanson Research,3177,7.36,5.0,0.0321196546400252,31.13358506519781,0.3333333333333333,0.0049574607172752925
AMZN-US,2025Q1,20251,Rong Jin,Huaan Securities,3624,7.66,14.0,0.03205151210805054,31.19977605514671,0.5833333333333334,0.008694000763170331
AMZN-US,2025Q1,20251,Saiyi He,CMB International,2157,8.2,8.0,0.03589017619278238,27.86277767566666,0.4444444444444444,0.005915525008851716
AMZN-US,2025Q1,20251,Satoshi Tanaka,Daiwa Securities Co. Ltd.,467,7.5,9.0,0.0353866229032295,28.259266297738087,0.47368421052631576,0.006394420520933682
AMZN-US,2025Q1,20251,Scott Devitt,Wedbush Securities,590,7.56,4.0,0.031420155157603755,31.826704705434835,0.2857142857142857,0.004343852136539165
AMZN-US,2025Q1,20251,Thiago Alves Kapulskis,Itau Securities,1394,8.02,18.0,0.03867153051986331,25.858816202952152,0.6428571428571429,0.00794098757207712
AMZN-US,2025Q1,20251,Thomas Champion,Piper Sandler Companies,570,7.77,14.0,0.04203455017029828,23.789953644052616,0.5833333333333334,0.006629210247265914
AMZN-US,2025Q1,20251,Tian Zi Fu,Everbright Securities,1299,7.75,6.0,0.03204034573370372,31.210649482726556,0.375,0.005590948312028824
AMZN-US,2025Q1,20251,Tom Forte,Maxim Group,1063,6.61,9.0,0.0283350644647063,35.291961352181985,0.47368421052631576,0.007985757291669457
AMZN-US,2025Q1,20251,Youssef Squali,Truist Securities,852,7.35,14.0,0.03934881441650702,25.41372630481327,0.5833333333333334,0.007081684031914746
BJ-US,2025Q1,20251,Laura Champine,Loop Capital Markets,1009,5.33,6.0,0.056130622345239335,17.815587253769582,0.375,0.0031914115577566546
BJ-US,2025Q1,20251,Michael Baker,DA Davidson,556,4.7687,6.0,0.05313787484798719,18.818968633215466,0.375,0.003371153201160739
CME-US,2025Q1,20251,Brian Bedell,Deutsche Bank Research,77,11.568264,15.0,0.06864444673369045,14.56782081556502,0.6,0.004175391902372232
CME-US,2025Q1,20251,Daniel T. Fannon,Jefferies,512,10.85,8.0,0.05228984233788801,19.124173171878606,0.4444444444444444,0.004060238573078739
CME-US,2025Q1,20251,Kyle Voigt,Keefe Bruyette & Woods,525,11.35,8.0,0.0507823259451076,19.691890463641528,0.4444444444444444,0.004180770196898644
CME-US,2025Q1,20251,Patrick O'Shaughnessy,Raymond James,402,11.65,7.0,0.03882167718371094,25.758804681926176,0.4117647058823529,0.005066712104159012
CMG-US,2025Q1,20251,Andrew M. Charles,TD Cowen,917,1.49,7.0,0.026978725754309447,37.06624282802775,0.4117647058823529,0.007290865531669611
CMG-US,2025Q1,20251,Gregory Paul Francfort,Guggenheim Securities,1515,1.34,4.0,0.020396441651985397,49.02815976740039,0.2857142857142857,0.006691584269477891
CMG-US,2025Q1,20251,Jeff Farmer,Gordon Haskett,2467,1.42,4.0,0.020832447688302128,48.002040612900316,0.2857142857142857,0.006551534901411905
CMG-US,2025Q1,20251,Lauren Silberman,Deutsche Bank Research,77,1.57098,6.0,0.02688261070179303,37.19876804723067,0.375,0.006663635421567245
CMG-US,2025Q1,20251,Steven Gojak,Cleveland Research Company,2295,1.5313718,4.0,0.022546003647192253,44.35375845974079,0.2857142857142857,0.006053600906285052
FCX-US,2025Q1,20251,Christopher LaFemina,Jefferies,512,2.46,4.0,0.06465956609170383,15.46561569222014,0.2857142857142857,0.0021108169503980144
FCX-US,2025Q1,20251,Katja Jancic,BMO Capital Markets,181,2.38,4.0,0.041433183270296076,24.135244291425504,0.2857142857142857,0.003294086945272111
FCX-US,2025Q1,20251,Liam Fitzpatrick,Deutsche Bank Research,77,3.144426,5.0,0.05677246384192466,17.614173004440435,0.3333333333333333,0.002804738694690687
FCX-US,2025Q1,20251,Orest Wowkodaw,Scotiabank GBM,810,1.4923213,7.0,0.04623915212886646,21.626694131696976,0.4117647058823529,0.004253933141816111
FCX-US,2025Q1,20251,Sam Crittenden,RBC Capital Markets,1269,1.79,4.0,0.04590632274970963,21.78349168702094,0.2857142857142857,0.0029731091478594294
LH-US,2025Q1,20251,Ann Hynes,Mizuho Securities USA,1802,17.4,4.0,0.06859413053746535,14.578506822151658,0.2857142857142857,0.0019897403326251477
LH-US,2025Q1,20251,Elizabeth Anderson,Evercore ISI,1772,18.14,5.0,0.07406537096271013,13.501586328426985,0.3333333333333333,0.002149883596890953
LH-US,2025Q1,20251,Jack Meehan,Nephron Research,3154,17.9,6.0,0.0764694076985834,13.077124958802644,0.375,0.0023425827698674495
LH-US,2025Q1,20251,Michael Cherny,Leerink Partners,1079,17.24,4.0,0.06990077763067525,14.30599249243774,0.2857142857142857,0.001952546348380741
LLY-US,2025Q1,20251,Akash Tewari,Jefferies,512,33.48,4.0,0.029701446264546474,33.668394161454124,0.2857142857142857,0.004595214216038552
LLY-US,2025Q1,20251,David Risinger,Leerink Partners,1079,29.98,14.0,0.03831134850101769,26.101926429800205,0.5833333333333334,0.007273455036978205
LLY-US,2025Q1,20251,Evan David Seigerman,BMO Capital Markets,181,29.2217,13.0,0.04167727534703257,23.993890955522843,0.5652173913043478,0.0064783976267909745
LLY-US,2025Q1,20251,James Shin,Deutsche Bank Research,77,29.709154,5.0,0.03159151238073814,31.654071762949734,0.3333333333333333,0.005040338816683569
LLY-US,2025Q1,20251,Mohit Bansal,Wells Fargo Securities,596,29.4,13.0,0.04147734201144967,24.109548768191406,0.5652173913043478,0.00650962546309734
LLY-US,2025Q1,20251,Seamus Fernandez,Guggenheim Securities,1515,29.35,7.0,0.034922455262024726,28.6348709590135,0.4117647058823529,0.005632429341368648
LLY-US,2025Q1,20251,Srikripa Devarakonda,Truist Securities,852,29.55,4.0,0.030160195022565672,33.15628427640492,0.2857142857142857,0.0045253191502784475
LLY-US,2025Q1,20251,Steve Scala,TD Cowen,917,29.3966,7.0,0.028049198789279077,35.65164222737865,0.4117647058823529,0.0070126160525356505
LNG-US,2025Q1,20251,James Carreker,U.S. Capital Advisors,1866,13.82,8.0,0.040347994347126735,24.78437940177842,0.4444444444444444,0.005261952626788191
LNG-US,2025Q1,20251,Jason Gabelman,TD Cowen,917,11.48,4.0,0.041274094265495,24.2282724259802,0.2857142857142857,0.0033067838444573623
LNG-US,2025Q1,20251,Michael Blum,Wells Fargo Securities,596,14.3,7.0,0.042824617721574934,23.351054911955526,0.4117647058823529,0.004593111909820175
LNG-US,2025Q1,20251,Robert Mosca,Mizuho Securities USA,1802,14.24,4.0,0.054027266108286925,18.50917272022794,0.2857142857142857,0.002526215334275716
META-US,2025Q1,20251,Brad Erickson,RBC Capital Markets,1269,28.09,14.0,0.039270567419672144,25.464363407671602,0.5833333333333334,0.007095794357902886
META-US,2025Q1,20251,Brian J. Pitz,BMO Capital Markets,181,26.74,10.0,0.02798590209092926,35.732276799614695,0.5,0.008534578889739484
META-US,2025Q1,20251,Brian J. White,"Monness, Crespi, Hardt",1080,30.93,4.0,0.03255122169131225,30.720813168953804,0.2857142857142857,0.004192915074157605
META-US,2025Q1,20251,Daniel Salmon,New Street Research,1634,28.19,5.0,0.0394534558550664,25.346322098462903,0.3333333333333333,0.004035943688059111
META-US,2025Q1,20251,Deepak Mathivanan,Cantor Fitzgerald,1190,26.52,4.0,0.0336200113284561,29.74418985854405,0.2857142857142857,0.004059621122025862
META-US,2025Q1,20251,Ella Ji,China Renaissance Securities (US),2903,30.05,8.0,0.03502723460280409,28.549213528833516,0.4444444444444444,0.006061261679604656
META-US,2025Q1,20251,Gil Luria,DA Davidson,556,26.81,7.0,0.024208297957000614,41.30814986564628,0.4117647058823529,0.008125241272221712
META-US,2025Q1,20251,Jason Helfstein,Oppenheimer,498,30.73,6.0,0.03820216224077095,26.176528796916056,0.375,0.004689156487207663
META-US,2025Q1,20251,John Blackledge,TD Cowen,917,28.55,14.0,0.04040282870808382,24.750742261764444,0.5833333333333334,0.006896939636120103
META-US,2025Q1,20251,Josh J. Beck,Raymond James,402,26.73,10.0,0.03908528861633806,25.5850739600779,0.5,0.0061109409102769185
META-US,2025Q1,20251,Ken Gawrelski,Wells Fargo Securities,596,30.06,14.0,0.043551141769123704,22.961510522531615,0.5833333333333334,0.006398359707889729
META-US,2025Q1,20251,Lulu Xia,Huatai Research,1271,31.4,5.0,0.034439492848837405,29.0364322259106,0.3333333333333333,0.004623527031285807
META-US,2025Q1,20251,Lun Ke Zhang,Guosen Securities,1894,30.75,12.0,0.03369687546485838,29.676341981406395,0.5454545454545454,0.007732507245059486
META-US,2025Q1,20251,Maria Ripps,Canaccord Genuity,466,28.21,11.0,0.039563333437811044,25.27592882363878,0.5238095238095238,0.006324583306363521
META-US,2025Q1,20251,Mark Kelley,Stifel Nicolaus,548,27.38,4.0,0.031119364701565302,32.134332098036055,0.2857142857142857,0.004385838509900042
META-US,2025Q1,20251,Michael Morris,Guggenheim Securities,1515,26.13,4.0,0.04063609072143985,24.608666391041247,0.2857142857142857,0.003358701727667397
META-US,2025Q1,20251,Michael Nathanson,MoffettNathanson Research,3177,26.85,7.0,0.04660140162747632,21.458582039953,0.4117647058823529,0.004220865785600923
META-US,2025Q1,20251,Rong Jin,Huaan Securities,3624,27.7,14.0,0.03205151210805054,31.19977605514671,0.5833333333333334,0.008694000763170331
META-US,2025Q1,20251,Saiyi He,CMB International,2157,29.8,8.0,0.03589017619278238,27.86277767566666,0.4444444444444444,0.005915525008851716
META-US,2025Q1,20251,Satoshi Tanaka,Daiwa Securities Co. Ltd.,467,28.35,9.0,0.0353866229032295,28.259266297738087,0.47368421052631576,0.006394420520933682
META-US,2025Q1,20251,Scott Devitt,Wedbush Securities,590,25.05,4.0,0.031420155157603755,31.826704705434835,0.2857142857142857,0.004343852136539165
META-US,2025Q1,20251,Thiago Alves Kapulskis,Itau Securities,1394,30.92,18.0,0.03867153051986331,25.858816202952152,0.6428571428571429,0.00794098757207712
META-US,2025Q1,20251,Thomas Champion,Piper Sandler Companies,570,27.85,14.0,0.04203455017029828,23.789953644052616,0.5833333333333334,0.006629210247265914
META-US,2025Q1,20251,Xiao Yu Han,First Shanghai,1701,29.1,10.0,0.0360324729479299,27.752744071856746,0.5,0.006628684340947602
META-US,2025Q1,20251,Youssef Squali,Truist Securities,852,26.8,14.0,0.03934881441650702,25.41372630481327,0.5833333333333334,0.007081684031914746
MLM-US,2025Q1,20251,Patrick Tyler Brown,Raymond James,402,20.94,5.0,0.06442239915893208,15.522551364983608,0.3333333333333333,0.0024716857523040055
MSFT-US,2025Q1,20251,Ben Reitzes,Melius Research,3130,17.79,18.0,0.04034653783769077,24.78527411751855,0.6428571428571429,0.00761131337927487
MSFT-US,2025Q1,20251,Colin Liu,China Renaissance Securities (US),2903,17.28,4.0,0.0398351076067821,25.1034843402744,0.2857142857142857,0.0034262367120733482
MSFT-US,2025Q1,20251,Lun Ke Zhang,Guosen Securities,1894,18.0,12.0,0.03369687546485838,29.676341981406395,0.5454545454545454,0.007732507245059486
MSFT-US,2025Q1,20251,Pierre Ferragu,New Street Research,1634,19.19,23.0,0.04925348190867992,20.303133123747145,0.696969696969697,0.006759714623349096
MSFT-US,2025Q1,20251,Rong Jin,Huaan Securities,3624,17.36,14.0,0.03205151210805054,31.19977605514671,0.5833333333333334,0.008694000763170331
MSFT-US,2025Q1,20251,Satoshi Tanaka,Daiwa Securities Co. Ltd.,467,17.25,9.0,0.0353866229032295,28.259266297738087,0.47368421052631576,0.006394420520933682
MSFT-US,2025Q1,20251,Thiago Alves Kapulskis,Itau Securities,1394,17.76,18.0,0.03867153051986331,25.858816202952152,0.6428571428571429,0.00794098757207712
MSFT-US,2025Q1,20251,Tian Zi Fu,Everbright Securities,1299,17.68,6.0,0.03204034573370372,31.210649482726556,0.375,0.005590948312028824
MSFT-US,2025Q1,20251,Timothy Horan,Oppenheimer,498,16.0,7.0,0.037407259377355444,26.732779055322933,0.4117647058823529,0.005258291170337211
MTZ-US,2025Q1,20251,Jamie Cook,Truist Securities,852,6.45,4.0,0.04467720186658396,22.382780438806844,0.2857142857142857,0.0030549027783638326
MTZ-US,2025Q1,20251,Marc Bianchi,TD Cowen,917,7.5325,7.0,0.06684531719685459,14.959911059365204,0.4117647058823529,0.0029425885004210534
MTZ-US,2025Q1,20251,Sangita Jain,KeyBanc Capital Markets,618,7.08,5.0,0.05372036759547024,18.614913574871387,0.3333333333333333,0.0029640885432772168
MU-US,2025Q1,20251,Aaron Rakers,Wells Fargo Securities,596,9.53,21.0,0.06982493255059745,14.321531915199015,0.6774193548387096,0.004634452969537744
MU-US,2025Q1,20251,C.J. Muse,Cantor Fitzgerald,1190,9.06,5.0,0.060147435622389736,16.625812715908246,0.3333333333333333,0.002647360182236934
MU-US,2025Q1,20251,Hans Mosesmann,Rosenblatt Securities,2623,18.0,9.0,0.07516030908855761,13.30489472604151,0.47368421052631576,0.003010590967532368
MU-US,2025Q1,20251,John N. Vinh,KeyBanc Capital Markets,618,11.697048,4.0,0.06220550101568373,16.075748666470385,0.2857142857142857,0.0021940906492713174
MU-US,2025Q1,20251,Krish Sankar,TD Cowen,917,7.82,9.0,0.04858729113947995,20.581513736365576,0.47368421052631576,0.004657122106465606
MU-US,2025Q1,20251,Matthew Bryson,Wedbush Securities,590,14.03,9.0,0.11753997009376288,8.507744209925265,0.47368421052631576,0.0019251063912850155
MU-US,2025Q1,20251,Mehdi Hosseini,Susquehanna Financial Group,974,12.14,4.0,0.11994517608424396,8.337142289887892,0.2857142857142857,0.0011378907644930107
MU-US,2025Q1,20251,N. Quinn Bolton,Needham,477,10.85,5.0,0.07078604698631642,14.127077899876355,0.3333333333333333,0.0022494818245911504
MU-US,2025Q1,20251,Pianpian He,Huatai Research,1271,11.88,10.0,0.05716409540417926,17.49349819899171,0.5,0.0041782851194755175
MU-US,2025Q1,20251,Pierre Ferragu,New Street Research,1634,14.53,23.0,0.04925348190867992,20.303133123747145,0.696969696969697,0.006759714623349096
MU-US,2025Q1,20251,Sung Kyu Kim,Daiwa Securities Co. Ltd.,467,10.316,4.0,0.09301315026623623,10.751167949237818,0.2857142857142857,0.0014673678691785263
MU-US,2025Q1,20251,Vijay Rakesh,Mizuho Securities USA,1802,10.57,25.0,0.053880968258511824,18.55942891007764,0.7142857142857143,0.0063326863140673074
MU-US,2025Q1,20251,Warren Lau,Aletheia Capital,2859,12.4,12.0,0.05140286462066343,19.454168700123574,0.5454545454545454,0.005069004141904217
NVDA-US,2025Q1,20251,Aaron Rakers,Wells Fargo Securities,596,5.674,21.0,0.06982493255059745,14.321531915199015,0.6774193548387096,0.004634452969537744
NVDA-US,2025Q1,20251,Ben Reitzes,Melius Research,3130,5.55,18.0,0.04034653783769077,24.78527411751855,0.6428571428571429,0.00761131337927487
NVDA-US,2025Q1,20251,Blayne Curtis,Jefferies,512,5.56,9.0,0.03418572740840217,29.25197372732282,0.47368421052631576,0.006619047328018479
NVDA-US,2025Q1,20251,C.J. Muse,Cantor Fitzgerald,1190,6.5,5.0,0.060147435622389736,16.625812715908246,0.3333333333333333,0.002647360182236934
NVDA-US,2025Q1,20251,Christopher Rolland,Susquehanna Financial Group,974,5.27,9.0,0.05451738139808908,18.342773888898698,0.47368421052631576,0.004150546887178331
NVDA-US,2025Q1,20251,Dawei Wang,Bocom International,1746,5.19,4.0,0.03998050785090252,25.012188532703345,0.2857142857142857,0.003413776248684348
NVDA-US,2025Q1,20251,Gil Luria,DA Davidson,556,2.89,7.0,0.024208297957000614,41.30814986564628,0.4117647058823529,0.008125241272221712
NVDA-US,2025Q1,20251,Hans Mosesmann,Rosenblatt Securities,2623,4.9,9.0,0.07516030908855761,13.30489472604151,0.47368421052631576,0.003010590967532368
NVDA-US,2025Q1,20251,Heping Qin,Guotai Haitong Securities China,1094,5.6,17.0,0.045615180329089754,21.92252650949796,0.6296296296296297,0.006593669341086251
NVDA-US,2025Q1,20251,Joshua Buchalter,TD Cowen,917,5.15,7.0,0.0411432981271591,24.305295042447998,0.4117647058823529,0.004780809284723324
NVDA-US,2025Q1,20251,Liang Wei Zhang,Soochow Securities,3048,4.8,6.0,0.03627358158283495,27.568273006523587,0.375,0.00493846786228134
NVDA-US,2025Q1,20251,Lun Ke Zhang,Guosen Securities,1894,4.19,12.0,0.03369687546485838,29.676341981406395,0.5454545454545454,0.007732507245059486
NVDA-US,2025Q1,20251,Mark Lipacis,Evercore ISI,1772,5.42,7.0,0.04335103506886267,23.067499966529297,0.4117647058823529,0.004537337144961103
NVDA-US,2025Q1,20251,Matthew Bryson,Wedbush Securities,590,5.01,9.0,0.11753997009376288,8.507744209925265,0.47368421052631576,0.0019251063912850155
NVDA-US,2025Q1,20251,N. Quinn Bolton,Needham,477,5.249,5.0,0.07078604698631642,14.127077899876355,0.3333333333333333,0.0022494818245911504
NVDA-US,2025Q1,20251,Pianpian He,Huatai Research,1271,5.91,10.0,0.05716409540417926,17.49349819899171,0.5,0.0041782851194755175
NVDA-US,2025Q1,20251,Pierre Ferragu,New Street Research,1634,5.78,23.0,0.04925348190867992,20.303133123747145,0.696969696969697,0.006759714623349096
NVDA-US,2025Q1,20251,Rick Schafer,Oppenheimer,498,5.38,9.0,0.03972710502371981,25.171730973171375,0.47368421052631576,0.005695782451901533
NVDA-US,2025Q1,20251,Rong Jin,Huaan Securities,3624,5.2,14.0,0.03205151210805054,31.19977605514671,0.5833333333333334,0.008694000763170331
NVDA-US,2025Q1,20251,Ross Seymore,Deutsche Bank Research,77,5.2,15.0,0.039662550522618086,25.212700313605325,0.6,0.007226400300989868
NVDA-US,2025Q1,20251,Sophie Huang,ABCI Securities,2281,5.35,4.0,0.03643528295906235,27.445923807523922,0.2857142857142857,0.003745943410542447
NVDA-US,2025Q1,20251,Thiago Alves Kapulskis,Itau Securities,1394,7.96,18.0,0.03867153051986331,25.858816202952152,0.6428571428571429,0.00794098757207712
NVDA-US,2025Q1,20251,Vijay Rakesh,Mizuho Securities USA,1802,5.3622,25.0,0.053880968258511824,18.55942891007764,0.7142857142857143,0.0063326863140673074
NVDA-US,2025Q1,20251,Warren Lau,Aletheia Capital,2859,5.24,12.0,0.05140286462066343,19.454168700123574,0.5454545454545454,0.005069004141904217
NVDA-US,2025Q1,20251,William Stein,Truist Securities,852,5.84,9.0,0.020509238937201243,48.75851332474959,0.47368421052631576,0.011032927567512703
NVDA-US,2025Q1,20251,Xiao Yu Han,First Shanghai,1701,5.6,10.0,0.0360324729479299,27.752744071856746,0.5,0.006628684340947602
QCOM-US,2025Q1,20251,Aaron Rakers,Wells Fargo Securities,596,12.25,21.0,0.06982493255059745,14.321531915199015,0.6774193548387096,0.004634452969537744
QCOM-US,2025Q1,20251,Ben Reitzes,Melius Research,3130,11.75,18.0,0.04034653783769077,24.78527411751855,0.6428571428571429,0.00761131337927487
QCOM-US,2025Q1,20251,C.J. Muse,Cantor Fitzgerald,1190,10.82,5.0,0.060147435622389736,16.625812715908246,0.3333333333333333,0.002647360182236934
QCOM-US,2025Q1,20251,Christopher Rolland,Susquehanna Financial Group,974,10.7,9.0,0.05451738139808908,18.342773888898698,0.47368421052631576,0.004150546887178331
QCOM-US,2025Q1,20251,Gary Mobley,Loop Capital Markets,1009,12.1,4.0,0.057048123129104976,17.529060469472608,0.2857142857142857,0.0023924451958370753
QCOM-US,2025Q1,20251,John N. Vinh,KeyBanc Capital Markets,618,13.269299,4.0,0.06220550101568373,16.075748666470385,0.2857142857142857,0.0021940906492713174
QCOM-US,2025Q1,20251,Joshua Buchalter,TD Cowen,917,12.7025,7.0,0.0411432981271591,24.305295042447998,0.4117647058823529,0.004780809284723324
QCOM-US,2025Q1,20251,Kevin Cassidy,Rosenblatt Securities,2623,12.77,4.0,0.0573885175366199,17.425088552982658,0.2857142857142857,0.002378254639957508
QCOM-US,2025Q1,20251,Mark Lipacis,Evercore ISI,1772,11.62,7.0,0.04335103506886267,23.067499966529297,0.4117647058823529,0.004537337144961103
QCOM-US,2025Q1,20251,Rick Schafer,Oppenheimer,498,12.35,9.0,0.03972710502371981,25.171730973171375,0.47368421052631576,0.005695782451901533
QCOM-US,2025Q1,20251,Ross Seymore,Deutsche Bank Research,77,11.987203,15.0,0.039662550522618086,25.212700313605325,0.6,0.007226400300989868
QCOM-US,2025Q1,20251,Vijay Rakesh,Mizuho Securities USA,1802,12.3099,25.0,0.053880968258511824,18.55942891007764,0.7142857142857143,0.0063326863140673074
SNDK-US,2025Q1,20251,Aaron Rakers,Wells Fargo Securities,596,4.6798,21.0,0.06982493255059745,14.321531915199015,0.6774193548387096,0.004634452969537744
SNDK-US,2025Q1,20251,Mehdi Hosseini,Susquehanna Financial Group,974,6.15,4.0,0.11994517608424396,8.337142289887892,0.2857142857142857,0.0011378907644930107
SNDK-US,2025Q1,20251,Vijay Rakesh,Mizuho Securities USA,1802,5.44,25.0,0.053880968258511824,18.55942891007764,0.7142857142857143,0.0063326863140673074
STT-US,2025Q1,20251,Brian Bedell,Deutsche Bank Research,77,8.400216,15.0,0.06864444673369045,14.56782081556502,0.6,0.004175391902372232
STT-US,2025Q1,20251,David Konrad,Keefe Bruyette & Woods,525,10.85,10.0,0.0860764659459183,11.617577336740315,0.5,0.0027748338244466112
STT-US,2025Q1,20251,Gerard Cassidy,RBC Capital Markets,1269,10.62,4.0,0.07702914824168608,12.98209863183749,0.2857142857142857,0.0017718553460245512
STT-US,2025Q1,20251,Mike Mayo,Wells Fargo Securities,596,10.65,12.0,0.09365821145675401,10.67712039815903,0.5454545454545454,0.0027820447306768927
TFC-US,2025Q1,20251,David Konrad,Keefe Bruyette & Woods,525,4.75,10.0,0.0860764659459183,11.617577336740315,0.5,0.0027748338244466112
TFC-US,2025Q1,20251,Gerard Cassidy,RBC Capital Markets,1269,4.61,4.0,0.07702914824168608,12.98209863183749,0.2857142857142857,0.0017718553460245512
TFC-US,2025Q1,20251,John Pancari,Evercore ISI,1772,4.77,4.0,0.08371227796983408,11.945678988216669,0.2857142857142857,0.001630400120767609
TFC-US,2025Q1,20251,Matthew O'Connor,Deutsche Bank Research,77,4.53,7.0,0.08254634599990307,12.11440661469345,0.4117647058823529,0.0023828827225216356
TFC-US,2025Q1,20251,Mike Mayo,Wells Fargo Securities,596,4.4,12.0,0.09365821145675401,10.67712039815903,0.5454545454545454,0.0027820447306768927
TSLA-US,2025Q1,20251,Alexander E. Potter,Piper Sandler Companies,570,3.33,4.0,0.00865006509527765,115.60606642670611,0.2857142857142857,0.015778437110983177
TSLA-US,2025Q1,20251,Andres Sheppard,Cantor Fitzgerald,1190,4.37,4.0,0.010677998868520926,93.65050627117326,0.2857142857142857,0.012781843282837359
TSLA-US,2025Q1,20251,Chris McNally,Evercore ISI,1772,2.72,7.0,0.01223538990875647,81.73012935896162,0.4117647058823529,0.01607617437264434
TSLA-US,2025Q1,20251,Chris Pierce,Needham,477,3.1,4.0,0.007644356455993125,130.8154591896361,0.2857142857142857,0.017854283600910077
TSLA-US,2025Q1,20251,Colin M. Langan,Wells Fargo Securities,596,2.0515,7.0,0.006724672721855828,148.70612167487417,0.4117647058823529,0.02925023563617808
TSLA-US,2025Q1,20251,Colin Rusch,Oppenheimer,498,2.92,4.0,0.007359437051250325,135.87995834954603,0.2857142857142857,0.018545509277582747
TSLA-US,2025Q1,20251,Dan Ives,Wedbush Securities,590,2.8518,4.0,0.012103128037206898,82.62326870589524,0.2857142857142857,0.011276796187908987
TSLA-US,2025Q1,20251,Edison Yu,Deutsche Bank Research,77,2.22,4.0,0.0056206902524724755,177.91409152285377,0.2857142857142857,0.024282517267645413
TSLA-US,2025Q1,20251,George Gianarikas,Canaccord Genuity,466,7.2818923,5.0,0.022458140847908762,44.527283303288975,0.3333333333333333,0.007090165085735545
TSLA-US,2025Q1,20251,Gordon L. Johnson II,GLJ Research,3391,1.18,5.0,0.00299802298111652,333.55314695672587,0.3333333333333333,0.05311231005676715
TSLA-US,2025Q1,20251,Heping Qin,Guotai Haitong Securities China,1094,4.74,17.0,0.045615180329089754,21.92252650949796,0.6296296296296297,0.006593669341086251
TSLA-US,2025Q1,20251,Jairam Nathan,Daiwa Securities Co. Ltd.,467,3.25,4.0,0.008105444237912126,123.37386707598758,0.2857142857142857,0.016838621561710485
TSLA-US,2025Q1,20251,Jed Dorsheimer,William Blair,198,3.78,4.0,0.00765060337333995,130.70864495272346,0.2857142857142857,0.017839705112325722
TSLA-US,2025Q1,20251,Jing Lin Li,First Shanghai,1701,7.28,4.0,0.018410956906643777,54.31548208334245,0.2857142857142857,0.0074132218549975175
TSLA-US,2025Q1,20251,Oscar Wang,Haitong International Research,2898,4.03,4.0,0.01074480900303135,93.06819690493127,0.2857142857142857,0.012702367075416957
TSLA-US,2025Q1,20251,Philippe Houchois,Jefferies,512,4.0152,4.0,0.0094935753118441,105.33439375073044,0.2857142857142857,0.014376512918317746
TSLA-US,2025Q1,20251,Pierre Ferragu,New Street Research,1634,5.12,23.0,0.04925348190867992,20.303133123747145,0.696969696969697,0.006759714623349096
TSLA-US,2025Q1,20251,Rong Jin,Huaan Securities,3624,3.7,14.0,0.03205151210805054,31.19977605514671,0.5833333333333334,0.008694000763170331
TSLA-US,2025Q1,20251,Vijay Rakesh,Mizuho Securities USA,1802,3.6036,25.0,0.053880968258511824,18.55942891007764,0.7142857142857143,0.0063326863140673074
TSLA-US,2025Q1,20251,William Stein,Truist Securities,852,3.01,9.0,0.020509238937201243,48.75851332474959,0.47368421052631576,0.011032927567512703
TSLA-US,2025Q1,20251,Yeon-Ju Park,Mirae Asset Securities,484,3.0,4.0,0.00770403914663065,129.8020403280724,0.2857142857142857,0.017715967626078383
TSLA-US,2025Q1,20251,Yiming Wang,China Renaissance Securities (US),2903,3.47,4.0,0.00908683417447765,110.0493285999119,0.2857142857142857,0.01502002848198722
TSLA-US,2025Q1,20251,YongHuo Liang,China Merchants Securities,1788,4.28,4.0,0.010315692594193999,96.93968590754943,0.2857142857142857,0.013230765347599342
TSLA-US,2025Q1,20251,Yu Jing Ni,Everbright Securities,1299,3.77,4.0,0.0091659304147411,109.09967180110279,0.2857142857142857,0.01489041504092678
TSM-US,2025Q1,20251,Colin Liu,China Renaissance Securities (US),2903,11.798828,4.0,0.0398351076067821,25.1034843402744,0.2857142857142857,0.0034262367120733482
TSM-US,2025Q1,20251,Jorge Chang,Yuanta Research,762,10.134746,4.0,0.04608052843754653,21.701140023932485,0.2857142857142857,0.002961869421630617
TSM-US,2025Q1,20251,Krish Sankar,TD Cowen,917,10.45,9.0,0.04858729113947995,20.581513736365576,0.47368421052631576,0.004657122106465606
TSM-US,2025Q1,20251,Ling Ji Cao,First Shanghai,1701,10.348933,9.0,0.045192164509923784,22.12772968155595,0.47368421052631576,0.005006995130964886
TSM-US,2025Q1,20251,Matthew Bryson,Wedbush Securities,590,10.885223,9.0,0.11753997009376288,8.507744209925265,0.47368421052631576,0.0019251063912850155
TSM-US,2025Q1,20251,Mehdi Hosseini,Susquehanna Financial Group,974,10.767378,4.0,0.11994517608424396,8.337142289887892,0.2857142857142857,0.0011378907644930107
TSM-US,2025Q1,20251,Pierre Ferragu,New Street Research,1634,11.085969,23.0,0.04925348190867992,20.303133123747145,0.696969696969697,0.006759714623349096
TSM-US,2025Q1,20251,Tony Shen,SPDB International,3451,11.009203,8.0,0.024420284764074526,40.9495634330658,0.4444444444444444,0.008693970479526662
TSM-US,2025Q1,20251,Warren Lau,Aletheia Capital,2859,11.913319,12.0,0.05140286462066343,19.454168700123574,0.5454545454545454,0.005069004141904217
TXN-US,2025Q1,20251,Blayne Curtis,Jefferies,512,6.262418,9.0,0.03418572740840217,29.25197372732282,0.47368421052631576,0.006619047328018479
TXN-US,2025Q1,20251,C.J. Muse,Cantor Fitzgerald,1190,7.1,5.0,0.060147435622389736,16.625812715908246,0.3333333333333333,0.002647360182236934
TXN-US,2025Q1,20251,Christopher Rolland,Susquehanna Financial Group,974,6.77,9.0,0.05451738139808908,18.342773888898698,0.47368421052631576,0.004150546887178331
TXN-US,2025Q1,20251,Joe Quatrochi,Wells Fargo Securities,596,7.2656,6.0,0.04046296751373028,24.713956030552392,0.375,0.004427157173677008
TXN-US,2025Q1,20251,John N. Vinh,KeyBanc Capital Markets,618,7.5322638,4.0,0.06220550101568373,16.075748666470385,0.2857142857142857,0.0021940906492713174
TXN-US,2025Q1,20251,Joshua Buchalter,TD Cowen,917,6.6311,7.0,0.0411432981271591,24.305295042447998,0.4117647058823529,0.004780809284723324
TXN-US,2025Q1,20251,Kevin Cassidy,Rosenblatt Securities,2623,9.0,4.0,0.0573885175366199,17.425088552982658,0.2857142857142857,0.002378254639957508
TXN-US,2025Q1,20251,Mark Lipacis,Evercore ISI,1772,7.89,7.0,0.04335103506886267,23.067499966529297,0.4117647058823529,0.004537337144961103
TXN-US,2025Q1,20251,Rick Schafer,Oppenheimer,498,6.6,9.0,0.03972710502371981,25.171730973171375,0.47368421052631576,0.005695782451901533
TXN-US,2025Q1,20251,Ross Seymore,Deutsche Bank Research,77,6.494915,15.0,0.039662550522618086,25.212700313605325,0.6,0.007226400300989868
TXN-US,2025Q1,20251,Vijay Rakesh,Mizuho Securities USA,1802,6.7045,25.0,0.053880968258511824,18.55942891007764,0.7142857142857143,0.0063326863140673074
TXN-US,2025Q1,20251,William Stein,Truist Securities,852,6.3,9.0,0.020509238937201243,48.75851332474959,0.47368421052631576,0.011032927567512703
UPS-US,2025Q1,20251,Conor Cunningham,Melius Research,3130,8.2,4.0,0.06335505892270893,15.784059189653139,0.2857142857142857,0.002154279554506542
UPS-US,2025Q1,20251,Fadi Chamoun,BMO Capital Markets,181,8.3,7.0,0.06602014409707233,15.146892114165276,0.4117647058823529,0.002979367348869276
UPS-US,2025Q1,20251,Jairam Nathan,Daiwa Securities Co. Ltd.,467,8.6,4.0,0.008105444237912126,123.37386707598758,0.2857142857142857,0.016838621561710485
UPS-US,2025Q1,20251,Patrick Tyler Brown,Raymond James,402,8.75,5.0,0.06442239915893208,15.522551364983608,0.3333333333333333,0.0024716857523040055
UPS-US,2025Q1,20251,Rick Paterson,Loop Capital Markets,1009,8.47,4.0,0.06383028418108459,15.666544694725628,0.2857142857142857,0.0021382406464703603
UPS-US,2025Q1,20251,Stephanie Moore,Jefferies,512,9.0,4.0,0.06906734799624917,14.478621649904769,0.2857142857142857,0.001976107554023374
V-US,2025Q1,20251,Bryan Keane,Deutsche Bank Research,77,12.824797,5.0,0.037508005475574445,26.660975099068093,0.3333333333333333,0.004245278417538551
V-US,2025Q1,20251,John Davis,Raymond James,402,12.73,5.0,0.03626385880283782,27.575664394594025,0.3333333333333333,0.0043909261558759795
V-US,2025Q1,20251,Kazuya Nishimura,Daiwa Securities Co. Ltd.,467,12.84,13.0,0.06479029819361921,15.434409593417856,0.5652173913043478,0.004167320867893776
V-US,2025Q1,20251,Rufus Hone,BMO Capital Markets,181,13.15,4.0,0.0368645127577896,27.126358798508644,0.2857142857142857,0.0037023277374772703
VRTX-US,2025Q1,20251,Brian Abrahams,RBC Capital Markets,1269,19.08,7.0,0.03811861361660164,26.233902682244302,0.4117647058823529,0.005160163054954202
VRTX-US,2025Q1,20251,David Risinger,Leerink Partners,1079,19.67,14.0,0.03831134850101769,26.101926429800205,0.5833333333333334,0.007273455036978205
VRTX-US,2025Q1,20251,Evan David Seigerman,BMO Capital Markets,181,22.4079,13.0,0.04167727534703257,23.993890955522843,0.5652173913043478,0.0064783976267909745
VRTX-US,2025Q1,20251,Joseph Stringer,Needham,477,22.0,7.0,0.04757235045357788,21.020613664565964,0.4117647058823529,0.0041347181674868975
VRTX-US,2025Q1,20251,Mohit Bansal,Wells Fargo Securities,596,20.06,13.0,0.04147734201144967,24.109548768191406,0.5652173913043478,0.00650962546309734
VRTX-US,2025Q1,20251,Myles R. Minter,William Blair,198,19.33,6.0,0.052884360415450644,18.909182074703526,0.375,0.0033873136687181072
VRTX-US,2025Q1,20251,Naz Rahman,Maxim Group,1063,18.33,6.0,0.044853635036316813,22.294737075162942,0.375,0.003993788167929513
VRTX-US,2025Q1,20251,Phil Nadeau,TD Cowen,917,19.9971,7.0,0.04623002728861898,21.630962788684798,0.4117647058823529,0.004254772779225368
WFC-US,2025Q1,20251,Chris Kotowski,Oppenheimer,498,6.58,4.0,0.058231175956042755,17.17293157113768,0.2857142857142857,0.0023438391183234534
WFC-US,2025Q1,20251,David Konrad,Keefe Bruyette & Woods,525,6.95,10.0,0.0860764659459183,11.617577336740315,0.5,0.0027748338244466112
WFC-US,2025Q1,20251,Gerard Cassidy,RBC Capital Markets,1269,6.75,4.0,0.07702914824168608,12.98209863183749,0.2857142857142857,0.0017718553460245512
WFC-US,2025Q1,20251,John Pancari,Evercore ISI,1772,7.15,4.0,0.08371227796983408,11.945678988216669,0.2857142857142857,0.001630400120767609
WFC-US,2025Q1,20251,Kazuya Nishimura,Daiwa Securities Co. Ltd.,467,6.89,13.0,0.06479029819361921,15.434409593417856,0.5652173913043478,0.004167320867893776
WFC-US,2025Q1,20251,Matthew O'Connor,Deutsche Bank Research,77,6.85,7.0,0.08254634599990307,12.11440661469345,0.4117647058823529,0.0023828827225216356
WMB-US,2025Q1,20251,Gabriel Moreen,Mizuho Securities USA,1802,2.44,4.0,0.037798909204698576,26.455789890246237,0.2857142857142857,0.003610805469878043
WMB-US,2025Q1,20251,James Carreker,U.S. Capital Advisors,1866,2.34,8.0,0.040347994347126735,24.78437940177842,0.4444444444444444,0.005261952626788191
WMB-US,2025Q1,20251,Praneeth Satish,Wells Fargo Securities,596,2.32,4.0,0.03831698998433155,26.098083393526384,0.2857142857142857,0.003561984074624857
AMAT-US,2025Q2,20252,Blayne Curtis,Jefferies,512,9.98,13.0,0.03851699411215051,25.962565954349525,0.5652173913043478,0.005362993046203834
AMAT-US,2025Q2,20252,C.J. Muse,Cantor Fitzgerald,1190,10.34,12.0,0.05782695331982295,17.29297399552264,0.5454545454545454,0.0034472466511695477
AMAT-US,2025Q2,20252,Chandler B. Converse,Cleveland Research Company,2295,9.951256,7.0,0.07297010052405513,13.704243146415054,0.4117647058823529,0.0020622830810495016
AMAT-US,2025Q2,20252,James Kelleher,Argus Research,376,10.36,11.0,0.05489757326384885,18.2157414353053,0.5238095238095238,0.003487099569023727
AMAT-US,2025Q2,20252,Jed Dorsheimer,William Blair,198,9.95,6.0,0.01581009981431109,63.250707569525495,0.375,0.008668436271450655
AMAT-US,2025Q2,20252,Joe Quatrochi,Wells Fargo Securities,596,10.1999,9.0,0.041836970440753705,23.902304336690033,0.47368421052631576,0.004137831343405986
AMAT-US,2025Q2,20252,Krish Sankar,TD Cowen,917,10.1478,14.0,0.0496500997089898,20.140946460555384,0.5833333333333334,0.004293789738019197
AMAT-US,2025Q2,20252,Louis Miscioscia,Daiwa Securities Co. Ltd.,467,10.25,6.0,0.05065540277662523,19.741230849741594,0.375,0.002705512841146932
AMAT-US,2025Q2,20252,Mark Lipacis,Evercore ISI,1772,10.33,13.0,0.04800773592741912,20.829976266988677,0.5652173913043478,0.004302772617655543
AMAT-US,2025Q2,20252,Mehdi Hosseini,Susquehanna Financial Group,974,9.14,9.0,0.15630550410692623,6.397727359082091,0.47368421052631576,0.0011075382699541761
AMAT-US,2025Q2,20252,Melissa Weathers,Deutsche Bank Research,77,10.09,6.0,0.04436450410439078,22.540542719625023,0.375,0.0030891552932306014
AMAT-US,2025Q2,20252,Pierre Ferragu,New Street Research,1634,10.28,31.0,0.05130328249122293,19.491930173689802,0.7560975609756098,0.0053861294720267934
AMAT-US,2025Q2,20252,Srini Pajjuri,Raymond James,402,10.43,8.0,0.060270760060136444,16.591793416944277,0.4444444444444444,0.0026949761017733445
AMAT-US,2025Q2,20252,Steve Barger,KeyBanc Capital Markets,618,10.49,8.0,0.04529254669023103,22.078687843262433,0.4444444444444444,0.003586202805257948
AMAT-US,2025Q2,20252,Vijay Rakesh,Mizuho Securities USA,1802,10.25,33.0,0.07098683775422016,14.087118565026516,0.7674418604651163,0.003951043024601569
AMD-US,2025Q2,20252,Aaron Rakers,Wells Fargo Securities,596,5.8307,27.0,0.08667541454419671,11.5372969977558,0.7297297297297297,0.003076877580835758
AMD-US,2025Q2,20252,Barney Yao,Haitong International Research,2898,5.6,4.0,0.04418281484659197,22.633234289669407,0.2857142857142857,0.0023633208119100174
AMD-US,2025Q2,20252,Ben Reitzes,Melius Research,3130,5.77,23.0,0.04093257330129927,24.4304210399657,0.696969696969697,0.006222844556488801
AMD-US,2025Q2,20252,Blayne Curtis,Jefferies,512,5.89,13.0,0.03851699411215051,25.962565954349525,0.5652173913043478,0.005362993046203834
AMD-US,2025Q2,20252,C.J. Muse,Cantor Fitzgerald,1190,5.3,12.0,0.05782695331982295,17.29297399552264,0.5454545454545454,0.0034472466511695477
AMD-US,2025Q2,20252,Chandler B. Converse,Cleveland Research Company,2295,6.373299,7.0,0.07297010052405513,13.704243146415054,0.4117647058823529,0.0020622830810495016
AMD-US,2025Q2,20252,Christopher Rolland,Susquehanna Financial Group,974,6.0,13.0,0.052357867971888634,19.099326208945484,0.5652173913043478,0.003945278514683684
AMD-US,2025Q2,20252,Cody Acree,"Benchmark, a StoneX Company",1124,5.69,5.0,0.0467131152914008,21.407264186126447,0.3333333333333333,0.0026078584726881367
AMD-US,2025Q2,20252,Dawei Wang,Bocom International,1746,5.602,6.0,0.042922953001355256,23.297558300996343,0.375,0.00319290340255253
AMD-US,2025Q2,20252,Gary Mobley,Loop Capital Markets,1009,5.69,6.0,0.06225154756104206,16.06385767389042,0.375,0.0022015331032733507
AMD-US,2025Q2,20252,Harsh Kumar,Piper Sandler Companies,570,5.57,6.0,0.09838820360323457,10.163820085918557,0.375,0.0013929397800400937
AMD-US,2025Q2,20252,James Kelleher,Argus Research,376,6.04,11.0,0.05489757326384885,18.2157414353053,0.5238095238095238,0.003487099569023727
AMD-US,2025Q2,20252,John N. Vinh,KeyBanc Capital Markets,618,5.83,8.0,0.06761547748524716,14.789513247439352,0.4444444444444444,0.0024022348734167105
AMD-US,2025Q2,20252,Joshua Buchalter,TD Cowen,917,5.796,11.0,0.045020837658774515,22.21193678312427,0.5238095238095238,0.004252104448161143
AMD-US,2025Q2,20252,Kevin Cassidy,Rosenblatt Securities,2623,8.9,7.0,0.0652575677566913,15.323893218460679,0.4117647058823529,0.00230601612818783
AMD-US,2025Q2,20252,Ling Ji Cao,First Shanghai,1701,5.8,11.0,0.0479088214523206,20.872982671786474,0.5238095238095238,0.003995784038631224
AMD-US,2025Q2,20252,Louis Miscioscia,Daiwa Securities Co. Ltd.,467,5.7,6.0,0.05065540277662523,19.741230849741594,0.375,0.002705512841146932
AMD-US,2025Q2,20252,Mark Lipacis,Evercore ISI,1772,6.06,13.0,0.04800773592741912,20.829976266988677,0.5652173913043478,0.004302772617655543
AMD-US,2025Q2,20252,Matthew Bryson,Wedbush Securities,590,5.52,14.0,0.1000957500734976,9.990434151956773,0.5833333333333334,0.002129831570926367
AMD-US,2025Q2,20252,Pierre Ferragu,New Street Research,1634,6.35,31.0,0.05130328249122293,19.491930173689802,0.7560975609756098,0.0053861294720267934
AMD-US,2025Q2,20252,Rick Schafer,Oppenheimer,498,5.86,13.0,0.04294592826863593,23.28509454365003,0.5652173913043478,0.004809917491875378
AMD-US,2025Q2,20252,Ross Seymore,Deutsche Bank Research,77,5.146339,20.0,0.04275496051858506,23.3890988991865,0.6666666666666666,0.005698575885499095
AMD-US,2025Q2,20252,Ruben Roy,Stifel Nicolaus,548,5.55,4.0,0.0385333685113915,25.951533401611986,0.2857142857142857,0.0027098115189397184
AMD-US,2025Q2,20252,Sophie Huang,ABCI Securities,2281,5.15,7.0,0.03915089044480297,25.542203220380227,0.4117647058823529,0.003843718546974099
AMD-US,2025Q2,20252,Srini Pajjuri,Raymond James,402,5.13,8.0,0.060270760060136444,16.591793416944277,0.4444444444444444,0.0026949761017733445
AMD-US,2025Q2,20252,Tony Shen,SPDB International,3451,6.9,9.0,0.027982744051453932,35.736309425595515,0.47368421052631576,0.00618646717722116
AMD-US,2025Q2,20252,Vijay Rakesh,Mizuho Securities USA,1802,6.195,33.0,0.07098683775422016,14.087118565026516,0.7674418604651163,0.003951043024601569
AMD-US,2025Q2,20252,Warren Lau,Aletheia Capital,2859,6.04,17.0,0.05455298399922292,18.330802949555327,0.6296296296296297,0.004218040553628937
AMD-US,2025Q2,20252,William Stein,Truist Securities,852,5.5447907,13.0,0.02532954187566623,39.47959283703774,0.5652173913043478,0.00815515624396598
AMD-US,2025Q2,20252,sean Hao,Fubon Securities,1084,6.5,4.0,0.07172270936735098,13.942585393395802,0.2857142857142857,0.0014558591940651102
AMZN-US,2025Q2,20252,Andrew Boone,Citizens,805,7.34,4.0,0.036675664656873,27.266036194727846,0.2857142857142857,0.0028470694896090944
AMZN-US,2025Q2,20252,Barney Yao,Haitong International Research,2898,7.89,4.0,0.04418281484659197,22.633234289669407,0.2857142857142857,0.0023633208119100174
AMZN-US,2025Q2,20252,Barton Crockett,Rosenblatt Securities,2623,7.89,5.0,0.0354658576241419,28.196131913620828,0.3333333333333333,0.0034348864417538478
AMZN-US,2025Q2,20252,Brad Erickson,RBC Capital Markets,1269,8.24,16.0,0.03941850706640303,25.368794366449123,0.6153846153846154,0.005705458721233346
AMZN-US,2025Q2,20252,Brent Thill,Jefferies,512,6.5,5.0,0.03233464840891052,30.9265771921747,0.3333333333333333,0.00376751254436918
AMZN-US,2025Q2,20252,Brian J. Pitz,BMO Capital Markets,181,6.56,12.0,0.02889217568297776,34.61144674504954,0.5454545454545454,0.006899576320122673
AMZN-US,2025Q2,20252,Brian J. White,"Monness, Crespi, Hardt",1080,6.36,7.0,0.034504510737882785,28.98171800193335,0.4117647058823529,0.0043613139417166555
AMZN-US,2025Q2,20252,Daniel Salmon,New Street Research,1634,7.74,7.0,0.03985688326728997,25.08976914461064,0.4117647058823529,0.003775634003392868
AMZN-US,2025Q2,20252,Deepak Mathivanan,Cantor Fitzgerald,1190,7.27,6.0,0.03328344613605302,30.044965774045505,0.375,0.004117627787862285
AMZN-US,2025Q2,20252,Ella Ji,China Renaissance Securities (US),2903,8.5,10.0,0.03629913295145871,27.548867388575303,0.5,0.005034053857205501
AMZN-US,2025Q2,20252,Irene Weng,Fubon Securities,1084,7.19,5.0,0.0322612964591005,30.996894413953804,0.3333333333333333,0.0037760786722497983
AMZN-US,2025Q2,20252,James Kelleher,Argus Research,376,7.44,11.0,0.05489757326384885,18.2157414353053,0.5238095238095238,0.003487099569023727
AMZN-US,2025Q2,20252,Jason Helfstein,Oppenheimer,498,7.57,8.0,0.03815744510179226,26.20720536535686,0.4444444444444444,0.00425679071448507
AMZN-US,2025Q2,20252,John Blackledge,TD Cowen,917,8.04,16.0,0.04044643724094504,24.724056510660287,0.6153846153846154,0.005560456748767336
AMZN-US,2025Q2,20252,Josh J. Beck,Raymond James,402,7.06,12.0,0.0382328025595906,26.15555054959351,0.5454545454545454,0.005213946083821485
AMZN-US,2025Q2,20252,Ken Gawrelski,Wells Fargo Securities,596,7.43,16.0,0.04296987981175362,23.272115360361525,0.6153846153846154,0.0052339142186404244
AMZN-US,2025Q2,20252,Laura Martin,Needham,477,7.43,6.0,0.032528259935921115,30.74249904452144,0.375,0.004213223915315735
AMZN-US,2025Q2,20252,Lee Horowitz,Deutsche Bank Research,77,7.1,4.0,0.029761788592519326,33.6001311511013,0.2857142857142857,0.003508464067309563
AMZN-US,2025Q2,20252,Lulu Xia,Huatai Research,1271,7.39,7.0,0.036990886215177814,27.033685924228756,0.4117647058823529,0.004068164327230808
AMZN-US,2025Q2,20252,Lun Ke Zhang,Guosen Securities,1894,7.9,16.0,0.03432200063791585,29.1358307037408,0.6153846153846154,0.006552667698268074
AMZN-US,2025Q2,20252,Maria Ripps,Canaccord Genuity,466,6.99,13.0,0.039206222055465055,25.506155594010046,0.5652173913043478,0.0052687140141151
AMZN-US,2025Q2,20252,Mark Kelley,Stifel Nicolaus,548,6.9,6.0,0.0317286590306648,31.517247515362367,0.375,0.0043194022966169445
AMZN-US,2025Q2,20252,Mark Mahaney,Evercore ISI,1772,8.16,4.0,0.03615153244297253,27.661344690642274,0.2857142857142857,0.0028883468776996616
AMZN-US,2025Q2,20252,Michael Morton,MoffettNathanson Research,3177,7.3,6.0,0.03228570045983475,30.973464591361648,0.375,0.0042448774762104385
AMZN-US,2025Q2,20252,Nathaniel Schindler,Scotiabank GBM,810,7.51,5.0,0.03493998313324338,28.620506088583586,0.3333333333333333,0.0034865842102376828
AMZN-US,2025Q2,20252,Rob Sanderson,Loop Capital Markets,1009,7.46,4.0,0.0331299697152082,30.184150743154873,0.2857142857142857,0.003151773658512731
AMZN-US,2025Q2,20252,Rong Jin,Huaan Securities,3624,7.05,19.0,0.03200881766952189,31.241391366735126,0.6551724137931034,0.007480490490418157
AMZN-US,2025Q2,20252,Saiyi He,CMB International,2157,7.55,10.0,0.036987439402094514,27.03620515951078,0.5,0.004940374170296263
AMZN-US,2025Q2,20252,Satoshi Tanaka,Daiwa Securities Co. Ltd.,467,6.95,12.0,0.035848680618969994,27.895029405094242,0.5454545454545454,0.005560700358763301
AMZN-US,2025Q2,20252,Scott Devitt,Wedbush Securities,590,7.66,6.0,0.03260906913061895,30.666315434960687,0.375,0.004202783039793819
AMZN-US,2025Q2,20252,Thomas Champion,Piper Sandler Companies,570,7.36,16.0,0.041564439380880384,24.059027738504742,0.6153846153846154,0.005410891335718619
AMZN-US,2025Q2,20252,Tom Forte,Maxim Group,1063,5.98,11.0,0.028602985918546518,34.96138490043405,0.5238095238095238,0.006692773426311698
AMZN-US,2025Q2,20252,Youssef Squali,Truist Securities,852,7.19,16.0,0.03893801000313253,25.681846604886864,0.6153846153846154,0.005775864377812691
BJ-US,2025Q2,20252,Laura Champine,Loop Capital Markets,1009,4.8,7.0,0.05419111258935572,18.45321035531611,0.4117647058823529,0.0027769314292100124
BJ-US,2025Q2,20252,Michael Baker,DA Davidson,556,4.77,7.0,0.050851907067717646,19.66494587249867,0.4117647058823529,0.0029592794530369296
CME-US,2025Q2,20252,Bill Katz,TD Cowen,917,11.37,4.0,0.04762476012874828,20.997481085397816,0.2857142857142857,0.002192518462527365
CME-US,2025Q2,20252,Brian Bedell,Deutsche Bank Research,77,11.45,18.0,0.06726809489876169,14.86588852419557,0.6428571428571429,0.0034926048304021436
CME-US,2025Q2,20252,Daniel T. Fannon,Jefferies,512,11.37,11.0,0.053203220442478875,18.79585468103681,0.5238095238095238,0.0035981525643881953
CME-US,2025Q2,20252,Kyle Voigt,Keefe Bruyette & Woods,525,11.66,10.0,0.05105581279034745,19.58640839009537,0.5,0.0035790594696408994
CME-US,2025Q2,20252,Patrick O'Shaughnessy,Raymond James,402,11.8,8.0,0.038394378271738916,26.045479703367757,0.4444444444444444,0.004230521896934641
CMG-US,2025Q2,20252,Andrew M. Charles,TD Cowen,917,1.42,8.0,0.02688471256873106,37.19585981972056,0.4444444444444444,0.006041658715246946
CMG-US,2025Q2,20252,Brian Mullan,Piper Sandler Companies,570,1.36,4.0,0.023471416519934573,42.60501274606444,0.2857142857142857,0.0044487372872035235
CMG-US,2025Q2,20252,Gregory Paul Francfort,Guggenheim Securities,1515,1.32,5.0,0.02091001978526818,47.823962400290704,0.3333333333333333,0.005825972177423023
CMG-US,2025Q2,20252,Jeff Farmer,Gordon Haskett,2467,1.38,5.0,0.021606801995791756,46.281721848275595,0.3333333333333333,0.005638094592715008
CMG-US,2025Q2,20252,Lauren Silberman,Deutsche Bank Research,77,1.470681,7.0,0.02704049785748667,36.981567620180904,0.4117647058823529,0.005565171341384
CMG-US,2025Q2,20252,Steven Gojak,Cleveland Research Company,2295,1.4332887,5.0,0.023462082604574136,42.621962289274414,0.3333333333333333,0.005192258315320535
FCX-US,2025Q2,20252,Christopher LaFemina,Jefferies,512,2.77,5.0,0.06488947859950414,15.410818850494532,0.3333333333333333,0.001877364345153919
FCX-US,2025Q2,20252,Katja Jancic,BMO Capital Markets,181,2.77,5.0,0.045834157760279534,21.81778937076079,0.3333333333333333,0.0026578691406414176
FCX-US,2025Q2,20252,Liam Fitzpatrick,Deutsche Bank Research,77,3.11,6.0,0.06165945786471393,16.218112105268336,0.375,0.0022226734945728238
FCX-US,2025Q2,20252,Orest Wowkodaw,Scotiabank GBM,810,1.69,8.0,0.045100341767174264,22.172780977190683,0.4444444444444444,0.003601486189091466
FCX-US,2025Q2,20252,Sam Crittenden,RBC Capital Markets,1269,1.88,5.0,0.045915336800834684,21.779215174608524,0.3333333333333333,0.00265316998602791
LH-US,2025Q2,20252,Ann Hynes,Mizuho Securities USA,1802,17.4,5.0,0.06792187520702893,14.722797286617237,0.3333333333333333,0.0017935487370897942
LH-US,2025Q2,20252,Elizabeth Anderson,Evercore ISI,1772,17.4,6.0,0.07313412557130482,13.67350730166334,0.375,0.0018739383511464655
LH-US,2025Q2,20252,Jack Meehan,Nephron Research,3154,17.0,7.0,0.0751774139809493,13.301867503096206,0.4117647058823529,0.0020017315808624997
LH-US,2025Q2,20252,Michael Cherny,Leerink Partners,1079,17.73,5.0,0.06882686662304573,14.52921001731559,0.3333333333333333,0.0017699657048973836
LH-US,2025Q2,20252,Pito Chickering,Deutsche Bank Research,77,17.572397,4.0,0.06861842956085595,14.573344309973244,0.2857142857142857,0.001521721883231266
LLY-US,2025Q2,20252,Akash Tewari,Jefferies,512,31.31,5.0,0.032038800228401366,31.212155039236837,0.3333333333333333,0.0038023019785349754
LLY-US,2025Q2,20252,David Risinger,Leerink Partners,1079,28.61,16.0,0.03806005228477731,26.27426763677792,0.6153846153846154,0.005909100261797587
LLY-US,2025Q2,20252,Evan David Seigerman,BMO Capital Markets,181,30.68,15.0,0.04127388518842034,24.22839515676505,0.6,0.0053127576261836175
LLY-US,2025Q2,20252,James Shin,Deutsche Bank Research,77,30.58,6.0,0.03236911285957778,30.893648656302528,0.375,0.004233938794682714
LLY-US,2025Q2,20252,Mohit Bansal,Wells Fargo Securities,596,29.32,15.0,0.04078899335906935,24.51641773056044,0.6,0.005375914682833209
LLY-US,2025Q2,20252,Seamus Fernandez,Guggenheim Securities,1515,29.87,8.0,0.03502819883733055,28.548427643795133,0.4444444444444444,0.0046370713707574
LLY-US,2025Q2,20252,Srikripa Devarakonda,Truist Securities,852,28.77,5.0,0.03133626596498408,31.911906833999456,0.3333333333333333,0.0038875465773255615
LLY-US,2025Q2,20252,Steve Scala,TD Cowen,917,29.15,8.0,0.029022025672147275,34.45658863708159,0.4444444444444444,0.00559672366886737
LNG-US,2025Q2,20252,Brandon Bingham,Scotiabank GBM,810,16.39,4.0,0.045686821399345046,21.888150004113346,0.2857142857142857,0.0022855204774043358
LNG-US,2025Q2,20252,James Carreker,U.S. Capital Advisors,1866,13.76,10.0,0.04069795877339301,24.571256891973835,0.5,0.004489949760501749
LNG-US,2025Q2,20252,Jason Gabelman,TD Cowen,917,12.0371,5.0,0.04154797046556686,24.068564331650236,0.3333333333333333,0.0029320612326731435
LNG-US,2025Q2,20252,Lloyd Byrne,Jefferies,512,14.3726,4.0,0.04924144892610588,20.308094538417194,0.2857142857142857,0.002120533983726042
LNG-US,2025Q2,20252,Michael Blum,Wells Fargo Securities,596,14.44,8.0,0.044319605258606065,22.56337785873709,0.4444444444444444,0.003664930160140415
LNG-US,2025Q2,20252,Robert Mosca,Mizuho Securities USA,1802,15.13,5.0,0.05412705247848384,18.475049983508935,0.3333333333333333,0.002250652638932496
LNG-US,2025Q2,20252,William Selesky,Argus Research,376,12.66,6.0,0.021122945272146715,47.34188282533814,0.375,0.006488150251771272
META-US,2025Q2,20252,Andrew Boone,Citizens,805,28.56,4.0,0.036675664656873,27.266036194727846,0.2857142857142857,0.0028470694896090944
META-US,2025Q2,20252,Barton Crockett,Rosenblatt Securities,2623,32.8,5.0,0.0354658576241419,28.196131913620828,0.3333333333333333,0.0034348864417538478
META-US,2025Q2,20252,Brad Erickson,RBC Capital Markets,1269,28.24,16.0,0.03941850706640303,25.368794366449123,0.6153846153846154,0.005705458721233346
META-US,2025Q2,20252,Brent Thill,Jefferies,512,27.23,5.0,0.03233464840891052,30.9265771921747,0.3333333333333333,0.00376751254436918
META-US,2025Q2,20252,Brian J. Pitz,BMO Capital Markets,181,27.9624,12.0,0.02889217568297776,34.61144674504954,0.5454545454545454,0.006899576320122673
META-US,2025Q2,20252,Brian J. White,"Monness, Crespi, Hardt",1080,31.25,7.0,0.034504510737882785,28.98171800193335,0.4117647058823529,0.0043613139417166555
META-US,2025Q2,20252,Daniel Salmon,New Street Research,1634,27.97,7.0,0.03985688326728997,25.08976914461064,0.4117647058823529,0.003775634003392868
META-US,2025Q2,20252,Deepak Mathivanan,Cantor Fitzgerald,1190,28.4,6.0,0.03328344613605302,30.044965774045505,0.375,0.004117627787862285
META-US,2025Q2,20252,Ella Ji,China Renaissance Securities (US),2903,31.33,10.0,0.03629913295145871,27.548867388575303,0.5,0.005034053857205501
META-US,2025Q2,20252,Gil Luria,DA Davidson,556,25.6,11.0,0.026703589255995117,37.448149400945944,0.5238095238095238,0.0071688229710857275
META-US,2025Q2,20252,Heping Qin,Guotai Haitong Securities China,1094,27.3,20.0,0.04320452657891641,23.14572289487822,0.6666666666666666,0.005639279174871712
META-US,2025Q2,20252,Irene Weng,Fubon Securities,1084,28.83,5.0,0.0322612964591005,30.996894413953804,0.3333333333333333,0.0037760786722497983
META-US,2025Q2,20252,Jason Helfstein,Oppenheimer,498,28.23,8.0,0.03815744510179226,26.20720536535686,0.4444444444444444,0.00425679071448507
META-US,2025Q2,20252,John Blackledge,TD Cowen,917,30.4,16.0,0.04044643724094504,24.724056510660287,0.6153846153846154,0.005560456748767336
META-US,2025Q2,20252,Josh J. Beck,Raymond James,402,26.12,12.0,0.0382328025595906,26.15555054959351,0.5454545454545454,0.005213946083821485
META-US,2025Q2,20252,Justin Patterson,KeyBanc Capital Markets,618,27.97,4.0,0.04053521757359845,24.669905821631108,0.2857142857142857,0.0025759863177280133
META-US,2025Q2,20252,Ken Gawrelski,Wells Fargo Securities,596,31.33,16.0,0.04296987981175362,23.272115360361525,0.6153846153846154,0.0052339142186404244
META-US,2025Q2,20252,Laura Martin,Needham,477,28.3,6.0,0.032528259935921115,30.74249904452144,0.375,0.004213223915315735
META-US,2025Q2,20252,Lulu Xia,Huatai Research,1271,28.51,7.0,0.036990886215177814,27.033685924228756,0.4117647058823529,0.004068164327230808
META-US,2025Q2,20252,Lun Ke Zhang,Guosen Securities,1894,29.1,16.0,0.03432200063791585,29.1358307037408,0.6153846153846154,0.006552667698268074
META-US,2025Q2,20252,Maria Ripps,Canaccord Genuity,466,28.2,13.0,0.039206222055465055,25.506155594010046,0.5652173913043478,0.0052687140141151
META-US,2025Q2,20252,Mark Kelley,Stifel Nicolaus,548,30.88,6.0,0.0317286590306648,31.517247515362367,0.375,0.0043194022966169445
META-US,2025Q2,20252,Mark Mahaney,Evercore ISI,1772,31.27,4.0,0.03615153244297253,27.661344690642274,0.2857142857142857,0.0028883468776996616
META-US,2025Q2,20252,Michael Morris,Guggenheim Securities,1515,29.35,5.0,0.040065169555215996,24.95933528053202,0.3333333333333333,0.0030405760127995693
META-US,2025Q2,20252,Michael Nathanson,MoffettNathanson Research,3177,28.11,8.0,0.04567148451577364,21.895500236140307,0.4444444444444444,0.0035564479613463193
META-US,2025Q2,20252,Nathaniel Schindler,Scotiabank GBM,810,28.36,5.0,0.03493998313324338,28.620506088583586,0.3333333333333333,0.0034865842102376828
META-US,2025Q2,20252,Rob Sanderson,Loop Capital Markets,1009,28.83,4.0,0.0331299697152082,30.184150743154873,0.2857142857142857,0.003151773658512731
META-US,2025Q2,20252,Rong Jin,Huaan Securities,3624,27.8,19.0,0.03200881766952189,31.241391366735126,0.6551724137931034,0.007480490490418157
META-US,2025Q2,20252,Saiyi He,CMB International,2157,28.51,10.0,0.036987439402094514,27.03620515951078,0.5,0.004940374170296263
META-US,2025Q2,20252,Satoshi Tanaka,Daiwa Securities Co. Ltd.,467,28.28,12.0,0.035848680618969994,27.895029405094242,0.5454545454545454,0.005560700358763301
META-US,2025Q2,20252,Scott Devitt,Wedbush Securities,590,26.59,6.0,0.03260906913061895,30.666315434960687,0.375,0.004202783039793819
META-US,2025Q2,20252,Thomas Champion,Piper Sandler Companies,570,29.17,16.0,0.041564439380880384,24.059027738504742,0.6153846153846154,0.005410891335718619
META-US,2025Q2,20252,Xiao Yu Han,First Shanghai,1701,28.2,13.0,0.036263822027322486,27.57569235935924,0.5652173913043478,0.0056962107145932545
META-US,2025Q2,20252,Yan Hui Hao,Founder Securities,1545,27.54,4.0,0.0367668770054212,27.19839381116193,0.2857142857142857,0.0028400063959830328
META-US,2025Q2,20252,Youssef Squali,Truist Securities,852,26.72,16.0,0.03893801000313253,25.681846604886864,0.6153846153846154,0.005775864377812691
MLM-US,2025Q2,20252,Brent Thielman,DA Davidson,556,21.67,6.0,0.04114471900238283,24.30445569313735,0.375,0.0033308975248486326
MLM-US,2025Q2,20252,Brian Brophy,Stifel Nicolaus,548,21.2547,4.0,0.04653562913133702,21.488911156174776,0.2857142857142857,0.0022438326891642403
MLM-US,2025Q2,20252,David S. MacGregor,Longbow Research,1069,23.0,4.0,0.038570632791444605,25.92646082337055,0.2857142857142857,0.002707193486306474
MLM-US,2025Q2,20252,Kathryn I. Thompson,Thompson Research Group,2702,24.68,4.0,0.039780811649614306,25.13774753536723,0.2857142857142857,0.0026248374913871346
MLM-US,2025Q2,20252,Patrick Tyler Brown,Raymond James,402,21.0,7.0,0.06211249683897375,16.099819696388856,0.4117647058823529,0.002422781427115572
MSFT-US,2025Q2,20252,Ben Reitzes,Melius Research,3130,17.92,23.0,0.04093257330129927,24.4304210399657,0.696969696969697,0.006222844556488801
MSFT-US,2025Q2,20252,Chun Sheng Xie,Huatai Research,1271,18.85,5.0,0.037306131599932554,26.805245065982877,0.3333333333333333,0.003265446945953452
MSFT-US,2025Q2,20252,Colin Liu,China Renaissance Securities (US),2903,17.41,7.0,0.04125080174286866,24.24195307120007,0.4117647058823529,0.003648050398420577
MSFT-US,2025Q2,20252,Jackson Ader,KeyBanc Capital Markets,618,16.39,4.0,0.03235614718912955,30.906028278174063,0.2857142857142857,0.003227150786691881
MSFT-US,2025Q2,20252,Liang Wei Zhang,Soochow Securities,3048,18.19,7.0,0.03529323343933185,28.334043173430793,0.4117647058823529,0.004263848592731523
MSFT-US,2025Q2,20252,Lun Ke Zhang,Guosen Securities,1894,17.8,16.0,0.03432200063791585,29.1358307037408,0.6153846153846154,0.006552667698268074
MSFT-US,2025Q2,20252,Pierre Ferragu,New Street Research,1634,19.19,31.0,0.05130328249122293,19.491930173689802,0.7560975609756098,0.0053861294720267934
MSFT-US,2025Q2,20252,Rong Jin,Huaan Securities,3624,18.37,19.0,0.03200881766952189,31.241391366735126,0.6551724137931034,0.007480490490418157
MSFT-US,2025Q2,20252,Saiyi He,CMB International,2157,18.31,10.0,0.036987439402094514,27.03620515951078,0.5,0.004940374170296263
MSFT-US,2025Q2,20252,Satoshi Tanaka,Daiwa Securities Co. Ltd.,467,17.07,12.0,0.035848680618969994,27.895029405094242,0.5454545454545454,0.005560700358763301
MSFT-US,2025Q2,20252,Xiao Yu Han,First Shanghai,1701,18.1,13.0,0.036263822027322486,27.57569235935924,0.5652173913043478,0.0056962107145932545
MTZ-US,2025Q2,20252,Brent Thielman,DA Davidson,556,6.49,6.0,0.04114471900238283,24.30445569313735,0.375,0.0033308975248486326
MTZ-US,2025Q2,20252,Brian Brophy,Stifel Nicolaus,548,6.82,4.0,0.04653562913133702,21.488911156174776,0.2857142857142857,0.0022438326891642403
MTZ-US,2025Q2,20252,Jamie Cook,Truist Securities,852,6.85,5.0,0.04651546049675918,21.498228531343294,0.3333333333333333,0.002618939857788248
MTZ-US,2025Q2,20252,Marc Bianchi,TD Cowen,917,8.05,8.0,0.06637569291859602,15.065756092767462,0.4444444444444444,0.002447104517567706
MTZ-US,2025Q2,20252,Sangita Jain,KeyBanc Capital Markets,618,7.13,6.0,0.05463935751770263,18.30182574302799,0.375,0.0025082440371160474
MU-US,2025Q2,20252,Aaron Rakers,Wells Fargo Securities,596,10.6975,27.0,0.08667541454419671,11.5372969977558,0.7297297297297297,0.003076877580835758
MU-US,2025Q2,20252,C.J. Muse,Cantor Fitzgerald,1190,10.87,12.0,0.05782695331982295,17.29297399552264,0.5454545454545454,0.0034472466511695477
MU-US,2025Q2,20252,Chandler B. Converse,Cleveland Research Company,2295,11.237204,7.0,0.07297010052405513,13.704243146415054,0.4117647058823529,0.0020622830810495016
MU-US,2025Q2,20252,Harsh Kumar,Piper Sandler Companies,570,10.19,6.0,0.09838820360323457,10.163820085918557,0.375,0.0013929397800400937
MU-US,2025Q2,20252,James Kelleher,Argus Research,376,10.63,11.0,0.05489757326384885,18.2157414353053,0.5238095238095238,0.003487099569023727
MU-US,2025Q2,20252,John N. Vinh,KeyBanc Capital Markets,618,10.92388,8.0,0.06761547748524716,14.789513247439352,0.4444444444444444,0.0024022348734167105
MU-US,2025Q2,20252,Kevin Cassidy,Rosenblatt Securities,2623,14.34,7.0,0.0652575677566913,15.323893218460679,0.4117647058823529,0.00230601612818783
MU-US,2025Q2,20252,Krish Sankar,TD Cowen,917,8.5649,14.0,0.0496500997089898,20.140946460555384,0.5833333333333334,0.004293789738019197
MU-US,2025Q2,20252,Matthew Bryson,Wedbush Securities,590,14.0809,14.0,0.1000957500734976,9.990434151956773,0.5833333333333334,0.002129831570926367
MU-US,2025Q2,20252,Mehdi Hosseini,Susquehanna Financial Group,974,12.36,9.0,0.15630550410692623,6.397727359082091,0.47368421052631576,0.0011075382699541761
MU-US,2025Q2,20252,N. Quinn Bolton,Needham,477,10.3,8.0,0.06893422639455472,14.506581886860666,0.4444444444444444,0.0023562788253849716
MU-US,2025Q2,20252,Pianpian He,Huatai Research,1271,11.61,12.0,0.06055830460338945,16.51301182470736,0.5454545454545454,0.0032917660506621943
MU-US,2025Q2,20252,Pierre Ferragu,New Street Research,1634,14.5,31.0,0.05130328249122293,19.491930173689802,0.7560975609756098,0.0053861294720267934
MU-US,2025Q2,20252,Srini Pajjuri,Raymond James,402,9.87,8.0,0.060270760060136444,16.591793416944277,0.4444444444444444,0.0026949761017733445
MU-US,2025Q2,20252,Steven Fox,Fox Advisors,3474,9.1,4.0,0.09286470481806892,10.768353832159358,0.2857142857142857,0.0011244117564394693
MU-US,2025Q2,20252,Sung Kyu Kim,Daiwa Securities Co. Ltd.,467,12.353,5.0,0.09436436809021537,10.597220330495594,0.3333333333333333,0.001290966028425818
MU-US,2025Q2,20252,Vijay Rakesh,Mizuho Securities USA,1802,11.2374,33.0,0.07098683775422016,14.087118565026516,0.7674418604651163,0.003951043024601569
MU-US,2025Q2,20252,Warren Lau,Aletheia Capital,2859,12.28,17.0,0.05455298399922292,18.330802949555327,0.6296296296296297,0.004218040553628937
MU-US,2025Q2,20252,sean Hao,Fubon Securities,1084,10.9,4.0,0.07172270936735098,13.942585393395802,0.2857142857142857,0.0014558591940651102
NVDA-US,2025Q2,20252,Aaron Rakers,Wells Fargo Securities,596,5.6,27.0,0.08667541454419671,11.5372969977558,0.7297297297297297,0.003076877580835758
NVDA-US,2025Q2,20252,Ben Reitzes,Melius Research,3130,5.66,23.0,0.04093257330129927,24.4304210399657,0.696969696969697,0.006222844556488801
NVDA-US,2025Q2,20252,Blayne Curtis,Jefferies,512,5.59,13.0,0.03851699411215051,25.962565954349525,0.5652173913043478,0.005362993046203834
NVDA-US,2025Q2,20252,C.J. Muse,Cantor Fitzgerald,1190,6.8,12.0,0.05782695331982295,17.29297399552264,0.5454545454545454,0.0034472466511695477
NVDA-US,2025Q2,20252,Chandler B. Converse,Cleveland Research Company,2295,5.88435,7.0,0.07297010052405513,13.704243146415054,0.4117647058823529,0.0020622830810495016
NVDA-US,2025Q2,20252,Christopher Rolland,Susquehanna Financial Group,974,5.15,13.0,0.052357867971888634,19.099326208945484,0.5652173913043478,0.003945278514683684
NVDA-US,2025Q2,20252,Dawei Wang,Bocom International,1746,5.78,6.0,0.042922953001355256,23.297558300996343,0.375,0.00319290340255253
NVDA-US,2025Q2,20252,Gil Luria,DA Davidson,556,3.94,11.0,0.026703589255995117,37.448149400945944,0.5238095238095238,0.0071688229710857275
NVDA-US,2025Q2,20252,Harsh Kumar,Piper Sandler Companies,570,5.84,6.0,0.09838820360323457,10.163820085918557,0.375,0.0013929397800400937
NVDA-US,2025Q2,20252,Heping Qin,Guotai Haitong Securities China,1094,6.0,20.0,0.04320452657891641,23.14572289487822,0.6666666666666666,0.005639279174871712
NVDA-US,2025Q2,20252,James Kelleher,Argus Research,376,5.87,11.0,0.05489757326384885,18.2157414353053,0.5238095238095238,0.003487099569023727
NVDA-US,2025Q2,20252,John N. Vinh,KeyBanc Capital Markets,618,5.94,8.0,0.06761547748524716,14.789513247439352,0.4444444444444444,0.0024022348734167105
NVDA-US,2025Q2,20252,Joshua Buchalter,TD Cowen,917,5.5956,11.0,0.045020837658774515,22.21193678312427,0.5238095238095238,0.004252104448161143
NVDA-US,2025Q2,20252,Kevin Cassidy,Rosenblatt Securities,2623,5.5543,7.0,0.0652575677566913,15.323893218460679,0.4117647058823529,0.00230601612818783
NVDA-US,2025Q2,20252,Liang Wei Zhang,Soochow Securities,3048,5.86,7.0,0.03529323343933185,28.334043173430793,0.4117647058823529,0.004263848592731523
NVDA-US,2025Q2,20252,Louis Miscioscia,Daiwa Securities Co. Ltd.,467,5.35,6.0,0.05065540277662523,19.741230849741594,0.375,0.002705512841146932
NVDA-US,2025Q2,20252,Lun Ke Zhang,Guosen Securities,1894,5.42,16.0,0.03432200063791585,29.1358307037408,0.6153846153846154,0.006552667698268074
NVDA-US,2025Q2,20252,Mark Lipacis,Evercore ISI,1772,5.84,13.0,0.04800773592741912,20.829976266988677,0.5652173913043478,0.004302772617655543
NVDA-US,2025Q2,20252,Matthew Bryson,Wedbush Securities,590,5.24,14.0,0.1000957500734976,9.990434151956773,0.5833333333333334,0.002129831570926367
NVDA-US,2025Q2,20252,N. Quinn Bolton,Needham,477,5.6953,8.0,0.06893422639455472,14.506581886860666,0.4444444444444444,0.0023562788253849716
NVDA-US,2025Q2,20252,Pierre Ferragu,New Street Research,1634,5.65,31.0,0.05130328249122293,19.491930173689802,0.7560975609756098,0.0053861294720267934
NVDA-US,2025Q2,20252,Rick Schafer,Oppenheimer,498,5.6,13.0,0.04294592826863593,23.28509454365003,0.5652173913043478,0.004809917491875378
NVDA-US,2025Q2,20252,Rong Jin,Huaan Securities,3624,5.3,19.0,0.03200881766952189,31.241391366735126,0.6551724137931034,0.007480490490418157
NVDA-US,2025Q2,20252,Ross Seymore,Deutsche Bank Research,77,5.8,20.0,0.04275496051858506,23.3890988991865,0.6666666666666666,0.005698575885499095
NVDA-US,2025Q2,20252,Ruben Roy,Stifel Nicolaus,548,5.58,4.0,0.0385333685113915,25.951533401611986,0.2857142857142857,0.0027098115189397184
NVDA-US,2025Q2,20252,Sophie Huang,ABCI Securities,2281,5.04,7.0,0.03915089044480297,25.542203220380227,0.4117647058823529,0.003843718546974099
NVDA-US,2025Q2,20252,Srini Pajjuri,Raymond James,402,5.13,8.0,0.060270760060136444,16.591793416944277,0.4444444444444444,0.0026949761017733445
NVDA-US,2025Q2,20252,Thiago Alves Kapulskis,Itau Securities,1394,7.8,23.0,0.039278378931941804,25.459299166411984,0.696969696969697,0.006484917348356479
NVDA-US,2025Q2,20252,Tony Shen,SPDB International,3451,5.87,9.0,0.027982744051453932,35.736309425595515,0.47368421052631576,0.00618646717722116
NVDA-US,2025Q2,20252,Vijay Rakesh,Mizuho Securities USA,1802,5.4038,33.0,0.07098683775422016,14.087118565026516,0.7674418604651163,0.003951043024601569
NVDA-US,2025Q2,20252,Warren Lau,Aletheia Capital,2859,4.89,17.0,0.05455298399922292,18.330802949555327,0.6296296296296297,0.004218040553628937
NVDA-US,2025Q2,20252,William Stein,Truist Securities,852,5.87,13.0,0.02532954187566623,39.47959283703774,0.5652173913043478,0.00815515624396598
NVDA-US,2025Q2,20252,Yan Hui Hao,Founder Securities,1545,5.75,4.0,0.0367668770054212,27.19839381116193,0.2857142857142857,0.0028400063959830328
NVDA-US,2025Q2,20252,sean Hao,Fubon Securities,1084,6.04,4.0,0.07172270936735098,13.942585393395802,0.2857142857142857,0.0014558591940651102
QCOM-US,2025Q2,20252,Aaron Rakers,Wells Fargo Securities,596,12.01,27.0,0.08667541454419671,11.5372969977558,0.7297297297297297,0.003076877580835758
QCOM-US,2025Q2,20252,Angustt Lin,Aletheia Capital,2859,12.38,4.0,0.0703528341807601,14.214068440095298,0.2857142857142857,0.0014842069558623939
QCOM-US,2025Q2,20252,Ben Reitzes,Melius Research,3130,12.04,23.0,0.04093257330129927,24.4304210399657,0.696969696969697,0.006222844556488801
QCOM-US,2025Q2,20252,C.J. Muse,Cantor Fitzgerald,1190,10.84,12.0,0.05782695331982295,17.29297399552264,0.5454545454545454,0.0034472466511695477
QCOM-US,2025Q2,20252,Chandler B. Converse,Cleveland Research Company,2295,12.171014,7.0,0.07297010052405513,13.704243146415054,0.4117647058823529,0.0020622830810495016
QCOM-US,2025Q2,20252,Christopher Rolland,Susquehanna Financial Group,974,11.82,13.0,0.052357867971888634,19.099326208945484,0.5652173913043478,0.003945278514683684
QCOM-US,2025Q2,20252,Cody Acree,"Benchmark, a StoneX Company",1124,12.07,5.0,0.0467131152914008,21.407264186126447,0.3333333333333333,0.0026078584726881367
QCOM-US,2025Q2,20252,Gary Mobley,Loop Capital Markets,1009,11.93,6.0,0.06225154756104206,16.06385767389042,0.375,0.0022015331032733507
QCOM-US,2025Q2,20252,James Kelleher,Argus Research,376,12.62,11.0,0.05489757326384885,18.2157414353053,0.5238095238095238,0.003487099569023727
QCOM-US,2025Q2,20252,John N. Vinh,KeyBanc Capital Markets,618,11.34,8.0,0.06761547748524716,14.789513247439352,0.4444444444444444,0.0024022348734167105
QCOM-US,2025Q2,20252,Joshua Buchalter,TD Cowen,917,11.9955,11.0,0.045020837658774515,22.21193678312427,0.5238095238095238,0.004252104448161143
QCOM-US,2025Q2,20252,Kevin Cassidy,Rosenblatt Securities,2623,12.44,7.0,0.0652575677566913,15.323893218460679,0.4117647058823529,0.00230601612818783
QCOM-US,2025Q2,20252,Louis Miscioscia,Daiwa Securities Co. Ltd.,467,11.76,6.0,0.05065540277662523,19.741230849741594,0.375,0.002705512841146932
QCOM-US,2025Q2,20252,Rick Schafer,Oppenheimer,498,12.29,13.0,0.04294592826863593,23.28509454365003,0.5652173913043478,0.004809917491875378
QCOM-US,2025Q2,20252,Ross Seymore,Deutsche Bank Research,77,11.528624,20.0,0.04275496051858506,23.3890988991865,0.6666666666666666,0.005698575885499095
QCOM-US,2025Q2,20252,Srini Pajjuri,Raymond James,402,11.87,8.0,0.060270760060136444,16.591793416944277,0.4444444444444444,0.0026949761017733445
QCOM-US,2025Q2,20252,Vijay Rakesh,Mizuho Securities USA,1802,12.5008,33.0,0.07098683775422016,14.087118565026516,0.7674418604651163,0.003951043024601569
QCOM-US,2025Q2,20252,sean Hao,Fubon Securities,1084,11.67,4.0,0.07172270936735098,13.942585393395802,0.2857142857142857,0.0014558591940651102
SNDK-US,2025Q2,20252,Aaron Rakers,Wells Fargo Securities,596,4.8266,27.0,0.08667541454419671,11.5372969977558,0.7297297297297297,0.003076877580835758
SNDK-US,2025Q2,20252,Matthew Bryson,Wedbush Securities,590,8.96,14.0,0.1000957500734976,9.990434151956773,0.5833333333333334,0.002129831570926367
SNDK-US,2025Q2,20252,Mehdi Hosseini,Susquehanna Financial Group,974,6.06,9.0,0.15630550410692623,6.397727359082091,0.47368421052631576,0.0011075382699541761
SNDK-US,2025Q2,20252,Vijay Rakesh,Mizuho Securities USA,1802,8.39,33.0,0.07098683775422016,14.087118565026516,0.7674418604651163,0.003951043024601569
STT-US,2025Q2,20252,Brian Bedell,Deutsche Bank Research,77,9.61,18.0,0.06726809489876169,14.86588852419557,0.6428571428571429,0.0034926048304021436
STT-US,2025Q2,20252,David Konrad,Keefe Bruyette & Woods,525,10.6,14.0,0.08683945184066351,11.515503366313734,0.5833333333333334,0.0024549566366823057
STT-US,2025Q2,20252,Gerard Cassidy,RBC Capital Markets,1269,10.5,8.0,0.08161184964408148,12.253122608556396,0.4444444444444444,0.0019902533603410677
STT-US,2025Q2,20252,Glenn Schorr,Evercore ISI,1772,10.45,6.0,0.07212489534082532,13.86483814325847,0.375,0.001900160021557146
STT-US,2025Q2,20252,Jim Mitchell,Seaport Research Partners,1321,11.4,6.0,0.07981470868400381,12.529018980187251,0.375,0.0017170875512209488
STT-US,2025Q2,20252,Mike Mayo,Wells Fargo Securities,596,10.45,15.0,0.09308240893729731,10.74316846133221,0.6,0.002355742087043735
STT-US,2025Q2,20252,Steve Biggar,Argus Research,376,10.36,6.0,0.06231171450746831,16.048346733905806,0.375,0.002199407346899493
TFC-US,2025Q2,20252,Christopher Marinac,Brean Capital,532,4.55,4.0,0.08772371299411805,11.399426288158265,0.2857142857142857,0.0011903071848169383
TFC-US,2025Q2,20252,Gerard Cassidy,RBC Capital Markets,1269,4.5,8.0,0.08161184964408148,12.253122608556396,0.4444444444444444,0.0019902533603410677
TFC-US,2025Q2,20252,John Pancari,Evercore ISI,1772,4.37,6.0,0.08692171159397212,11.504605485349742,0.375,0.0015766928673219271
TFC-US,2025Q2,20252,Matthew O'Connor,Deutsche Bank Research,77,4.52935,10.0,0.0823720710511561,12.14003711742252,0.5,0.002218370716137789
TFC-US,2025Q2,20252,Mike Mayo,Wells Fargo Securities,596,4.3,15.0,0.09308240893729731,10.74316846133221,0.6,0.002355742087043735
TFC-US,2025Q2,20252,R. Scott Siefers,Piper Sandler Companies,570,4.34,4.0,0.0758469356038801,13.184448284405613,0.2857142857142857,0.0013766959076771982
TSLA-US,2025Q2,20252,Alexander E. Potter,Piper Sandler Companies,570,2.86,5.0,0.009675249470023819,103.3565080774644,0.3333333333333333,0.012591013169817256
TSLA-US,2025Q2,20252,Andres Sheppard,Cantor Fitzgerald,1190,3.89,5.0,0.01218919064181832,82.03990153121644,0.3333333333333333,0.009994198719018861
TSLA-US,2025Q2,20252,Chris McNally,Evercore ISI,1772,1.75,8.0,0.012101118126953888,82.63699184727498,0.4444444444444444,0.01342258263192988
TSLA-US,2025Q2,20252,Chris Pierce,Needham,477,2.49,5.0,0.00867350308240776,115.29366975475848,0.3333333333333333,0.014045212452327836
TSLA-US,2025Q2,20252,Colin M. Langan,Wells Fargo Securities,596,1.25,8.0,0.006921049067133301,144.4867664280554,0.4444444444444444,0.023468733774641613
TSLA-US,2025Q2,20252,Colin Rusch,Oppenheimer,498,2.36,5.0,0.00829125318594432,120.60902948847854,0.3333333333333333,0.014692735918962616
TSLA-US,2025Q2,20252,Dan Ives,Wedbush Securities,590,2.82,6.0,0.015045506494885367,66.46502730499263,0.375,0.009108955071218004
TSLA-US,2025Q2,20252,Edison Yu,Deutsche Bank Research,77,2.046756,5.0,0.0063001442976528795,158.72652319607192,0.3333333333333333,0.01933625449558701
TSLA-US,2025Q2,20252,George Gianarikas,Canaccord Genuity,466,4.64,6.0,0.023834419743697516,41.95612944445303,0.375,0.005750038983930752
TSLA-US,2025Q2,20252,Glenn Thum,Phillip Securities,651,1.04,5.0,0.023807892911815058,42.00287710063302,0.3333333333333333,0.005116840618763098
TSLA-US,2025Q2,20252,Gordon L. Johnson II,GLJ Research,3391,0.99,6.0,0.003258350769659616,306.9037285093971,0.375,0.04206080080811752
TSLA-US,2025Q2,20252,Itay Michaeli,TD Cowen,917,2.9329,4.0,0.01127719635450265,88.67452233380061,0.2857142857142857,0.009259230980227337
TSLA-US,2025Q2,20252,Jairam Nathan,Daiwa Securities Co. Ltd.,467,3.0,6.0,0.0198101371033703,50.47920641749975,0.375,0.006918116819207343
TSLA-US,2025Q2,20252,Jed Dorsheimer,William Blair,198,1.8077,6.0,0.01581009981431109,63.250707569525495,0.375,0.008668436271450655
TSLA-US,2025Q2,20252,Jing Lin Li,First Shanghai,1701,6.27,5.0,0.020870306097135503,47.91496566201548,0.3333333333333333,0.0058370583033785775
TSLA-US,2025Q2,20252,Mickey Legg,"Benchmark, a StoneX Company",1124,4.34,4.0,0.015085632542505174,66.28823797626032,0.2857142857142857,0.006921696227288435
TSLA-US,2025Q2,20252,Oscar Wang,Haitong International Research,2898,3.79,5.0,0.011951156045495919,83.67391373630956,0.3333333333333333,0.010193256036034153
TSLA-US,2025Q2,20252,Philippe Houchois,Jefferies,512,3.1533203,5.0,0.01093748102190444,91.42873007023324,0.3333333333333333,0.011137957017193136
TSLA-US,2025Q2,20252,Phoebe Wang,Fubon Securities,1084,5.11,5.0,0.02316657197801632,43.16564405596735,0.3333333333333333,0.005258490277022353
TSLA-US,2025Q2,20252,Pierre Ferragu,New Street Research,1634,3.79,31.0,0.05130328249122293,19.491930173689802,0.7560975609756098,0.0053861294720267934
TSLA-US,2025Q2,20252,Tom Narayan,RBC Capital Markets,1269,2.99,4.0,0.014338423900284725,69.74267234351626,0.2857142857142857,0.007282401927986258
TSLA-US,2025Q2,20252,Tony Shen,SPDB International,3451,2.52,9.0,0.027982744051453932,35.736309425595515,0.47368421052631576,0.00618646717722116
TSLA-US,2025Q2,20252,Vijay Rakesh,Mizuho Securities USA,1802,2.8981,33.0,0.07098683775422016,14.087118565026516,0.7674418604651163,0.003951043024601569
TSLA-US,2025Q2,20252,William Selesky,Argus Research,376,3.09,6.0,0.021122945272146715,47.34188282533814,0.375,0.006488150251771272
TSLA-US,2025Q2,20252,William Stein,Truist Securities,852,2.7938955,13.0,0.02532954187566623,39.47959283703774,0.5652173913043478,0.00815515624396598
TSLA-US,2025Q2,20252,Xue Deng,China International Capital,898,4.74,4.0,0.0153783859783285,65.02632990284013,0.2857142857142857,0.006789930100783378
TSLA-US,2025Q2,20252,Yeon-Ju Park,Mirae Asset Securities,484,2.4,5.0,0.00863551902787934,115.80079862849588,0.3333333333333333,0.014106991496983995
TSLA-US,2025Q2,20252,Yiming Wang,China Renaissance Securities (US),2903,3.33,5.0,0.01014468702323764,98.57376552961942,0.3333333333333333,0.0120083737644435
TSLA-US,2025Q2,20252,YongHuo Liang,China Merchants Securities,1788,2.9192898,5.0,0.01182218843602218,84.58670790198221,0.3333333333333333,0.010304453710714714
TSLA-US,2025Q2,20252,Yu Jing Ni,Everbright Securities,1299,3.05,5.0,0.010465154636563759,95.55520531977066,0.3333333333333333,0.011640649157033134
TSM-US,2025Q2,20252,Barney Yao,Haitong International Research,2898,13.90263,4.0,0.04418281484659197,22.633234289669407,0.2857142857142857,0.0023633208119100174
TSM-US,2025Q2,20252,Colin Liu,China Renaissance Securities (US),2903,11.94502,7.0,0.04125080174286866,24.24195307120007,0.4117647058823529,0.003648050398420577
TSM-US,2025Q2,20252,Dawei Wang,Bocom International,1746,11.481359,6.0,0.042922953001355256,23.297558300996343,0.375,0.00319290340255253
TSM-US,2025Q2,20252,Felix Hsu,IBF Securities,3105,10.905787,4.0,0.04323763148484315,23.12800136498105,0.2857142857142857,0.0024149834824398566
TSM-US,2025Q2,20252,James Kelleher,Argus Research,376,11.12,11.0,0.05489757326384885,18.2157414353053,0.5238095238095238,0.003487099569023727
TSM-US,2025Q2,20252,Kevin Wang,Mizuho Securities Asia Ex Japan,1819,11.066072,4.0,0.048635832077070854,20.560972379692164,0.2857142857142857,0.0021469390240975274
TSM-US,2025Q2,20252,Krish Sankar,TD Cowen,917,10.5,14.0,0.0496500997089898,20.140946460555384,0.5833333333333334,0.004293789738019197
TSM-US,2025Q2,20252,Leping Huang,Huatai Research,1271,10.96728,4.0,0.046840977735205076,21.34882849058065,0.2857142857142857,0.0022292055141547224
TSM-US,2025Q2,20252,Ling Ji Cao,First Shanghai,1701,9.913774,11.0,0.0479088214523206,20.872982671786474,0.5238095238095238,0.003995784038631224
TSM-US,2025Q2,20252,Matthew Bryson,Wedbush Securities,590,11.28842,14.0,0.1000957500734976,9.990434151956773,0.5833333333333334,0.002129831570926367
TSM-US,2025Q2,20252,Mehdi Hosseini,Susquehanna Financial Group,974,10.47,9.0,0.15630550410692623,6.397727359082091,0.47368421052631576,0.0011075382699541761
TSM-US,2025Q2,20252,Rick Hsu,Daiwa Securities Co. Ltd.,467,10.488558,4.0,0.04578895789080875,21.839326467849812,0.2857142857142857,0.0022804224132971073
TSM-US,2025Q2,20252,Robert Sanders,Deutsche Bank Research,77,11.481008,4.0,0.045234097492496905,22.107216799580726,0.2857142857142857,0.002308395030386929
TSM-US,2025Q2,20252,Rong Jin,Huaan Securities,3624,10.805245,19.0,0.03200881766952189,31.241391366735126,0.6551724137931034,0.007480490490418157
TSM-US,2025Q2,20252,Tony Shen,SPDB International,3451,11.253223,9.0,0.027982744051453932,35.736309425595515,0.47368421052631576,0.00618646717722116
TSM-US,2025Q2,20252,Warren Lau,Aletheia Capital,2859,11.913319,17.0,0.05455298399922292,18.330802949555327,0.6296296296296297,0.004218040553628937
TXN-US,2025Q2,20252,Barney Yao,Haitong International Research,2898,7.1,4.0,0.04418281484659197,22.633234289669407,0.2857142857142857,0.0023633208119100174
TXN-US,2025Q2,20252,Blayne Curtis,Jefferies,512,6.56,13.0,0.03851699411215051,25.962565954349525,0.5652173913043478,0.005362993046203834
TXN-US,2025Q2,20252,C.J. Muse,Cantor Fitzgerald,1190,6.6,12.0,0.05782695331982295,17.29297399552264,0.5454545454545454,0.0034472466511695477
TXN-US,2025Q2,20252,Christopher Rolland,Susquehanna Financial Group,974,6.8,13.0,0.052357867971888634,19.099326208945484,0.5652173913043478,0.003945278514683684
TXN-US,2025Q2,20252,Cody Acree,"Benchmark, a StoneX Company",1124,6.55,5.0,0.0467131152914008,21.407264186126447,0.3333333333333333,0.0026078584726881367
TXN-US,2025Q2,20252,James Kelleher,Argus Research,376,7.11,11.0,0.05489757326384885,18.2157414353053,0.5238095238095238,0.003487099569023727
TXN-US,2025Q2,20252,Joe Quatrochi,Wells Fargo Securities,596,7.26,9.0,0.041836970440753705,23.902304336690033,0.47368421052631576,0.004137831343405986
TXN-US,2025Q2,20252,John N. Vinh,KeyBanc Capital Markets,618,7.43,8.0,0.06761547748524716,14.789513247439352,0.4444444444444444,0.0024022348734167105
TXN-US,2025Q2,20252,Joshua Buchalter,TD Cowen,917,6.98,11.0,0.045020837658774515,22.21193678312427,0.5238095238095238,0.004252104448161143
TXN-US,2025Q2,20252,Kevin Garrigan,Rosenblatt Securities,2623,8.35,13.0,0.044669186152176,22.386796943048545,0.5652173913043478,0.004624359415916393
TXN-US,2025Q2,20252,Mark Lipacis,Evercore ISI,1772,8.5,13.0,0.04800773592741912,20.829976266988677,0.5652173913043478,0.004302772617655543
TXN-US,2025Q2,20252,Phoebe Wang,Fubon Securities,1084,6.52,5.0,0.02316657197801632,43.16564405596735,0.3333333333333333,0.005258490277022353
TXN-US,2025Q2,20252,Rick Schafer,Oppenheimer,498,6.86,13.0,0.04294592826863593,23.28509454365003,0.5652173913043478,0.004809917491875378
TXN-US,2025Q2,20252,Ross Seymore,Deutsche Bank Research,77,6.544551,20.0,0.04275496051858506,23.3890988991865,0.6666666666666666,0.005698575885499095
TXN-US,2025Q2,20252,Vijay Rakesh,Mizuho Securities USA,1802,6.656,33.0,0.07098683775422016,14.087118565026516,0.7674418604651163,0.003951043024601569
TXN-US,2025Q2,20252,William Stein,Truist Securities,852,6.46,13.0,0.02532954187566623,39.47959283703774,0.5652173913043478,0.00815515624396598
UPS-US,2025Q2,20252,Christian Wetherbee,Wells Fargo Securities,596,7.204299,4.0,0.064010687961793,15.62239107001763,0.2857142857142857,0.0016312614218119844
UPS-US,2025Q2,20252,Conor Cunningham,Melius Research,3130,7.85,5.0,0.0644744596242318,15.510017545368683,0.3333333333333333,0.0018894488485569655
UPS-US,2025Q2,20252,Fadi Chamoun,BMO Capital Markets,181,7.92,8.0,0.06651331879802229,15.034582818467541,0.4444444444444444,0.002442041096927083
UPS-US,2025Q2,20252,Jairam Nathan,Daiwa Securities Co. Ltd.,467,7.35,6.0,0.0198101371033703,50.47920641749975,0.375,0.006918116819207343
UPS-US,2025Q2,20252,Patrick Tyler Brown,Raymond James,402,8.3,7.0,0.06211249683897375,16.099819696388856,0.4117647058823529,0.002422781427115572
UPS-US,2025Q2,20252,Rick Paterson,Loop Capital Markets,1009,7.48,5.0,0.06540191863908071,15.290071313021896,0.3333333333333333,0.0018626547360270174
UPS-US,2025Q2,20252,Stephanie Moore,Jefferies,512,8.65,5.0,0.07066585772202214,14.1511053885979,0.3333333333333333,0.0017239045477597489
V-US,2025Q2,20252,Bryan C. Bergin,TD Cowen,917,12.7826,4.0,0.03415608358621923,29.277361307414782,0.2857142857142857,0.003057088368815409
V-US,2025Q2,20252,Dan Dolev,Mizuho Securities USA,1802,13.0,4.0,0.03344665283934605,29.898357985275517,0.2857142857142857,0.0031219317029201215
V-US,2025Q2,20252,Donald Fandetti,Wells Fargo Securities,596,12.8,4.0,0.03484249967944825,28.700581450815,0.2857142857142857,0.002996862074086736
V-US,2025Q2,20252,John Davis,Raymond James,402,12.77,6.0,0.03540873608592193,28.241618045146417,0.375,0.003870481068656907
V-US,2025Q2,20252,Kazuya Nishimura,Daiwa Securities Co. Ltd.,467,12.8,16.0,0.06372023442820698,15.693602024121411,0.6153846153846154,0.0035295015302148794
V-US,2025Q2,20252,Steve Biggar,Argus Research,376,12.65,6.0,0.06231171450746831,16.048346733905806,0.375,0.002199407346899493
VRTX-US,2025Q2,20252,Andrew S. Fein,HC Wainwright,536,24.86,4.0,0.04614476057462715,21.670932681138524,0.2857142857142857,0.0022628390429472157
VRTX-US,2025Q2,20252,Brian Abrahams,RBC Capital Markets,1269,19.87,8.0,0.037696379894925164,26.527746239490334,0.4444444444444444,0.004308855610287657
VRTX-US,2025Q2,20252,David Risinger,Leerink Partners,1079,19.67,16.0,0.03806005228477731,26.27426763677792,0.6153846153846154,0.005909100261797587
VRTX-US,2025Q2,20252,Evan David Seigerman,BMO Capital Markets,181,21.7877,15.0,0.04127388518842034,24.22839515676505,0.6,0.0053127576261836175
VRTX-US,2025Q2,20252,Joseph Stringer,Needham,477,22.03,8.0,0.04673276551771327,21.398262844533924,0.4444444444444444,0.003475682558016333
VRTX-US,2025Q2,20252,Mohit Bansal,Wells Fargo Securities,596,21.66,15.0,0.04078899335906935,24.51641773056044,0.6,0.005375914682833209
VRTX-US,2025Q2,20252,Myles R. Minter,William Blair,198,20.46,7.0,0.050367206373858976,19.854188310094738,0.4117647058823529,0.002987757601965061
VRTX-US,2025Q2,20252,Naz Rahman,Maxim Group,1063,18.65,7.0,0.04318456274539047,23.156422953633825,0.4117647058823529,0.003484694394626076
VRTX-US,2025Q2,20252,Phil Nadeau,TD Cowen,917,19.9971,8.0,0.0450339353367475,22.205476659376117,0.4444444444444444,0.003606796891792895
WFC-US,2025Q2,20252,Chris Kotowski,Oppenheimer,498,6.48,7.0,0.06296621844688978,15.881531790629474,0.4117647058823529,0.00238993237080245
WFC-US,2025Q2,20252,Gerard Cassidy,RBC Capital Markets,1269,6.75,8.0,0.08161184964408148,12.253122608556396,0.4444444444444444,0.0019902533603410677
WFC-US,2025Q2,20252,Glenn Thum,Phillip Securities,651,7.06,5.0,0.023807892911815058,42.00287710063302,0.3333333333333333,0.005116840618763098
WFC-US,2025Q2,20252,Jim Mitchell,Seaport Research Partners,1321,6.85,6.0,0.07981470868400381,12.529018980187251,0.375,0.0017170875512209488
WFC-US,2025Q2,20252,John Pancari,Evercore ISI,1772,6.85,6.0,0.08692171159397212,11.504605485349742,0.375,0.0015766928673219271
WFC-US,2025Q2,20252,Kazuya Nishimura,Daiwa Securities Co. Ltd.,467,6.89,16.0,0.06372023442820698,15.693602024121411,0.6153846153846154,0.0035295015302148794
WFC-US,2025Q2,20252,Matthew O'Connor,Deutsche Bank Research,77,7.163371,10.0,0.0823720710511561,12.14003711742252,0.5,0.002218370716137789
WFC-US,2025Q2,20252,R. Scott Siefers,Piper Sandler Companies,570,6.25,4.0,0.0758469356038801,13.184448284405613,0.2857142857142857,0.0013766959076771982
WFC-US,2025Q2,20252,Steve Biggar,Argus Research,376,6.79,6.0,0.06231171450746831,16.048346733905806,0.375,0.002199407346899493
WMB-US,2025Q2,20252,Brandon Bingham,Scotiabank GBM,810,2.4336321,4.0,0.045686821399345046,21.888150004113346,0.2857142857142857,0.0022855204774043358
WMB-US,2025Q2,20252,Gabriel Moreen,Mizuho Securities USA,1802,2.44,5.0,0.03688902105617558,27.108336609886543,0.3333333333333333,0.0033023699195710503
WMB-US,2025Q2,20252,James Carreker,U.S. Capital Advisors,1866,2.34,10.0,0.04069795877339301,24.571256891973835,0.5,0.004489949760501749
WMB-US,2025Q2,20252,Praneeth Satish,Wells Fargo Securities,596,2.3847282,5.0,0.03687825534678486,27.11625022920675,0.3333333333333333,0.003303333966121529
WMB-US,2025Q2,20252,Selman Akyol,Stifel Nicolaus,548,2.43,4.0,0.03747773539769255,26.68250867851446,0.2857142857142857,0.00278613861663975
WMB-US,2025Q2,20252,William Selesky,Argus Research,376,2.4,6.0,0.021122945272146715,47.34188282533814,0.375,0.006488150251771272
AMAT-US,2025Q3,20253,Blayne Curtis,Jefferies,512,10.11,19.0,0.03792085896680127,26.370710665480285,0.6551724137931034,0.004913514766669858
AMAT-US,2025Q3,20253,C.J. Muse,Cantor Fitzgerald,1190,10.55,19.0,0.05408860958336584,18.48818092575882,0.6551724137931034,0.0034448047737482344
AMAT-US,2025Q3,20253,Chandler B. Converse,Cleveland Research Company,2295,10.033296,12.0,0.06534183897010744,15.304130030032972,0.5454545454545454,0.0023740072502211437
AMAT-US,2025Q3,20253,Charles Shi,Needham,477,9.95,5.0,0.04464651232290412,22.398166127009876,0.3333333333333333,0.002123273969550637
AMAT-US,2025Q3,20253,Craig A. Ellis,B Riley Securities,765,10.18,4.0,0.04828113974669557,20.712021407250262,0.2857142857142857,0.0016829424718363612
AMAT-US,2025Q3,20253,James Kelleher,Argus Research,376,10.26,21.0,0.04893208486257553,20.436488713049396,0.6774193548387096,0.0039371205211617966
AMAT-US,2025Q3,20253,Jed Dorsheimer,William Blair,198,9.53,8.0,0.018621667400245137,53.70088394913744,0.4444444444444444,0.006787560992538269
AMAT-US,2025Q3,20253,Joe Quatrochi,Wells Fargo Securities,596,10.24,12.0,0.040377583797326554,24.76621694402158,0.5454545454545454,0.003841785091362707
AMAT-US,2025Q3,20253,Krish Sankar,TD Cowen,917,9.9815,20.0,0.04688580713650519,21.32841601912836,0.6666666666666666,0.004043730213300967
AMAT-US,2025Q3,20253,Louis Miscioscia,Daiwa Securities Co. Ltd.,467,10.08,11.0,0.046794131435661586,21.370201119662298,0.5238095238095238,0.003183441170684306
AMAT-US,2025Q3,20253,Mark Lipacis,Evercore ISI,1772,10.0,18.0,0.04578925628636731,21.83918414717137,0.6428571428571429,0.003992691109907533
AMAT-US,2025Q3,20253,Mehdi Hosseini,Susquehanna Financial Group,974,9.35,14.0,0.12660332778052935,7.898686531633117,0.5833333333333334,0.001310347551202287
AMAT-US,2025Q3,20253,Melissa Weathers,Deutsche Bank Research,77,10.230477,8.0,0.04337209674779443,23.056298288158096,0.4444444444444444,0.0029142170367484695
AMAT-US,2025Q3,20253,Pierre Ferragu,New Street Research,1634,10.28,39.0,0.049530057733303656,20.18976043566384,0.7959183673469388,0.004569982337262196
AMAT-US,2025Q3,20253,Steve Barger,KeyBanc Capital Markets,618,10.49,10.0,0.04461032249935932,22.416336488362344,0.5,0.0031874946918778327
AMAT-US,2025Q3,20253,Vijay Rakesh,Mizuho Securities USA,1802,10.1716,41.0,0.0694438679937755,14.400119533802949,0.803921568627451,0.0032922636466219124
AMD-US,2025Q3,20253,Aaron Rakers,Wells Fargo Securities,596,5.83,33.0,0.08172716972807215,12.235832995652043,0.7674418604651163,0.002670507818574597
AMD-US,2025Q3,20253,Barney Yao,Haitong International Research,2898,7.98,9.0,0.038375897645560646,26.058022387801547,0.47368421052631576,0.003510307727513356
AMD-US,2025Q3,20253,Ben Reitzes,Melius Research,3130,6.77,28.0,0.04042135074629157,24.73940087446841,0.7368421052631579,0.005184160532206552
AMD-US,2025Q3,20253,Blayne Curtis,Jefferies,512,6.383,19.0,0.03792085896680127,26.370710665480285,0.6551724137931034,0.004913514766669858
AMD-US,2025Q3,20253,C.J. Muse,Cantor Fitzgerald,1190,6.25,19.0,0.05408860958336584,18.48818092575882,0.6551724137931034,0.0034448047737482344
AMD-US,2025Q3,20253,Chandler B. Converse,Cleveland Research Company,2295,7.101077,12.0,0.06534183897010744,15.304130030032972,0.5454545454545454,0.0023740072502211437
AMD-US,2025Q3,20253,Christopher Rolland,Susquehanna Financial Group,974,6.45,17.0,0.04915196233381685,20.34506767417491,0.6296296296296297,0.0036429996101674713
AMD-US,2025Q3,20253,Cody Acree,"Benchmark, a StoneX Company",1124,6.2,8.0,0.044149565796980136,22.65027938436488,0.4444444444444444,0.00286289799186589
AMD-US,2025Q3,20253,Dawei Wang,Bocom International,1746,6.163,9.0,0.04082293994513692,24.496030941032853,0.47368421052631576,0.003299889969622846
AMD-US,2025Q3,20253,Gary Mobley,Loop Capital Markets,1009,5.67,8.0,0.05856438528945128,17.07522404713299,0.4444444444444444,0.0021582349517923144
AMD-US,2025Q3,20253,Han Jing Wen,China International Capital,898,5.98,5.0,0.05597650103581238,17.864639294982457,0.3333333333333333,0.0016935102354074512
AMD-US,2025Q3,20253,Harsh Kumar,Piper Sandler Companies,570,5.34,9.0,0.08183818283183067,12.219235146690641,0.47368421052631576,0.0016460679525630631
AMD-US,2025Q3,20253,Heping Qin,Guotai Haitong Securities China,1094,6.41,23.0,0.041844651935886906,23.89791654933991,0.696969696969697,0.004736840541901251
AMD-US,2025Q3,20253,James Kelleher,Argus Research,376,6.46,21.0,0.04893208486257553,20.436488713049396,0.6774193548387096,0.0039371205211617966
AMD-US,2025Q3,20253,Jay Goldberg,Seaport Research Partners,1321,5.43,5.0,0.04400298888431652,22.725728986932943,0.3333333333333333,0.0021543258730824847
AMD-US,2025Q3,20253,John N. Vinh,KeyBanc Capital Markets,618,5.99,13.0,0.06012729301619915,16.631382352945536,0.5652173913043478,0.0026733676786963876
AMD-US,2025Q3,20253,Joshua Buchalter,TD Cowen,917,6.498,15.0,0.04361608805850516,22.92731981507909,0.6,0.0039121848611163
AMD-US,2025Q3,20253,Kevin Cassidy,Rosenblatt Securities,2623,10.0,11.0,0.06579071440637894,15.199713348956154,0.5238095238095238,0.002264246039928308
AMD-US,2025Q3,20253,Ling Ji Cao,First Shanghai,1701,6.8,13.0,0.045601622105262266,21.929044490823134,0.5652173913043478,0.0035249264025295434
AMD-US,2025Q3,20253,Louis Miscioscia,Daiwa Securities Co. Ltd.,467,5.96,11.0,0.046794131435661586,21.370201119662298,0.5238095238095238,0.003183441170684306
AMD-US,2025Q3,20253,Mark Lipacis,Evercore ISI,1772,5.66,18.0,0.04578925628636731,21.83918414717137,0.6428571428571429,0.003992691109907533
AMD-US,2025Q3,20253,Matthew Bryson,Wedbush Securities,590,5.81,20.0,0.09321307068310622,10.728109187601715,0.6666666666666666,0.002033980358156463
AMD-US,2025Q3,20253,Pierre Ferragu,New Street Research,1634,6.35,39.0,0.049530057733303656,20.18976043566384,0.7959183673469388,0.004569982337262196
AMD-US,2025Q3,20253,Rick Schafer,Oppenheimer,498,6.4,17.0,0.04230083634662085,23.640194529626214,0.6296296296296297,0.0042330269348295054
AMD-US,2025Q3,20253,Ross Seymore,Deutsche Bank Research,77,6.72,25.0,0.04228471758169107,23.64920607706723,0.7142857142857143,0.004804003982727503
AMD-US,2025Q3,20253,Ruben Roy,Stifel Nicolaus,548,5.65,6.0,0.03727024076643973,26.831058223279783,0.375,0.002861435086925441
AMD-US,2025Q3,20253,Vijay Rakesh,Mizuho Securities USA,1802,6.1228,41.0,0.0694438679937755,14.400119533802949,0.803921568627451,0.0032922636466219124
AMD-US,2025Q3,20253,William Stein,Truist Securities,852,6.15,17.0,0.02544638499715004,39.29831290817924,0.6296296296296297,0.007036778687468399
AMD-US,2025Q3,20253,sean Hao,Fubon Securities,1084,6.31,9.0,0.05971725663554931,16.74557835271867,0.47368421052631576,0.0022558171229734685
AMZN-US,2025Q3,20253,Aaron Kessler,Seaport Research Partners,1321,7.67,4.0,0.03391931130897587,29.481730654577756,0.2857142857142857,0.0023955197653697273
AMZN-US,2025Q3,20253,Andrew Boone,Citizens,805,7.51,6.0,0.033743411786141465,29.635414650355642,0.375,0.003160509533035708
AMZN-US,2025Q3,20253,Barney Yao,Haitong International Research,2898,7.56,9.0,0.038375897645560646,26.058022387801547,0.47368421052631576,0.003510307727513356
AMZN-US,2025Q3,20253,Barton Crockett,Rosenblatt Securities,2623,8.83,8.0,0.03405512447768626,29.364156359352737,0.4444444444444444,0.0037115031937335285
AMZN-US,2025Q3,20253,Brad Erickson,RBC Capital Markets,1269,7.7,18.0,0.03833437141973847,26.086250092654378,0.6428571428571429,0.004769149714288016
AMZN-US,2025Q3,20253,Brent Thill,Jefferies,512,7.14,7.0,0.030255272857203554,33.05208995204641,0.4117647058823529,0.003870462583635521
AMZN-US,2025Q3,20253,Brian J. Pitz,BMO Capital Markets,181,6.7849,14.0,0.02843783793058984,35.164417296447354,0.5833333333333334,0.0058335785208491146
AMZN-US,2025Q3,20253,Brian J. White,"Monness, Crespi, Hardt",1080,7.1,10.0,0.03270327717663224,30.577975246913137,0.5,0.00434804027136675
AMZN-US,2025Q3,20253,Daniel Salmon,New Street Research,1634,7.8,9.0,0.03730036651337639,26.80938804291339,0.47368421052631576,0.0036115251041075954
AMZN-US,2025Q3,20253,Deepak Mathivanan,Cantor Fitzgerald,1190,7.67,8.0,0.03186477453086971,31.382616532598647,0.4444444444444444,0.003966627886837133
AMZN-US,2025Q3,20253,Gil Luria,DA Davidson,556,8.47,14.0,0.026744408938334463,37.39099272321687,0.5833333333333334,0.006202954827447698
AMZN-US,2025Q3,20253,Helena Wang,Phillip Securities,651,6.77,4.0,0.029904736246005995,33.439519137493065,0.2857142857142857,0.00271710741736546
AMZN-US,2025Q3,20253,Irene Weng,Fubon Securities,1084,7.71,7.0,0.03096834429325279,32.291038569274576,0.4117647058823529,0.0037813420195345485
AMZN-US,2025Q3,20253,James Kelleher,Argus Research,376,7.75,21.0,0.04893208486257553,20.436488713049396,0.6774193548387096,0.0039371205211617966
AMZN-US,2025Q3,20253,Jason Helfstein,Oppenheimer,498,7.73,10.0,0.03615752320876579,27.65676161572833,0.5,0.003932657813663333
AMZN-US,2025Q3,20253,John Blackledge,TD Cowen,917,8.16,18.0,0.039369176237169796,25.400582272175296,0.6428571428571429,0.004643794307569168
AMZN-US,2025Q3,20253,Josh J. Beck,Raymond James,402,7.69,14.0,0.03641639208135932,27.460161285770976,0.5833333333333334,0.004555485896588708
AMZN-US,2025Q3,20253,Justin Patterson,KeyBanc Capital Markets,618,7.72,5.0,0.03835638677458916,26.07127740881195,0.3333333333333333,0.002471473082267651
AMZN-US,2025Q3,20253,Ken Gawrelski,Wells Fargo Securities,596,7.73,18.0,0.041534369483443204,24.07644590340125,0.6428571428571429,0.004401712576297437
AMZN-US,2025Q3,20253,Laura Martin,Needham,477,7.43,9.0,0.031086357059922423,32.16845248455419,0.47368421052631576,0.004333451159806286
AMZN-US,2025Q3,20253,Lee Horowitz,Deutsche Bank Research,77,7.71,5.0,0.028650506450216984,34.903396969180854,0.3333333333333333,0.0033087295546123273
AMZN-US,2025Q3,20253,Lulu Xia,Huatai Research,1271,8.28,9.0,0.0349829129625036,28.585383986515044,0.47368421052631576,0.003850771666723786
AMZN-US,2025Q3,20253,Lun Ke Zhang,Guosen Securities,1894,7.8,20.0,0.03360039935660396,29.761551027620627,0.6666666666666666,0.005642598258452682
AMZN-US,2025Q3,20253,Maria Ripps,Canaccord Genuity,466,7.43,15.0,0.03755754698013736,26.625807072247262,0.6,0.004543273273247604
AMZN-US,2025Q3,20253,Mark Kelley,Stifel Nicolaus,548,7.23,8.0,0.030933124061754164,32.32780491241762,0.4444444444444444,0.004086095636819352
AMZN-US,2025Q3,20253,Mark Mahaney,Evercore ISI,1772,8.22,6.0,0.03464700323554321,28.862525084828494,0.375,0.003078083662885008
AMZN-US,2025Q3,20253,Michael Morton,MoffettNathanson Research,3177,7.77,7.0,0.031258988050796854,31.990798882387622,0.4117647058823529,0.003746183381278863
AMZN-US,2025Q3,20253,Nathaniel Schindler,Scotiabank GBM,810,8.02,7.0,0.032990361666566145,30.311883516373907,0.4117647058823529,0.0035495791993746416
AMZN-US,2025Q3,20253,Rob Sanderson,Loop Capital Markets,1009,7.61,6.0,0.03153296830568473,31.712840678551697,0.375,0.0033820594874991033
AMZN-US,2025Q3,20253,Rong Jin,Huaan Securities,3624,7.82,24.0,0.03171634174836048,31.529487477908553,0.7058823529411765,0.006329422180469101
AMZN-US,2025Q3,20253,Saiyi He,CMB International,2157,7.81,13.0,0.03503793707657534,28.540493060835804,0.5652173913043478,0.004587666260308412
AMZN-US,2025Q3,20253,Satoshi Tanaka,Daiwa Securities Co. Ltd.,467,7.69,15.0,0.034022886830384576,29.391979727803026,0.6,0.00501527692974049
AMZN-US,2025Q3,20253,Scott Bender,Cleveland Research Company,2295,7.6116056,5.0,0.030795901299621443,32.47185364931315,0.3333333333333333,0.003078227083667441
AMZN-US,2025Q3,20253,Scott Devitt,Wedbush Securities,590,7.68,8.0,0.03125486615709533,31.99501783094294,0.4444444444444444,0.004044032779619876
AMZN-US,2025Q3,20253,Shyam Patil,Susquehanna Financial Group,974,6.57,4.0,0.02550930019434325,39.201388998579915,0.2857142857142857,0.0031852845844198806
AMZN-US,2025Q3,20253,Thomas Champion,Piper Sandler Companies,570,7.85,18.0,0.04009699981505033,24.939521775009514,0.6428571428571429,0.0045595021409864794
AMZN-US,2025Q3,20253,Tom Forte,Maxim Group,1063,6.67,13.0,0.027614381317608145,36.213014823633074,0.5652173913043478,0.005820965529092532
AMZN-US,2025Q3,20253,Tommy Wong,China Merchants Securities,1788,7.7,4.0,0.029386460499324023,34.02927685091585,0.2857142857142857,0.002765027815114029
AMZN-US,2025Q3,20253,Youssef Squali,Truist Securities,852,7.33,18.0,0.037526571168482986,26.647784992407157,0.6428571428571429,0.004871810847919976
BJ-US,2025Q3,20253,Michael Baker,DA Davidson,556,4.79,8.0,0.048463212635268364,20.63420779645684,0.4444444444444444,0.002608075205685866
BJ-US,2025Q3,20253,Scott Bender,Cleveland Research Company,2295,4.6027246,5.0,0.030795901299621443,32.47185364931315,0.3333333333333333,0.003078227083667441
CME-US,2025Q3,20253,Ashish Sabadra,RBC Capital Markets,1269,11.43,4.0,0.0356195525047834,28.074468365814212,0.2857142857142857,0.0022811735396582773
CME-US,2025Q3,20253,Bill Katz,TD Cowen,917,11.67,6.0,0.04636035111328008,21.570155876441294,0.375,0.002300378924367127
CME-US,2025Q3,20253,Brian Bedell,Deutsche Bank Research,77,11.23,21.0,0.06507378156017149,15.367172093346602,0.6774193548387096,0.002960508992051405
CME-US,2025Q3,20253,Daniel T. Fannon,Jefferies,512,11.47,14.0,0.05194113743006616,19.252562602164915,0.5833333333333334,0.003193891561474529
CME-US,2025Q3,20253,Kyle Voigt,Keefe Bruyette & Woods,525,11.51,12.0,0.049805795745114935,20.077984600779764,0.5454545454545454,0.0031145371163562277
CME-US,2025Q3,20253,Patrick O'Shaughnessy,Raymond James,402,11.7,9.0,0.03775266910728039,26.488193381992048,0.47368421052631576,0.003568256582671524
CMG-US,2025Q3,20253,Andrew M. Charles,TD Cowen,917,1.3196,9.0,0.02607644414404029,38.34878691574011,0.47368421052631576,0.005166011489578845
CMG-US,2025Q3,20253,Brian Mullan,Piper Sandler Companies,570,1.34,5.0,0.022484677012872916,44.47473270029543,0.3333333333333333,0.004216061337779993
CMG-US,2025Q3,20253,Gregory Paul Francfort,Guggenheim Securities,1515,1.3,6.0,0.020395461011618116,49.03051710526954,0.375,0.005228926895376343
CMG-US,2025Q3,20253,Jeff Farmer,Gordon Haskett,2467,1.34,6.0,0.021154875814035735,47.27042639203416,0.375,0.0050412196017947004
CMG-US,2025Q3,20253,Lauren Silberman,Deutsche Bank Research,77,1.31,8.0,0.026224971288511412,38.131595607812095,0.4444444444444444,0.004819669843348756
CMG-US,2025Q3,20253,Steven Gojak,Cleveland Research Company,2295,1.3887317,6.0,0.02285971041740968,43.74508608116103,0.375,0.00466525483831278
CMG-US,2025Q3,20253,Zachary Fadem,Wells Fargo Securities,596,1.3915889,4.0,0.0233950469238029,42.74409037335876,0.2857142857142857,0.003473144590520556
FCX-US,2025Q3,20253,Christopher LaFemina,Jefferies,512,2.07,6.0,0.06226057120259182,16.061529483018482,0.375,0.0017129038903326032
FCX-US,2025Q3,20253,Katja Jancic,BMO Capital Markets,181,2.62,6.0,0.046381137169904656,21.560489048312302,0.375,0.002299347992193025
FCX-US,2025Q3,20253,Liam Fitzpatrick,Deutsche Bank Research,77,2.365023,7.0,0.060932936747763754,16.41148537021236,0.4117647058823529,0.0019218161441363216
FCX-US,2025Q3,20253,Orest Wowkodaw,Scotiabank GBM,810,2.11,9.0,0.04291437364266967,23.302215903850502,0.47368421052631576,0.0031390697013815917
FCX-US,2025Q3,20253,Sam Crittenden,RBC Capital Markets,1269,1.47,6.0,0.043195148876764865,23.150747850250166,0.375,0.0024689433281387717
LH-US,2025Q3,20253,Ann Hynes,Mizuho Securities USA,1802,16.95,6.0,0.06617226277372137,15.112072008471872,0.375,0.0016116476928094631
LH-US,2025Q3,20253,David S. MacDonald,Truist Securities,852,17.85,4.0,0.06566884695158037,15.227920793817656,0.2857142857142857,0.0012373352729688086
LH-US,2025Q3,20253,David Westenberg,Piper Sandler Companies,570,17.43,4.0,0.06438647874321227,15.531211203337032,0.2857142857142857,0.001261978947356965
LH-US,2025Q3,20253,Elizabeth Anderson,Evercore ISI,1772,17.4,7.0,0.07088985057643035,14.106391703024448,0.4117647058823529,0.0016518852924543202
LH-US,2025Q3,20253,Jack Meehan,Nephron Research,3154,17.0,8.0,0.07276112474663742,13.743602830249186,0.4444444444444444,0.0017371323450819343
LH-US,2025Q3,20253,Michael Cherny,Leerink Partners,1079,18.0,6.0,0.067143273605919,14.893524642084852,0.375,0.001588340408499954
LH-US,2025Q3,20253,Pito Chickering,Deutsche Bank Research,77,17.653616,5.0,0.06651552746763362,15.034083590280463,0.3333333333333333,0.0014251826762190537
LLY-US,2025Q3,20253,Akash Tewari,Jefferies,512,32.07,6.0,0.03187606916798202,31.371496740396463,0.375,0.00334565639399386
LLY-US,2025Q3,20253,Carter Gould,Cantor Fitzgerald,1190,33.0,4.0,0.036360848255477224,27.502108668473234,0.2857142857142857,0.0022346668069312945
LLY-US,2025Q3,20253,David Risinger,Leerink Partners,1079,29.78,18.0,0.03727061641118598,26.830787797216882,0.6428571428571429,0.004905267851942106
LLY-US,2025Q3,20253,Evan David Seigerman,BMO Capital Markets,181,29.0708,17.0,0.0404827911748224,24.701854071315456,0.6296296296296297,0.004423128307724611
LLY-US,2025Q3,20253,James Shin,Deutsche Bank Research,77,31.65,7.0,0.03205296326592864,31.198363524253956,0.4117647058823529,0.0036533876939847743
LLY-US,2025Q3,20253,Jasper Hellweg,Argus Research,376,29.65,4.0,0.03339608134111345,29.94363290069347,0.2857142857142857,0.0024330513463071933
LLY-US,2025Q3,20253,Mohit Bansal,Wells Fargo Securities,596,29.9204,17.0,0.03993923591252107,25.038035334233747,0.6296296296296297,0.004483325119520501
LLY-US,2025Q3,20253,Narumi Nakagiri,Daiwa Securities Co. Ltd.,467,28.68,14.0,0.02994356979608206,33.39615172172438,0.5833333333333334,0.005540233234080975
LLY-US,2025Q3,20253,Seamus Fernandez,Guggenheim Securities,1515,30.8,9.0,0.03438890441081288,29.079146810084787,0.47368421052631576,0.003917287054167273
LLY-US,2025Q3,20253,Srikripa Devarakonda,Truist Securities,852,27.49,6.0,0.03076502478611542,32.504443177023234,0.375,0.003466481024106966
LLY-US,2025Q3,20253,Steve Scala,TD Cowen,917,29.9962,9.0,0.028950757993582536,34.54140994241561,0.47368421052631576,0.004653115130364958
LNG-US,2025Q3,20253,Brandon Bingham,Scotiabank GBM,810,16.45,6.0,0.042900002991999635,23.31002168429892,0.375,0.0024859293051130537
LNG-US,2025Q3,20253,James Carreker,U.S. Capital Advisors,1866,13.67,12.0,0.03903012847848412,25.62123259602549,0.5454545454545454,0.003974416828869284
LNG-US,2025Q3,20253,Jason Gabelman,TD Cowen,917,12.84,6.0,0.03810921069945746,26.240375532475575,0.375,0.002798440919396103
LNG-US,2025Q3,20253,Lloyd Byrne,Jefferies,512,16.48,5.0,0.04564488633309018,21.908259179408926,0.3333333333333333,0.0020768323696694433
LNG-US,2025Q3,20253,Michael Blum,Wells Fargo Securities,596,14.07,9.0,0.04290155247472985,23.309179792247065,0.47368421052631576,0.0031400078152141837
LNG-US,2025Q3,20253,Robert Mosca,Mizuho Securities USA,1802,16.4,6.0,0.05087469903174508,19.656135938534288,0.375,0.002096255637025071
LNG-US,2025Q3,20253,William Selesky,Argus Research,376,14.25,9.0,0.02151180517099595,46.48610342326293,0.47368421052631576,0.006262199242911621
META-US,2025Q3,20253,Aaron Kessler,Seaport Research Partners,1321,30.29,4.0,0.03391931130897587,29.481730654577756,0.2857142857142857,0.0023955197653697273
META-US,2025Q3,20253,Andrew Boone,Citizens,805,28.41,6.0,0.033743411786141465,29.635414650355642,0.375,0.003160509533035708
META-US,2025Q3,20253,Barney Yao,Haitong International Research,2898,30.17,9.0,0.038375897645560646,26.058022387801547,0.47368421052631576,0.003510307727513356
META-US,2025Q3,20253,Barton Crockett,Rosenblatt Securities,2623,30.95,8.0,0.03405512447768626,29.364156359352737,0.4444444444444444,0.0037115031937335285
META-US,2025Q3,20253,Brad Erickson,RBC Capital Markets,1269,29.16,18.0,0.03833437141973847,26.086250092654378,0.6428571428571429,0.004769149714288016
META-US,2025Q3,20253,Brent Thill,Jefferies,512,30.34,7.0,0.030255272857203554,33.05208995204641,0.4117647058823529,0.003870462583635521
META-US,2025Q3,20253,Brian J. Pitz,BMO Capital Markets,181,28.92,14.0,0.02843783793058984,35.164417296447354,0.5833333333333334,0.0058335785208491146
META-US,2025Q3,20253,Brian J. White,"Monness, Crespi, Hardt",1080,33.07,10.0,0.03270327717663224,30.577975246913137,0.5,0.00434804027136675
META-US,2025Q3,20253,Daniel Salmon,New Street Research,1634,30.47,9.0,0.03730036651337639,26.80938804291339,0.47368421052631576,0.0036115251041075954
META-US,2025Q3,20253,Deepak Mathivanan,Cantor Fitzgerald,1190,29.66,8.0,0.03186477453086971,31.382616532598647,0.4444444444444444,0.003966627886837133
META-US,2025Q3,20253,Gil Luria,DA Davidson,556,27.5,14.0,0.026744408938334463,37.39099272321687,0.5833333333333334,0.006202954827447698
META-US,2025Q3,20253,Heping Qin,Guotai Haitong Securities China,1094,28.9,23.0,0.041844651935886906,23.89791654933991,0.696969696969697,0.004736840541901251
META-US,2025Q3,20253,Jason Helfstein,Oppenheimer,498,30.81,10.0,0.03615752320876579,27.65676161572833,0.5,0.003932657813663333
META-US,2025Q3,20253,John Blackledge,TD Cowen,917,31.47,18.0,0.039369176237169796,25.400582272175296,0.6428571428571429,0.004643794307569168
META-US,2025Q3,20253,Josh J. Beck,Raymond James,402,28.2,14.0,0.03641639208135932,27.460161285770976,0.5833333333333334,0.004555485896588708
META-US,2025Q3,20253,Justin Patterson,KeyBanc Capital Markets,618,30.9,5.0,0.03835638677458916,26.07127740881195,0.3333333333333333,0.002471473082267651
META-US,2025Q3,20253,Ken Gawrelski,Wells Fargo Securities,596,33.48,18.0,0.041534369483443204,24.07644590340125,0.6428571428571429,0.004401712576297437
META-US,2025Q3,20253,Laura Martin,Needham,477,26.23,9.0,0.031086357059922423,32.16845248455419,0.47368421052631576,0.004333451159806286
META-US,2025Q3,20253,Lulu Xia,Huatai Research,1271,29.83,9.0,0.0349829129625036,28.585383986515044,0.47368421052631576,0.003850771666723786
META-US,2025Q3,20253,Lun Ke Zhang,Guosen Securities,1894,32.2,20.0,0.03360039935660396,29.761551027620627,0.6666666666666666,0.005642598258452682
META-US,2025Q3,20253,Maria Ripps,Canaccord Genuity,466,28.58,15.0,0.03755754698013736,26.625807072247262,0.6,0.004543273273247604
META-US,2025Q3,20253,Mark Kelley,Stifel Nicolaus,548,28.93,8.0,0.030933124061754164,32.32780491241762,0.4444444444444444,0.004086095636819352
META-US,2025Q3,20253,Mark Mahaney,Evercore ISI,1772,31.64,6.0,0.03464700323554321,28.862525084828494,0.375,0.003078083662885008
META-US,2025Q3,20253,Michael Morris,Guggenheim Securities,1515,29.66,6.0,0.03865502972411935,25.869854638244814,0.375,0.0027589262093027462
META-US,2025Q3,20253,Michael Nathanson,MoffettNathanson Research,3177,29.63,9.0,0.04391245685758087,22.772581439550315,0.47368421052631576,0.0030677220018086315
META-US,2025Q3,20253,Nathaniel Schindler,Scotiabank GBM,810,30.0328,7.0,0.032990361666566145,30.311883516373907,0.4117647058823529,0.0035495791993746416
META-US,2025Q3,20253,Rob Sanderson,Loop Capital Markets,1009,32.01,6.0,0.03153296830568473,31.712840678551697,0.375,0.0033820594874991033
META-US,2025Q3,20253,Rong Jin,Huaan Securities,3624,32.2,24.0,0.03171634174836048,31.529487477908553,0.7058823529411765,0.006329422180469101
META-US,2025Q3,20253,Saiyi He,CMB International,2157,30.49,13.0,0.03503793707657534,28.540493060835804,0.5652173913043478,0.004587666260308412
META-US,2025Q3,20253,Satoshi Tanaka,Daiwa Securities Co. Ltd.,467,29.67,15.0,0.034022886830384576,29.391979727803026,0.6,0.00501527692974049
META-US,2025Q3,20253,Scott Devitt,Wedbush Securities,590,30.4,8.0,0.03125486615709533,31.99501783094294,0.4444444444444444,0.004044032779619876
META-US,2025Q3,20253,Shyam Patil,Susquehanna Financial Group,974,26.86,4.0,0.02550930019434325,39.201388998579915,0.2857142857142857,0.0031852845844198806
META-US,2025Q3,20253,Thomas Champion,Piper Sandler Companies,570,29.75,18.0,0.04009699981505033,24.939521775009514,0.6428571428571429,0.0045595021409864794
META-US,2025Q3,20253,Tommy Wong,China Merchants Securities,1788,31.1,4.0,0.029386460499324023,34.02927685091585,0.2857142857142857,0.002765027815114029
META-US,2025Q3,20253,Xiao Yu Han,First Shanghai,1701,29.8,16.0,0.035007979604903317,28.564916093013753,0.6153846153846154,0.004999129834422966
META-US,2025Q3,20253,Youssef Squali,Truist Securities,852,28.84,18.0,0.037526571168482986,26.647784992407157,0.6428571428571429,0.004871810847919976
MLM-US,2025Q3,20253,Adam R. Thalhimer,Thompson Davis & Co,1020,20.35,6.0,0.039361392085313064,25.405605519046937,0.375,0.002709415723816399
MLM-US,2025Q3,20253,Brent Thielman,DA Davidson,556,22.25,9.0,0.03786835002233142,26.40727677361934,0.47368421052631576,0.0035573562084440517
MLM-US,2025Q3,20253,Brian Brophy,Stifel Nicolaus,548,20.2914,7.0,0.03966427706957184,25.21160282956834,0.4117647058823529,0.002952326632503371
MLM-US,2025Q3,20253,David S. MacGregor,Longbow Research,1069,23.0,5.0,0.03689995009666696,27.100307652999412,0.3333333333333333,0.00256902183331155
MLM-US,2025Q3,20253,Kathryn I. Thompson,Thompson Research Group,2702,21.74,5.0,0.03844596880235516,26.010529352006888,0.3333333333333333,0.0024657143622463973
MLM-US,2025Q3,20253,Patrick Tyler Brown,Raymond James,402,21.57,9.0,0.05885970796562537,16.989550824547237,0.47368421052631576,0.0022886829498737194
MLM-US,2025Q3,20253,Philip Ng,Jefferies,512,21.3743,4.0,0.033736050822523705,29.641880884657517,0.2857142857142857,0.002408532673128757
MLM-US,2025Q3,20253,Trey Grooms,Stephens Inc,472,22.37,4.0,0.03093819529051725,32.3225059060412,0.2857142857142857,0.002626345199045453
MSFT-US,2025Q3,20253,Ben Reitzes,Melius Research,3130,18.83,28.0,0.04042135074629157,24.73940087446841,0.7368421052631579,0.005184160532206552
MSFT-US,2025Q3,20253,Brad Zelnick,Deutsche Bank Research,77,17.850395,4.0,0.033320986398396146,30.011116359032318,0.2857142857142857,0.002438534672919877
MSFT-US,2025Q3,20253,Brent Thill,Jefferies,512,17.88,7.0,0.030255272857203554,33.05208995204641,0.4117647058823529,0.003870462583635521
MSFT-US,2025Q3,20253,Chun Sheng Xie,Huatai Research,1271,18.99,7.0,0.03549397434912977,28.17379621013102,0.4117647058823529,0.003299205110130497
MSFT-US,2025Q3,20253,Colin Liu,China Renaissance Securities (US),2903,18.37,10.0,0.03851348533977712,25.96493127479142,0.5,0.003692087717202926
MSFT-US,2025Q3,20253,Dan Ives,Wedbush Securities,590,17.85,8.0,0.01580608574571285,63.266770539393924,0.4444444444444444,0.00799664795543756
MSFT-US,2025Q3,20253,Gil Luria,DA Davidson,556,17.4444,14.0,0.026744408938334463,37.39099272321687,0.5833333333333334,0.006202954827447698
MSFT-US,2025Q3,20253,Gregg Moskowitz,Mizuho Securities USA,1802,18.23,4.0,0.034626953021884226,28.87923749363683,0.2857142857142857,0.0023465645567205375
MSFT-US,2025Q3,20253,Irene Weng,Fubon Securities,1084,18.48,7.0,0.03096834429325279,32.291038569274576,0.4117647058823529,0.0037813420195345485
MSFT-US,2025Q3,20253,Jackson Ader,KeyBanc Capital Markets,618,18.05,5.0,0.030924275371650916,32.33705520927827,0.3333333333333333,0.0030654486259473267
MSFT-US,2025Q3,20253,John DiFucci,Guggenheim Securities,1515,18.11,4.0,0.03264237139508595,30.635029174091866,0.2857142857142857,0.002489230322298606
MSFT-US,2025Q3,20253,Liang Wei Zhang,Soochow Securities,3048,18.51,9.0,0.035004332566484095,28.567892220218443,0.47368421052631576,0.0038484153297199636
MSFT-US,2025Q3,20253,Lun Ke Zhang,Guosen Securities,1894,17.75,20.0,0.03360039935660396,29.761551027620627,0.6666666666666666,0.005642598258452682
MSFT-US,2025Q3,20253,Pierre Ferragu,New Street Research,1634,18.85,39.0,0.049530057733303656,20.18976043566384,0.7959183673469388,0.004569982337262196
MSFT-US,2025Q3,20253,Rong Jin,Huaan Securities,3624,18.34,24.0,0.03171634174836048,31.529487477908553,0.7058823529411765,0.006329422180469101
MSFT-US,2025Q3,20253,Satoshi Tanaka,Daiwa Securities Co. Ltd.,467,17.9,15.0,0.034022886830384576,29.391979727803026,0.6,0.00501527692974049
MSFT-US,2025Q3,20253,Tommy Wong,China Merchants Securities,1788,18.24,4.0,0.029386460499324023,34.02927685091585,0.2857142857142857,0.002765027815114029
MSFT-US,2025Q3,20253,Xiao Yu Han,First Shanghai,1701,18.7,16.0,0.035007979604903317,28.564916093013753,0.6153846153846154,0.004999129834422966
MTZ-US,2025Q3,20253,Adam R. Thalhimer,Thompson Davis & Co,1020,8.75,6.0,0.039361392085313064,25.405605519046937,0.375,0.002709415723816399
MTZ-US,2025Q3,20253,Brent Thielman,DA Davidson,556,7.34,9.0,0.03786835002233142,26.40727677361934,0.47368421052631576,0.0035573562084440517
MTZ-US,2025Q3,20253,Brian Brophy,Stifel Nicolaus,548,7.25,7.0,0.03966427706957184,25.21160282956834,0.4117647058823529,0.002952326632503371
MTZ-US,2025Q3,20253,Jamie Cook,Truist Securities,852,8.1,6.0,0.0441976499401218,22.625637366574523,0.375,0.002412942198776003
MTZ-US,2025Q3,20253,Julien Dumoulin-Smith,Jefferies,512,8.35,5.0,0.06483502221422074,15.423762741931515,0.3333333333333333,0.0014621230040336374
MTZ-US,2025Q3,20253,Marc Bianchi,TD Cowen,917,9.19,9.0,0.06337892355508486,15.778115876816127,0.47368421052631576,0.0021254890821613727
MTZ-US,2025Q3,20253,Sangita Jain,KeyBanc Capital Markets,618,7.81,8.0,0.04952379657026319,20.192312973849322,0.4444444444444444,0.0025522215988145855
MU-US,2025Q3,20253,Aaron Rakers,Wells Fargo Securities,596,13.21,33.0,0.08172716972807215,12.235832995652043,0.7674418604651163,0.002670507818574597
MU-US,2025Q3,20253,C.J. Muse,Cantor Fitzgerald,1190,13.72,19.0,0.05408860958336584,18.48818092575882,0.6551724137931034,0.0034448047737482344
MU-US,2025Q3,20253,Chandler B. Converse,Cleveland Research Company,2295,15.556841,12.0,0.06534183897010744,15.304130030032972,0.5454545454545454,0.0023740072502211437
MU-US,2025Q3,20253,Harsh Kumar,Piper Sandler Companies,570,13.46,9.0,0.08183818283183067,12.219235146690641,0.47368421052631576,0.0016460679525630631
MU-US,2025Q3,20253,Heping Qin,Guotai Haitong Securities China,1094,12.69,23.0,0.041844651935886906,23.89791654933991,0.696969696969697,0.004736840541901251
MU-US,2025Q3,20253,James Kelleher,Argus Research,376,12.12,21.0,0.04893208486257553,20.436488713049396,0.6774193548387096,0.0039371205211617966
MU-US,2025Q3,20253,John N. Vinh,KeyBanc Capital Markets,618,13.9,13.0,0.06012729301619915,16.631382352945536,0.5652173913043478,0.0026733676786963876
MU-US,2025Q3,20253,Kevin Cassidy,Rosenblatt Securities,2623,14.75,11.0,0.06579071440637894,15.199713348956154,0.5238095238095238,0.002264246039928308
MU-US,2025Q3,20253,Krish Sankar,TD Cowen,917,16.57,20.0,0.04688580713650519,21.32841601912836,0.6666666666666666,0.004043730213300967
MU-US,2025Q3,20253,Matthew Bryson,Wedbush Securities,590,16.21,20.0,0.09321307068310622,10.728109187601715,0.6666666666666666,0.002033980358156463
MU-US,2025Q3,20253,Mehdi Hosseini,Susquehanna Financial Group,974,13.37,14.0,0.12660332778052935,7.898686531633117,0.5833333333333334,0.001310347551202287
MU-US,2025Q3,20253,Melissa Weathers,Deutsche Bank Research,77,14.266233,8.0,0.04337209674779443,23.056298288158096,0.4444444444444444,0.0029142170367484695
MU-US,2025Q3,20253,N. Quinn Bolton,Needham,477,13.4,11.0,0.06403907933222883,15.615464969633502,0.5238095238095238,0.0023261790474199996
MU-US,2025Q3,20253,Pierre Ferragu,New Street Research,1634,14.32,39.0,0.049530057733303656,20.18976043566384,0.7959183673469388,0.004569982337262196
MU-US,2025Q3,20253,Steven Fox,Fox Advisors,3474,12.95,5.0,0.08730105069517705,11.454615861287053,0.3333333333333333,0.0010858606705369369
MU-US,2025Q3,20253,Sung Kyu Kim,Daiwa Securities Co. Ltd.,467,13.565,6.0,0.09422806037773189,10.612549977058865,0.375,0.0011317899806038286
MU-US,2025Q3,20253,Vijay Rakesh,Mizuho Securities USA,1802,13.07,41.0,0.0694438679937755,14.400119533802949,0.803921568627451,0.0032922636466219124
MU-US,2025Q3,20253,Warren Lau,Aletheia Capital,2859,14.24,22.0,0.052476875834170905,19.056012464614724,0.6875,0.003725800181038539
NVDA-US,2025Q3,20253,Aaron Rakers,Wells Fargo Securities,596,6.65,33.0,0.08172716972807215,12.235832995652043,0.7674418604651163,0.002670507818574597
NVDA-US,2025Q3,20253,Barney Yao,Haitong International Research,2898,6.65,9.0,0.038375897645560646,26.058022387801547,0.47368421052631576,0.003510307727513356
NVDA-US,2025Q3,20253,Ben Reitzes,Melius Research,3130,6.52,28.0,0.04042135074629157,24.73940087446841,0.7368421052631579,0.005184160532206552
NVDA-US,2025Q3,20253,Blayne Curtis,Jefferies,512,6.09,19.0,0.03792085896680127,26.370710665480285,0.6551724137931034,0.004913514766669858
NVDA-US,2025Q3,20253,C.J. Muse,Cantor Fitzgerald,1190,6.8,19.0,0.05408860958336584,18.48818092575882,0.6551724137931034,0.0034448047737482344
NVDA-US,2025Q3,20253,Chandler B. Converse,Cleveland Research Company,2295,6.1807995,12.0,0.06534183897010744,15.304130030032972,0.5454545454545454,0.0023740072502211437
NVDA-US,2025Q3,20253,Christopher Rolland,Susquehanna Financial Group,974,5.81,17.0,0.04915196233381685,20.34506767417491,0.6296296296296297,0.0036429996101674713
NVDA-US,2025Q3,20253,Cody Acree,"Benchmark, a StoneX Company",1124,5.73,8.0,0.044149565796980136,22.65027938436488,0.4444444444444444,0.00286289799186589
NVDA-US,2025Q3,20253,Dawei Wang,Bocom International,1746,6.127,9.0,0.04082293994513692,24.496030941032853,0.47368421052631576,0.003299889969622846
NVDA-US,2025Q3,20253,Gil Luria,DA Davidson,556,4.32,14.0,0.026744408938334463,37.39099272321687,0.5833333333333334,0.006202954827447698
NVDA-US,2025Q3,20253,Harsh Kumar,Piper Sandler Companies,570,6.15,9.0,0.08183818283183067,12.219235146690641,0.47368421052631576,0.0016460679525630631
NVDA-US,2025Q3,20253,James Kelleher,Argus Research,376,5.7,21.0,0.04893208486257553,20.436488713049396,0.6774193548387096,0.0039371205211617966
NVDA-US,2025Q3,20253,Jay Goldberg,Seaport Research Partners,1321,5.64,5.0,0.04400298888431652,22.725728986932943,0.3333333333333333,0.0021543258730824847
NVDA-US,2025Q3,20253,John N. Vinh,KeyBanc Capital Markets,618,6.34,13.0,0.06012729301619915,16.631382352945536,0.5652173913043478,0.0026733676786963876
NVDA-US,2025Q3,20253,Joshua Buchalter,TD Cowen,917,5.9484,15.0,0.04361608805850516,22.92731981507909,0.6,0.0039121848611163
NVDA-US,2025Q3,20253,Kevin Cassidy,Rosenblatt Securities,2623,5.65,11.0,0.06579071440637894,15.199713348956154,0.5238095238095238,0.002264246039928308
NVDA-US,2025Q3,20253,Liang Wei Zhang,Soochow Securities,3048,5.59,9.0,0.035004332566484095,28.567892220218443,0.47368421052631576,0.0038484153297199636
NVDA-US,2025Q3,20253,Louis Miscioscia,Daiwa Securities Co. Ltd.,467,5.7,11.0,0.046794131435661586,21.370201119662298,0.5238095238095238,0.003183441170684306
NVDA-US,2025Q3,20253,Lun Ke Zhang,Guosen Securities,1894,5.54,20.0,0.03360039935660396,29.761551027620627,0.6666666666666666,0.005642598258452682
NVDA-US,2025Q3,20253,Mark Lipacis,Evercore ISI,1772,6.19,18.0,0.04578925628636731,21.83918414717137,0.6428571428571429,0.003992691109907533
NVDA-US,2025Q3,20253,Matthew Bryson,Wedbush Securities,590,6.1,20.0,0.09321307068310622,10.728109187601715,0.6666666666666666,0.002033980358156463
NVDA-US,2025Q3,20253,N. Quinn Bolton,Needham,477,6.2,11.0,0.06403907933222883,15.615464969633502,0.5238095238095238,0.0023261790474199996
NVDA-US,2025Q3,20253,Pierre Ferragu,New Street Research,1634,5.84,39.0,0.049530057733303656,20.18976043566384,0.7959183673469388,0.004569982337262196
NVDA-US,2025Q3,20253,Richard C. Shannon,Craig Hallum Capital Group,1026,5.58,4.0,0.031801335668239644,31.445220113780046,0.2857142857142857,0.0025550618853261028
NVDA-US,2025Q3,20253,Rick Schafer,Oppenheimer,498,6.03,17.0,0.04230083634662085,23.640194529626214,0.6296296296296297,0.0042330269348295054
NVDA-US,2025Q3,20253,Rong Jin,Huaan Securities,3624,6.1,24.0,0.03171634174836048,31.529487477908553,0.7058823529411765,0.006329422180469101
NVDA-US,2025Q3,20253,Ross Seymore,Deutsche Bank Research,77,5.68,25.0,0.04228471758169107,23.64920607706723,0.7142857142857143,0.004804003982727503
NVDA-US,2025Q3,20253,Ruben Roy,Stifel Nicolaus,548,5.9,6.0,0.03727024076643973,26.831058223279783,0.375,0.002861435086925441
NVDA-US,2025Q3,20253,Sebastien Naji,William Blair,198,5.85,4.0,0.032872985894087325,30.42011465651084,0.2857142857142857,0.0024717675762759165
NVDA-US,2025Q3,20253,Sophie Huang,ABCI Securities,2281,5.04,10.0,0.036571576488337046,27.343639405834956,0.5,0.0038881333489961313
NVDA-US,2025Q3,20253,Tian Zi Fu,Everbright Securities,1299,6.11,9.0,0.03216815325775945,31.086646223894892,0.47368421052631576,0.004187719729387285
NVDA-US,2025Q3,20253,Vijay Rakesh,Mizuho Securities USA,1802,5.95,41.0,0.0694438679937755,14.400119533802949,0.803921568627451,0.0032922636466219124
NVDA-US,2025Q3,20253,Warren Lau,Aletheia Capital,2859,6.26,22.0,0.052476875834170905,19.056012464614724,0.6875,0.003725800181038539
NVDA-US,2025Q3,20253,William Stein,Truist Securities,852,5.9886,17.0,0.02544638499715004,39.29831290817924,0.6296296296296297,0.007036778687468399
NVDA-US,2025Q3,20253,sean Hao,Fubon Securities,1084,6.9,9.0,0.05971725663554931,16.74557835271867,0.47368421052631576,0.0022558171229734685
QCOM-US,2025Q3,20253,Aaron Rakers,Wells Fargo Securities,596,11.8477,33.0,0.08172716972807215,12.235832995652043,0.7674418604651163,0.002670507818574597
QCOM-US,2025Q3,20253,Angustt Lin,Aletheia Capital,2859,11.5,5.0,0.06920392633078318,14.450047172470642,0.3333333333333333,0.0013698179058993178
QCOM-US,2025Q3,20253,Ben Reitzes,Melius Research,3130,12.31,28.0,0.04042135074629157,24.73940087446841,0.7368421052631579,0.005184160532206552
QCOM-US,2025Q3,20253,C.J. Muse,Cantor Fitzgerald,1190,11.05,19.0,0.05408860958336584,18.48818092575882,0.6551724137931034,0.0034448047737482344
QCOM-US,2025Q3,20253,Chandler B. Converse,Cleveland Research Company,2295,12.275452,12.0,0.06534183897010744,15.304130030032972,0.5454545454545454,0.0023740072502211437
QCOM-US,2025Q3,20253,Christopher Rolland,Susquehanna Financial Group,974,12.15,17.0,0.04915196233381685,20.34506767417491,0.6296296296296297,0.0036429996101674713
QCOM-US,2025Q3,20253,Cody Acree,"Benchmark, a StoneX Company",1124,12.15,8.0,0.044149565796980136,22.65027938436488,0.4444444444444444,0.00286289799186589
QCOM-US,2025Q3,20253,Gary Mobley,Loop Capital Markets,1009,11.93,8.0,0.05856438528945128,17.07522404713299,0.4444444444444444,0.0021582349517923144
QCOM-US,2025Q3,20253,Harsh V. Kumar,Piper Sandler Companies,570,12.26,4.0,0.06174386408105385,16.195941327663856,0.2857142857142857,0.0013159911819207567
QCOM-US,2025Q3,20253,Heping Qin,Guotai Haitong Securities China,1094,14.8,23.0,0.041844651935886906,23.89791654933991,0.696969696969697,0.004736840541901251
QCOM-US,2025Q3,20253,James Kelleher,Argus Research,376,12.92,21.0,0.04893208486257553,20.436488713049396,0.6774193548387096,0.0039371205211617966
QCOM-US,2025Q3,20253,Jay Goldberg,Seaport Research Partners,1321,12.1,5.0,0.04400298888431652,22.725728986932943,0.3333333333333333,0.0021543258730824847
QCOM-US,2025Q3,20253,John N. Vinh,KeyBanc Capital Markets,618,12.07,13.0,0.06012729301619915,16.631382352945536,0.5652173913043478,0.0026733676786963876
QCOM-US,2025Q3,20253,Joshua Buchalter,TD Cowen,917,12.2447,15.0,0.04361608805850516,22.92731981507909,0.6,0.0039121848611163
QCOM-US,2025Q3,20253,Kevin Cassidy,Rosenblatt Securities,2623,12.5,11.0,0.06579071440637894,15.199713348956154,0.5238095238095238,0.002264246039928308
QCOM-US,2025Q3,20253,Louis Miscioscia,Daiwa Securities Co. Ltd.,467,12.3,11.0,0.046794131435661586,21.370201119662298,0.5238095238095238,0.003183441170684306
QCOM-US,2025Q3,20253,Melissa Fairbanks,Raymond James,402,11.92,4.0,0.0431911028056333,23.152916574048966,0.2857142857142857,0.0018812758968910334
QCOM-US,2025Q3,20253,Rick Schafer,Oppenheimer,498,11.52,17.0,0.04230083634662085,23.640194529626214,0.6296296296296297,0.0042330269348295054
QCOM-US,2025Q3,20253,Ross Seymore,Deutsche Bank Research,77,11.98,25.0,0.04228471758169107,23.64920607706723,0.7142857142857143,0.004804003982727503
QCOM-US,2025Q3,20253,Vijay Rakesh,Mizuho Securities USA,1802,12.17,41.0,0.0694438679937755,14.400119533802949,0.803921568627451,0.0032922636466219124
QCOM-US,2025Q3,20253,sean Hao,Fubon Securities,1084,12.67,9.0,0.05971725663554931,16.74557835271867,0.47368421052631576,0.0022558171229734685
SNDK-US,2025Q3,20253,Aaron Rakers,Wells Fargo Securities,596,12.69,33.0,0.08172716972807215,12.235832995652043,0.7674418604651163,0.002670507818574597
SNDK-US,2025Q3,20253,Chandler B. Converse,Cleveland Research Company,2295,7.2037063,12.0,0.06534183897010744,15.304130030032972,0.5454545454545454,0.0023740072502211437
SNDK-US,2025Q3,20253,Matthew Bryson,Wedbush Securities,590,27.19,20.0,0.09321307068310622,10.728109187601715,0.6666666666666666,0.002033980358156463
SNDK-US,2025Q3,20253,Mehdi Hosseini,Susquehanna Financial Group,974,6.79,14.0,0.12660332778052935,7.898686531633117,0.5833333333333334,0.001310347551202287
SNDK-US,2025Q3,20253,Steven Fox,Fox Advisors,3474,7.3,5.0,0.08730105069517705,11.454615861287053,0.3333333333333333,0.0010858606705369369
SNDK-US,2025Q3,20253,Vijay Rakesh,Mizuho Securities USA,1802,10.65,41.0,0.0694438679937755,14.400119533802949,0.803921568627451,0.0032922636466219124
STT-US,2025Q3,20253,David Konrad,Keefe Bruyette & Woods,525,11.3,15.0,0.0863358424690027,11.582674951704233,0.6,0.001976400467336175
STT-US,2025Q3,20253,Gerard Cassidy,RBC Capital Markets,1269,11.17,12.0,0.07738790610063455,12.921915715093892,0.5454545454545454,0.002004473402550759
STT-US,2025Q3,20253,Glenn Schorr,Evercore ISI,1772,11.24,9.0,0.0691100808838698,14.469669073030975,0.47368421052631576,0.0019492266299302589
STT-US,2025Q3,20253,Jim Mitchell,Seaport Research Partners,1321,11.6,9.0,0.07636796162451004,13.094496418758064,0.47368421052631576,0.0017639754576379584
STT-US,2025Q3,20253,Mike Mayo,Wells Fargo Securities,596,11.25,18.0,0.08964242403027872,11.155432383914873,0.6428571428571429,0.00203946243624675
STT-US,2025Q3,20253,Steve Biggar,Argus Research,376,10.62,11.0,0.05945236425515723,16.82018894502172,0.5238095238095238,0.0025056423983302843
TFC-US,2025Q3,20253,Christopher Marinac,Brean Capital,532,4.48,5.0,0.0861903889284521,11.602221691215648,0.3333333333333333,0.0010998532275464756
TFC-US,2025Q3,20253,Gerard Cassidy,RBC Capital Markets,1269,4.32,12.0,0.07738790610063455,12.921915715093892,0.5454545454545454,0.002004473402550759
TFC-US,2025Q3,20253,John Pancari,Evercore ISI,1772,4.46,8.0,0.08290142851338618,12.062518317624997,0.4444444444444444,0.0015246504858660687
TFC-US,2025Q3,20253,Matthew O'Connor,Deutsche Bank Research,77,4.41,13.0,0.07933780671540605,12.604331294248105,0.5652173913043478,0.002026049980605279
TFC-US,2025Q3,20253,Michael Rose,Raymond James,402,4.35,4.0,0.08982796182920945,11.132391068844546,0.2857142857142857,0.0009045555416571753
TFC-US,2025Q3,20253,Mike Mayo,Wells Fargo Securities,596,4.25,18.0,0.08964242403027872,11.155432383914873,0.6428571428571429,0.00203946243624675
TFC-US,2025Q3,20253,R. Scott Siefers,Piper Sandler Companies,570,4.34,6.0,0.07282022876345415,13.732447933504213,0.375,0.0014645157868656896
TFC-US,2025Q3,20253,Terry J. McEvoy,Stephens Inc,472,4.2,4.0,0.08758823733121705,11.417058162941167,0.2857142857142857,0.0009276859900846639
TSLA-US,2025Q3,20253,Alexander E. Potter,Piper Sandler Companies,570,2.78,6.0,0.009486145321275084,105.41689655093589,0.375,0.01124232984161312
TSLA-US,2025Q3,20253,Andres Sheppard,Cantor Fitzgerald,1190,2.9,6.0,0.012161286464955401,82.22814279407464,0.375,0.008769333321319857
TSLA-US,2025Q3,20253,Chris McNally,Evercore ISI,1772,1.58,9.0,0.011288672078479611,88.58437848561216,0.47368421052631576,0.011933308817808835
TSLA-US,2025Q3,20253,Chris Pierce,Needham,477,1.62,6.0,0.008442938837881367,118.44217033922462,0.375,0.012631428069661456
TSLA-US,2025Q3,20253,Colin M. Langan,Wells Fargo Securities,596,0.8,9.0,0.006496402439377522,153.9313503637898,0.47368421052631576,0.020736278472979118
TSLA-US,2025Q3,20253,Colin Rusch,Oppenheimer,498,2.26,6.0,0.008051169372316484,124.20555993250454,0.375,0.013246072675349177
TSLA-US,2025Q3,20253,Dan Ives,Wedbush Securities,590,2.8,8.0,0.01580608574571285,63.266770539393924,0.4444444444444444,0.00799664795543756
TSLA-US,2025Q3,20253,Edison Yu,Deutsche Bank Research,77,1.444678,6.0,0.006215464306446118,160.88902625711972,0.375,0.017158231367630183
TSLA-US,2025Q3,20253,George Gianarikas,Canaccord Genuity,466,4.46,7.0,0.022509013636122416,44.42664686093584,0.4117647058823529,0.0052024448269721085
TSLA-US,2025Q3,20253,Glenn Thum,Phillip Securities,651,1.74,7.0,0.02708952146091866,36.91464249166135,0.4117647058823529,0.004322774830866966
TSLA-US,2025Q3,20253,Gordon L. Johnson II,GLJ Research,3391,1.4,7.0,0.003110085630449271,321.53455525774183,0.4117647058823529,0.03765230783519411
TSLA-US,2025Q3,20253,Itay Michaeli,TD Cowen,917,2.7077,5.0,0.0107791587329194,92.77161834030832,0.3333333333333333,0.008794450457152657
TSLA-US,2025Q3,20253,Jairam Nathan,Daiwa Securities Co. Ltd.,467,1.9,8.0,0.023312770184607538,42.89494522020634,0.4444444444444444,0.005421736767489746
TSLA-US,2025Q3,20253,Jed Dorsheimer,William Blair,198,1.5517,8.0,0.018621667400245137,53.70088394913744,0.4444444444444444,0.006787560992538269
TSLA-US,2025Q3,20253,Jing Lin Li,First Shanghai,1701,4.27,6.0,0.020736182934580603,48.224883198361184,0.375,0.005143008959927781
TSLA-US,2025Q3,20253,Mickey Legg,"Benchmark, a StoneX Company",1124,3.78,5.0,0.01477703651933602,67.67256741170544,0.3333333333333333,0.006415141312156924
TSLA-US,2025Q3,20253,Oscar Wang,Haitong International Research,2898,3.34,6.0,0.011906595158908252,83.98706655040858,0.375,0.008956916163178615
TSLA-US,2025Q3,20253,Philippe Houchois,Jefferies,512,2.7081115,6.0,0.010703229757449766,93.42974248534377,0.375,0.009963943318419427
TSLA-US,2025Q3,20253,Pierre Ferragu,New Street Research,1634,3.5,39.0,0.049530057733303656,20.18976043566384,0.7959183673469388,0.004569982337262196
TSLA-US,2025Q3,20253,Tingting Song,Huatai Research,1271,3.22,4.0,0.010253122720531749,97.53126215855318,0.2857142857142857,0.007924842302498706
TSLA-US,2025Q3,20253,Tom Narayan,RBC Capital Markets,1269,2.71,5.0,0.013266737497948461,75.37648198395708,0.3333333333333333,0.0071454475873290796
TSLA-US,2025Q3,20253,Tony Shen,SPDB International,3451,1.91,14.0,0.0292026682517454,34.243446228247706,0.5833333333333334,0.005680794614422327
TSLA-US,2025Q3,20253,Vijay Rakesh,Mizuho Securities USA,1802,2.5986,41.0,0.0694438679937755,14.400119533802949,0.803921568627451,0.0032922636466219124
TSLA-US,2025Q3,20253,William Selesky,Argus Research,376,2.58,9.0,0.02151180517099595,46.48610342326293,0.47368421052631576,0.006262199242911621
TSLA-US,2025Q3,20253,William Stein,Truist Securities,852,2.78,17.0,0.02544638499715004,39.29831290817924,0.6296296296296297,0.007036778687468399
TSLA-US,2025Q3,20253,Xue Deng,China International Capital,898,4.34,5.0,0.01528161915173134,65.43809200262031,0.3333333333333333,0.006203320244092328
TSLA-US,2025Q3,20253,Yeon-Ju Park,Mirae Asset Securities,484,2.5,6.0,0.00836058923090705,119.60879459347733,0.375,0.012755844316929726
TSLA-US,2025Q3,20253,Yiming Wang,China Renaissance Securities (US),2903,2.21,6.0,0.010142090251778733,98.59900426587298,0.375,0.010515226346812068
TSLA-US,2025Q3,20253,YongHuo Liang,China Merchants Securities,1788,2.9208696,6.0,0.01130865856217115,88.42781789744033,0.375,0.009430506194960627
TSLA-US,2025Q3,20253,Yu Jing Ni,Everbright Securities,1299,2.72,6.0,0.010251424997370783,97.54741416500372,0.375,0.010403078074960458
TSM-US,2025Q3,20253,Barney Yao,Haitong International Research,2898,13.347857,9.0,0.038375897645560646,26.058022387801547,0.47368421052631576,0.003510307727513356
TSM-US,2025Q3,20253,Charles Shi,Needham,477,10.298219,5.0,0.04464651232290412,22.398166127009876,0.3333333333333333,0.002123273969550637
TSM-US,2025Q3,20253,Colin Liu,China Renaissance Securities (US),2903,12.311892,10.0,0.03851348533977712,25.96493127479142,0.5,0.003692087717202926
TSM-US,2025Q3,20253,Felix Hsu,IBF Securities,3105,11.722644,5.0,0.04179839885225808,23.92436139801984,0.3333333333333333,0.002267952362996384
TSM-US,2025Q3,20253,Heping Qin,Guotai Haitong Securities China,1094,12.748232,23.0,0.041844651935886906,23.89791654933991,0.696969696969697,0.004736840541901251
TSM-US,2025Q3,20253,James Kelleher,Argus Research,376,11.58,21.0,0.04893208486257553,20.436488713049396,0.6774193548387096,0.0039371205211617966
TSM-US,2025Q3,20253,Kevin Wang,Mizuho Securities Asia Ex Japan,1819,11.643937,5.0,0.046254189634259424,21.619663167967875,0.3333333333333333,0.0020494743978009345
TSM-US,2025Q3,20253,Krish Sankar,TD Cowen,917,10.4,20.0,0.04688580713650519,21.32841601912836,0.6666666666666666,0.004043730213300967
TSM-US,2025Q3,20253,Leping Huang,Huatai Research,1271,11.41315,5.0,0.04473372396898598,22.354499274267955,0.3333333333333333,0.0021191344926294745
TSM-US,2025Q3,20253,Ling Ji Cao,First Shanghai,1701,12.258689,13.0,0.045601622105262266,21.929044490823134,0.5652173913043478,0.0035249264025295434
TSM-US,2025Q3,20253,Matthew Bryson,Wedbush Securities,590,11.377373,20.0,0.09321307068310622,10.728109187601715,0.6666666666666666,0.002033980358156463
TSM-US,2025Q3,20253,Mehdi Hosseini,Susquehanna Financial Group,974,11.78,14.0,0.12660332778052935,7.898686531633117,0.5833333333333334,0.001310347551202287
TSM-US,2025Q3,20253,Rick Hsu,Daiwa Securities Co. Ltd.,467,10.192124,5.0,0.04348224336744152,22.9978934515779,0.3333333333333333,0.0021801261872662634
TSM-US,2025Q3,20253,Robert Sanders,Deutsche Bank Research,77,10.689667,5.0,0.043888055391257785,22.78524284307191,0.3333333333333333,0.00215996759485787
TSM-US,2025Q3,20253,Tony Shen,SPDB International,3451,11.493471,14.0,0.0292026682517454,34.243446228247706,0.5833333333333334,0.005680794614422327
TSM-US,2025Q3,20253,Warren Lau,Aletheia Capital,2859,13.624564,22.0,0.052476875834170905,19.056012464614724,0.6875,0.003725800181038539
TXN-US,2025Q3,20253,Barney Yao,Haitong International Research,2898,6.72,9.0,0.038375897645560646,26.058022387801547,0.47368421052631576,0.003510307727513356
TXN-US,2025Q3,20253,Blayne Curtis,Jefferies,512,6.06,19.0,0.03792085896680127,26.370710665480285,0.6551724137931034,0.004913514766669858
TXN-US,2025Q3,20253,Christopher Rolland,Susquehanna Financial Group,974,6.65,17.0,0.04915196233381685,20.34506767417491,0.6296296296296297,0.0036429996101674713
TXN-US,2025Q3,20253,Cody Acree,"Benchmark, a StoneX Company",1124,6.75,8.0,0.044149565796980136,22.65027938436488,0.4444444444444444,0.00286289799186589
TXN-US,2025Q3,20253,James Kelleher,Argus Research,376,7.27,21.0,0.04893208486257553,20.436488713049396,0.6774193548387096,0.0039371205211617966
TXN-US,2025Q3,20253,Jay Goldberg,Seaport Research Partners,1321,6.29,5.0,0.04400298888431652,22.725728986932943,0.3333333333333333,0.0021543258730824847
TXN-US,2025Q3,20253,Joe Quatrochi,Wells Fargo Securities,596,6.8663,12.0,0.040377583797326554,24.76621694402158,0.5454545454545454,0.003841785091362707
TXN-US,2025Q3,20253,John N. Vinh,KeyBanc Capital Markets,618,6.32,13.0,0.06012729301619915,16.631382352945536,0.5652173913043478,0.0026733676786963876
TXN-US,2025Q3,20253,Joshua Buchalter,TD Cowen,917,6.75,15.0,0.04361608805850516,22.92731981507909,0.6,0.0039121848611163
TXN-US,2025Q3,20253,Kevin Garrigan,Rosenblatt Securities,2623,8.0,14.0,0.043766070966920735,22.848749679993432,0.5833333333333334,0.003790478717101733
TXN-US,2025Q3,20253,Mark Lipacis,Evercore ISI,1772,7.26,18.0,0.04578925628636731,21.83918414717137,0.6428571428571429,0.003992691109907533
TXN-US,2025Q3,20253,Melissa Fairbanks,Raymond James,402,6.53,4.0,0.0431911028056333,23.152916574048966,0.2857142857142857,0.0018812758968910334
TXN-US,2025Q3,20253,Rick Schafer,Oppenheimer,498,6.74,17.0,0.04230083634662085,23.640194529626214,0.6296296296296297,0.0042330269348295054
TXN-US,2025Q3,20253,Ross Seymore,Deutsche Bank Research,77,6.451503,25.0,0.04228471758169107,23.64920607706723,0.7142857142857143,0.004804003982727503
TXN-US,2025Q3,20253,Vijay Rakesh,Mizuho Securities USA,1802,6.45,41.0,0.0694438679937755,14.400119533802949,0.803921568627451,0.0032922636466219124
TXN-US,2025Q3,20253,William Stein,Truist Securities,852,6.12,17.0,0.02544638499715004,39.29831290817924,0.6296296296296297,0.007036778687468399
UPS-US,2025Q3,20253,Christian Wetherbee,Wells Fargo Securities,596,6.5974,5.0,0.06264128220908072,15.963913328949008,0.3333333333333333,0.001513327539018701
UPS-US,2025Q3,20253,Conor Cunningham,Melius Research,3130,6.7,6.0,0.06433724309588224,15.54309684220838,0.375,0.0016576149287017747
UPS-US,2025Q3,20253,Fadi Chamoun,BMO Capital Markets,181,6.86,9.0,0.06627344626381465,15.088999537149476,0.47368421052631576,0.00203265738617588
UPS-US,2025Q3,20253,Jairam Nathan,Daiwa Securities Co. Ltd.,467,7.3,8.0,0.023312770184607538,42.89494522020634,0.4444444444444444,0.005421736767489746
UPS-US,2025Q3,20253,Patrick Tyler Brown,Raymond James,402,7.2,9.0,0.05885970796562537,16.989550824547237,0.47368421052631576,0.0022886829498737194
UPS-US,2025Q3,20253,Rick Paterson,Loop Capital Markets,1009,7.04,6.0,0.06449054692176313,15.506148540082199,0.375,0.001653674526231385
UPS-US,2025Q3,20253,Stephanie Moore,Jefferies,512,7.197083,6.0,0.0708363711031252,14.117041633092374,0.375,0.0015055313106312484
V-US,2025Q3,20253,Bryan C. Bergin,TD Cowen,917,12.9028,5.0,0.03315651922330655,30.159981307599832,0.3333333333333333,0.002859069035805454
V-US,2025Q3,20253,Dan Dolev,Mizuho Securities USA,1802,13.02,5.0,0.032714269997832654,30.567700274719588,0.3333333333333333,0.0028977194799921996
V-US,2025Q3,20253,Gus Gala,"Monness, Crespi, Hardt",1080,12.92,4.0,0.031009333723730402,32.24835492788204,0.2857142857142857,0.002620320107239175
V-US,2025Q3,20253,James E. Friedman,Susquehanna Financial Group,974,12.81,4.0,0.03165535768816278,31.590229049092077,0.2857142857142857,0.0025668444965562635
V-US,2025Q3,20253,Jeff Cantwell,Seaport Research Partners,1321,12.8,4.0,0.0317406619098141,31.505329121406994,0.2857142857142857,0.0025599460055134213
V-US,2025Q3,20253,John Davis,Raymond James,402,12.88,7.0,0.034510624162962925,28.97658400143362,0.4117647058823529,0.003393213087034352
V-US,2025Q3,20253,Kazuya Nishimura,Daiwa Securities Co. Ltd.,467,12.84,19.0,0.06169948817719312,16.207589877052573,0.6551724137931034,0.0030198743296392058
V-US,2025Q3,20253,Rayna Kumar,Oppenheimer,498,12.88,4.0,0.0326100921951639,30.66535335181606,0.2857142857142857,0.0024916942945788635
V-US,2025Q3,20253,Steve Biggar,Argus Research,376,12.81,11.0,0.05945236425515723,16.82018894502172,0.5238095238095238,0.0025056423983302843
VRTX-US,2025Q3,20253,Andrew S. Fein,HC Wainwright,536,22.69,5.0,0.04601978019300014,21.729786535401693,0.3333333333333333,0.002059913738155211
VRTX-US,2025Q3,20253,Brian Abrahams,RBC Capital Markets,1269,19.85,9.0,0.03735637169941763,26.769195039773887,0.47368421052631576,0.00360611065601891
VRTX-US,2025Q3,20253,Carter Gould,Cantor Fitzgerald,1190,20.4,4.0,0.036360848255477224,27.502108668473234,0.2857142857142857,0.0022346668069312945
VRTX-US,2025Q3,20253,Christopher Raymond,Raymond James,402,19.59,7.0,0.04461171472093491,22.41563692979348,0.4117647058823529,0.0026249137089666133
VRTX-US,2025Q3,20253,David Risinger,Leerink Partners,1079,19.77,18.0,0.03727061641118598,26.830787797216882,0.6428571428571429,0.004905267851942106
VRTX-US,2025Q3,20253,Evan David Seigerman,BMO Capital Markets,181,20.89,17.0,0.0404827911748224,24.701854071315456,0.6296296296296297,0.004423128307724611
VRTX-US,2025Q3,20253,Jasper Hellweg,Argus Research,376,20.2,4.0,0.03339608134111345,29.94363290069347,0.2857142857142857,0.0024330513463071933
VRTX-US,2025Q3,20253,Jay Olson,Oppenheimer,498,19.29,4.0,0.036390015191575975,27.480065472231317,0.2857142857142857,0.002232875700672706
VRTX-US,2025Q3,20253,Joon Lee,Truist Securities,852,18.31,4.0,0.03894886713207378,25.674687702958007,0.2857142857142857,0.0020861808481579406
VRTX-US,2025Q3,20253,Joseph Stringer,Needham,477,22.01,9.0,0.045912171911596494,21.780716493340627,0.47368421052631576,0.0029341066746931175
VRTX-US,2025Q3,20253,Mohit Bansal,Wells Fargo Securities,596,20.56,17.0,0.03993923591252107,25.038035334233747,0.6296296296296297,0.004483325119520501
VRTX-US,2025Q3,20253,Myles R. Minter,William Blair,198,20.59,8.0,0.0485616979520966,20.592360691062414,0.4444444444444444,0.002602785911370062
VRTX-US,2025Q3,20253,Narumi Nakagiri,Daiwa Securities Co. Ltd.,467,18.62,14.0,0.02994356979608206,33.39615172172438,0.5833333333333334,0.005540233234080975
VRTX-US,2025Q3,20253,Naz Rahman,Maxim Group,1063,18.67,8.0,0.041783417089778,23.932939660041413,0.4444444444444444,0.00302502073945616
VRTX-US,2025Q3,20253,Phil Nadeau,TD Cowen,917,20.05,9.0,0.04390944479592742,22.774143573155577,0.47368421052631576,0.0030679324387168643
WFC-US,2025Q3,20253,Chris Kotowski,Oppenheimer,498,6.62,10.0,0.0608914082829892,16.42267814455135,0.5,0.002335225447715423
WFC-US,2025Q3,20253,David Long,Raymond James,402,6.75,4.0,0.07292748392414039,13.712251488618557,0.2857142857142857,0.0011141805022767811
WFC-US,2025Q3,20253,Gerard Cassidy,RBC Capital Markets,1269,6.65,12.0,0.07738790610063455,12.921915715093892,0.5454545454545454,0.002004473402550759
WFC-US,2025Q3,20253,Glenn Thum,Phillip Securities,651,7.06,7.0,0.02708952146091866,36.91464249166135,0.4117647058823529,0.004322774830866966
WFC-US,2025Q3,20253,Jim Mitchell,Seaport Research Partners,1321,6.85,9.0,0.07636796162451004,13.094496418758064,0.47368421052631576,0.0017639754576379584
WFC-US,2025Q3,20253,John Pancari,Evercore ISI,1772,6.78,8.0,0.08290142851338618,12.062518317624997,0.4444444444444444,0.0015246504858660687
WFC-US,2025Q3,20253,Kazuya Nishimura,Daiwa Securities Co. Ltd.,467,6.83,19.0,0.06169948817719312,16.207589877052573,0.6551724137931034,0.0030198743296392058
WFC-US,2025Q3,20253,Matthew O'Connor,Deutsche Bank Research,77,7.23,13.0,0.07933780671540605,12.604331294248105,0.5652173913043478,0.002026049980605279
WFC-US,2025Q3,20253,R. Scott Siefers,Piper Sandler Companies,570,6.45,6.0,0.07282022876345415,13.732447933504213,0.375,0.0014645157868656896
WFC-US,2025Q3,20253,Steve Biggar,Argus Research,376,6.75,11.0,0.05945236425515723,16.82018894502172,0.5238095238095238,0.0025056423983302843
WMB-US,2025Q3,20253,Brandon Bingham,Scotiabank GBM,810,2.2831,6.0,0.042900002991999635,23.31002168429892,0.375,0.0024859293051130537
WMB-US,2025Q3,20253,James Carreker,U.S. Capital Advisors,1866,2.34,12.0,0.03903012847848412,25.62123259602549,0.5454545454545454,0.003974416828869284
WMB-US,2025Q3,20253,Jason Gabelman,TD Cowen,917,2.4229,6.0,0.03810921069945746,26.240375532475575,0.375,0.002798440919396103
WMB-US,2025Q3,20253,Julien Dumoulin-Smith,Jefferies,512,2.4456,5.0,0.06483502221422074,15.423762741931515,0.3333333333333333,0.0014621230040336374
WMB-US,2025Q3,20253,Praneeth Satish,Wells Fargo Securities,596,2.34,6.0,0.03633384489717045,27.522548269530272,0.375,0.002935179993448885
WMB-US,2025Q3,20253,Selman Akyol,Stifel Nicolaus,548,2.42,5.0,0.03686152257612906,27.12855927029949,0.3333333333333333,0.0025716999955892475
WMB-US,2025Q3,20253,Sunil K. Sibal,Seaport Research Partners,1321,2.2,4.0,0.03103637131870085,32.22026150323359,0.2857142857142857,0.0026180373934185115
WMB-US,2025Q3,20253,William Selesky,Argus Research,376,2.42,9.0,0.02151180517099595,46.48610342326293,0.47368421052631576,0.006262199242911621
AMAT-US,2025Q4,20254,Blayne Curtis,Jefferies,512,9.47,23.0,0.036583166563424786,27.33497654628352,0.696969696969697,0.00431033681581328
AMAT-US,2025Q4,20254,Brian Chin,Stifel Nicolaus,548,9.5,5.0,0.06080453291441844,16.446142286916118,0.3333333333333333,0.0012402847240040463
AMAT-US,2025Q4,20254,C.J. Muse,Cantor Fitzgerald,1190,9.86,25.0,0.05364060163244608,18.64259478020323,0.7142857142857143,0.0030127072335739873
AMAT-US,2025Q4,20254,Chandler B. Converse,Cleveland Research Company,2295,9.551644,18.0,0.06136615255335956,16.295628101019897,0.6428571428571429,0.0023700864343700065
AMAT-US,2025Q4,20254,Charles Shi,Needham,477,9.2749,8.0,0.04014228466752274,24.91138728855295,0.4444444444444444,0.002504920815164569
AMAT-US,2025Q4,20254,Craig A. Ellis,B Riley Securities,765,8.86,5.0,0.04746840840959682,21.066642710477463,0.3333333333333333,0.0015887394553702285
AMAT-US,2025Q4,20254,Heping Qin,Guotai Haitong Securities China,1094,10.68,29.0,0.043456020543295136,23.011771153865833,0.7435897435897436,0.003871346494600908
AMAT-US,2025Q4,20254,James Kelleher,Argus Research,376,9.74,32.0,0.04605783087415001,21.711834470286586,0.7619047619047619,0.003742620683239767
AMAT-US,2025Q4,20254,Jed Dorsheimer,William Blair,198,9.8639,10.0,0.019223039358570383,52.02090997926199,0.5,0.005884730186306217
AMAT-US,2025Q4,20254,Joe Quatrochi,Wells Fargo Securities,596,10.35,15.0,0.03908989163012418,25.582061200429663,0.6,0.0034726849914955044
AMAT-US,2025Q4,20254,Krish Sankar,TD Cowen,917,9.4594,26.0,0.04623670302997038,21.62783966996534,0.7222222222222222,0.003533967854411827
AMAT-US,2025Q4,20254,Louis Miscioscia,Daiwa Securities Co. Ltd.,467,9.47,16.0,0.04505041160965207,22.19735545736389,0.6153846153846154,0.0030904838432957798
AMAT-US,2025Q4,20254,Mark Lipacis,Evercore ISI,1772,9.34,23.0,0.04310434866087571,23.19951538689331,0.696969696969697,0.0036582334399240107
AMAT-US,2025Q4,20254,Mehdi Hosseini,Susquehanna Financial Group,974,9.31,19.0,0.10575787402145821,9.455560725408498,0.6551724137931034,0.0014015916363412134
AMAT-US,2025Q4,20254,Melissa Weathers,Deutsche Bank Research,77,8.924401,11.0,0.045916358888303095,21.778730374344725,0.5238095238095238,0.0025809794985253535
AMAT-US,2025Q4,20254,Pierre Ferragu,New Street Research,1634,9.59,47.0,0.046820931819725846,21.3579687787994,0.8245614035087719,0.003984387378697268
AMAT-US,2025Q4,20254,Steve Barger,KeyBanc Capital Markets,618,9.67,12.0,0.04338559908071274,23.049122777805653,0.5454545454545454,0.0028444059122135767
AMAT-US,2025Q4,20254,Vijay Rakesh,Mizuho Securities USA,1802,9.52,49.0,0.06526082033842179,15.323129479744802,0.8305084745762712,0.0028791888108525994
AMD-US,2025Q4,20254,Aaron Rakers,Wells Fargo Securities,596,5.91,39.0,0.07716392049956393,12.959424476179269,0.7959183673469388,0.0023336345619629035
AMD-US,2025Q4,20254,Barney Yao,Haitong International Research,2898,8.92,16.0,0.035428442474935026,28.22590918885248,0.6153846153846154,0.003929824725203636
AMD-US,2025Q4,20254,Ben Reitzes,Melius Research,3130,6.73,33.0,0.04036807328320397,24.772051739612554,0.7674418604651163,0.00430116466032099
AMD-US,2025Q4,20254,Blayne Curtis,Jefferies,512,6.78,23.0,0.036583166563424786,27.33497654628352,0.696969696969697,0.00431033681581328
AMD-US,2025Q4,20254,C.J. Muse,Cantor Fitzgerald,1190,6.4,25.0,0.05364060163244608,18.64259478020323,0.7142857142857143,0.0030127072335739873
AMD-US,2025Q4,20254,Chandler B. Converse,Cleveland Research Company,2295,7.248471,18.0,0.06136615255335956,16.295628101019897,0.6428571428571429,0.0023700864343700065
AMD-US,2025Q4,20254,Christopher Rolland,Susquehanna Financial Group,974,7.4,21.0,0.047790670085578454,20.92458628868995,0.6774193548387096,0.003206956633127473
AMD-US,2025Q4,20254,Cody Acree,"Benchmark, a StoneX Company",1124,6.53,12.0,0.043357600835442704,23.064006788460244,0.5454545454545454,0.002846242692220846
AMD-US,2025Q4,20254,Dawei Wang,Bocom International,1746,6.51,11.0,0.037993243935167925,26.320469020924104,0.5238095238095238,0.0031192172255643134
AMD-US,2025Q4,20254,Gary Mobley,Loop Capital Markets,1009,6.66,10.0,0.05767145297794808,17.339601282152046,0.5,0.0019614973118361767
AMD-US,2025Q4,20254,Gus Richard,Northland Securities,1093,6.5,4.0,0.0486515895618522,20.55431300407298,0.2857142857142857,0.0013286589811901599
AMD-US,2025Q4,20254,Han Jing Wen,China International Capital,898,6.15,6.0,0.05030383614654462,19.879199611870757,0.375,0.0016865870774206654
AMD-US,2025Q4,20254,Harsh Kumar,Piper Sandler Companies,570,5.87,12.0,0.07186095896861099,13.91576197079143,0.5454545454545454,0.001717292063747874
AMD-US,2025Q4,20254,James Kelleher,Argus Research,376,6.54,32.0,0.04605783087415001,21.711834470286586,0.7619047619047619,0.003742620683239767
AMD-US,2025Q4,20254,Jay Goldberg,Seaport Research Partners,1321,6.01,9.0,0.04227617750191572,23.65398337999422,0.47368421052631576,0.002534964033952691
AMD-US,2025Q4,20254,John N. Vinh,KeyBanc Capital Markets,618,7.93,18.0,0.05723211993560898,17.472705905793553,0.6428571428571429,0.002541284262400794
AMD-US,2025Q4,20254,Joshua Buchalter,TD Cowen,917,6.4363,19.0,0.04338684832502874,23.04845912080519,0.6551724137931034,0.003416458153292363
AMD-US,2025Q4,20254,Kevin Cassidy,Rosenblatt Securities,2623,7.4968,15.0,0.06445179473791787,15.51547174235144,0.6,0.002106176880490439
AMD-US,2025Q4,20254,Kevin Rottinghaus,Edgewater Research,3222,7.36,7.0,0.05274917793641848,18.957641410172414,0.4117647058823529,0.001766086736557611
AMD-US,2025Q4,20254,Ling Ji Cao,First Shanghai,1701,7.0,15.0,0.0433758347156534,23.05431138225731,0.6,0.0031295508403007136
AMD-US,2025Q4,20254,Louis Miscioscia,Daiwa Securities Co. Ltd.,467,6.6,16.0,0.04505041160965207,22.19735545736389,0.6153846153846154,0.0030904838432957798
AMD-US,2025Q4,20254,Mark Lipacis,Evercore ISI,1772,6.18,23.0,0.04310434866087571,23.19951538689331,0.696969696969697,0.0036582334399240107
AMD-US,2025Q4,20254,Matthew Bryson,Wedbush Securities,590,6.1,26.0,0.08590706441981857,11.640486224894238,0.7222222222222222,0.0019020440671024192
AMD-US,2025Q4,20254,Pierre Ferragu,New Street Research,1634,6.95,47.0,0.046820931819725846,21.3579687787994,0.8245614035087719,0.003984387378697268
AMD-US,2025Q4,20254,Purdy Ho,Huatai Research,1271,7.92,6.0,0.043234956742264706,23.129432185193824,0.375,0.0019623426593257326
AMD-US,2025Q4,20254,Rick Schafer,Oppenheimer,498,6.66,21.0,0.042139183781918964,23.730882049715422,0.6774193548387096,0.0036370568358828604
AMD-US,2025Q4,20254,Ross Seymore,Deutsche Bank Research,77,6.5,30.0,0.04253088404965789,23.512325745038066,0.75,0.003989656076294571
AMD-US,2025Q4,20254,Ruben Roy,Stifel Nicolaus,548,6.27,8.0,0.03384192612758259,29.549145525288466,0.4444444444444444,0.0029712624527592746
AMD-US,2025Q4,20254,Srini Pajjuri,RBC Capital Markets,1269,6.54,14.0,0.05427361718485508,18.42515851843845,0.5833333333333334,0.002431681177014822
AMD-US,2025Q4,20254,Vijay Rakesh,Mizuho Securities USA,1802,6.8727,49.0,0.06526082033842179,15.323129479744802,0.8305084745762712,0.0028791888108525994
AMD-US,2025Q4,20254,William Stein,Truist Securities,852,6.05,21.0,0.024472731251715823,40.86180613493593,0.6774193548387096,0.0062625869117819465
AMZN-US,2025Q4,20254,Andrew Boone,Citizens,805,7.88,8.0,0.03331165061659222,30.019527147114992,0.4444444444444444,0.003018560850955089
AMZN-US,2025Q4,20254,Barney Yao,Haitong International Research,2898,8.47,16.0,0.035428442474935026,28.22590918885248,0.6153846153846154,0.003929824725203636
AMZN-US,2025Q4,20254,Barton Crockett,Rosenblatt Securities,2623,8.76,11.0,0.033847585714861385,29.544204671618047,0.5238095238095238,0.0035012594970875313
AMZN-US,2025Q4,20254,Brad Erickson,RBC Capital Markets,1269,7.89,20.0,0.03779912739445574,26.455637178192557,0.6666666666666666,0.003990300227672243
AMZN-US,2025Q4,20254,Brent Thill,Jefferies,512,7.82,10.0,0.03043704030024933,32.85470565256663,0.5,0.0037166031542496913
AMZN-US,2025Q4,20254,Brian J. Pitz,BMO Capital Markets,181,7.67,16.0,0.028718270292226268,34.821038656728895,0.6153846153846154,0.004848048569664091
AMZN-US,2025Q4,20254,Brian J. White,"Monness, Crespi, Hardt",1080,7.64,13.0,0.03262360124429356,30.652655190080143,0.5652173913043478,0.003919784780309579
AMZN-US,2025Q4,20254,Daniel Salmon,New Street Research,1634,7.9,11.0,0.03672355303464106,27.230480641584634,0.5238095238095238,0.00322706195737253
AMZN-US,2025Q4,20254,Deepak Mathivanan,Cantor Fitzgerald,1190,8.14,10.0,0.0321438994430248,31.110102300204872,0.5,0.0035192494360070277
AMZN-US,2025Q4,20254,Ella Ji,China Renaissance Securities (US),2903,8.92,12.0,0.03565593744223026,28.045819903633156,0.5454545454545454,0.0034610295895333007
AMZN-US,2025Q4,20254,Gil Luria,DA Davidson,556,7.55,19.0,0.026839430472767198,37.258614746488625,0.6551724137931034,0.005522820309324574
AMZN-US,2025Q4,20254,Helena Wang,Phillip Securities,651,7.28,6.0,0.02815305924158895,35.52011848583601,0.375,0.003013590788176819
AMZN-US,2025Q4,20254,Irene Weng,Fubon Securities,1084,7.78,9.0,0.030263708046510678,33.042877576771275,0.47368421052631576,0.003541158581613813
AMZN-US,2025Q4,20254,James Kelleher,Argus Research,376,8.21,32.0,0.04605783087415001,21.711834470286586,0.7619047619047619,0.003742620683239767
AMZN-US,2025Q4,20254,Jason Helfstein,Oppenheimer,498,8.01,12.0,0.03583153878746512,27.908374405338915,0.5454545454545454,0.0034440679553867843
AMZN-US,2025Q4,20254,John Blackledge,TD Cowen,917,8.48,20.0,0.03899865722885136,25.641908492690256,0.6666666666666666,0.0038675656385503522
AMZN-US,2025Q4,20254,Josh J. Beck,Raymond James,402,7.95,16.0,0.03590055244021387,27.85472456629536,0.6153846153846154,0.003878145592475594
AMZN-US,2025Q4,20254,Justin Patterson,KeyBanc Capital Markets,618,8.12,7.0,0.0371805667809396,26.895770736680756,0.4117647058823529,0.002505599876050942
AMZN-US,2025Q4,20254,Kadambari Daptardar,ARC Independent Research,940,7.51,4.0,0.02707633227234435,36.93262403273857,0.2857142857142857,0.002387375467635134
AMZN-US,2025Q4,20254,Ken Gawrelski,Wells Fargo Securities,596,8.2,20.0,0.04098714395582555,24.39789415622039,0.6666666666666666,0.003679931122072516
AMZN-US,2025Q4,20254,Laura Martin,Needham,477,7.6,12.0,0.03034073814945779,32.95898718989705,0.5454545454545454,0.004067345162210979
AMZN-US,2025Q4,20254,Lee Horowitz,Deutsche Bank Research,77,7.84,6.0,0.0283487749583393,35.27489288230538,0.375,0.0029927854065697817
AMZN-US,2025Q4,20254,Lulu Xia,Huatai Research,1271,8.14,11.0,0.03494983207006686,28.612440769249364,0.5238095238095238,0.003390836920190557
AMZN-US,2025Q4,20254,Lun Ke Zhang,Guosen Securities,1894,8.4,24.0,0.03310771387339845,30.204441291957796,0.7058823529411765,0.004823716078842973
AMZN-US,2025Q4,20254,Maria Ripps,Canaccord Genuity,466,7.86,17.0,0.036897637862552735,27.10200592582909,0.6296296296296297,0.0038606923874789905
AMZN-US,2025Q4,20254,Mark Kelley,Stifel Nicolaus,548,7.87,10.0,0.03109168709860487,32.16293785630152,0.5,0.003638348720903203
AMZN-US,2025Q4,20254,Mark Mahaney,Evercore ISI,1772,7.93,8.0,0.03496583355201675,28.59934680271114,0.4444444444444444,0.002875757109646813
AMZN-US,2025Q4,20254,Michael Morton,MoffettNathanson Research,3177,8.24,8.0,0.030741599157679864,32.52921212298678,0.4444444444444444,0.00327091781778109
AMZN-US,2025Q4,20254,Nathaniel Schindler,Scotiabank GBM,810,8.47,9.0,0.03328942282212831,30.039571588344725,0.47368421052631576,0.003219298515116299
AMZN-US,2025Q4,20254,Rob Sanderson,Loop Capital Markets,1009,7.67,8.0,0.03233923521365342,30.922190750441935,0.4444444444444444,0.0031093266049002383
AMZN-US,2025Q4,20254,Rong Jin,Huaan Securities,3624,7.9,28.0,0.03171770019417441,31.528137093107087,0.7368421052631579,0.00525595152534826
AMZN-US,2025Q4,20254,Saiyi He,CMB International,2157,7.98,15.0,0.034921564396405265,28.635601448110883,0.6,0.0038871935530211074
AMZN-US,2025Q4,20254,Satoshi Tanaka,Daiwa Securities Co. Ltd.,467,7.98,18.0,0.03358869319724736,29.771923370985785,0.6428571428571429,0.004330120402186921
AMZN-US,2025Q4,20254,Scott Bender,Cleveland Research Company,2295,7.84064,7.0,0.03034464236412827,32.95474660733335,0.4117647058823529,0.00307005178706453
AMZN-US,2025Q4,20254,Scott Devitt,Wedbush Securities,590,8.0,10.0,0.03176376410261975,31.48241489167601,0.5,0.0035613663298992245
AMZN-US,2025Q4,20254,Shyam Patil,Susquehanna Financial Group,974,7.15,6.0,0.026587818234046004,37.61120943423212,0.375,0.003191002708180389
AMZN-US,2025Q4,20254,Thomas Champion,Piper Sandler Companies,570,8.3,20.0,0.039461574993722624,25.34110714433156,0.6666666666666666,0.0038221958112898994
AMZN-US,2025Q4,20254,Tian Zi Fu,Everbright Securities,1299,7.84,11.0,0.03109556757939732,32.158924176144,0.5238095238095238,0.003811127763950581
AMZN-US,2025Q4,20254,Tom Forte,Maxim Group,1063,7.63,15.0,0.02684854427673514,37.24596721865931,0.6,0.005056023841886491
AMZN-US,2025Q4,20254,Tommy Wong,China Merchants Securities,1788,8.2,7.0,0.030642964157293628,32.63391866618688,0.4117647058823529,0.0030401635768533258
AMZN-US,2025Q4,20254,Ye Tao,China International Capital,898,8.08,5.0,0.029011278126981198,34.46935345706039,0.3333333333333333,0.0025995039926840274
AMZN-US,2025Q4,20254,Yong-Jei Jeong,Mirae Asset Securities,484,7.0,4.0,0.030675829070144198,32.598955930852675,0.2857142857142857,0.002107241218247814
AMZN-US,2025Q4,20254,Youssef Squali,Truist Securities,852,7.51,20.0,0.03696354992016832,27.053678614736423,0.6666666666666666,0.004080502737796078
BJ-US,2025Q4,20254,Michael Baker,DA Davidson,556,4.81,9.0,0.04683216220763115,21.352847121738343,0.47368421052631576,0.002288354506999327
BJ-US,2025Q4,20254,Scott Bender,Cleveland Research Company,2295,4.7053723,7.0,0.03034464236412827,32.95474660733335,0.4117647058823529,0.00307005178706453
CME-US,2025Q4,20254,Ashish Sabadra,RBC Capital Markets,1269,11.32,5.0,0.03524615155315865,28.37189185014394,0.3333333333333333,0.002139664332153051
CME-US,2025Q4,20254,Bill Katz,TD Cowen,917,11.88,8.0,0.0456536048357594,21.904075342955686,0.4444444444444444,0.002202525842015836
CME-US,2025Q4,20254,Brian Bedell,Deutsche Bank Research,77,12.0,23.0,0.06296973991991418,15.880643643626515,0.696969696969697,0.0025041515159171103
CME-US,2025Q4,20254,Daniel T. Fannon,Jefferies,512,11.6,17.0,0.05078051470496829,19.69259283427786,0.6296296296296297,0.0028052183094153787
CME-US,2025Q4,20254,Patrick Moley,Piper Sandler Companies,570,11.63,4.0,0.03366113611698285,29.70785051712726,0.2857142857142857,0.0019203561993832777
CMG-US,2025Q4,20254,Andrew M. Charles,TD Cowen,917,1.1605,10.0,0.025945218211800493,38.5427477170023,0.5,0.004360048123799588
CMG-US,2025Q4,20254,Andy Barish,Jefferies,512,1.27,4.0,0.024091547483105477,41.50833402052166,0.2857142857142857,0.0026831556364680597
CMG-US,2025Q4,20254,Brian Bittner,Oppenheimer,498,1.21,4.0,0.02388494759810835,41.867372573980376,0.2857142857142857,0.0027063643809564753
CMG-US,2025Q4,20254,Brian Mullan,Piper Sandler Companies,570,1.26,6.0,0.022945993113632216,43.58059357238715,0.375,0.0036974560032899256
CMG-US,2025Q4,20254,Brian Vaccaro,Raymond James,402,1.16,4.0,0.02253417867892045,44.377033405501834,0.2857142857142857,0.002868592298906416
CMG-US,2025Q4,20254,David Palmer,Evercore ISI,1772,1.19,4.0,0.02422761657588328,41.27521156973496,0.2857142857142857,0.0026680862815402916
CMG-US,2025Q4,20254,Gregory Paul Francfort,Guggenheim Securities,1515,1.15,7.0,0.020952530656765726,47.72693171920465,0.4117647058823529,0.004446222990622095
CMG-US,2025Q4,20254,Jeff Farmer,Gordon Haskett,2467,1.21,7.0,0.021740261214520443,45.997607394528195,0.4117647058823529,0.004285119787595019
CMG-US,2025Q4,20254,Lauren Silberman,Deutsche Bank Research,77,1.19,9.0,0.026037125012020778,38.406698110422006,0.47368421052631576,0.004115991662323657
CMG-US,2025Q4,20254,Logan Reich,RBC Capital Markets,1269,1.15,4.0,0.024381050247671378,41.01546036129061,0.2857142857142857,0.0026512956071983087
CMG-US,2025Q4,20254,Mark Kalinowski,Kalinowski Equity Research,3202,1.14,4.0,0.024370371147685622,41.033433341657044,0.2857142857142857,0.0026524574052977094
CMG-US,2025Q4,20254,Sharon Zackfia,William Blair,198,1.1952,4.0,0.024822933489549573,40.28532729304531,0.2857142857142857,0.0026040988043474515
CMG-US,2025Q4,20254,Steven Gojak,Cleveland Research Company,2295,1.2045949,7.0,0.023368214798082054,42.79317049422513,0.4117647058823529,0.003986595652376156
CMG-US,2025Q4,20254,Zachary Fadem,Wells Fargo Securities,596,1.2,5.0,0.02401356638749814,41.64312721664769,0.3333333333333333,0.0031405136624444376
FCX-US,2025Q4,20254,Christopher LaFemina,Jefferies,512,2.52,7.0,0.058669499068857434,17.044631637750143,0.4117647058823529,0.0015878714663728301
FCX-US,2025Q4,20254,Katja Jancic,BMO Capital Markets,181,3.41,7.0,0.04687271928281632,21.3343713635706,0.4117647058823529,0.0019875020042197265
FCX-US,2025Q4,20254,Liam Fitzpatrick,Deutsche Bank Research,77,2.98079,8.0,0.05880818931487976,17.00443444442147,0.4444444444444444,0.0017098510531167988
FCX-US,2025Q4,20254,Orest Wowkodaw,Scotiabank GBM,810,1.95,10.0,0.04242760032827571,23.56956302648948,0.5,0.0026662455361761684
FCX-US,2025Q4,20254,Sam Crittenden,RBC Capital Markets,1269,1.84,7.0,0.04034862086326522,24.7839945605287,0.4117647058823529,0.0023088676025267026
FCX-US,2025Q4,20254,Tingshuai Feng,China International Capital,898,2.57,4.0,0.049057191822654625,20.384371034018294,0.2857142857142857,0.001317673699183918
LH-US,2025Q4,20254,Ann Hynes,Mizuho Securities USA,1802,16.9968,7.0,0.06378100858480161,15.67864827145882,0.4117647058823529,0.001460616970237518
LH-US,2025Q4,20254,David S. MacDonald,Truist Securities,852,17.85,5.0,0.06306513689359684,15.856621411719038,0.3333333333333333,0.0011958260465079794
LH-US,2025Q4,20254,David Westenberg,Piper Sandler Companies,570,17.42,5.0,0.06173900642726695,16.197215631872417,0.3333333333333333,0.0012215119369113707
LH-US,2025Q4,20254,Elizabeth Anderson,Evercore ISI,1772,16.87,8.0,0.06840885551143568,14.617990500262549,0.4444444444444444,0.0014698863718766656
LH-US,2025Q4,20254,Jack Meehan,Nephron Research,3154,17.5,9.0,0.07018902147437817,14.24724236061676,0.47368421052631576,0.001526856867487135
LH-US,2025Q4,20254,Michael Cherny,Leerink Partners,1079,17.88,7.0,0.06514943911889143,15.349326310777544,0.4117647058823529,0.0014299374603642977
LH-US,2025Q4,20254,Pito Chickering,Deutsche Bank Research,77,17.4003,6.0,0.06408766851006306,15.603625833930591,0.375,0.0013238397021125344
LH-US,2025Q4,20254,Tycho Peterson,Jefferies,512,17.61,4.0,0.05993648244796618,16.684329129060075,0.2857142857142857,0.0010784979161339795
LLY-US,2025Q4,20254,Akash Tewari,Jefferies,512,35.95,7.0,0.031830788667593014,31.416123880653384,0.4117647058823529,0.0029267142731110537
LLY-US,2025Q4,20254,Carter Gould,Cantor Fitzgerald,1190,32.83,6.0,0.0361304492135067,27.677485936880313,0.375,0.0023482077260675795
LLY-US,2025Q4,20254,David Risinger,Leerink Partners,1079,32.59,20.0,0.03683886879456457,27.145241771037934,0.6666666666666666,0.004094313196450897
LLY-US,2025Q4,20254,Evan David Seigerman,BMO Capital Markets,181,33.58,19.0,0.03978529427419602,25.134915255574242,0.6551724137931034,0.0037257321935115673
LLY-US,2025Q4,20254,James Shin,Deutsche Bank Research,77,34.279507,8.0,0.03192715823028635,31.32129683409757,0.4444444444444444,0.0031494580164843373
LLY-US,2025Q4,20254,Jasper Hellweg,Argus Research,376,30.3,6.0,0.03339299290363785,29.946402315171323,0.375,0.00254070667562733
LLY-US,2025Q4,20254,Jonah Chen,China Merchants Securities,1788,27.6,4.0,0.028446860257233825,35.153264400970485,0.2857142857142857,0.002272355220787311
LLY-US,2025Q4,20254,Louise Chen,Scotiabank GBM,810,30.4379,6.0,0.026267276347012813,38.07018233596658,0.375,0.0032299427953099203
LLY-US,2025Q4,20254,Mohit Bansal,Wells Fargo Securities,596,34.36,19.0,0.03931208588002006,25.437469867459747,0.6551724137931034,0.003770579667486927
LLY-US,2025Q4,20254,Narumi Nakagiri,Daiwa Securities Co. Ltd.,467,32.75,16.0,0.030064362749428107,33.261972267116235,0.6153846153846154,0.004630983545995924
LLY-US,2025Q4,20254,Seamus Fernandez,Guggenheim Securities,1515,32.91,10.0,0.03395092929595385,29.454274764702138,0.5,0.003331938251228168
LLY-US,2025Q4,20254,Srikripa Devarakonda,Truist Securities,852,38.61,7.0,0.030079951750188027,33.244734177266395,0.4117647058823529,0.0030970669199043423
LLY-US,2025Q4,20254,Steve Scala,TD Cowen,917,31.2,10.0,0.028958498958118934,34.532176596799594,0.5,0.0039063626933679915
LNG-US,2025Q4,20254,Brandon Bingham,Scotiabank GBM,810,14.39,8.0,0.04229958265458643,23.640895187214635,0.4444444444444444,0.002377168712349849
LNG-US,2025Q4,20254,Elvira Scotto,RBC Capital Markets,1269,15.02,5.0,0.04103118337691572,24.371707508748173,0.3333333333333333,0.0018379906967631626
LNG-US,2025Q4,20254,Gabriel Moreen,Mizuho Securities USA,1802,16.03,6.0,0.036502524481625734,27.39536550419601,0.375,0.0023242721207448413
LNG-US,2025Q4,20254,James Carreker,U.S. Capital Advisors,1866,12.33,14.0,0.03840201114483675,26.04030284321327,0.5833333333333334,0.003436698479648892
LNG-US,2025Q4,20254,Jason Gabelman,TD Cowen,917,13.0116,8.0,0.03693312152964931,27.075967548456912,0.4444444444444444,0.0027225763831312424
LNG-US,2025Q4,20254,Lloyd Byrne,Jefferies,512,15.772661,6.0,0.04691927619743397,21.313201759380302,0.375,0.0018082504008041103
LNG-US,2025Q4,20254,Michael Blum,Wells Fargo Securities,596,12.2,10.0,0.04284541367656844,23.339720968708633,0.5,0.002640245250982294
LNG-US,2025Q4,20254,William Selesky,Argus Research,376,16.32,12.0,0.022647543526503822,44.15489913198429,0.5454545454545454,0.005448990721032864
META-US,2025Q4,20254,Andrew Boone,Citizens,805,29.45,8.0,0.03331165061659222,30.019527147114992,0.4444444444444444,0.003018560850955089
META-US,2025Q4,20254,Barney Yao,Haitong International Research,2898,31.6,16.0,0.035428442474935026,28.22590918885248,0.6153846153846154,0.003929824725203636
META-US,2025Q4,20254,Barton Crockett,Rosenblatt Securities,2623,31.71,11.0,0.033847585714861385,29.544204671618047,0.5238095238095238,0.0035012594970875313
META-US,2025Q4,20254,Benjamin Black,Deutsche Bank Research,77,29.82,4.0,0.03835840675904637,26.06990447443863,0.2857142857142857,0.0016851943780299859
META-US,2025Q4,20254,Brad Erickson,RBC Capital Markets,1269,29.63,20.0,0.03779912739445574,26.455637178192557,0.6666666666666666,0.003990300227672243
META-US,2025Q4,20254,Brent Thill,Jefferies,512,29.65,10.0,0.03043704030024933,32.85470565256663,0.5,0.0037166031542496913
META-US,2025Q4,20254,Brian J. Pitz,BMO Capital Markets,181,23.45,16.0,0.028718270292226268,34.821038656728895,0.6153846153846154,0.004848048569664091
META-US,2025Q4,20254,Brian J. White,"Monness, Crespi, Hardt",1080,29.94,13.0,0.03262360124429356,30.652655190080143,0.5652173913043478,0.003919784780309579
META-US,2025Q4,20254,Daniel Salmon,New Street Research,1634,25.56,11.0,0.03672355303464106,27.230480641584634,0.5238095238095238,0.00322706195737253
META-US,2025Q4,20254,Deepak Mathivanan,Cantor Fitzgerald,1190,28.05,10.0,0.0321438994430248,31.110102300204872,0.5,0.0035192494360070277
META-US,2025Q4,20254,Ella Ji,China Renaissance Securities (US),2903,28.33,12.0,0.03565593744223026,28.045819903633156,0.5454545454545454,0.0034610295895333007
META-US,2025Q4,20254,Gil Luria,DA Davidson,556,30.63,19.0,0.026839430472767198,37.258614746488625,0.6551724137931034,0.005522820309324574
META-US,2025Q4,20254,Heping Qin,Guotai Haitong Securities China,1094,29.1,29.0,0.043456020543295136,23.011771153865833,0.7435897435897436,0.003871346494600908
META-US,2025Q4,20254,Hui Ting Tang,Mega Intl Invst Serv,1175,30.0,4.0,0.02978157865765625,33.57780363140421,0.2857142857142857,0.0021705152760232997
META-US,2025Q4,20254,Irene Weng,Fubon Securities,1084,32.26,9.0,0.030263708046510678,33.042877576771275,0.47368421052631576,0.003541158581613813
META-US,2025Q4,20254,Jason Helfstein,Oppenheimer,498,28.77,12.0,0.03583153878746512,27.908374405338915,0.5454545454545454,0.0034440679553867843
META-US,2025Q4,20254,John Blackledge,TD Cowen,917,29.61,20.0,0.03899865722885136,25.641908492690256,0.6666666666666666,0.0038675656385503522
META-US,2025Q4,20254,Joseph Bonner,Argus Research,376,30.38,4.0,0.0354211535981054,28.23171744619542,0.2857142857142857,0.0018249369332790416
META-US,2025Q4,20254,Josh J. Beck,Raymond James,402,30.5,16.0,0.03590055244021387,27.85472456629536,0.6153846153846154,0.003878145592475594
META-US,2025Q4,20254,Justin Patterson,KeyBanc Capital Markets,618,28.45,7.0,0.0371805667809396,26.895770736680756,0.4117647058823529,0.002505599876050942
META-US,2025Q4,20254,Ken Gawrelski,Wells Fargo Securities,596,30.08,20.0,0.04098714395582555,24.39789415622039,0.6666666666666666,0.003679931122072516
META-US,2025Q4,20254,Laura Martin,Needham,477,29.1,12.0,0.03034073814945779,32.95898718989705,0.5454545454545454,0.004067345162210979
META-US,2025Q4,20254,Lulu Xia,Huatai Research,1271,30.95,11.0,0.03494983207006686,28.612440769249364,0.5238095238095238,0.003390836920190557
META-US,2025Q4,20254,Lun Ke Zhang,Guosen Securities,1894,30.79,24.0,0.03310771387339845,30.204441291957796,0.7058823529411765,0.004823716078842973
META-US,2025Q4,20254,Maria Ripps,Canaccord Genuity,466,28.07,17.0,0.036897637862552735,27.10200592582909,0.6296296296296297,0.0038606923874789905
META-US,2025Q4,20254,Mark Kelley,Stifel Nicolaus,548,27.96,10.0,0.03109168709860487,32.16293785630152,0.5,0.003638348720903203
META-US,2025Q4,20254,Mark Mahaney,Evercore ISI,1772,30.85,8.0,0.03496583355201675,28.59934680271114,0.4444444444444444,0.002875757109646813
META-US,2025Q4,20254,Michael Morris,Guggenheim Securities,1515,30.36,7.0,0.03882819504290413,25.754480703906697,0.4117647058823529,0.0023992777262730634
META-US,2025Q4,20254,Michael Nathanson,MoffettNathanson Research,3177,29.69,10.0,0.043503748974066524,22.986524692299977,0.5,0.002600290840528852
META-US,2025Q4,20254,Nathaniel Schindler,Scotiabank GBM,810,29.59,9.0,0.03328942282212831,30.039571588344725,0.47368421052631576,0.003219298515116299
META-US,2025Q4,20254,Rob Sanderson,Loop Capital Markets,1009,30.98,8.0,0.03233923521365342,30.922190750441935,0.4444444444444444,0.0031093266049002383
META-US,2025Q4,20254,Rong Jin,Huaan Securities,3624,32.4,28.0,0.03171770019417441,31.528137093107087,0.7368421052631579,0.00525595152534826
META-US,2025Q4,20254,Saiyi He,CMB International,2157,29.3,15.0,0.034921564396405265,28.635601448110883,0.6,0.0038871935530211074
META-US,2025Q4,20254,Satoshi Tanaka,Daiwa Securities Co. Ltd.,467,29.01,18.0,0.03358869319724736,29.771923370985785,0.6428571428571429,0.004330120402186921
META-US,2025Q4,20254,Scott Devitt,Wedbush Securities,590,29.59,10.0,0.03176376410261975,31.48241489167601,0.5,0.0035613663298992245
META-US,2025Q4,20254,Shyam Patil,Susquehanna Financial Group,974,23.83,6.0,0.026587818234046004,37.61120943423212,0.375,0.003191002708180389
META-US,2025Q4,20254,Thomas Champion,Piper Sandler Companies,570,29.07,20.0,0.039461574993722624,25.34110714433156,0.6666666666666666,0.0038221958112898994
META-US,2025Q4,20254,Tommy Wong,China Merchants Securities,1788,32.2,7.0,0.030642964157293628,32.63391866618688,0.4117647058823529,0.0030401635768533258
META-US,2025Q4,20254,Xiao Yu Han,First Shanghai,1701,30.3,19.0,0.0344547062611082,29.023611242588956,0.6551724137931034,0.004302151078647329
META-US,2025Q4,20254,Yong-Jei Jeong,Mirae Asset Securities,484,31.5,4.0,0.030675829070144198,32.598955930852675,0.2857142857142857,0.002107241218247814
META-US,2025Q4,20254,Youssef Squali,Truist Securities,852,30.67,20.0,0.03696354992016832,27.053678614736423,0.6666666666666666,0.004080502737796078
MLM-US,2025Q4,20254,Adam R. Thalhimer,Thompson Davis & Co,1020,19.47,9.0,0.035710164103107934,28.00323171611994,0.47368421052631576,0.0030010668433480864
MLM-US,2025Q4,20254,Brent Thielman,DA Davidson,556,19.0,12.0,0.03518572655727963,28.42061534162376,0.5454545454545454,0.0035072816907506924
MLM-US,2025Q4,20254,Brian Brophy,Stifel Nicolaus,548,21.83,10.0,0.03524517851888129,28.37267512957233,0.5,0.003209585104678376
MLM-US,2025Q4,20254,David S. MacGregor,Longbow Research,1069,23.0,6.0,0.03500758858967192,28.565235147188172,0.375,0.00242352596700931
MLM-US,2025Q4,20254,Garik Shmois,Loop Capital Markets,1009,21.7,4.0,0.03136508490290457,31.882585463921213,0.2857142857142857,0.0020609340488201974
MLM-US,2025Q4,20254,Patrick Tyler Brown,Raymond James,402,21.66,11.0,0.056390007669814876,17.73363830442059,0.5238095238095238,0.002101598950501291
MLM-US,2025Q4,20254,Philip Ng,Jefferies,512,21.22,5.0,0.031583559263148465,31.662042636429355,0.3333333333333333,0.002387790834326522
MLM-US,2025Q4,20254,Rohit Seth,B Riley Securities,765,21.82,5.0,0.03425142348345308,29.19586686617862,0.3333333333333333,0.0022018043530479107
MLM-US,2025Q4,20254,Trey Grooms,Stephens Inc,472,22.1,5.0,0.02966035481792398,33.71503834457477,0.3333333333333333,0.002542617368770673
MSFT-US,2025Q4,20254,Barney Yao,Haitong International Research,2898,18.02,16.0,0.035428442474935026,28.22590918885248,0.6153846153846154,0.003929824725203636
MSFT-US,2025Q4,20254,Ben Reitzes,Melius Research,3130,18.88,33.0,0.04036807328320397,24.772051739612554,0.7674418604651163,0.00430116466032099
MSFT-US,2025Q4,20254,Brad Zelnick,Deutsche Bank Research,77,19.01,5.0,0.03216250362702378,31.09210687067824,0.3333333333333333,0.002344809166553465
MSFT-US,2025Q4,20254,Brent Thill,Jefferies,512,18.1,10.0,0.03043704030024933,32.85470565256663,0.5,0.0037166031542496913
MSFT-US,2025Q4,20254,Chun Sheng Xie,Huatai Research,1271,18.99,9.0,0.03378198555332989,29.601575621461066,0.47368421052631576,0.0031723591051560523
MSFT-US,2025Q4,20254,Dan Ives,Wedbush Securities,590,18.55,11.0,0.016702958952665794,59.869631652324685,0.5238095238095238,0.007095101010155366
MSFT-US,2025Q4,20254,Ella Ji,China Renaissance Securities (US),2903,18.72,12.0,0.03565593744223026,28.045819903633156,0.5454545454545454,0.0034610295895333007
MSFT-US,2025Q4,20254,Gil Luria,DA Davidson,556,18.13,19.0,0.026839430472767198,37.258614746488625,0.6551724137931034,0.005522820309324574
MSFT-US,2025Q4,20254,Gregg Moskowitz,Mizuho Securities USA,1802,19.07,5.0,0.0333551471320741,29.98038042046009,0.3333333333333333,0.0022609683904357865
MSFT-US,2025Q4,20254,Hui Ting Tang,Mega Intl Invst Serv,1175,18.01,4.0,0.02978157865765625,33.57780363140421,0.2857142857142857,0.0021705152760232997
MSFT-US,2025Q4,20254,Irene Weng,Fubon Securities,1084,18.78,9.0,0.030263708046510678,33.042877576771275,0.47368421052631576,0.003541158581613813
MSFT-US,2025Q4,20254,Jackson Ader,KeyBanc Capital Markets,618,18.37,6.0,0.030423119516563,32.86973906326662,0.375,0.0027887278273110365
MSFT-US,2025Q4,20254,John DiFucci,Guggenheim Securities,1515,19.14,5.0,0.03172073738640746,31.52511834193698,0.3333333333333333,0.00237746469778695
MSFT-US,2025Q4,20254,Joseph Bonner,Argus Research,376,17.82,4.0,0.0354211535981054,28.23171744619542,0.2857142857142857,0.0018249369332790416
MSFT-US,2025Q4,20254,Kadambari Daptardar,ARC Independent Research,940,18.47,4.0,0.02707633227234435,36.93262403273857,0.2857142857142857,0.002387375467635134
MSFT-US,2025Q4,20254,Kirk Materne,Evercore ISI,1772,19.05,4.0,0.03052566732506315,32.759316589254325,0.2857142857142857,0.0021176071511287966
MSFT-US,2025Q4,20254,Liang Wei Zhang,Soochow Securities,3048,18.51,11.0,0.03351863260423871,29.834152598263863,0.5238095238095238,0.0035356209883888943
MSFT-US,2025Q4,20254,Lun Ke Zhang,Guosen Securities,1894,18.1,24.0,0.03310771387339845,30.204441291957796,0.7058823529411765,0.004823716078842973
MSFT-US,2025Q4,20254,Rong Jin,Huaan Securities,3624,19.1,28.0,0.03171770019417441,31.528137093107087,0.7368421052631579,0.00525595152534826
MSFT-US,2025Q4,20254,Satoshi Tanaka,Daiwa Securities Co. Ltd.,467,18.82,18.0,0.03358869319724736,29.771923370985785,0.6428571428571429,0.004330120402186921
MSFT-US,2025Q4,20254,Tian Zi Fu,Everbright Securities,1299,18.65,11.0,0.03109556757939732,32.158924176144,0.5238095238095238,0.003811127763950581
MSFT-US,2025Q4,20254,Tommy Wong,China Merchants Securities,1788,20.5,7.0,0.030642964157293628,32.63391866618688,0.4117647058823529,0.0030401635768533258
MSFT-US,2025Q4,20254,Ye Tao,China International Capital,898,19.54,5.0,0.029011278126981198,34.46935345706039,0.3333333333333333,0.0025995039926840274
MTZ-US,2025Q4,20254,Adam R. Thalhimer,Thompson Davis & Co,1020,8.75,9.0,0.035710164103107934,28.00323171611994,0.47368421052631576,0.0030010668433480864
MTZ-US,2025Q4,20254,Brent Thielman,DA Davidson,556,8.18,12.0,0.03518572655727963,28.42061534162376,0.5454545454545454,0.0035072816907506924
MTZ-US,2025Q4,20254,Brian Brophy,Stifel Nicolaus,548,7.6858,10.0,0.03524517851888129,28.37267512957233,0.5,0.003209585104678376
MTZ-US,2025Q4,20254,Jamie Cook,Truist Securities,852,8.5,7.0,0.04213794914097811,23.731577364013777,0.4117647058823529,0.002210824812715686
MTZ-US,2025Q4,20254,Julien Dumoulin-Smith,Jefferies,512,8.28,8.0,0.05457005331468999,18.325069140638075,0.4444444444444444,0.0018426451565307668
MTZ-US,2025Q4,20254,Marc Bianchi,TD Cowen,917,10.1083,10.0,0.06055489550636103,16.513941468117213,0.5,0.0018680966921006186
MTZ-US,2025Q4,20254,Sangita Jain,KeyBanc Capital Markets,618,8.001738,10.0,0.045591931484669286,21.933705535951233,0.5,0.0024811934108115185
MU-US,2025Q4,20254,Aaron Rakers,Wells Fargo Securities,596,17.8529,39.0,0.07716392049956393,12.959424476179269,0.7959183673469388,0.0023336345619629035
MU-US,2025Q4,20254,Brian Chin,Stifel Nicolaus,548,21.5,5.0,0.06080453291441844,16.446142286916118,0.3333333333333333,0.0012402847240040463
MU-US,2025Q4,20254,C.J. Muse,Cantor Fitzgerald,1190,24.27,25.0,0.05364060163244608,18.64259478020323,0.7142857142857143,0.0030127072335739873
MU-US,2025Q4,20254,Chandler B. Converse,Cleveland Research Company,2295,23.036554,18.0,0.06136615255335956,16.295628101019897,0.6428571428571429,0.0023700864343700065
MU-US,2025Q4,20254,Harsh Kumar,Piper Sandler Companies,570,16.82,12.0,0.07186095896861099,13.91576197079143,0.5454545454545454,0.001717292063747874
MU-US,2025Q4,20254,James Kelleher,Argus Research,376,15.16,32.0,0.04605783087415001,21.711834470286586,0.7619047619047619,0.003742620683239767
MU-US,2025Q4,20254,John N. Vinh,KeyBanc Capital Markets,618,16.53,18.0,0.05723211993560898,17.472705905793553,0.6428571428571429,0.002541284262400794
MU-US,2025Q4,20254,Kevin Cassidy,Rosenblatt Securities,2623,17.65,15.0,0.06445179473791787,15.51547174235144,0.6,0.002106176880490439
MU-US,2025Q4,20254,Kevin Rottinghaus,Edgewater Research,3222,25.49,7.0,0.05274917793641848,18.957641410172414,0.4117647058823529,0.001766086736557611
MU-US,2025Q4,20254,Krish Sankar,TD Cowen,917,22.5416,26.0,0.04623670302997038,21.62783966996534,0.7222222222222222,0.003533967854411827
MU-US,2025Q4,20254,Matthew Bryson,Wedbush Securities,590,21.9,26.0,0.08590706441981857,11.640486224894238,0.7222222222222222,0.0019020440671024192
MU-US,2025Q4,20254,Mehdi Hosseini,Susquehanna Financial Group,974,19.62,19.0,0.10575787402145821,9.455560725408498,0.6551724137931034,0.0014015916363412134
MU-US,2025Q4,20254,Melissa Fairbanks,Raymond James,402,15.03,7.0,0.04787866824911942,20.886128135328658,0.4117647058823529,0.001945743833832292
MU-US,2025Q4,20254,Melissa Weathers,Deutsche Bank Research,77,16.41,11.0,0.045916358888303095,21.778730374344725,0.5238095238095238,0.0025809794985253535
MU-US,2025Q4,20254,N. Quinn Bolton,Needham,477,19.7,14.0,0.060839466136728394,16.436699128040285,0.5833333333333334,0.0021692519954123516
MU-US,2025Q4,20254,Pierre Ferragu,New Street Research,1634,16.89,47.0,0.046820931819725846,21.3579687787994,0.8245614035087719,0.003984387378697268
MU-US,2025Q4,20254,Purdy Ho,Huatai Research,1271,14.18,6.0,0.043234956742264706,23.129432185193824,0.375,0.0019623426593257326
MU-US,2025Q4,20254,Steven Fox,Fox Advisors,3474,17.75,7.0,0.07864762106033767,12.714942760097092,0.4117647058823529,0.001184519280581353
MU-US,2025Q4,20254,Sung Kyu Kim,Daiwa Securities Co. Ltd.,467,17.385,7.0,0.09210632664987826,10.85701749675978,0.4117647058823529,0.0010114356625245914
MU-US,2025Q4,20254,Vijay Rakesh,Mizuho Securities USA,1802,17.89,49.0,0.06526082033842179,15.323129479744802,0.8305084745762712,0.0028791888108525994
MU-US,2025Q4,20254,Warren Lau,Aletheia Capital,2859,27.06,26.0,0.05113520174677145,19.55599989518253,0.7222222222222222,0.003195431261053309
MU-US,2025Q4,20254,sean Hao,Fubon Securities,1084,13.4,13.0,0.054479193588904046,18.35563146448029,0.5652173913043478,0.0023472721825000685
NVDA-US,2025Q4,20254,Aaron Rakers,Wells Fargo Securities,596,7.05,39.0,0.07716392049956393,12.959424476179269,0.7959183673469388,0.0023336345619629035
NVDA-US,2025Q4,20254,Barney Yao,Haitong International Research,2898,7.5,16.0,0.035428442474935026,28.22590918885248,0.6153846153846154,0.003929824725203636
NVDA-US,2025Q4,20254,Ben Reitzes,Melius Research,3130,7.05,33.0,0.04036807328320397,24.772051739612554,0.7674418604651163,0.00430116466032099
NVDA-US,2025Q4,20254,Blayne Curtis,Jefferies,512,6.83,23.0,0.036583166563424786,27.33497654628352,0.696969696969697,0.00431033681581328
NVDA-US,2025Q4,20254,C.J. Muse,Cantor Fitzgerald,1190,7.0,25.0,0.05364060163244608,18.64259478020323,0.7142857142857143,0.0030127072335739873
NVDA-US,2025Q4,20254,Chandler B. Converse,Cleveland Research Company,2295,7.199367,18.0,0.06136615255335956,16.295628101019897,0.6428571428571429,0.0023700864343700065
NVDA-US,2025Q4,20254,Christopher Rolland,Susquehanna Financial Group,974,6.92,21.0,0.047790670085578454,20.92458628868995,0.6774193548387096,0.003206956633127473
NVDA-US,2025Q4,20254,Cody Acree,"Benchmark, a StoneX Company",1124,6.4,12.0,0.043357600835442704,23.064006788460244,0.5454545454545454,0.002846242692220846
NVDA-US,2025Q4,20254,Dawei Wang,Bocom International,1746,6.756,11.0,0.037993243935167925,26.320469020924104,0.5238095238095238,0.0031192172255643134
NVDA-US,2025Q4,20254,Egor Tolmachev,Freedom Broker,3713,6.26,4.0,0.027895040632877073,35.8486661898388,0.2857142857142857,0.002317306946108051
NVDA-US,2025Q4,20254,Gil Luria,DA Davidson,556,5.93,19.0,0.026839430472767198,37.258614746488625,0.6551724137931034,0.005522820309324574
NVDA-US,2025Q4,20254,Harsh Kumar,Piper Sandler Companies,570,6.47,12.0,0.07186095896861099,13.91576197079143,0.5454545454545454,0.001717292063747874
NVDA-US,2025Q4,20254,James Kelleher,Argus Research,376,6.38,32.0,0.04605783087415001,21.711834470286586,0.7619047619047619,0.003742620683239767
NVDA-US,2025Q4,20254,Jay Goldberg,Seaport Research Partners,1321,5.85,9.0,0.04227617750191572,23.65398337999422,0.47368421052631576,0.002534964033952691
NVDA-US,2025Q4,20254,John N. Vinh,KeyBanc Capital Markets,618,7.04,18.0,0.05723211993560898,17.472705905793553,0.6428571428571429,0.002541284262400794
NVDA-US,2025Q4,20254,Joshua Buchalter,TD Cowen,917,7.2698,19.0,0.04338684832502874,23.04845912080519,0.6551724137931034,0.003416458153292363
NVDA-US,2025Q4,20254,Kevin Cassidy,Rosenblatt Securities,2623,6.85,15.0,0.06445179473791787,15.51547174235144,0.6,0.002106176880490439
NVDA-US,2025Q4,20254,Kevin Rottinghaus,Edgewater Research,3222,6.86,7.0,0.05274917793641848,18.957641410172414,0.4117647058823529,0.001766086736557611
NVDA-US,2025Q4,20254,Liang Wei Zhang,Soochow Securities,3048,6.21,11.0,0.03351863260423871,29.834152598263863,0.5238095238095238,0.0035356209883888943
NVDA-US,2025Q4,20254,Louis Miscioscia,Daiwa Securities Co. Ltd.,467,6.41,16.0,0.04505041160965207,22.19735545736389,0.6153846153846154,0.0030904838432957798
NVDA-US,2025Q4,20254,Lun Ke Zhang,Guosen Securities,1894,6.0,24.0,0.03310771387339845,30.204441291957796,0.7058823529411765,0.004823716078842973
NVDA-US,2025Q4,20254,Mark Lipacis,Evercore ISI,1772,7.26,23.0,0.04310434866087571,23.19951538689331,0.696969696969697,0.0036582334399240107
NVDA-US,2025Q4,20254,Matthew Bryson,Wedbush Securities,590,6.42,26.0,0.08590706441981857,11.640486224894238,0.7222222222222222,0.0019020440671024192
NVDA-US,2025Q4,20254,N. Quinn Bolton,Needham,477,7.15,14.0,0.060839466136728394,16.436699128040285,0.5833333333333334,0.0021692519954123516
NVDA-US,2025Q4,20254,Pierre Ferragu,New Street Research,1634,8.43,47.0,0.046820931819725846,21.3579687787994,0.8245614035087719,0.003984387378697268
NVDA-US,2025Q4,20254,Purdy Ho,Huatai Research,1271,7.43,6.0,0.043234956742264706,23.129432185193824,0.375,0.0019623426593257326
NVDA-US,2025Q4,20254,Richard C. Shannon,Craig Hallum Capital Group,1026,6.27,5.0,0.030400592737466325,32.8940954749076,0.3333333333333333,0.002480706016991948
NVDA-US,2025Q4,20254,Rick Schafer,Oppenheimer,498,7.66,21.0,0.042139183781918964,23.730882049715422,0.6774193548387096,0.0036370568358828604
NVDA-US,2025Q4,20254,Ross Seymore,Deutsche Bank Research,77,6.68,30.0,0.04253088404965789,23.512325745038066,0.75,0.003989656076294571
NVDA-US,2025Q4,20254,Ruben Roy,Stifel Nicolaus,548,6.65,8.0,0.03384192612758259,29.549145525288466,0.4444444444444444,0.0029712624527592746
NVDA-US,2025Q4,20254,Sebastien Naji,William Blair,198,6.65,5.0,0.03155528612151468,31.690411430565064,0.3333333333333333,0.002389930265044747
NVDA-US,2025Q4,20254,Sophie Huang,ABCI Securities,2281,6.17,12.0,0.03424556723535292,29.200859577751842,0.5454545454545454,0.0036035687095499636
NVDA-US,2025Q4,20254,Tony Shen,SPDB International,3451,5.88,16.0,0.027629910610818906,36.192661427157674,0.6153846153846154,0.0050390162738687145
NVDA-US,2025Q4,20254,Vijay Rakesh,Mizuho Securities USA,1802,6.6396,49.0,0.06526082033842179,15.323129479744802,0.8305084745762712,0.0028791888108525994
NVDA-US,2025Q4,20254,William Stein,Truist Securities,852,6.5,21.0,0.024472731251715823,40.86180613493593,0.6774193548387096,0.0062625869117819465
NVDA-US,2025Q4,20254,sean Hao,Fubon Securities,1084,8.32,13.0,0.054479193588904046,18.35563146448029,0.5652173913043478,0.0023472721825000685
QCOM-US,2025Q4,20254,Aaron Rakers,Wells Fargo Securities,596,12.3607,39.0,0.07716392049956393,12.959424476179269,0.7959183673469388,0.0023336345619629035
QCOM-US,2025Q4,20254,Ben Reitzes,Melius Research,3130,12.39,33.0,0.04036807328320397,24.772051739612554,0.7674418604651163,0.00430116466032099
QCOM-US,2025Q4,20254,C.J. Muse,Cantor Fitzgerald,1190,12.11,25.0,0.05364060163244608,18.64259478020323,0.7142857142857143,0.0030127072335739873
QCOM-US,2025Q4,20254,Chandler B. Converse,Cleveland Research Company,2295,11.90866,18.0,0.06136615255335956,16.295628101019897,0.6428571428571429,0.0023700864343700065
QCOM-US,2025Q4,20254,Christopher Rolland,Susquehanna Financial Group,974,11.9,21.0,0.047790670085578454,20.92458628868995,0.6774193548387096,0.003206956633127473
QCOM-US,2025Q4,20254,Cody Acree,"Benchmark, a StoneX Company",1124,12.22,12.0,0.043357600835442704,23.064006788460244,0.5454545454545454,0.002846242692220846
QCOM-US,2025Q4,20254,Gary Mobley,Loop Capital Markets,1009,12.22,10.0,0.05767145297794808,17.339601282152046,0.5,0.0019614973118361767
QCOM-US,2025Q4,20254,Harsh V. Kumar,Piper Sandler Companies,570,11.98,5.0,0.06729725939859388,14.85944611915198,0.3333333333333333,0.00112062413830674
QCOM-US,2025Q4,20254,James Kelleher,Argus Research,376,13.25,32.0,0.04605783087415001,21.711834470286586,0.7619047619047619,0.003742620683239767
QCOM-US,2025Q4,20254,Jay Goldberg,Seaport Research Partners,1321,12.82,9.0,0.04227617750191572,23.65398337999422,0.47368421052631576,0.002534964033952691
QCOM-US,2025Q4,20254,John N. Vinh,KeyBanc Capital Markets,618,10.37,18.0,0.05723211993560898,17.472705905793553,0.6428571428571429,0.002541284262400794
QCOM-US,2025Q4,20254,Joshua Buchalter,TD Cowen,917,11.9976,19.0,0.04338684832502874,23.04845912080519,0.6551724137931034,0.003416458153292363
QCOM-US,2025Q4,20254,Kevin Cassidy,Rosenblatt Securities,2623,12.53,15.0,0.06445179473791787,15.51547174235144,0.6,0.002106176880490439
QCOM-US,2025Q4,20254,Louis Miscioscia,Daiwa Securities Co. Ltd.,467,12.17,16.0,0.04505041160965207,22.19735545736389,0.6153846153846154,0.0030904838432957798
QCOM-US,2025Q4,20254,Melissa Fairbanks,Raymond James,402,12.27,7.0,0.04787866824911942,20.886128135328658,0.4117647058823529,0.001945743833832292
QCOM-US,2025Q4,20254,Rick Schafer,Oppenheimer,498,11.52,21.0,0.042139183781918964,23.730882049715422,0.6774193548387096,0.0036370568358828604
QCOM-US,2025Q4,20254,Ross Seymore,Deutsche Bank Research,77,11.99,30.0,0.04253088404965789,23.512325745038066,0.75,0.003989656076294571
QCOM-US,2025Q4,20254,Srini Pajjuri,RBC Capital Markets,1269,12.14,14.0,0.05427361718485508,18.42515851843845,0.5833333333333334,0.002431681177014822
QCOM-US,2025Q4,20254,Vijay Rakesh,Mizuho Securities USA,1802,11.6728,49.0,0.06526082033842179,15.323129479744802,0.8305084745762712,0.0028791888108525994
QCOM-US,2025Q4,20254,sean Hao,Fubon Securities,1084,12.67,13.0,0.054479193588904046,18.35563146448029,0.5652173913043478,0.0023472721825000685
RRX-US,2025Q4,20254,Chris Dankert,Loop Capital Markets,1009,11.15,4.0,0.07963186727025562,12.557786653503774,0.2857142857142857,0.0008117525512889416
RRX-US,2025Q4,20254,Christopher Glynn,Oppenheimer,498,10.7,4.0,0.07769871806752256,12.87022520926239,0.2857142857142857,0.000831949008017829
RRX-US,2025Q4,20254,Saree Boroditsky,Jefferies,512,10.710414,4.0,0.08157907642589238,12.258045123965267,0.2857142857142857,0.0007923768477478846
SNDK-US,2025Q4,20254,Aaron Rakers,Wells Fargo Securities,596,36.39,39.0,0.07716392049956393,12.959424476179269,0.7959183673469388,0.0023336345619629035
SNDK-US,2025Q4,20254,Blayne Curtis,Jefferies,512,37.98,23.0,0.036583166563424786,27.33497654628352,0.696969696969697,0.00431033681581328
SNDK-US,2025Q4,20254,C.J. Muse,Cantor Fitzgerald,1190,23.64,25.0,0.05364060163244608,18.64259478020323,0.7142857142857143,0.0030127072335739873
SNDK-US,2025Q4,20254,Chandler B. Converse,Cleveland Research Company,2295,39.142696,18.0,0.06136615255335956,16.295628101019897,0.6428571428571429,0.0023700864343700065
SNDK-US,2025Q4,20254,Kevin Rottinghaus,Edgewater Research,3222,37.82,7.0,0.05274917793641848,18.957641410172414,0.4117647058823529,0.001766086736557611
SNDK-US,2025Q4,20254,Matthew Bryson,Wedbush Securities,590,82.38,26.0,0.08590706441981857,11.640486224894238,0.7222222222222222,0.0019020440671024192
SNDK-US,2025Q4,20254,Mehdi Hosseini,Susquehanna Financial Group,974,22.18,19.0,0.10575787402145821,9.455560725408498,0.6551724137931034,0.0014015916363412134
SNDK-US,2025Q4,20254,Melissa Fairbanks,Raymond James,402,19.32,7.0,0.04787866824911942,20.886128135328658,0.4117647058823529,0.001945743833832292
SNDK-US,2025Q4,20254,Srini Pajjuri,RBC Capital Markets,1269,21.89,14.0,0.05427361718485508,18.42515851843845,0.5833333333333334,0.002431681177014822
SNDK-US,2025Q4,20254,Steven Fox,Fox Advisors,3474,20.6,7.0,0.07864762106033767,12.714942760097092,0.4117647058823529,0.001184519280581353
SNDK-US,2025Q4,20254,Vijay Rakesh,Mizuho Securities USA,1802,34.5,49.0,0.06526082033842179,15.323129479744802,0.8305084745762712,0.0028791888108525994
STT-US,2025Q4,20254,David Konrad,Keefe Bruyette & Woods,525,11.55,16.0,0.08551366224766821,11.69403781472671,0.6153846153846154,0.0016281324592346154
STT-US,2025Q4,20254,David Smith,Truist Securities,852,11.3,4.0,0.08553816759069567,11.690687656357674,0.2857142857142857,0.0007557020829560494
STT-US,2025Q4,20254,Gerard Cassidy,RBC Capital Markets,1269,11.43,16.0,0.07427210284816554,13.464005483247188,0.6153846153846154,0.0018745607553091264
STT-US,2025Q4,20254,Glenn Schorr,Evercore ISI,1772,11.84,12.0,0.06646336980126079,15.045881708830091,0.5454545454545454,0.0018567559077897712
STT-US,2025Q4,20254,Jim Mitchell,Seaport Research Partners,1321,11.85,12.0,0.07316770905700615,13.667231253897588,0.5454545454545454,0.0016866218188403225
STT-US,2025Q4,20254,Mike Mayo,Wells Fargo Securities,596,11.5985,21.0,0.08651420260180932,11.558795780648927,0.6774193548387096,0.0017715311685638454
STT-US,2025Q4,20254,Steve Biggar,Argus Research,376,11.23,16.0,0.05699603810195339,17.54507915464615,0.6153846153846154,0.0024427587223590317
STT-US,2025Q4,20254,Steven Alexopoulos,TD Cowen,917,11.4,5.0,0.06898822162956515,14.49522797340012,0.3333333333333333,0.001093156651129489
TFC-US,2025Q4,20254,Christopher Marinac,Brean Capital,532,4.41,6.0,0.08442198491547927,11.845255723389704,0.375,0.001004972816907702
TFC-US,2025Q4,20254,Christopher McGratty,Keefe Bruyette & Woods,525,4.6,6.0,0.06413489739138335,15.592135337763118,0.375,0.001322864827734914
TFC-US,2025Q4,20254,Gerard Cassidy,RBC Capital Markets,1269,4.4,16.0,0.07427210284816554,13.464005483247188,0.6153846153846154,0.0018745607553091264
TFC-US,2025Q4,20254,John Pancari,Evercore ISI,1772,4.49,10.0,0.07994722833416931,12.508251015533977,0.5,0.0014149633745036702
TFC-US,2025Q4,20254,Matthew O'Connor,Deutsche Bank Research,77,4.500262,16.0,0.07655526305181838,13.062459197914643,0.6153846153846154,0.0018186544420755843
TFC-US,2025Q4,20254,Michael Rose,Raymond James,402,4.56,5.0,0.08640718492909691,11.573111666819946,0.3333333333333333,0.0008727854447039053
TFC-US,2025Q4,20254,Mike Mayo,Wells Fargo Securities,596,4.4,21.0,0.08651420260180932,11.558795780648927,0.6774193548387096,0.0017715311685638454
TFC-US,2025Q4,20254,R. Scott Siefers,Piper Sandler Companies,570,4.43,8.0,0.07082612700936008,14.119083482679269,0.4444444444444444,0.0014197196525888045
TFC-US,2025Q4,20254,Steven Alexopoulos,TD Cowen,917,4.53,5.0,0.06898822162956515,14.49522797340012,0.3333333333333333,0.001093156651129489
TFC-US,2025Q4,20254,Terry J. McEvoy,Stephens Inc,472,4.4,5.0,0.0839563543640949,11.91095072641296,0.3333333333333333,0.0008982635548573399
TSLA-US,2025Q4,20254,Alexander E. Potter,Piper Sandler Companies,570,2.1,7.0,0.00890946830203593,112.24014341815291,0.4117647058823529,0.010456249504421927
TSLA-US,2025Q4,20254,Andres Sheppard,Cantor Fitzgerald,1190,2.41,7.0,0.011241523808178142,88.955911766384,0.4117647058823529,0.008287099249841287
TSLA-US,2025Q4,20254,Chris McNally,Evercore ISI,1772,1.73,10.0,0.01043120380837812,95.86621241134426,0.5,0.010844616025532371
TSLA-US,2025Q4,20254,Chris Pierce,Needham,477,1.6,7.0,0.007637543280722485,130.93215491479395,0.4117647058823529,0.012197590258239884
TSLA-US,2025Q4,20254,Colin M. Langan,Wells Fargo Securities,596,0.85,10.0,0.00594035904059238,168.33999311601858,0.5,0.01904302403489923
TSLA-US,2025Q4,20254,Colin Rusch,Oppenheimer,498,2.06,7.0,0.0075101535909344016,133.15306909396796,0.4117647058823529,0.012404489787037135
TSLA-US,2025Q4,20254,Dan Ives,Wedbush Securities,590,2.6,11.0,0.016702958952665794,59.869631652324685,0.5238095238095238,0.007095101010155366
TSLA-US,2025Q4,20254,Edison Yu,Deutsche Bank Research,77,1.49,7.0,0.005671186688800443,176.32993848973746,0.4117647058823529,0.016426830684625367
TSLA-US,2025Q4,20254,George Gianarikas,Canaccord Genuity,466,3.48,8.0,0.020855260646531086,47.94953258790044,0.4444444444444444,0.004821481070708389
TSLA-US,2025Q4,20254,Glenn Thum,Phillip Securities,651,1.74,9.0,0.028574012341071337,34.99683516838947,0.47368421052631576,0.0037505614605728896
TSLA-US,2025Q4,20254,Gordon L. Johnson II,GLJ Research,3391,1.69,8.0,0.0030092845336548877,332.3049013200034,0.4444444444444444,0.03341433596836175
TSLA-US,2025Q4,20254,Itay Michaeli,TD Cowen,917,2.1759,6.0,0.009863398498074582,101.38493341774728,0.375,0.00860168024297209
TSLA-US,2025Q4,20254,Jairam Nathan,Daiwa Securities Co. Ltd.,467,2.0,10.0,0.025840484578292428,38.698964679635324,0.5,0.0043777197615311484
TSLA-US,2025Q4,20254,Jed Dorsheimer,William Blair,198,1.53,10.0,0.019223039358570383,52.02090997926199,0.5,0.005884730186306217
TSLA-US,2025Q4,20254,Jing Lin Li,First Shanghai,1701,2.79,7.0,0.01903756852363269,52.52771638135557,0.4117647058823529,0.0048934622823382295
TSLA-US,2025Q4,20254,Oscar Wang,Haitong International Research,2898,2.16,7.0,0.011166500712044872,89.55356971601128,0.4117647058823529,0.008342776839421
TSLA-US,2025Q4,20254,Philippe Houchois,Jefferies,512,2.7081,7.0,0.009929273412651885,100.71230375485476,0.4117647058823529,0.009382320301415208
TSLA-US,2025Q4,20254,Pierre Ferragu,New Street Research,1634,3.33,47.0,0.046820931819725846,21.3579687787994,0.8245614035087719,0.003984387378697268
TSLA-US,2025Q4,20254,Siyu Cai,Mega Intl Invst Serv,1175,2.37,8.0,0.03616469883066568,27.65127409693939,0.4444444444444444,0.002780425323124096
TSLA-US,2025Q4,20254,Tom Narayan,RBC Capital Markets,1269,2.53,6.0,0.011937254615968384,83.77135548925185,0.375,0.007107312587264113
TSLA-US,2025Q4,20254,Vijay Rakesh,Mizuho Securities USA,1802,2.206,49.0,0.06526082033842179,15.323129479744802,0.8305084745762712,0.0028791888108525994
TSLA-US,2025Q4,20254,William Selesky,Argus Research,376,2.26,12.0,0.022647543526503822,44.15489913198429,0.5454545454545454,0.005448990721032864
TSLA-US,2025Q4,20254,William Stein,Truist Securities,852,2.55,21.0,0.024472731251715823,40.86180613493593,0.6774193548387096,0.0062625869117819465
TSLA-US,2025Q4,20254,Xue Deng,China International Capital,898,3.01,6.0,0.014235590632855797,70.24647067976206,0.375,0.005959837015377047
TSLA-US,2025Q4,20254,Yeon-Ju Park,Mirae Asset Securities,484,1.8,7.0,0.007853525378558785,127.33135143742437,0.4117647058823529,0.011862140761926454
TSLA-US,2025Q4,20254,Yiming Wang,China Renaissance Securities (US),2903,2.04,7.0,0.0092860892447048,107.68795923108635,0.4117647058823529,0.010032169739371006
TSLA-US,2025Q4,20254,YongHuo Liang,China Merchants Securities,1788,2.46,7.0,0.010517495969439256,95.07966562627695,0.4117647058823529,0.008857585853944746
TSLA-US,2025Q4,20254,Yu Jing Ni,Everbright Securities,1299,2.62,7.0,0.00954588361862413,104.7571958712118,0.4117647058823529,0.009759140928145253
TSM-US,2025Q4,20254,Barney Yao,Haitong International Research,2898,14.352327,16.0,0.035428442474935026,28.22590918885248,0.6153846153846154,0.003929824725203636
TSM-US,2025Q4,20254,Charles Shi,Needham,477,12.427279,8.0,0.04014228466752274,24.91138728855295,0.4444444444444444,0.002504920815164569
TSM-US,2025Q4,20254,Dawei Wang,Bocom International,1746,12.385112,11.0,0.037993243935167925,26.320469020924104,0.5238095238095238,0.0031192172255643134
TSM-US,2025Q4,20254,Felix Hsu,IBF Securities,3105,12.859337,6.0,0.03992706921350663,25.045665001169617,0.375,0.002124919300631969
TSM-US,2025Q4,20254,Felix Pan,KGI Securities,671,12.803213,4.0,0.041455410534078925,24.1223036297744,0.2857142857142857,0.001559298788451103
TSM-US,2025Q4,20254,Heping Qin,Guotai Haitong Securities China,1094,13.818111,29.0,0.043456020543295136,23.011771153865833,0.7435897435897436,0.003871346494600908
TSM-US,2025Q4,20254,James Kelleher,Argus Research,376,11.91,32.0,0.04605783087415001,21.711834470286586,0.7619047619047619,0.003742620683239767
TSM-US,2025Q4,20254,Jun Xia,Guosheng Securities,3586,12.7388525,4.0,0.0308574559711041,32.40707856592039,0.2857142857142857,0.002094838002234033
TSM-US,2025Q4,20254,Kevin Wang,Mizuho Securities Asia Ex Japan,1819,13.144514,6.0,0.04359469755627618,22.938569506282384,0.375,0.0019461495260960776
TSM-US,2025Q4,20254,Krish Sankar,TD Cowen,917,12.75,26.0,0.04623670302997038,21.62783966996534,0.7222222222222222,0.003533967854411827
TSM-US,2025Q4,20254,Leping Huang,Huatai Research,1271,12.073444,6.0,0.042194136535537774,23.69997544937922,0.375,0.002010748576831077
TSM-US,2025Q4,20254,Li Yen Chen,Capital Securities Asia,1128,12.7669325,4.0,0.038849409252296796,25.740417145233156,0.2857142857142857,0.001663895865204456
TSM-US,2025Q4,20254,Ling Ji Cao,First Shanghai,1701,11.99193,15.0,0.0433758347156534,23.05431138225731,0.6,0.0031295508403007136
TSM-US,2025Q4,20254,Matthew Bryson,Wedbush Securities,590,12.128349,26.0,0.08590706441981857,11.640486224894238,0.7222222222222222,0.0019020440671024192
TSM-US,2025Q4,20254,Mehdi Hosseini,Susquehanna Financial Group,974,13.244289,19.0,0.10575787402145821,9.455560725408498,0.6551724137931034,0.0014015916363412134
TSM-US,2025Q4,20254,Pierre Ferragu,New Street Research,1634,14.25,47.0,0.046820931819725846,21.3579687787994,0.8245614035087719,0.003984387378697268
TSM-US,2025Q4,20254,Rick Hsu,Daiwa Securities Co. Ltd.,467,12.645532,6.0,0.0404448935493202,24.72500017290336,0.375,0.002097713519408552
TSM-US,2025Q4,20254,Robert Sanders,Deutsche Bank Research,77,12.727705,6.0,0.0410708902814182,24.348145198411547,0.375,0.0020657404650376893
TSM-US,2025Q4,20254,Rong Jin,Huaan Securities,3624,12.62453,28.0,0.03171770019417441,31.528137093107087,0.7368421052631579,0.00525595152534826
TSM-US,2025Q4,20254,Sherman Shang,Fubon Securities,1084,13.303029,4.0,0.04057268630440398,24.64712325176888,0.2857142857142857,0.0015932238485652315
TSM-US,2025Q4,20254,Tony Shen,SPDB International,3451,12.037764,16.0,0.027629910610818906,36.192661427157674,0.6153846153846154,0.0050390162738687145
TXN-US,2025Q4,20254,Barney Yao,Haitong International Research,2898,6.59,16.0,0.035428442474935026,28.22590918885248,0.6153846153846154,0.003929824725203636
TXN-US,2025Q4,20254,Blayne Curtis,Jefferies,512,5.81,23.0,0.036583166563424786,27.33497654628352,0.696969696969697,0.00431033681581328
TXN-US,2025Q4,20254,Christopher Rolland,Susquehanna Financial Group,974,5.86,21.0,0.047790670085578454,20.92458628868995,0.6774193548387096,0.003206956633127473
TXN-US,2025Q4,20254,Cody Acree,"Benchmark, a StoneX Company",1124,5.89,12.0,0.043357600835442704,23.064006788460244,0.5454545454545454,0.002846242692220846
TXN-US,2025Q4,20254,James Kelleher,Argus Research,376,6.91,32.0,0.04605783087415001,21.711834470286586,0.7619047619047619,0.003742620683239767
TXN-US,2025Q4,20254,Joe Quatrochi,Wells Fargo Securities,596,6.0339,15.0,0.03908989163012418,25.582061200429663,0.6,0.0034726849914955044
TXN-US,2025Q4,20254,John N. Vinh,KeyBanc Capital Markets,618,6.32,18.0,0.05723211993560898,17.472705905793553,0.6428571428571429,0.002541284262400794
TXN-US,2025Q4,20254,Joshua Buchalter,TD Cowen,917,5.9955,19.0,0.04338684832502874,23.04845912080519,0.6551724137931034,0.003416458153292363
TXN-US,2025Q4,20254,Kevin Cassidy,Rosenblatt Securities,2623,5.96,15.0,0.06445179473791787,15.51547174235144,0.6,0.002106176880490439
TXN-US,2025Q4,20254,Mark Lipacis,Evercore ISI,1772,6.66,23.0,0.04310434866087571,23.19951538689331,0.696969696969697,0.0036582334399240107
TXN-US,2025Q4,20254,Melissa Fairbanks,Raymond James,402,5.86,7.0,0.04787866824911942,20.886128135328658,0.4117647058823529,0.001945743833832292
TXN-US,2025Q4,20254,Nikolay Todorov,Edgewater Research,3222,6.37,4.0,0.027849070321421476,35.907841391416255,0.2857142857142857,0.0023211321122921036
TXN-US,2025Q4,20254,Rick Schafer,Oppenheimer,498,6.13,21.0,0.042139183781918964,23.730882049715422,0.6774193548387096,0.0036370568358828604
TXN-US,2025Q4,20254,Ross Seymore,Deutsche Bank Research,77,6.15,30.0,0.04253088404965789,23.512325745038066,0.75,0.003989656076294571
TXN-US,2025Q4,20254,Siyu Cai,Mega Intl Invst Serv,1175,7.36,8.0,0.03616469883066568,27.65127409693939,0.4444444444444444,0.002780425323124096
TXN-US,2025Q4,20254,Vijay Rakesh,Mizuho Securities USA,1802,6.1563,49.0,0.06526082033842179,15.323129479744802,0.8305084745762712,0.0028791888108525994
TXN-US,2025Q4,20254,William Stein,Truist Securities,852,6.06,21.0,0.024472731251715823,40.86180613493593,0.6774193548387096,0.0062625869117819465
UPS-US,2025Q4,20254,Christian Wetherbee,Wells Fargo Securities,596,6.9,6.0,0.06221772525950064,16.072590179553377,0.375,0.0013636274813260455
UPS-US,2025Q4,20254,Conor Cunningham,Melius Research,3130,7.0,7.0,0.06390630015000154,15.647909480799068,0.4117647058823529,0.0014577533560722622
UPS-US,2025Q4,20254,Fadi Chamoun,BMO Capital Markets,181,7.04,10.0,0.0659685287641435,15.158743399830671,0.5,0.0017147934341597464
UPS-US,2025Q4,20254,J. Bruce Chan,Stifel Nicolaus,548,7.35,4.0,0.0708478863844082,14.11474711573152,0.2857142857142857,0.0009123966108148891
UPS-US,2025Q4,20254,Jason H. Seidl,TD Cowen,917,7.7,4.0,0.07061000586228038,14.162298781711284,0.2857142857142857,0.000915470415717152
UPS-US,2025Q4,20254,Jeff Kauffman,Vertical Research Partners,2963,7.084803,4.0,0.06836911319429931,14.626487799513846,0.2857142857142857,0.0009454762304262596
UPS-US,2025Q4,20254,Jonathan Chappell,Evercore ISI,1772,7.07,4.0,0.06589792755238505,15.1749840570488,0.2857142857142857,0.0009809317807323486
UPS-US,2025Q4,20254,Patrick Tyler Brown,Raymond James,402,7.2,11.0,0.056390007669814876,17.73363830442059,0.5238095238095238,0.002101598950501291
UPS-US,2025Q4,20254,Stephanie Moore,Jefferies,512,6.6,7.0,0.07032185764817887,14.220329687577545,0.4117647058823529,0.001324760559994089
V-US,2025Q4,20254,Andrew W. Jeffrey,William Blair,198,12.72,4.0,0.03035158175652565,32.94721204389943,0.2857142857142857,0.00212975297100074
V-US,2025Q4,20254,Bryan C. Bergin,TD Cowen,917,12.7204,6.0,0.032563264651184365,30.709451607875835,0.375,0.002605445151101056
V-US,2025Q4,20254,Dan Dolev,Mizuho Securities USA,1802,12.7,6.0,0.032250792673337886,31.006989816616567,0.375,0.002630688828296256
V-US,2025Q4,20254,Daniel Perlin,RBC Capital Markets,1269,12.7,4.0,0.03033643823283715,32.9636588291887,0.2857142857142857,0.0021308161137572976
V-US,2025Q4,20254,Dominick Gabriele,Compass Point Research,1921,12.82,4.0,0.03125761993753623,31.99219908612215,0.2857142857142857,0.002068019623685638
V-US,2025Q4,20254,Gus Gala,"Monness, Crespi, Hardt",1080,12.92,5.0,0.03073673961231572,32.534355062152265,0.3333333333333333,0.002453576217750072
V-US,2025Q4,20254,James E. Friedman,Susquehanna Financial Group,974,12.81,5.0,0.031190409349336118,32.061137409255736,0.3333333333333333,0.002417888540009162
V-US,2025Q4,20254,Jeff Cantwell,Seaport Research Partners,1321,12.72,5.0,0.03125291186897304,31.997018523984966,0.3333333333333333,0.0024130530185516607
V-US,2025Q4,20254,Kazuya Nishimura,Daiwa Securities Co. Ltd.,467,12.82,22.0,0.05992074783368358,16.688710274037412,0.6875,0.002595817068444857
V-US,2025Q4,20254,Mikhail Paramonov,Freedom Broker,3713,12.79,6.0,0.048045226486316796,20.813722259896068,0.375,0.001765873661010039
V-US,2025Q4,20254,Rayna Kumar,Oppenheimer,498,12.82,5.0,0.031994382958725975,31.255486354902974,0.3333333333333333,0.002357130419462775
V-US,2025Q4,20254,Sanjay Sakhrani,Keefe Bruyette & Woods,525,12.8,4.0,0.03045734501765195,32.83280270885191,0.2857142857142857,0.002122357394679957
V-US,2025Q4,20254,Steve Biggar,Argus Research,376,12.83,16.0,0.05699603810195339,17.54507915464615,0.6153846153846154,0.0024427587223590317
V-US,2025Q4,20254,Trevor Williams,Jefferies,512,12.75,4.0,0.030396918507902854,32.898071550904454,0.2857142857142857,0.0021265764621412643
VRTX-US,2025Q4,20254,Andrew S. Fein,HC Wainwright,536,24.95,6.0,0.0457013637932203,21.881185089455645,0.375,0.0018564391288917038
VRTX-US,2025Q4,20254,Brian Abrahams,RBC Capital Markets,1269,19.93,10.0,0.03735402014150163,26.770880248280555,0.5,0.00302838622342147
VRTX-US,2025Q4,20254,Carter Gould,Cantor Fitzgerald,1190,20.25,6.0,0.0361304492135067,27.677485936880313,0.375,0.0023482077260675795
VRTX-US,2025Q4,20254,Christopher Raymond,Raymond James,402,20.07,8.0,0.043624310271059036,22.92299852505436,0.4444444444444444,0.002304981873802774
VRTX-US,2025Q4,20254,David Risinger,Leerink Partners,1079,19.29,20.0,0.03683886879456457,27.145241771037934,0.6666666666666666,0.004094313196450897
VRTX-US,2025Q4,20254,Evan David Seigerman,BMO Capital Markets,181,20.81,19.0,0.03978529427419602,25.134915255574242,0.6551724137931034,0.0037257321935115673
VRTX-US,2025Q4,20254,Jasper Hellweg,Argus Research,376,20.25,6.0,0.03339299290363785,29.946402315171323,0.375,0.00254070667562733
VRTX-US,2025Q4,20254,Jay Olson,Oppenheimer,498,19.55,5.0,0.03631134405495488,27.539603009091714,0.3333333333333333,0.0020768973246988263
VRTX-US,2025Q4,20254,Joon Lee,Truist Securities,852,19.93,5.0,0.037890756793227606,26.391660780413197,0.3333333333333333,0.0019903253380632842
VRTX-US,2025Q4,20254,Joseph Stringer,Needham,477,21.41,10.0,0.04556963045415194,21.944439532071915,0.5,0.0024824076662141297
VRTX-US,2025Q4,20254,Louise Chen,Scotiabank GBM,810,19.67,6.0,0.026267276347012813,38.07018233596658,0.375,0.0032299427953099203
VRTX-US,2025Q4,20254,Mohit Bansal,Wells Fargo Securities,596,20.65,19.0,0.03931208588002006,25.437469867459747,0.6551724137931034,0.003770579667486927
VRTX-US,2025Q4,20254,Myles R. Minter,William Blair,198,20.79,9.0,0.04751023645743245,21.048095622423723,0.47368421052631576,0.0022556947186818505
VRTX-US,2025Q4,20254,Narumi Nakagiri,Daiwa Securities Co. Ltd.,467,20.08,16.0,0.030064362749428107,33.261972267116235,0.6153846153846154,0.004630983545995924
VRTX-US,2025Q4,20254,Naz Rahman,Maxim Group,1063,18.57,9.0,0.040976070632468414,24.404487413383777,0.47368421052631576,0.0026153944925953582
VRTX-US,2025Q4,20254,Phil Nadeau,TD Cowen,917,20.1469,10.0,0.043299507235924274,23.094951047626026,0.5,0.0026125562900650625
WFC-US,2025Q4,20254,Chris Kotowski,Oppenheimer,498,6.99,13.0,0.05926041043133357,16.87467219213278,0.5652173913043478,0.0021578908196129556
WFC-US,2025Q4,20254,Christopher McGratty,Keefe Bruyette & Woods,525,7.0,6.0,0.06413489739138335,15.592135337763118,0.375,0.001322864827734914
WFC-US,2025Q4,20254,David Long,Raymond James,402,7.12,5.0,0.07049445671697874,14.185512543416026,0.3333333333333333,0.0010697994826278387
WFC-US,2025Q4,20254,Gerard Cassidy,RBC Capital Markets,1269,7.1,16.0,0.07427210284816554,13.464005483247188,0.6153846153846154,0.0018745607553091264
WFC-US,2025Q4,20254,Glenn Thum,Phillip Securities,651,7.06,9.0,0.028574012341071337,34.99683516838947,0.47368421052631576,0.0037505614605728896
WFC-US,2025Q4,20254,Jim Mitchell,Seaport Research Partners,1321,7.2,12.0,0.07316770905700615,13.667231253897588,0.5454545454545454,0.0016866218188403225
WFC-US,2025Q4,20254,John McDonald,Truist Securities,852,7.15,4.0,0.069762829222308,14.334281036873872,0.2857142857142857,0.0009265875845508577
WFC-US,2025Q4,20254,John Pancari,Evercore ISI,1772,7.28,10.0,0.07994722833416931,12.508251015533977,0.5,0.0014149633745036702
WFC-US,2025Q4,20254,Kazuya Nishimura,Daiwa Securities Co. Ltd.,467,7.08,22.0,0.05992074783368358,16.688710274037412,0.6875,0.002595817068444857
WFC-US,2025Q4,20254,Matthew O'Connor,Deutsche Bank Research,77,7.36,16.0,0.07655526305181838,13.062459197914643,0.6153846153846154,0.0018186544420755843
WFC-US,2025Q4,20254,Mikhail Paramonov,Freedom Broker,3713,6.96,6.0,0.048045226486316796,20.813722259896068,0.375,0.001765873661010039
WFC-US,2025Q4,20254,Pei Feng Li,China International Capital,898,6.84,5.0,0.05194865675161893,19.249775885087463,0.3333333333333333,0.0014517205648749366
WFC-US,2025Q4,20254,R. Scott Siefers,Piper Sandler Companies,570,6.77,8.0,0.07082612700936008,14.119083482679269,0.4444444444444444,0.0014197196525888045
WFC-US,2025Q4,20254,Steve Biggar,Argus Research,376,6.64,16.0,0.05699603810195339,17.54507915464615,0.6153846153846154,0.0024427587223590317
WFC-US,2025Q4,20254,Steven Alexopoulos,TD Cowen,917,7.02,5.0,0.06898822162956515,14.49522797340012,0.3333333333333333,0.001093156651129489
WMB-US,2025Q4,20254,Brandon Bingham,Scotiabank GBM,810,2.2358656,8.0,0.04229958265458643,23.640895187214635,0.4444444444444444,0.002377168712349849
WMB-US,2025Q4,20254,Elvira Scotto,RBC Capital Markets,1269,2.29,5.0,0.04103118337691572,24.371707508748173,0.3333333333333333,0.0018379906967631626
WMB-US,2025Q4,20254,Gabriel Moreen,Mizuho Securities USA,1802,2.35,6.0,0.036502524481625734,27.39536550419601,0.375,0.0023242721207448413
WMB-US,2025Q4,20254,James Carreker,U.S. Capital Advisors,1866,2.22,14.0,0.03840201114483675,26.04030284321327,0.5833333333333334,0.003436698479648892
WMB-US,2025Q4,20254,Jason Gabelman,TD Cowen,917,2.45,8.0,0.03693312152964931,27.075967548456912,0.4444444444444444,0.0027225763831312424
WMB-US,2025Q4,20254,Julien Dumoulin-Smith,Jefferies,512,2.26,8.0,0.05457005331468999,18.325069140638075,0.4444444444444444,0.0018426451565307668
WMB-US,2025Q4,20254,Praneeth Satish,Wells Fargo Securities,596,2.41,7.0,0.035249588952230106,28.36912513661337,0.4117647058823529,0.0026428570172569972
WMB-US,2025Q4,20254,Robert Catellier,CIBC Capital Markets,183,2.23,4.0,0.03134861505782395,31.899335844835708,0.2857142857142857,0.0020620168164143266
WMB-US,2025Q4,20254,Selman Akyol,Stifel Nicolaus,548,2.49,6.0,0.035720049868520704,27.995481632327678,0.375,0.0023751870532582302
WMB-US,2025Q4,20254,Sunil K. Sibal,Seaport Research Partners,1321,2.34,5.0,0.03013388614471646,33.18523190794412,0.3333333333333333,0.0025026620516775708
WMB-US,2025Q4,20254,William Selesky,Argus Research,376,2.42,12.0,0.022647543526503822,44.15489913198429,0.5454545454545454,0.005448990721032864
AMAT-US,2026Q1,20261,Blayne Curtis,Jefferies,512,9.75,29.0,0.03648259381474393,27.410331761988477,0.7435897435897436,0.0037737008958782254
AMAT-US,2026Q1,20261,Brian Chin,Stifel Nicolaus,548,9.69,8.0,0.054144717662209775,18.469022338220604,0.4444444444444444,0.001519781593919889
AMAT-US,2026Q1,20261,C.J. Muse,Cantor Fitzgerald,1190,9.91,33.0,0.05064297807980891,19.746074143271894,0.7674418604651163,0.0028057310585571068
AMAT-US,2026Q1,20261,Chandler B. Converse,Cleveland Research Company,2295,9.855999,25.0,0.057703678158591384,17.329917813065993,0.7142857142857143,0.002291860920904603
AMAT-US,2026Q1,20261,Charles Shi,Needham,477,10.1133,11.0,0.03731237581255352,26.800759217898854,0.5238095238095238,0.0025992034777122855
AMAT-US,2026Q1,20261,Craig A. Ellis,B Riley Securities,765,9.37,6.0,0.0442031762905889,22.622808673884947,0.375,0.0015707156913280804
AMAT-US,2026Q1,20261,James Kelleher,Argus Research,376,9.76,43.0,0.04265646584330507,23.443104819640137,0.8113207547169812,0.0035214984970223942
AMAT-US,2026Q1,20261,Jed Dorsheimer,William Blair,198,9.33,12.0,0.018942896642632916,52.79023682942968,0.5454545454545454,0.005331285833591904
AMAT-US,2026Q1,20261,Joe Quatrochi,Wells Fargo Securities,596,9.6335,18.0,0.03717608897211274,26.899010295304052,0.6428571428571429,0.0032016257696446627
AMAT-US,2026Q1,20261,Krish Sankar,TD Cowen,917,9.3128,32.0,0.04444308577771039,22.50068784606157,0.7619047619047619,0.0031740683504134547
AMAT-US,2026Q1,20261,Louis Miscioscia,Daiwa Securities Co. Ltd.,467,9.53,21.0,0.042039864880642784,23.786946100781808,0.6774193548387096,0.002983431572577216
AMAT-US,2026Q1,20261,Mark Lipacis,Evercore ISI,1772,9.79,28.0,0.04042635698182224,24.736337247742885,0.7368421052631579,0.003374656862525969
AMAT-US,2026Q1,20261,Mehdi Hosseini,Susquehanna Financial Group,974,10.08,25.0,0.0900684675933683,11.10266474738635,0.7142857142857143,0.0014683141447592424
AMAT-US,2026Q1,20261,Melissa Weathers,Deutsche Bank Research,77,9.670043,14.0,0.04340887632393473,23.036763092819825,0.5833333333333334,0.0024880439179015843
AMAT-US,2026Q1,20261,Pierre Ferragu,New Street Research,1634,9.72,55.0,0.04430150071247243,22.572598758905357,0.8461538461538461,0.003536312911255485
AMAT-US,2026Q1,20261,Srini Pajjuri,RBC Capital Markets,1269,9.51,18.0,0.05057331873708373,19.773272250506537,0.6428571428571429,0.0023534924628239324
AMAT-US,2026Q1,20261,Steve Barger,KeyBanc Capital Markets,618,9.71,14.0,0.04104012448187511,24.366397827122537,0.5833333333333334,0.0026316487116993573
AMAT-US,2026Q1,20261,Vijay Rakesh,Mizuho Securities USA,1802,9.76,57.0,0.061421653966348744,16.28090315750652,0.8507462686567164,0.002564474222508907
AMD-US,2026Q1,20261,Aaron Rakers,Wells Fargo Securities,596,6.16,45.0,0.07287758299945837,13.721640576464123,0.8181818181818182,0.002078622651058867
AMD-US,2026Q1,20261,Barney Yao,Haitong International Research,2898,6.73,24.0,0.03385531671615176,29.537458130554665,0.7058823529411765,0.0038603371448622486
AMD-US,2026Q1,20261,Ben Reitzes,Melius Research,3130,6.7,38.0,0.039420199916007266,25.367704936319523,0.7916666666666666,0.0037182906009496602
AMD-US,2026Q1,20261,Blayne Curtis,Jefferies,512,6.86,29.0,0.03648259381474393,27.410331761988477,0.7435897435897436,0.0037737008958782254
AMD-US,2026Q1,20261,C.J. Muse,Cantor Fitzgerald,1190,7.75,33.0,0.05064297807980891,19.746074143271894,0.7674418604651163,0.0028057310585571068
AMD-US,2026Q1,20261,Chandler B. Converse,Cleveland Research Company,2295,7.20185,25.0,0.057703678158591384,17.329917813065993,0.7142857142857143,0.002291860920904603
AMD-US,2026Q1,20261,Christopher Rolland,Susquehanna Financial Group,974,7.33,25.0,0.04571649260541683,21.87394401908935,0.7142857142857143,0.002892802956376891
AMD-US,2026Q1,20261,Cody Acree,"Benchmark, a StoneX Company",1124,6.75,16.0,0.04096184134921853,24.412965019676246,0.6153846153846154,0.0027815505410933423
AMD-US,2026Q1,20261,Dawei Wang,Bocom International,1746,6.653,14.0,0.03574243160769252,27.977950996058674,0.5833333333333334,0.003021707977401944
AMD-US,2026Q1,20261,Gary Mobley,Loop Capital Markets,1009,6.67,12.0,0.055151984464693916,18.131713839601908,0.5454545454545454,0.0018311217175279388
AMD-US,2026Q1,20261,Gil Luria,DA Davidson,556,7.18,24.0,0.026648903670979496,37.52499586273766,0.7058823529411765,0.004904251907847162
AMD-US,2026Q1,20261,Gus Richard,Northland Securities,1093,6.6,5.0,0.04373646654427306,22.864215585128058,0.3333333333333333,0.0014110904208685525
AMD-US,2026Q1,20261,Han Jing Wen,China International Capital,898,6.13,7.0,0.04634140718144174,21.57897355349339,0.4117647058823529,0.0016451279973565117
AMD-US,2026Q1,20261,James Kelleher,Argus Research,376,6.72,43.0,0.04265646584330507,23.443104819640137,0.8113207547169812,0.0035214984970223942
AMD-US,2026Q1,20261,John N. Vinh,KeyBanc Capital Markets,618,7.95,23.0,0.052867969408659767,18.915044613690046,0.696969696969697,0.00244084981458548
AMD-US,2026Q1,20261,Joshua Buchalter,TD Cowen,917,6.8524,23.0,0.04185373009411809,23.89273304317827,0.696969696969697,0.0030831845342925127
AMD-US,2026Q1,20261,Kevin Cassidy,Rosenblatt Securities,2623,7.0,20.0,0.05832066256472249,17.14658160630858,0.6666666666666666,0.0021164405982106596
AMD-US,2026Q1,20261,Kevin Rottinghaus,Edgewater Research,3222,7.22,11.0,0.054448633912892806,18.365933690821425,0.5238095238095238,0.0017811733739518587
AMD-US,2026Q1,20261,Ling Ji Cao,First Shanghai,1701,7.0,17.0,0.041528992751149046,24.079563065548502,0.6296296296296297,0.0028070719947984584
AMD-US,2026Q1,20261,Louis Miscioscia,Daiwa Securities Co. Ltd.,467,6.7,21.0,0.042039864880642784,23.786946100781808,0.6774193548387096,0.002983431572577216
AMD-US,2026Q1,20261,Mark Lipacis,Evercore ISI,1772,7.03,28.0,0.04042635698182224,24.736337247742885,0.7368421052631579,0.003374656862525969
AMD-US,2026Q1,20261,Matthew Bryson,Wedbush Securities,590,6.61,32.0,0.08165462711728863,12.246703405596365,0.7619047619047619,0.0017275860161496384
AMD-US,2026Q1,20261,Pierre Ferragu,New Street Research,1634,6.71,55.0,0.04430150071247243,22.572598758905357,0.8461538461538461,0.003536312911255485
AMD-US,2026Q1,20261,Purdy Ho,Huatai Research,1271,9.7,9.0,0.040209525629499115,24.869728860127736,0.47368421052631576,0.0021811209584908886
AMD-US,2026Q1,20261,Rick Schafer,Oppenheimer,498,6.78,25.0,0.04095316182394103,24.418139051119727,0.7142857142857143,0.003229269708958591
AMD-US,2026Q1,20261,Ross Seymore,Deutsche Bank Research,77,7.126418,35.0,0.041355440842199574,24.18061516538323,0.7777777777777778,0.003482111455267902
AMD-US,2026Q1,20261,Ruben Roy,Stifel Nicolaus,548,6.85,10.0,0.032120862794063065,31.132414045392053,0.5,0.0028820571872061624
AMD-US,2026Q1,20261,Siyu Cai,Mega Intl Invst Serv,1175,7.47,10.0,0.032630248462265324,30.646410834304017,0.5,0.002837065846493576
AMD-US,2026Q1,20261,Srini Pajjuri,RBC Capital Markets,1269,6.7,18.0,0.05057331873708373,19.773272250506537,0.6428571428571429,0.0023534924628239324
AMD-US,2026Q1,20261,Stefan Chang,Aletheia Capital,2859,7.4,4.0,0.03809251269018242,26.251878108784613,0.2857142857142857,0.0013887118031803301
AMD-US,2026Q1,20261,Vijay Rakesh,Mizuho Securities USA,1802,6.7437,57.0,0.061421653966348744,16.28090315750652,0.8507462686567164,0.002564474222508907
AMD-US,2026Q1,20261,William Stein,Truist Securities,852,6.6115,25.0,0.023727808285224555,42.14464260581142,0.7142857142857143,0.0055735786202590065
AMD-US,2026Q1,20261,sean Hao,Fubon Securities,1084,5.79,16.0,0.0528097546573404,18.93589558384746,0.6153846153846154,0.0021575073148585714
AMZN-US,2026Q1,20261,Andrew Boone,Citizens,805,7.92,10.0,0.03243950079006599,30.8266149492113,0.5,0.002853748091685851
AMZN-US,2026Q1,20261,Barney Yao,Haitong International Research,2898,8.47,24.0,0.03385531671615176,29.537458130554665,0.7058823529411765,0.0038603371448622486
AMZN-US,2026Q1,20261,Barton Crockett,Rosenblatt Securities,2623,8.09,14.0,0.032674287273004025,30.60510522064898,0.5833333333333334,0.003305449016173085
AMZN-US,2026Q1,20261,Benjamin Black,Deutsche Bank Research,77,7.66,5.0,0.037324003766900524,26.792409684804895,0.3333333333333333,0.0016535232760316136
AMZN-US,2026Q1,20261,Brad Erickson,RBC Capital Markets,1269,7.74,22.0,0.03700964748657514,27.01998175915454,0.6875,0.0034393592866333042
AMZN-US,2026Q1,20261,Brent Thill,Jefferies,512,7.88,13.0,0.029987384700935794,33.347356229061006,0.5652173913043478,0.003489769294874728
AMZN-US,2026Q1,20261,Brian J. Pitz,BMO Capital Markets,181,7.89,18.0,0.028166146307748538,35.5036144836363,0.6428571428571429,0.004225779528631337
AMZN-US,2026Q1,20261,Brian J. White,"Monness, Crespi, Hardt",1080,7.92,16.0,0.0314967119284884,31.74934584506619,0.6153846153846154,0.003617438932285607
AMZN-US,2026Q1,20261,Daniel L. Kurnos,"Benchmark, a StoneX Company",1124,6.91,4.0,0.027273163838173374,36.66607973807322,0.2857142857142857,0.0019396180912319044
AMZN-US,2026Q1,20261,Daniel Salmon,New Street Research,1634,7.4,13.0,0.03506017644960531,28.522389253727145,0.5652173913043478,0.0029848410635737116
AMZN-US,2026Q1,20261,Daryl Boehringer,Edgewater Research,3222,7.92,4.0,0.027480528689986548,36.3894017935828,0.2857142857142857,0.001924981960224388
AMZN-US,2026Q1,20261,Deepak Mathivanan,Cantor Fitzgerald,1190,7.32,12.0,0.03151932602925217,31.726566712496613,0.5454545454545454,0.003204065861825174
AMZN-US,2026Q1,20261,Dylan Carden,William Blair,198,7.12,4.0,0.024432885476311422,40.92844461492429,0.2857142857142857,0.002165095155745762
AMZN-US,2026Q1,20261,Ella Ji,China Renaissance Securities (US),2903,7.67,15.0,0.034483768905852585,28.999150375070517,0.6,0.0032214865049457206
AMZN-US,2026Q1,20261,Gil Luria,DA Davidson,556,7.79,24.0,0.026648903670979496,37.52499586273766,0.7058823529411765,0.004904251907847162
AMZN-US,2026Q1,20261,Helena Wang,Phillip Securities,651,7.56,8.0,0.026562475092089463,37.64709412556997,0.4444444444444444,0.0030979095519423805
AMZN-US,2026Q1,20261,Irene Weng,Fubon Securities,1084,7.13,12.0,0.030270727422404595,33.03521537641872,0.5454545454545454,0.0033362262858380376
AMZN-US,2026Q1,20261,James Kelleher,Argus Research,376,8.34,43.0,0.04265646584330507,23.443104819640137,0.8113207547169812,0.0035214984970223942
AMZN-US,2026Q1,20261,Jason Helfstein,Oppenheimer,498,8.14,14.0,0.03481125122106211,28.72634464213003,0.5833333333333334,0.0031025368790927547
AMZN-US,2026Q1,20261,John Blackledge,TD Cowen,917,8.22,22.0,0.03821312997740385,26.169015743837758,0.6875,0.003331040269489723
AMZN-US,2026Q1,20261,Joseph Feldman,Telsey Advisory Group,2252,7.65,4.0,0.027345719578894423,36.5687945096828,0.2857142857142857,0.0019344717491537862
AMZN-US,2026Q1,20261,Josh J. Beck,Raymond James,402,7.35,18.0,0.03523739674082272,28.378940911985545,0.6428571428571429,0.003377772919582025
AMZN-US,2026Q1,20261,Justin Patterson,KeyBanc Capital Markets,618,7.64,9.0,0.03528948481419653,28.337052956854503,0.47368421052631576,0.0024852116584653475
AMZN-US,2026Q1,20261,Kadambari Daptardar,ARC Independent Research,940,7.63,6.0,0.026719526634518483,37.42581272783919,0.375,0.002598497479235772
AMZN-US,2026Q1,20261,Ken Gawrelski,Wells Fargo Securities,596,8.0,22.0,0.04000038600761568,24.999758747568332,0.6875,0.003182206160554113
AMZN-US,2026Q1,20261,Laura Martin,Needham,477,7.65,15.0,0.02935413331787668,34.06675268422929,0.6,0.0037844413584582895
AMZN-US,2026Q1,20261,Lloyd Walmsley,Mizuho Securities USA,1802,7.58,4.0,0.031504589089904625,31.74140748658237,0.2857142857142857,0.0016791052831920297
AMZN-US,2026Q1,20261,Lulu Xia,Huatai Research,1271,7.82,13.0,0.03429509960211786,29.158684815082037,0.5652173913043478,0.0030514287923648254
AMZN-US,2026Q1,20261,Lun Ke Zhang,Guosen Securities,1894,8.2,28.0,0.03244254943123355,30.823718158144064,0.7368421052631579,0.004205128308575216
AMZN-US,2026Q1,20261,Maria Ripps,Canaccord Genuity,466,7.39,19.0,0.0359415582993813,27.822945006177264,0.6551724137931034,0.0033750366432924927
AMZN-US,2026Q1,20261,Mark Kelley,Stifel Nicolaus,548,7.06,12.0,0.03053458387040929,32.74975038939661,0.5454545454545454,0.0033073971777926453
AMZN-US,2026Q1,20261,Mark Mahaney,Evercore ISI,1772,7.6,10.0,0.03400602206455895,29.40655622999784,0.5,0.0027222873436694374
AMZN-US,2026Q1,20261,Michael Morton,MoffettNathanson Research,3177,7.63,9.0,0.030307857895406284,32.99474358930423,0.47368421052631576,0.0028936996928037566
AMZN-US,2026Q1,20261,Nathaniel Schindler,Scotiabank GBM,810,7.7765,11.0,0.03274965055317278,30.534676954075785,0.5238095238095238,0.002961327993904388
AMZN-US,2026Q1,20261,Rob Sanderson,Loop Capital Markets,1009,7.76,10.0,0.03181439277262602,31.432314523394815,0.5,0.0029098202230829883
AMZN-US,2026Q1,20261,Saiyi He,CMB International,2157,7.69,17.0,0.034230253841100254,29.21392300045699,0.6296296296296297,0.0034056093497024337
AMZN-US,2026Q1,20261,Satoshi Tanaka,Daiwa Securities Co. Ltd.,467,7.95,21.0,0.03291716476502712,30.37928713296873,0.6774193548387096,0.0038102631586620023
AMZN-US,2026Q1,20261,Scott Bender,Cleveland Research Company,2295,7.741792,9.0,0.030712508401176446,32.56002365347973,0.47368421052631576,0.002855573954946567
AMZN-US,2026Q1,20261,Shyam Patil,Susquehanna Financial Group,974,6.47,8.0,0.02567604413111404,38.946809519937204,0.4444444444444444,0.003204860721177035
AMZN-US,2026Q1,20261,Thomas Champion,Piper Sandler Companies,570,7.73,22.0,0.0385601562577206,25.933504867469974,0.6875,0.0033010622137323673
AMZN-US,2026Q1,20261,Tom Forte,Maxim Group,1063,6.96,17.0,0.02628026732252564,38.05136331862457,0.6296296296296297,0.004435832828230735
AMZN-US,2026Q1,20261,Tommy Wong,China Merchants Securities,1788,8.0,10.0,0.03107276648478737,32.18252228972212,0.5,0.0029792700794831063
AMZN-US,2026Q1,20261,Ye Tao,China International Capital,898,8.73,7.0,0.02882484851287384,34.69228986765974,0.4117647058823529,0.0026448550581987785
AMZN-US,2026Q1,20261,Yong-Jei Jeong,Mirae Asset Securities,484,7.8,6.0,0.030016373316225198,33.31515068342567,0.375,0.0023130916541685928
AMZN-US,2026Q1,20261,Youssef Squali,Truist Securities,852,7.23,22.0,0.03625123009904899,27.585270824402564,0.6875,0.003511314634846459
BJ-US,2026Q1,20261,Greg Melich,Evercore ISI,1772,4.6,4.0,0.03498443663139518,28.584139014049345,0.2857142857142857,0.0015120872902146603
BJ-US,2026Q1,20261,Jacob Aiken-Phillips,Melius Research,3130,4.64,5.0,0.0291007523997728,34.36337268062552,0.3333333333333333,0.00212077365338992
BJ-US,2026Q1,20261,Michael Baker,DA Davidson,556,4.91,10.0,0.046150039959081124,21.668453611018514,0.5,0.0020059389668345517
BJ-US,2026Q1,20261,Oliver Chen,TD Cowen,917,4.77,4.0,0.035137986829617426,28.459228607744564,0.2857142857142857,0.0015054795894301036
BJ-US,2026Q1,20261,Rupesh Parikh,Oppenheimer,498,4.6,4.0,0.034503217867486655,28.982803976156898,0.2857142857142857,0.0015331764761425783
BJ-US,2026Q1,20261,Scott Bender,Cleveland Research Company,2295,4.7908945,9.0,0.030712508401176446,32.56002365347973,0.47368421052631576,0.002855573954946567
BJ-US,2026Q1,20261,Scott Mushkin,R5 Capital,3399,4.68,4.0,0.03991630908542755,25.052416491209982,0.2857142857142857,0.0013252608569704941
CME-US,2026Q1,20261,Ashish Sabadra,RBC Capital Markets,1269,11.75,6.0,0.03419591116308925,29.243262307903954,0.375,0.002030377909073296
CME-US,2026Q1,20261,Bill Katz,TD Cowen,917,12.35,10.0,0.045792466409423624,21.83765318642479,0.5,0.0020216024759880952
CME-US,2026Q1,20261,Brian Bedell,Deutsche Bank Research,77,12.43,25.0,0.061666315041783305,16.216308682015928,0.7142857142857143,0.0021445874441260865
CME-US,2026Q1,20261,Daniel T. Fannon,Jefferies,512,12.220789,20.0,0.050084340687909054,19.966320535819925,0.6666666666666666,0.002464487228366795
CME-US,2026Q1,20261,Kevin Heal,Argus Research,376,11.99,4.0,0.0339446209127444,29.459748646789368,0.2857142857142857,0.0015584066212326404
CME-US,2026Q1,20261,Patrick Moley,Piper Sandler Companies,570,12.43,5.0,0.03294001721766267,30.358211211370982,0.3333333333333333,0.001873590671657847
CME-US,2026Q1,20261,Patrick O'Shaughnessy,Raymond James,402,12.3468,10.0,0.03745456683760315,26.699013883562873,0.5,0.002471638875875373
CMG-US,2026Q1,20261,Alton Stump,Loop Capital Markets,1009,1.15,4.0,0.02286549165823315,43.734025707683884,0.2857142857142857,0.00231350905444473
CMG-US,2026Q1,20261,Andrew M. Charles,TD Cowen,917,1.1251,11.0,0.025707307931473633,38.89944457294547,0.5238095238095238,0.003772563709596391
CMG-US,2026Q1,20261,Andrew Strelzik,BMO Capital Markets,181,1.11,4.0,0.025489117846069397,39.23242875799278,0.2857142857142857,0.0020753767276339976
CMG-US,2026Q1,20261,Andy Barish,Jefferies,512,1.14,5.0,0.02450041747366386,40.81563104281493,0.3333333333333333,0.002518981933658963
CMG-US,2026Q1,20261,Brian Bittner,Oppenheimer,498,1.1,5.0,0.024027445257973838,41.619073075117555,0.3333333333333333,0.0025685672496862854
CMG-US,2026Q1,20261,Brian Mullan,Piper Sandler Companies,570,1.18,7.0,0.02336506369446863,42.79894174809105,0.4117647058823529,0.003262886307009561
CMG-US,2026Q1,20261,Brian Vaccaro,Raymond James,402,1.0714,5.0,0.02269041986621328,44.07146301814495,0.3333333333333333,0.0027199192146796186
CMG-US,2026Q1,20261,Chris O'Cull,Stifel Nicolaus,548,1.15,4.0,0.023578162236368324,42.412126525176845,0.2857142857142857,0.0022435812195768824
CMG-US,2026Q1,20261,David Palmer,Evercore ISI,1772,1.15,5.0,0.02419901633762968,41.323993754448246,0.3333333333333333,0.0025503561021731516
CMG-US,2026Q1,20261,Gregory Paul Francfort,Guggenheim Securities,1515,1.12,8.0,0.0212158361195418,47.134602396315884,0.4444444444444444,0.0038786190111649824
CMG-US,2026Q1,20261,Jacob Aiken-Phillips,Melius Research,3130,1.13,5.0,0.0291007523997728,34.36337268062552,0.3333333333333333,0.00212077365338992
CMG-US,2026Q1,20261,Jeff Farmer,Gordon Haskett,2467,1.14,8.0,0.022097408049884866,45.25417631527198,0.4444444444444444,0.0037238822365614176
CMG-US,2026Q1,20261,Jim Salera,Stephens Inc,472,1.15,4.0,0.024388792229122574,41.00244040809464,0.2857142857142857,0.0021690094978334224
CMG-US,2026Q1,20261,John Staszak,Argus Research,376,1.2,4.0,0.027328268449240953,36.592146401715226,0.2857142857142857,0.001935707053079762
CMG-US,2026Q1,20261,Lauren Silberman,Deutsche Bank Research,77,1.134022,10.0,0.025841874049280227,38.69688390605916,0.5,0.0035823316566884564
CMG-US,2026Q1,20261,Logan Reich,RBC Capital Markets,1269,1.13,5.0,0.02411663506993196,41.46515453338579,0.3333333333333333,0.002559067996190223
CMG-US,2026Q1,20261,Mark Kalinowski,Kalinowski Equity Research,3202,1.12,5.0,0.024056809738661318,41.56827155651133,0.3333333333333333,0.002565431977627468
CMG-US,2026Q1,20261,Peter Saleh,BTIG,1538,1.1067,4.0,0.0253965959667723,39.37535570941683,0.2857142857142857,0.0020829374950431965
CMG-US,2026Q1,20261,Sharon Zackfia,William Blair,198,1.11,5.0,0.024701936535229403,40.482656028761966,0.3333333333333333,0.0024984320114029676
CMG-US,2026Q1,20261,Steven Gojak,Cleveland Research Company,2295,1.1255789,8.0,0.023504543397039737,42.544966013930065,0.4444444444444444,0.0035009463456064944
CMG-US,2026Q1,20261,Zachary Fadem,Wells Fargo Securities,596,1.1526933,6.0,0.024068142929752716,41.54869791652323,0.375,0.0028847519648198595
FCX-US,2026Q1,20261,Alexandra Yates,Argus Research,376,2.7,4.0,0.04672500067886505,21.40181884368225,0.2857142857142857,0.0011321459864543284
FCX-US,2026Q1,20261,Brian Macarthur,Raymond James,402,2.99,4.0,0.04336575339905885,23.059670860502163,0.2857142857142857,0.0012198455656670523
FCX-US,2026Q1,20261,Christopher LaFemina,Jefferies,512,2.69,8.0,0.05637770357714214,17.73750856367696,0.4444444444444444,0.001459586682143232
FCX-US,2026Q1,20261,Katja Jancic,BMO Capital Markets,181,3.19,8.0,0.04806002576886066,20.80731302162401,0.4444444444444444,0.001712195197455182
FCX-US,2026Q1,20261,Liam Fitzpatrick,Deutsche Bank Research,77,3.01,9.0,0.05767813024185507,17.337593916564476,0.47368421052631576,0.0015205388717305333
FCX-US,2026Q1,20261,Orest Wowkodaw,Scotiabank GBM,810,2.36,11.0,0.041303715286147444,24.21089708449019,0.5238095238095238,0.0023480322847911727
FCX-US,2026Q1,20261,Sam Crittenden,RBC Capital Markets,1269,3.82,8.0,0.03881540361571741,25.762967967569267,0.4444444444444444,0.002119986851758378
FCX-US,2026Q1,20261,Timna Tanners,Wells Fargo Securities,596,2.85,4.0,0.04137789363287235,24.16749409413044,0.2857142857142857,0.0012784488851705883
FCX-US,2026Q1,20261,Tingshuai Feng,China International Capital,898,3.26,5.0,0.0474929606653309,21.055751968101326,0.3333333333333333,0.0012994790831878673
LH-US,2026Q1,20261,Andrew F. Brackmann,William Blair,198,17.85,4.0,0.05746155621461865,17.402939737047923,0.2857142857142857,0.000920607193234958
LH-US,2026Q1,20261,Ann Hynes,Mizuho Securities USA,1802,17.6,8.0,0.06275333053049603,15.93540918938212,0.4444444444444444,0.001311295266966368
LH-US,2026Q1,20261,David S. MacDonald,Truist Securities,852,17.85,6.0,0.062340313030973794,16.04098457932269,0.375,0.001113735546558336
LH-US,2026Q1,20261,David Toung,Argus Research,376,17.9,4.0,0.05870804351926625,17.033441076465603,0.2857142857142857,0.0009010608907158143
LH-US,2026Q1,20261,David Westenberg,Piper Sandler Companies,570,17.58,6.0,0.06097005699811923,16.40149360580141,0.375,0.0011387659127218975
LH-US,2026Q1,20261,Elizabeth Anderson,Evercore ISI,1772,17.71,9.0,0.06692903360978027,14.941198849969217,0.47368421052631576,0.0013103706172243506
LH-US,2026Q1,20261,Jack Meehan,Nephron Research,3154,17.9,10.0,0.06891224815153615,14.511208483592457,0.5,0.0013433629863783346
LH-US,2026Q1,20261,Michael Cherny,Leerink Partners,1079,17.95,8.0,0.06435915743096124,15.537804407596708,0.4444444444444444,0.0012785771069064554
LH-US,2026Q1,20261,Pito Chickering,Deutsche Bank Research,77,17.9,7.0,0.0630826337476201,15.852223355175411,0.4117647058823529,0.0012085346134420728
LH-US,2026Q1,20261,Tycho Peterson,Jefferies,512,17.93,5.0,0.05951483766579828,16.802532598936676,0.3333333333333333,0.0010369869330707825
LLY-US,2026Q1,20261,Akash Tewari,Jefferies,512,34.4354,8.0,0.031204485702213087,32.0466746205363,0.4444444444444444,0.0026370614179095243
LLY-US,2026Q1,20261,Carter Gould,Cantor Fitzgerald,1190,35.05,8.0,0.03418793392948135,29.25008577770966,0.4444444444444444,0.0024069353088358413
LLY-US,2026Q1,20261,David Risinger,Leerink Partners,1079,33.09,22.0,0.035966248245818296,27.80384523749339,0.6875,0.0035391368570886947
LLY-US,2026Q1,20261,James Shin,Deutsche Bank Research,77,34.36,9.0,0.031187639497359285,32.0639848387587,0.47368421052631576,0.0028120704386397364
LLY-US,2026Q1,20261,Jasper Hellweg,Argus Research,376,33.7,8.0,0.03184161579491749,31.405441433647926,0.4444444444444444,0.0025842955282486084
LLY-US,2026Q1,20261,Louise Chen,Scotiabank GBM,810,32.98,8.0,0.026360897540459016,37.93497541065088,0.4444444444444444,0.0031215987689614403
LLY-US,2026Q1,20261,Mohit Bansal,Wells Fargo Securities,596,33.92,21.0,0.03837666285763161,26.057502803455442,0.6774193548387096,0.003268211742565523
LLY-US,2026Q1,20261,Narumi Nakagiri,Daiwa Securities Co. Ltd.,467,34.45,18.0,0.029851056739370843,33.49965157786493,0.6428571428571429,0.003987259999098696
LLY-US,2026Q1,20261,Seamus Fernandez,Guggenheim Securities,1515,33.48,11.0,0.033046452768838226,30.26043391086649,0.5238095238095238,0.0029347312297660073
LLY-US,2026Q1,20261,Srikripa Devarakonda,Truist Securities,852,34.63,8.0,0.029980796245235312,33.354684506050255,0.4444444444444444,0.0027446951254369413
LLY-US,2026Q1,20261,Steve Scala,TD Cowen,917,34.48,11.0,0.028363742819546,35.25627793067143,0.5238095238095238,0.003419240457464041
LNG-US,2026Q1,20261,Ameet Thakkar,BMO Capital Markets,181,14.14,4.0,0.025536030006463976,39.16035498653739,0.2857142857142857,0.0020715640595763045
LNG-US,2026Q1,20261,Brandon Bingham,Scotiabank GBM,810,15.02,10.0,0.038028073911289276,26.296362059587064,0.5,0.0024343637200991727
LNG-US,2026Q1,20261,Elvira Scotto,RBC Capital Markets,1269,16.53,7.0,0.0358197233362965,27.91758022839583,0.4117647058823529,0.002128367817789246
LNG-US,2026Q1,20261,Gabriel Moreen,Mizuho Securities USA,1802,16.03,8.0,0.0337646072330854,29.616811269171702,0.4444444444444444,0.002437112469366523
LNG-US,2026Q1,20261,James Carreker,U.S. Capital Advisors,1866,13.51,16.0,0.035617570097483064,28.0760309381876,0.6153846153846154,0.0031989108649820523
LNG-US,2026Q1,20261,Jason Gabelman,TD Cowen,917,16.6159,10.0,0.03343369735979826,29.909943529082483,0.5,0.002768888001786084
LNG-US,2026Q1,20261,Michael Blum,Wells Fargo Securities,596,13.22,11.0,0.039576559511979977,25.26748187136621,0.5238095238095238,0.0024505024734234396
LNG-US,2026Q1,20261,William Selesky,Argus Research,376,14.38,15.0,0.021985719802599703,45.48406915846144,0.6,0.005052779584534469
META-US,2026Q1,20261,Andrew Boone,Citizens,805,29.04,10.0,0.03243950079006599,30.8266149492113,0.5,0.002853748091685851
META-US,2026Q1,20261,Barney Yao,Haitong International Research,2898,34.88,24.0,0.03385531671615176,29.537458130554665,0.7058823529411765,0.0038603371448622486
META-US,2026Q1,20261,Barton Crockett,Rosenblatt Securities,2623,27.28,14.0,0.032674287273004025,30.60510522064898,0.5833333333333334,0.003305449016173085
META-US,2026Q1,20261,Benjamin Black,Deutsche Bank Research,77,30.34,5.0,0.037324003766900524,26.792409684804895,0.3333333333333333,0.0016535232760316136
META-US,2026Q1,20261,Brad Erickson,RBC Capital Markets,1269,30.36,22.0,0.03700964748657514,27.01998175915454,0.6875,0.0034393592866333042
META-US,2026Q1,20261,Brent Thill,Jefferies,512,28.91,13.0,0.029987384700935794,33.347356229061006,0.5652173913043478,0.003489769294874728
META-US,2026Q1,20261,Brian J. Pitz,BMO Capital Markets,181,29.44,18.0,0.028166146307748538,35.5036144836363,0.6428571428571429,0.004225779528631337
META-US,2026Q1,20261,Brian J. White,"Monness, Crespi, Hardt",1080,29.79,16.0,0.0314967119284884,31.74934584506619,0.6153846153846154,0.003617438932285607
META-US,2026Q1,20261,Daniel Salmon,New Street Research,1634,30.58,13.0,0.03506017644960531,28.522389253727145,0.5652173913043478,0.0029848410635737116
META-US,2026Q1,20261,David Heasman,ARC Independent Research,940,29.98,4.0,0.03833145840493455,26.088232527861926,0.2857142857142857,0.0013800550301744554
META-US,2026Q1,20261,Deepak Mathivanan,Cantor Fitzgerald,1190,28.82,12.0,0.03151932602925217,31.726566712496613,0.5454545454545454,0.003204065861825174
META-US,2026Q1,20261,Ella Ji,China Renaissance Securities (US),2903,26.43,15.0,0.034483768905852585,28.999150375070517,0.6,0.0032214865049457206
META-US,2026Q1,20261,Gil Luria,DA Davidson,556,29.97,24.0,0.026648903670979496,37.52499586273766,0.7058823529411765,0.004904251907847162
META-US,2026Q1,20261,Hui Ting Tang,Mega Intl Invst Serv,1175,29.76,6.0,0.029984938638118647,33.35007658574096,0.375,0.0023155165813114253
META-US,2026Q1,20261,Irene Weng,Fubon Securities,1084,29.08,12.0,0.030270727422404595,33.03521537641872,0.5454545454545454,0.0033362262858380376
META-US,2026Q1,20261,Jason Helfstein,Oppenheimer,498,28.1,14.0,0.03481125122106211,28.72634464213003,0.5833333333333334,0.0031025368790927547
META-US,2026Q1,20261,John Blackledge,TD Cowen,917,30.49,22.0,0.03821312997740385,26.169015743837758,0.6875,0.003331040269489723
META-US,2026Q1,20261,Joseph Bonner,Argus Research,376,30.07,6.0,0.033777730757951235,29.60530436949502,0.375,0.0020555147148191852
META-US,2026Q1,20261,Josh J. Beck,Raymond James,402,31.47,18.0,0.03523739674082272,28.378940911985545,0.6428571428571429,0.003377772919582025
META-US,2026Q1,20261,Justin Patterson,KeyBanc Capital Markets,618,29.33,9.0,0.03528948481419653,28.337052956854503,0.47368421052631576,0.0024852116584653475
META-US,2026Q1,20261,Ken Gawrelski,Wells Fargo Securities,596,30.39,22.0,0.04000038600761568,24.999758747568332,0.6875,0.003182206160554113
META-US,2026Q1,20261,Laura Martin,Needham,477,29.26,15.0,0.02935413331787668,34.06675268422929,0.6,0.0037844413584582895
META-US,2026Q1,20261,Lloyd Walmsley,Mizuho Securities USA,1802,31.45,4.0,0.031504589089904625,31.74140748658237,0.2857142857142857,0.0016791052831920297
META-US,2026Q1,20261,Lulu Xia,Huatai Research,1271,30.07,13.0,0.03429509960211786,29.158684815082037,0.5652173913043478,0.0030514287923648254
META-US,2026Q1,20261,Lun Ke Zhang,Guosen Securities,1894,30.8,28.0,0.03244254943123355,30.823718158144064,0.7368421052631579,0.004205128308575216
META-US,2026Q1,20261,Maria Ripps,Canaccord Genuity,466,28.52,19.0,0.0359415582993813,27.822945006177264,0.6551724137931034,0.0033750366432924927
META-US,2026Q1,20261,Mark Kelley,Stifel Nicolaus,548,28.71,12.0,0.03053458387040929,32.74975038939661,0.5454545454545454,0.0033073971777926453
META-US,2026Q1,20261,Mark Mahaney,Evercore ISI,1772,28.88,10.0,0.03400602206455895,29.40655622999784,0.5,0.0027222873436694374
META-US,2026Q1,20261,Mark Zgutowicz,"Benchmark, a StoneX Company",1124,31.04,4.0,0.035022986149321776,28.55267668314928,0.2857142857142857,0.0015104229479494923
META-US,2026Q1,20261,Michael Morris,Guggenheim Securities,1515,30.57,8.0,0.03822992744049671,26.15751760336083,0.4444444444444444,0.0021524536095208027
META-US,2026Q1,20261,Michael Nathanson,MoffettNathanson Research,3177,30.54,11.0,0.04254708079389864,23.5033751162407,0.5238095238095238,0.002279415065947472
META-US,2026Q1,20261,Nathaniel Schindler,Scotiabank GBM,810,30.9872,11.0,0.03274965055317278,30.534676954075785,0.5238095238095238,0.002961327993904388
META-US,2026Q1,20261,Ralph Schackart,William Blair,198,29.11,4.0,0.03426108799784218,29.18763117105276,0.2857142857142857,0.0015440117368422316
META-US,2026Q1,20261,Rob Sanderson,Loop Capital Markets,1009,29.55,10.0,0.03181439277262602,31.432314523394815,0.5,0.0029098202230829883
META-US,2026Q1,20261,Ross Walthall,Cleveland Research Company,2295,29.895,4.0,0.0381042475930573,26.243793360774898,0.2857142857142857,0.0013882841238752417
META-US,2026Q1,20261,Saiyi He,CMB International,2157,29.33,17.0,0.034230253841100254,29.21392300045699,0.6296296296296297,0.0034056093497024337
META-US,2026Q1,20261,Satoshi Tanaka,Daiwa Securities Co. Ltd.,467,28.44,21.0,0.03291716476502712,30.37928713296873,0.6774193548387096,0.0038102631586620023
META-US,2026Q1,20261,Shyam Patil,Susquehanna Financial Group,974,28.16,8.0,0.02567604413111404,38.946809519937204,0.4444444444444444,0.003204860721177035
META-US,2026Q1,20261,Thomas Champion,Piper Sandler Companies,570,29.03,22.0,0.0385601562577206,25.933504867469974,0.6875,0.0033010622137323673
META-US,2026Q1,20261,Tommy Wong,China Merchants Securities,1788,30.9,10.0,0.03107276648478737,32.18252228972212,0.5,0.0029792700794831063
META-US,2026Q1,20261,Vincent Bai,China International Capital,898,30.11,4.0,0.03579023823428515,27.9405795919529,0.2857142857142857,0.0014780433044163956
META-US,2026Q1,20261,Xiao Yu Han,First Shanghai,1701,31.9,20.0,0.03442931997909432,29.04501165306796,0.6666666666666666,0.003585090209201693
META-US,2026Q1,20261,Youssef Squali,Truist Securities,852,28.43,22.0,0.03625123009904899,27.585270824402564,0.6875,0.003511314634846459
MLM-US,2026Q1,20261,Adam R. Thalhimer,Thompson Davis & Co,1020,19.16,12.0,0.03277402700905549,30.51196606763335,0.5454545454545454,0.0030814033469295943
MLM-US,2026Q1,20261,Brian Brophy,Stifel Nicolaus,548,19.55,13.0,0.03240220719281481,30.86209510510599,0.5652173913043478,0.003229689068407903
MLM-US,2026Q1,20261,David S. MacGregor,Longbow Research,1069,20.13,7.0,0.034046481568494276,29.371610631430823,0.4117647058823529,0.002239219528094678
MLM-US,2026Q1,20261,Garik Shmois,Loop Capital Markets,1009,20.4,5.0,0.03034817729900574,32.95090806105056,0.3333333333333333,0.002033601832993231
MLM-US,2026Q1,20261,Kathryn I. Thompson,Thompson Research Group,2702,19.77,6.0,0.03596367480203013,27.805834790374384,0.375,0.001930576421579978
MLM-US,2026Q1,20261,Michael S. Dudas,Vertical Research Partners,2963,20.553076,4.0,0.0310889406398229,32.16577919413135,0.2857142857142857,0.001701554343665606
MLM-US,2026Q1,20261,Patrick Tyler Brown,Raymond James,402,17.9,13.0,0.05336322506257028,18.739497075513416,0.5652173913043478,0.00196107064818922
MLM-US,2026Q1,20261,Philip Ng,Jefferies,512,18.946184,6.0,0.030576690478339736,32.7046512999303,0.375,0.0022707043018718263
MLM-US,2026Q1,20261,Rohit Seth,B Riley Securities,765,18.37,6.0,0.03295370239715907,30.3456039005259,0.375,0.0021069141721737146
MLM-US,2026Q1,20261,Timna Tanners,Wells Fargo Securities,596,20.1,4.0,0.04137789363287235,24.16749409413044,0.2857142857142857,0.0012784488851705883
MLM-US,2026Q1,20261,Trey Grooms,Stephens Inc,472,17.93,6.0,0.02919958131899315,34.24706639028212,0.375,0.0023777951419121043
MSFT-US,2026Q1,20261,Barney Yao,Haitong International Research,2898,19.38,24.0,0.03385531671615176,29.537458130554665,0.7058823529411765,0.0038603371448622486
MSFT-US,2026Q1,20261,Ben Reitzes,Melius Research,3130,18.62,38.0,0.039420199916007266,25.367704936319523,0.7916666666666666,0.0037182906009496602
MSFT-US,2026Q1,20261,Brad Zelnick,Deutsche Bank Research,77,19.1,6.0,0.031708142261972785,31.53764076551683,0.375,0.002189678033879541
MSFT-US,2026Q1,20261,Dan Ives,Wedbush Securities,590,19.01,14.0,0.016984016671323956,58.8788870943829,0.5833333333333334,0.006359107672277662
MSFT-US,2026Q1,20261,Ella Ji,China Renaissance Securities (US),2903,18.83,15.0,0.034483768905852585,28.999150375070517,0.6,0.0032214865049457206
MSFT-US,2026Q1,20261,Gil Luria,DA Davidson,556,18.8471,24.0,0.026648903670979496,37.52499586273766,0.7058823529411765,0.004904251907847162
MSFT-US,2026Q1,20261,Gregg Moskowitz,Mizuho Securities USA,1802,19.22,6.0,0.032723258157968636,30.55930418580535,0.375,0.0021217515160317827
MSFT-US,2026Q1,20261,Hui Ting Tang,Mega Intl Invst Serv,1175,18.01,6.0,0.029984938638118647,33.35007658574096,0.375,0.0023155165813114253
MSFT-US,2026Q1,20261,Irene Weng,Fubon Securities,1084,19.3,12.0,0.030270727422404595,33.03521537641872,0.5454545454545454,0.0033362262858380376
MSFT-US,2026Q1,20261,Jackson Ader,KeyBanc Capital Markets,618,18.42,7.0,0.030087898399292257,33.23595376217843,0.4117647058823529,0.002533827566796131
MSFT-US,2026Q1,20261,Jason Ader,William Blair,198,19.18,4.0,0.030315232031397226,32.98671766603365,0.2857142857142857,0.0017449815964088698
MSFT-US,2026Q1,20261,John DiFucci,Guggenheim Securities,1515,19.25,6.0,0.03138603739644265,31.861301487945777,0.375,0.0022121499993509454
MSFT-US,2026Q1,20261,Joseph Bonner,Argus Research,376,18.06,6.0,0.033777730757951235,29.60530436949502,0.375,0.0020555147148191852
MSFT-US,2026Q1,20261,Kirk Materne,Evercore ISI,1772,19.27,5.0,0.030324797994157198,32.976312000253856,0.3333333333333333,0.0020351696652737058
MSFT-US,2026Q1,20261,Lun Ke Zhang,Guosen Securities,1894,19.7,28.0,0.03244254943123355,30.823718158144064,0.7368421052631579,0.004205128308575216
MSFT-US,2026Q1,20261,Michael Turrin,Wells Fargo Securities,596,19.42,4.0,0.0294037350500942,34.009284816923156,0.2857142857142857,0.0017990749098891559
MSFT-US,2026Q1,20261,Rong Jin,Huaan Securities,3624,19.53,32.0,0.0316121843391278,31.633372413378467,0.7619047619047619,0.004462374078564955
MSFT-US,2026Q1,20261,Satoshi Tanaka,Daiwa Securities Co. Ltd.,467,18.94,21.0,0.03291716476502712,30.37928713296873,0.6774193548387096,0.0038102631586620023
MSFT-US,2026Q1,20261,Ye Tao,China International Capital,898,19.52,7.0,0.02882484851287384,34.69228986765974,0.4117647058823529,0.0026448550581987785
MSFT-US,2026Q1,20261,Yun Kim,Loop Capital Markets,1009,19.02,4.0,0.02938926169195875,34.02603340231619,0.2857142857142857,0.0017999609020503831
MTZ-US,2026Q1,20261,Adam R. Thalhimer,Thompson Davis & Co,1020,8.38,12.0,0.03277402700905549,30.51196606763335,0.5454545454545454,0.0030814033469295943
MTZ-US,2026Q1,20261,Brian Brophy,Stifel Nicolaus,548,8.3,13.0,0.03240220719281481,30.86209510510599,0.5652173913043478,0.003229689068407903
MTZ-US,2026Q1,20261,Jamie Cook,Truist Securities,852,8.4,8.0,0.040025164157173165,24.984282289839992,0.4444444444444444,0.002055910251557785
MTZ-US,2026Q1,20261,Julien Dumoulin-Smith,Jefferies,512,8.41,11.0,0.04961218110458738,20.156340191774703,0.5238095238095238,0.001954811395395987
MTZ-US,2026Q1,20261,Liam Burke,B Riley Securities,765,8.44,4.0,0.0314402635495047,31.80634915561176,0.2857142857142857,0.0016825406664406348
MTZ-US,2026Q1,20261,Marc Bianchi,TD Cowen,917,9.17,11.0,0.057895809997051725,17.272407105987874,0.5238095238095238,0.0016751204789886452
MTZ-US,2026Q1,20261,Sangita Jain,KeyBanc Capital Markets,618,8.4,12.0,0.04181065631841744,23.917347586804173,0.5454545454545454,0.002415412849512692
MU-US,2026Q1,20261,Aaron Rakers,Wells Fargo Securities,596,37.61,45.0,0.07287758299945837,13.721640576464123,0.8181818181818182,0.002078622651058867
MU-US,2026Q1,20261,Barney Yao,Haitong International Research,2898,28.42,24.0,0.03385531671615176,29.537458130554665,0.7058823529411765,0.0038603371448622486
MU-US,2026Q1,20261,Brian Chin,Stifel Nicolaus,548,45.7,8.0,0.054144717662209775,18.469022338220604,0.4444444444444444,0.001519781593919889
MU-US,2026Q1,20261,C.J. Muse,Cantor Fitzgerald,1190,32.56,33.0,0.05064297807980891,19.746074143271894,0.7674418604651163,0.0028057310585571068
MU-US,2026Q1,20261,Chandler B. Converse,Cleveland Research Company,2295,41.14087,25.0,0.057703678158591384,17.329917813065993,0.7142857142857143,0.002291860920904603
MU-US,2026Q1,20261,Guo Han Wang,China Renaissance Securities (US),2903,34.7,4.0,0.08102483377391653,12.341895113173555,0.2857142857142857,0.0006528803518839458
MU-US,2026Q1,20261,James Kelleher,Argus Research,376,31.15,43.0,0.04265646584330507,23.443104819640137,0.8113207547169812,0.0035214984970223942
MU-US,2026Q1,20261,John N. Vinh,KeyBanc Capital Markets,618,34.49,23.0,0.052867969408659767,18.915044613690046,0.696969696969697,0.00244084981458548
MU-US,2026Q1,20261,Kevin Cassidy,Rosenblatt Securities,2623,31.5,20.0,0.05832066256472249,17.14658160630858,0.6666666666666666,0.0021164405982106596
MU-US,2026Q1,20261,Kevin Rottinghaus,Edgewater Research,3222,46.1,11.0,0.054448633912892806,18.365933690821425,0.5238095238095238,0.0017811733739518587
MU-US,2026Q1,20261,Krish Sankar,TD Cowen,917,46.08,32.0,0.04444308577771039,22.50068784606157,0.7619047619047619,0.0031740683504134547
MU-US,2026Q1,20261,Matthew Bryson,Wedbush Securities,590,43.86,32.0,0.08165462711728863,12.246703405596365,0.7619047619047619,0.0017275860161496384
MU-US,2026Q1,20261,Mehdi Hosseini,Susquehanna Financial Group,974,44.03,25.0,0.0900684675933683,11.10266474738635,0.7142857142857143,0.0014683141447592424
MU-US,2026Q1,20261,Melissa Fairbanks,Raymond James,402,33.12,13.0,0.042724613704692334,23.405711913790167,0.5652173913043478,0.0024493856184691163
MU-US,2026Q1,20261,Melissa Weathers,Deutsche Bank Research,77,37.211384,14.0,0.04340887632393473,23.036763092819825,0.5833333333333334,0.0024880439179015843
MU-US,2026Q1,20261,N. Quinn Bolton,Needham,477,38.75,17.0,0.05763803951101994,17.349653258223814,0.6296296296296297,0.002022533616911978
MU-US,2026Q1,20261,Pierre Ferragu,New Street Research,1634,32.0,55.0,0.04430150071247243,22.572598758905357,0.8461538461538461,0.003536312911255485
MU-US,2026Q1,20261,Purdy Ho,Huatai Research,1271,24.0,9.0,0.040209525629499115,24.869728860127736,0.47368421052631576,0.0021811209584908886
MU-US,2026Q1,20261,Sebastien Naji,William Blair,198,32.2244,6.0,0.03086089938946467,32.40346262693112,0.375,0.002249792584783568
MU-US,2026Q1,20261,Siyu Cai,Mega Intl Invst Serv,1175,35.5,10.0,0.032630248462265324,30.646410834304017,0.5,0.002837065846493576
MU-US,2026Q1,20261,Srini Pajjuri,RBC Capital Markets,1269,54.3,18.0,0.05057331873708373,19.773272250506537,0.6428571428571429,0.0023534924628239324
MU-US,2026Q1,20261,Steven Fox,Fox Advisors,3474,35.2,9.0,0.07183529843922888,13.92073286708732,0.47368421052631576,0.0012208738738055211
MU-US,2026Q1,20261,Sung Kyu Kim,Daiwa Securities Co. Ltd.,467,34.334,8.0,0.08741550763278766,11.439617833036774,0.4444444444444444,0.0009413449345474145
MU-US,2026Q1,20261,Vijay Rakesh,Mizuho Securities USA,1802,37.0522,57.0,0.061421653966348744,16.28090315750652,0.8507462686567164,0.002564474222508907
MU-US,2026Q1,20261,Warren Lau,Aletheia Capital,2859,52.69,28.0,0.051609305725586176,19.376350561992414,0.7368421052631579,0.0026434202339597835
NVDA-US,2026Q1,20261,Aaron Rakers,Wells Fargo Securities,596,7.88,45.0,0.07287758299945837,13.721640576464123,0.8181818181818182,0.002078622651058867
NVDA-US,2026Q1,20261,Ananda Baruah,Loop Capital Markets,1009,9.55,4.0,0.030185712681053047,33.12825542885656,0.2857142857142857,0.0017524688764051206
NVDA-US,2026Q1,20261,Barney Yao,Haitong International Research,2898,8.29,24.0,0.03385531671615176,29.537458130554665,0.7058823529411765,0.0038603371448622486
NVDA-US,2026Q1,20261,Ben Reitzes,Melius Research,3130,7.57,38.0,0.039420199916007266,25.367704936319523,0.7916666666666666,0.0037182906009496602
NVDA-US,2026Q1,20261,Blayne Curtis,Jefferies,512,7.97,29.0,0.03648259381474393,27.410331761988477,0.7435897435897436,0.0037737008958782254
NVDA-US,2026Q1,20261,C.J. Muse,Cantor Fitzgerald,1190,9.0,33.0,0.05064297807980891,19.746074143271894,0.7674418604651163,0.0028057310585571068
NVDA-US,2026Q1,20261,Chandler B. Converse,Cleveland Research Company,2295,8.006026,25.0,0.057703678158591384,17.329917813065993,0.7142857142857143,0.002291860920904603
NVDA-US,2026Q1,20261,Christopher Rolland,Susquehanna Financial Group,974,8.0,25.0,0.04571649260541683,21.87394401908935,0.7142857142857143,0.002892802956376891
NVDA-US,2026Q1,20261,Cody Acree,"Benchmark, a StoneX Company",1124,7.3,16.0,0.04096184134921853,24.412965019676246,0.6153846153846154,0.0027815505410933423
NVDA-US,2026Q1,20261,Dawei Wang,Bocom International,1746,7.01,14.0,0.03574243160769252,27.977950996058674,0.5833333333333334,0.003021707977401944
NVDA-US,2026Q1,20261,Gil Luria,DA Davidson,556,7.76,24.0,0.026648903670979496,37.52499586273766,0.7058823529411765,0.004904251907847162
NVDA-US,2026Q1,20261,Harsh Kumar,Piper Sandler Companies,570,6.88,15.0,0.06415498695989251,15.587252798058639,0.6,0.0017315722663823463
NVDA-US,2026Q1,20261,Heping Qin,Guotai Haitong Securities China,1094,7.89,32.0,0.04259706901376534,23.475793596898598,0.7619047619047619,0.003311622025359428
NVDA-US,2026Q1,20261,James Kelleher,Argus Research,376,7.21,43.0,0.04265646584330507,23.443104819640137,0.8113207547169812,0.0035214984970223942
NVDA-US,2026Q1,20261,Jay Goldberg,Seaport Research Partners,1321,6.28,13.0,0.03929812234725273,25.44650838947547,0.5652173913043478,0.002662953039796767
NVDA-US,2026Q1,20261,John N. Vinh,KeyBanc Capital Markets,618,8.41,23.0,0.052867969408659767,18.915044613690046,0.696969696969697,0.00244084981458548
NVDA-US,2026Q1,20261,Joshua Buchalter,TD Cowen,917,8.1583,23.0,0.04185373009411809,23.89273304317827,0.696969696969697,0.0030831845342925127
NVDA-US,2026Q1,20261,Kevin Cassidy,Rosenblatt Securities,2623,7.0,20.0,0.05832066256472249,17.14658160630858,0.6666666666666666,0.0021164405982106596
NVDA-US,2026Q1,20261,Kevin Rottinghaus,Edgewater Research,3222,7.71,11.0,0.054448633912892806,18.365933690821425,0.5238095238095238,0.0017811733739518587
NVDA-US,2026Q1,20261,Liang Wei Zhang,Soochow Securities,3048,6.7,13.0,0.03247799703843401,30.790076088023962,0.5652173913043478,0.003222152346374122
NVDA-US,2026Q1,20261,Louis Miscioscia,Daiwa Securities Co. Ltd.,467,7.55,21.0,0.042039864880642784,23.786946100781808,0.6774193548387096,0.002983431572577216
NVDA-US,2026Q1,20261,Lun Ke Zhang,Guosen Securities,1894,7.7,28.0,0.03244254943123355,30.823718158144064,0.7368421052631579,0.004205128308575216
NVDA-US,2026Q1,20261,Mark Lipacis,Evercore ISI,1772,8.14,28.0,0.04042635698182224,24.736337247742885,0.7368421052631579,0.003374656862525969
NVDA-US,2026Q1,20261,Matthew Bryson,Wedbush Securities,590,7.23,32.0,0.08165462711728863,12.246703405596365,0.7619047619047619,0.0017275860161496384
NVDA-US,2026Q1,20261,N. Quinn Bolton,Needham,477,7.85,17.0,0.05763803951101994,17.349653258223814,0.6296296296296297,0.002022533616911978
NVDA-US,2026Q1,20261,Pierre Ferragu,New Street Research,1634,8.6,55.0,0.04430150071247243,22.572598758905357,0.8461538461538461,0.003536312911255485
NVDA-US,2026Q1,20261,Purdy Ho,Huatai Research,1271,8.48,9.0,0.040209525629499115,24.869728860127736,0.47368421052631576,0.0021811209584908886
NVDA-US,2026Q1,20261,Richard C. Shannon,Craig Hallum Capital Group,1026,7.52,6.0,0.029574217971589562,33.81323560138256,0.375,0.002347674000133082
NVDA-US,2026Q1,20261,Rick Schafer,Oppenheimer,498,7.9,25.0,0.04095316182394103,24.418139051119727,0.7142857142857143,0.003229269708958591
NVDA-US,2026Q1,20261,Rong Jin,Huaan Securities,3624,7.8,32.0,0.0316121843391278,31.633372413378467,0.7619047619047619,0.004462374078564955
NVDA-US,2026Q1,20261,Ross Seymore,Deutsche Bank Research,77,7.45,35.0,0.041355440842199574,24.18061516538323,0.7777777777777778,0.003482111455267902
NVDA-US,2026Q1,20261,Ruben Roy,Stifel Nicolaus,548,7.7,10.0,0.032120862794063065,31.132414045392053,0.5,0.0028820571872061624
NVDA-US,2026Q1,20261,Sebastien Naji,William Blair,198,7.85,6.0,0.03086089938946467,32.40346262693112,0.375,0.002249792584783568
NVDA-US,2026Q1,20261,Siyu Cai,Mega Intl Invst Serv,1175,8.1,10.0,0.032630248462265324,30.646410834304017,0.5,0.002837065846493576
NVDA-US,2026Q1,20261,Sophie Huang,ABCI Securities,2281,7.49,14.0,0.03265012042455185,30.627758397118555,0.5833333333333334,0.0033078956315117578
NVDA-US,2026Q1,20261,Srini Pajjuri,RBC Capital Markets,1269,7.66,18.0,0.05057331873708373,19.773272250506537,0.6428571428571429,0.0023534924628239324
NVDA-US,2026Q1,20261,Stefan Chang,Aletheia Capital,2859,8.97,4.0,0.03809251269018242,26.251878108784613,0.2857142857142857,0.0013887118031803301
NVDA-US,2026Q1,20261,Vijay Rakesh,Mizuho Securities USA,1802,8.11,57.0,0.061421653966348744,16.28090315750652,0.8507462686567164,0.002564474222508907
NVDA-US,2026Q1,20261,William Stein,Truist Securities,852,7.3,25.0,0.023727808285224555,42.14464260581142,0.7142857142857143,0.0055735786202590065
NVDA-US,2026Q1,20261,Young-gun Kim,Mirae Asset Securities,484,7.59,4.0,0.0285236978442936,35.058567982974836,0.2857142857142857,0.0018545814878008818
NVDA-US,2026Q1,20261,sean Hao,Fubon Securities,1084,8.73,16.0,0.0528097546573404,18.93589558384746,0.6153846153846154,0.0021575073148585714
QCOM-US,2026Q1,20261,Aaron Rakers,Wells Fargo Securities,596,11.23,45.0,0.07287758299945837,13.721640576464123,0.8181818181818182,0.002078622651058867
QCOM-US,2026Q1,20261,Ben Reitzes,Melius Research,3130,11.08,38.0,0.039420199916007266,25.367704936319523,0.7916666666666666,0.0037182906009496602
QCOM-US,2026Q1,20261,C.J. Muse,Cantor Fitzgerald,1190,10.0,33.0,0.05064297807980891,19.746074143271894,0.7674418604651163,0.0028057310585571068
QCOM-US,2026Q1,20261,Chandler B. Converse,Cleveland Research Company,2295,10.87566,25.0,0.057703678158591384,17.329917813065993,0.7142857142857143,0.002291860920904603
QCOM-US,2026Q1,20261,Christopher Rolland,Susquehanna Financial Group,974,10.88,25.0,0.04571649260541683,21.87394401908935,0.7142857142857143,0.002892802956376891
QCOM-US,2026Q1,20261,Cody Acree,"Benchmark, a StoneX Company",1124,11.29,16.0,0.04096184134921853,24.412965019676246,0.6153846153846154,0.0027815505410933423
QCOM-US,2026Q1,20261,Edward Snyder,Charter Equity Research,3077,11.52,4.0,0.07038340979364639,14.207893634762085,0.2857142857142857,0.0007515907817019139
QCOM-US,2026Q1,20261,Gary Mobley,Loop Capital Markets,1009,11.23,12.0,0.055151984464693916,18.131713839601908,0.5454545454545454,0.0018311217175279388
QCOM-US,2026Q1,20261,James Kelleher,Argus Research,376,11.79,43.0,0.04265646584330507,23.443104819640137,0.8113207547169812,0.0035214984970223942
QCOM-US,2026Q1,20261,Jay Goldberg,Seaport Research Partners,1321,11.05,13.0,0.03929812234725273,25.44650838947547,0.5652173913043478,0.002662953039796767
QCOM-US,2026Q1,20261,John N. Vinh,KeyBanc Capital Markets,618,10.76,23.0,0.052867969408659767,18.915044613690046,0.696969696969697,0.00244084981458548
QCOM-US,2026Q1,20261,Joshua Buchalter,TD Cowen,917,10.6452,23.0,0.04185373009411809,23.89273304317827,0.696969696969697,0.0030831845342925127
QCOM-US,2026Q1,20261,Kevin Cassidy,Rosenblatt Securities,2623,11.65,20.0,0.05832066256472249,17.14658160630858,0.6666666666666666,0.0021164405982106596
QCOM-US,2026Q1,20261,Louis Miscioscia,Daiwa Securities Co. Ltd.,467,11.2,21.0,0.042039864880642784,23.786946100781808,0.6774193548387096,0.002983431572577216
QCOM-US,2026Q1,20261,Mark Lipacis,Evercore ISI,1772,11.36,28.0,0.04042635698182224,24.736337247742885,0.7368421052631579,0.003374656862525969
QCOM-US,2026Q1,20261,Melissa Fairbanks,Raymond James,402,11.06,13.0,0.042724613704692334,23.405711913790167,0.5652173913043478,0.0024493856184691163
QCOM-US,2026Q1,20261,Rick Schafer,Oppenheimer,498,11.29,25.0,0.04095316182394103,24.418139051119727,0.7142857142857143,0.003229269708958591
QCOM-US,2026Q1,20261,Ross Seymore,Deutsche Bank Research,77,10.73,35.0,0.041355440842199574,24.18061516538323,0.7777777777777778,0.003482111455267902
QCOM-US,2026Q1,20261,Srini Pajjuri,RBC Capital Markets,1269,11.24,18.0,0.05057331873708373,19.773272250506537,0.6428571428571429,0.0023534924628239324
QCOM-US,2026Q1,20261,Tian Zi Fu,Everbright Securities,1299,10.78,14.0,0.029755603201219286,33.6071157165795,0.5833333333333334,0.003629675728310635
QCOM-US,2026Q1,20261,Vijay Rakesh,Mizuho Securities USA,1802,11.14,57.0,0.061421653966348744,16.28090315750652,0.8507462686567164,0.002564474222508907
RRX-US,2026Q1,20261,Christopher Glynn,Oppenheimer,498,10.65,5.0,0.07444666986501149,13.432434275612655,0.3333333333333333,0.0008289975776642098
RRX-US,2026Q1,20261,Jeffrey D. Hammond,KeyBanc Capital Markets,618,10.700753,4.0,0.07705572672475047,12.977620775313481,0.2857142857142857,0.0006865099355251605
RRX-US,2026Q1,20261,Tim Thein,Raymond James,402,10.854,4.0,0.07642680283681341,13.084414928820207,0.2857142857142857,0.0006921592951965288
RRX-US,2026Q1,20261,Walter Liptak,Seaport Research Partners,1321,10.58,4.0,0.07754997538079983,12.89491060557557,0.2857142857142857,0.0006821346070826727
SNDK-US,2026Q1,20261,Aaron Rakers,Wells Fargo Securities,596,151.65,45.0,0.07287758299945837,13.721640576464123,0.8181818181818182,0.002078622651058867
SNDK-US,2026Q1,20261,Amit Daryanani,Evercore ISI,1772,99.49,5.0,0.029248128097614824,34.190222248156445,0.3333333333333333,0.00211008748242916
SNDK-US,2026Q1,20261,Blayne Curtis,Jefferies,512,141.9,29.0,0.03648259381474393,27.410331761988477,0.7435897435897436,0.0037737008958782254
SNDK-US,2026Q1,20261,C.J. Muse,Cantor Fitzgerald,1190,128.03,33.0,0.05064297807980891,19.746074143271894,0.7674418604651163,0.0028057310585571068
SNDK-US,2026Q1,20261,Chandler B. Converse,Cleveland Research Company,2295,112.80301,25.0,0.057703678158591384,17.329917813065993,0.7142857142857143,0.002291860920904603
SNDK-US,2026Q1,20261,Kevin Rottinghaus,Edgewater Research,3222,126.62,11.0,0.054448633912892806,18.365933690821425,0.5238095238095238,0.0017811733739518587
SNDK-US,2026Q1,20261,Matthew Bryson,Wedbush Securities,590,163.18,32.0,0.08165462711728863,12.246703405596365,0.7619047619047619,0.0017275860161496384
SNDK-US,2026Q1,20261,Mehdi Hosseini,Susquehanna Financial Group,974,107.42,25.0,0.0900684675933683,11.10266474738635,0.7142857142857143,0.0014683141447592424
SNDK-US,2026Q1,20261,Melissa Fairbanks,Raymond James,402,86.55,13.0,0.042724613704692334,23.405711913790167,0.5652173913043478,0.0024493856184691163
SNDK-US,2026Q1,20261,Srini Pajjuri,RBC Capital Markets,1269,91.72,18.0,0.05057331873708373,19.773272250506537,0.6428571428571429,0.0023534924628239324
SNDK-US,2026Q1,20261,Steven Fox,Fox Advisors,3474,100.0,9.0,0.07183529843922888,13.92073286708732,0.47368421052631576,0.0012208738738055211
SNDK-US,2026Q1,20261,Vijay Rakesh,Mizuho Securities USA,1802,99.09,57.0,0.061421653966348744,16.28090315750652,0.8507462686567164,0.002564474222508907
STT-US,2026Q1,20261,Brennan Hawken,BMO Capital Markets,181,11.8,4.0,0.06615241650841337,15.116605753514966,0.2857142857142857,0.0007996612184065111
STT-US,2026Q1,20261,David Konrad,Keefe Bruyette & Woods,525,12.0,17.0,0.084646395335365,11.813852155641685,0.6296296296296297,0.0013771983090605875
STT-US,2026Q1,20261,David Smith,Truist Securities,852,11.9,5.0,0.08219717233086599,12.16586862592703,0.3333333333333333,0.0007508300739937563
STT-US,2026Q1,20261,Gerard Cassidy,RBC Capital Markets,1269,11.85,20.0,0.07152557935206376,13.98101223448736,0.6666666666666666,0.0017257073495198728
STT-US,2026Q1,20261,Glenn Schorr,Evercore ISI,1772,11.75,15.0,0.06542152121727168,15.285489872344849,0.6,0.001698049725883518
STT-US,2026Q1,20261,Jim Mitchell,Seaport Research Partners,1321,11.75,15.0,0.07061280143103281,14.16173809470929,0.6,0.0015732132689618762
STT-US,2026Q1,20261,Mike Mayo,Wells Fargo Securities,596,12.65,24.0,0.0837426233798257,11.941350290214437,0.7058823529411765,0.0015606501372384932
STT-US,2026Q1,20261,Steve Biggar,Argus Research,376,11.65,21.0,0.05577201053360071,17.93014077191165,0.6774193548387096,0.002248853125282739
TFC-US,2026Q1,20261,Christopher Marinac,Brean Capital,532,4.27,7.0,0.08187155453538038,12.214254458401117,0.4117647058823529,0.0009311847909049075
TFC-US,2026Q1,20261,Christopher McGratty,Keefe Bruyette & Woods,525,4.55,9.0,0.06221305442713443,16.073796877650917,0.47368421052631576,0.0014097015471920893
TFC-US,2026Q1,20261,Gerard Cassidy,RBC Capital Markets,1269,4.5,20.0,0.07152557935206376,13.98101223448736,0.6666666666666666,0.0017257073495198728
TFC-US,2026Q1,20261,John Pancari,Evercore ISI,1772,4.51,12.0,0.07730257287584734,12.936180036414328,0.5454545454545454,0.0013064247768345386
TFC-US,2026Q1,20261,Matthew O'Connor,Deutsche Bank Research,77,4.5,19.0,0.07385828757955121,13.539441987778568,0.6551724137931034,0.001642389503639537
TFC-US,2026Q1,20261,Michael Rose,Raymond James,402,4.55,6.0,0.08358928820944345,11.963255357485215,0.375,0.0008306162678667896
TFC-US,2026Q1,20261,Mike Mayo,Wells Fargo Securities,596,4.6,24.0,0.0837426233798257,11.941350290214437,0.7058823529411765,0.0015606501372384932
TFC-US,2026Q1,20261,R. Scott Siefers,Piper Sandler Companies,570,4.5,10.0,0.06881875762836225,14.530922011121433,0.5,0.0013451879496984688
TSLA-US,2026Q1,20261,Alexander E. Potter,Piper Sandler Companies,570,2.1,8.0,0.008316413118485362,120.24414681580012,0.4444444444444444,0.009894667825977645
TSLA-US,2026Q1,20261,Andres Sheppard,Cantor Fitzgerald,1190,2.1,8.0,0.010443611954696126,95.75231292946835,0.4444444444444444,0.007879280240205922
TSLA-US,2026Q1,20261,Chris McNally,Evercore ISI,1772,1.05,11.0,0.00978633587393619,102.183290342945,0.5238095238095238,0.009909986559115439
TSLA-US,2026Q1,20261,Chris Pierce,Needham,477,1.86,8.0,0.007063720227519462,141.56846078134748,0.4444444444444444,0.011649406072232324
TSLA-US,2026Q1,20261,Colin M. Langan,Wells Fargo Securities,596,0.75,11.0,0.005524858844838409,181.00009938430347,0.5238095238095238,0.01755383435077307
TSLA-US,2026Q1,20261,Colin Rusch,Oppenheimer,498,1.91,8.0,0.007080832066486201,141.22634043716857,0.4444444444444444,0.011621253623636675
TSLA-US,2026Q1,20261,Dan Ives,Wedbush Securities,590,1.85,14.0,0.016984016671323956,58.8788870943829,0.5833333333333334,0.006359107672277662
TSLA-US,2026Q1,20261,Edison Yu,Deutsche Bank Research,77,1.115815,8.0,0.005312411340178026,188.23843561151813,0.4444444444444444,0.015489791742718842
TSLA-US,2026Q1,20261,George Gianarikas,Canaccord Genuity,466,2.38,9.0,0.019343664402959055,51.69651308916563,0.47368421052631576,0.004533879272019477
TSLA-US,2026Q1,20261,Glenn Thum,Phillip Securities,651,1.22,11.0,0.028929082254940473,34.567290838589294,0.5238095238095238,0.0033524207964507526
TSLA-US,2026Q1,20261,Gordon L. Johnson II,GLJ Research,3391,0.94,9.0,0.0030358319289414885,329.3989994856773,0.47368421052631576,0.028888898046492417
TSLA-US,2026Q1,20261,Itay Michaeli,TD Cowen,917,1.87,7.0,0.009073591505888615,110.20994270582008,0.4117647058823529,0.0084021356197941
TSLA-US,2026Q1,20261,Jairam Nathan,Daiwa Securities Co. Ltd.,467,1.75,11.0,0.023849659910986278,41.92931906502167,0.5238095238095238,0.004066408382159872
TSLA-US,2026Q1,20261,Jed Dorsheimer,William Blair,198,1.87,12.0,0.018942896642632916,52.79023682942968,0.5454545454545454,0.005331285833591904
TSLA-US,2026Q1,20261,Jing Lin Li,First Shanghai,1701,2.54,8.0,0.01737136753867949,57.56599172594655,0.4444444444444444,0.004736998692117407
TSLA-US,2026Q1,20261,Mickey Legg,"Benchmark, a StoneX Company",1124,2.05,6.0,0.0136023504651491,73.51670599593234,0.375,0.005104310669252286
TSLA-US,2026Q1,20261,Oscar Wang,Haitong International Research,2898,2.1,8.0,0.010308087496921189,97.01120603590911,0.4444444444444444,0.007982872219079755
TSLA-US,2026Q1,20261,Philippe Houchois,Jefferies,512,2.0897,8.0,0.009378716874710825,106.62439365201897,0.4444444444444444,0.008773923598536258
TSLA-US,2026Q1,20261,Pierre Ferragu,New Street Research,1634,2.57,55.0,0.04430150071247243,22.572598758905357,0.8461538461538461,0.003536312911255485
TSLA-US,2026Q1,20261,Siyu Cai,Mega Intl Invst Serv,1175,2.37,10.0,0.032630248462265324,30.646410834304017,0.5,0.002837065846493576
TSLA-US,2026Q1,20261,Tom Narayan,RBC Capital Markets,1269,2.44,7.0,0.010964298998711458,91.2051012214754,0.4117647058823529,0.0069532531354761
TSLA-US,2026Q1,20261,Vijay Rakesh,Mizuho Securities USA,1802,1.91,57.0,0.061421653966348744,16.28090315750652,0.8507462686567164,0.002564474222508907
TSLA-US,2026Q1,20261,William Selesky,Argus Research,376,2.03,15.0,0.021985719802599703,45.48406915846144,0.6,0.005052779584534469
TSLA-US,2026Q1,20261,William Stein,Truist Securities,852,2.46,25.0,0.023727808285224555,42.14464260581142,0.7142857142857143,0.0055735786202590065
TSLA-US,2026Q1,20261,Xue Deng,China International Capital,898,2.5,7.0,0.01308763633595664,76.40799104820978,0.4117647058823529,0.005825157762187723
TSLA-US,2026Q1,20261,Yiming Wang,China Renaissance Securities (US),2903,2.05,8.0,0.008629185423642636,115.88579349102342,0.4444444444444444,0.009536027014271673
TSLA-US,2026Q1,20261,YongHuo Liang,China Merchants Securities,1788,2.39,8.0,0.009824063445531262,101.79087355699812,0.4444444444444444,0.00837618219459347
TSLA-US,2026Q1,20261,Yu Jing Ni,Everbright Securities,1299,1.57,8.0,0.00901862535770935,110.88164330334163,0.4444444444444444,0.009124244776469568
TSM-US,2026Q1,20261,Barney Yao,Haitong International Research,2898,13.970064,24.0,0.03385531671615176,29.537458130554665,0.7058823529411765,0.0038603371448622486
TSM-US,2026Q1,20261,Charles Shi,Needham,477,13.269977,11.0,0.03731237581255352,26.800759217898854,0.5238095238095238,0.0025992034777122855
TSM-US,2026Q1,20261,Dawei Wang,Bocom International,1746,14.370159,14.0,0.03574243160769252,27.977950996058674,0.5833333333333334,0.003021707977401944
TSM-US,2026Q1,20261,Egor Tolmachev,Freedom Broker,3713,14.161575,5.0,0.027394255957969082,36.504002938948105,0.3333333333333333,0.0022528850237054244
TSM-US,2026Q1,20261,Felix Hsu,IBF Securities,3105,14.335947,7.0,0.038791460904441535,25.778869284232144,0.4117647058823529,0.0019653177429664395
TSM-US,2026Q1,20261,Felix Pan,KGI Securities,671,15.204208,5.0,0.03952295358768303,25.301752759481037,0.3333333333333333,0.0015615257307716726
TSM-US,2026Q1,20261,Gil Luria,DA Davidson,556,14.37,24.0,0.026648903670979496,37.52499586273766,0.7058823529411765,0.004904251907847162
TSM-US,2026Q1,20261,Heping Qin,Guotai Haitong Securities China,1094,14.429398,32.0,0.04259706901376534,23.475793596898598,0.7619047619047619,0.003311622025359428
TSM-US,2026Q1,20261,James Kelleher,Argus Research,376,14.55,43.0,0.04265646584330507,23.443104819640137,0.8113207547169812,0.0035214984970223942
TSM-US,2026Q1,20261,Kevin Wang,Mizuho Securities Asia Ex Japan,1819,14.346684,7.0,0.042069202597866985,23.770357844878728,0.4117647058823529,0.0018121937589317026
TSM-US,2026Q1,20261,Krish Sankar,TD Cowen,917,14.225776,32.0,0.04444308577771039,22.50068784606157,0.7619047619047619,0.0031740683504134547
TSM-US,2026Q1,20261,Leping Huang,Huatai Research,1271,14.731924,7.0,0.040365217165378185,24.773804533317712,0.4117647058823529,0.001888694072392553
TSM-US,2026Q1,20261,Li Yen Chen,Capital Securities Asia,1128,14.007279,5.0,0.03741427517241229,26.72776621735433,0.3333333333333333,0.0016495337327493787
TSM-US,2026Q1,20261,Ling Ji Cao,First Shanghai,1701,12.326119,17.0,0.041528992751149046,24.079563065548502,0.6296296296296297,0.0028070719947984584
TSM-US,2026Q1,20261,Matthew Bryson,Wedbush Securities,590,14.2690935,32.0,0.08165462711728863,12.246703405596365,0.7619047619047619,0.0017275860161496384
TSM-US,2026Q1,20261,Mehdi Hosseini,Susquehanna Financial Group,974,15.65,25.0,0.0900684675933683,11.10266474738635,0.7142857142857143,0.0014683141447592424
TSM-US,2026Q1,20261,Pierre Ferragu,New Street Research,1634,14.85,55.0,0.04430150071247243,22.572598758905357,0.8461538461538461,0.003536312911255485
TSM-US,2026Q1,20261,Rick Hsu,Daiwa Securities Co. Ltd.,467,14.752673,7.0,0.03913480169244392,25.552703904286766,0.4117647058823529,0.0019480754493207957
TSM-US,2026Q1,20261,Robert Sanders,Deutsche Bank Research,77,14.180242,7.0,0.039709999429173644,25.18257402102435,0.4117647058823529,0.0019198576551748493
TSM-US,2026Q1,20261,Sherman Shang,Fubon Securities,1084,15.058,5.0,0.03914571954600762,25.54557718180934,0.3333333333333333,0.0015765736253928668
TSM-US,2026Q1,20261,Stefan Chang,Aletheia Capital,2859,16.176031,4.0,0.03809251269018242,26.251878108784613,0.2857142857142857,0.0013887118031803301
TSM-US,2026Q1,20261,Tony Shen,SPDB International,3451,14.4766865,18.0,0.027488741971310536,36.3785291099782,0.6428571428571429,0.004329915301032759
TXN-US,2026Q1,20261,Blayne Curtis,Jefferies,512,6.35,29.0,0.03648259381474393,27.410331761988477,0.7435897435897436,0.0037737008958782254
TXN-US,2026Q1,20261,Christopher Rolland,Susquehanna Financial Group,974,6.45,25.0,0.04571649260541683,21.87394401908935,0.7142857142857143,0.002892802956376891
TXN-US,2026Q1,20261,Cody Acree,"Benchmark, a StoneX Company",1124,6.37,16.0,0.04096184134921853,24.412965019676246,0.6153846153846154,0.0027815505410933423
TXN-US,2026Q1,20261,James Kelleher,Argus Research,376,6.47,43.0,0.04265646584330507,23.443104819640137,0.8113207547169812,0.0035214984970223942
TXN-US,2026Q1,20261,Joe Quatrochi,Wells Fargo Securities,596,6.5082,18.0,0.03717608897211274,26.899010295304052,0.6428571428571429,0.0032016257696446627
TXN-US,2026Q1,20261,John N. Vinh,KeyBanc Capital Markets,618,6.66,23.0,0.052867969408659767,18.915044613690046,0.696969696969697,0.00244084981458548
TXN-US,2026Q1,20261,Joshua Buchalter,TD Cowen,917,6.29,23.0,0.04185373009411809,23.89273304317827,0.696969696969697,0.0030831845342925127
TXN-US,2026Q1,20261,Kevin Cassidy,Rosenblatt Securities,2623,6.3,20.0,0.05832066256472249,17.14658160630858,0.6666666666666666,0.0021164405982106596
TXN-US,2026Q1,20261,Mark Lipacis,Evercore ISI,1772,7.28,28.0,0.04042635698182224,24.736337247742885,0.7368421052631579,0.003374656862525969
TXN-US,2026Q1,20261,Melissa Fairbanks,Raymond James,402,6.23,13.0,0.042724613704692334,23.405711913790167,0.5652173913043478,0.0024493856184691163
TXN-US,2026Q1,20261,Nikolay Todorov,Edgewater Research,3222,6.71,5.0,0.02767524715997738,36.13337197024756,0.3333333333333333,0.0022300111224485297
TXN-US,2026Q1,20261,Rick Schafer,Oppenheimer,498,6.43,25.0,0.04095316182394103,24.418139051119727,0.7142857142857143,0.003229269708958591
TXN-US,2026Q1,20261,Ross Seymore,Deutsche Bank Research,77,6.65,35.0,0.041355440842199574,24.18061516538323,0.7777777777777778,0.003482111455267902
TXN-US,2026Q1,20261,Siyu Cai,Mega Intl Invst Serv,1175,7.36,10.0,0.032630248462265324,30.646410834304017,0.5,0.002837065846493576
TXN-US,2026Q1,20261,Tore Svanberg,Stifel Nicolaus,548,6.16,4.0,0.0264822110338724,37.761197458963586,0.2857142857142857,0.001997549295185022
TXN-US,2026Q1,20261,Vijay Rakesh,Mizuho Securities USA,1802,6.4791,57.0,0.061421653966348744,16.28090315750652,0.8507462686567164,0.002564474222508907
TXN-US,2026Q1,20261,William Stein,Truist Securities,852,6.62,25.0,0.023727808285224555,42.14464260581142,0.7142857142857143,0.0055735786202590065
UPS-US,2026Q1,20261,Christian Wetherbee,Wells Fargo Securities,596,7.1,7.0,0.05967745091800308,16.756747894175334,0.4117647058823529,0.0012774933449459568
UPS-US,2026Q1,20261,Conor Cunningham,Melius Research,3130,7.05,8.0,0.06158819683934169,16.236877377796745,0.4444444444444444,0.0013361025250612792
UPS-US,2026Q1,20261,Fadi Chamoun,BMO Capital Markets,181,6.96,11.0,0.06412882080222178,15.59361278580308,0.5238095238095238,0.0015123068810636367
UPS-US,2026Q1,20261,J. Bruce Chan,Stifel Nicolaus,548,7.05,5.0,0.06639857199746452,15.060564857301236,0.3333333333333333,0.0009294794620826834
UPS-US,2026Q1,20261,Jason H. Seidl,TD Cowen,917,7.15,5.0,0.06685623573675571,14.957467900787416,0.3333333333333333,0.0009231167190786339
UPS-US,2026Q1,20261,Jeff Kauffman,Vertical Research Partners,2963,6.65103,5.0,0.06392458427014831,15.643433765231116,0.3333333333333333,0.0009654518631274385
UPS-US,2026Q1,20261,Jonathan Chappell,Evercore ISI,1772,7.02,5.0,0.061920230406251255,16.149810707084246,0.3333333333333333,0.0009967034776574572
UPS-US,2026Q1,20261,Kristina Ruggeri,Argus Research,376,7.13,4.0,0.06645695625893033,15.047333737401226,0.2857142857142857,0.0007959967618671118
UPS-US,2026Q1,20261,Lucas Servera,Truist Securities,852,7.16,4.0,0.0635469192192267,15.736404097736981,0.2857142857142857,0.0008324482545433549
UPS-US,2026Q1,20261,Patrick Tyler Brown,Raymond James,402,7.0,13.0,0.05336322506257028,18.739497075513416,0.5652173913043478,0.00196107064818922
UPS-US,2026Q1,20261,Richa Harnain,Deutsche Bank Research,77,7.1,4.0,0.06535197037828933,15.301757455995718,0.2857142857142857,0.0008094556549625726
UPS-US,2026Q1,20261,Scott Schneeberger,Oppenheimer,498,7.16,4.0,0.06134012663849532,16.302542149830327,0.2857142857142857,0.0008623966868769814
UPS-US,2026Q1,20261,Stephanie Moore,Jefferies,512,7.1454,8.0,0.06673897525239442,14.983748195386363,0.4444444444444444,0.0012329848488056197
UPS-US,2026Q1,20261,Will Chien,ARC Independent Research,940,7.14,4.0,0.06438667098210984,15.531164831892845,0.2857142857142857,0.0008215911954875136
V-US,2026Q1,20261,Adam Frisch,Evercore ISI,1772,12.9,4.0,0.0290292231516752,34.4480455014275,0.2857142857142857,0.0018222851403655335
V-US,2026Q1,20261,Andrew W. Jeffrey,William Blair,198,12.66,5.0,0.030185752448389697,33.128211785005426,0.3333333333333333,0.0020445443289439677
V-US,2026Q1,20261,Bryan C. Bergin,TD Cowen,917,12.7983,7.0,0.032129034042931416,31.124496262906046,0.4117647058823529,0.002372855227742542
V-US,2026Q1,20261,Dan Dolev,Mizuho Securities USA,1802,12.69,7.0,0.03185234748249744,31.394860317579116,0.4117647058823529,0.0023934671199031627
V-US,2026Q1,20261,Daniel Perlin,RBC Capital Markets,1269,12.8,5.0,0.03016148585376068,33.15486527582046,0.3333333333333333,0.002046189278687893
V-US,2026Q1,20261,Dominick Gabriele,Loop Capital Markets,1009,12.92,5.0,0.030971341871589265,32.28791326336827,0.3333333333333333,0.001992684373804135
V-US,2026Q1,20261,Gus Gala,"Monness, Crespi, Hardt",1080,12.91,6.0,0.03063562034355592,32.641741501746544,0.375,0.0022663364354159003
V-US,2026Q1,20261,James E. Friedman,Susquehanna Financial Group,974,12.91,6.0,0.0309579828192144,32.30184621006183,0.375,0.002242737293693325
V-US,2026Q1,20261,Jeff Cantwell,Seaport Research Partners,1321,12.88,6.0,0.03096449909345185,32.29504849996016,0.375,0.0022422653244486696
V-US,2026Q1,20261,Kazuya Nishimura,Daiwa Securities Co. Ltd.,467,12.87,25.0,0.05819763426316166,17.182829038688038,0.7142857142857143,0.0022724086062694796
V-US,2026Q1,20261,Mikhail Paramonov,Freedom Broker,3713,12.85,9.0,0.046522255851722275,21.495088354856282,0.47368421052631576,0.0018851587799397374
V-US,2026Q1,20261,Rayna Kumar,Oppenheimer,498,12.88,6.0,0.03163302406690521,31.612532456111587,0.375,0.0021948778105855635
V-US,2026Q1,20261,Sanjay Sakhrani,Keefe Bruyette & Woods,525,12.84,5.0,0.030318970160003622,32.98265062179409,0.3333333333333333,0.0020355608603314867
V-US,2026Q1,20261,Steve Biggar,Argus Research,376,13.2,21.0,0.05577201053360071,17.93014077191165,0.6774193548387096,0.002248853125282739
V-US,2026Q1,20261,Ze Yu Yao,China International Capital,898,12.94,4.0,0.030879617987631773,32.383820305048154,0.2857142857142857,0.0017130886142063255
VRTX-US,2026Q1,20261,Akash Tewari,Jefferies,512,18.82,8.0,0.031204485702213087,32.0466746205363,0.4444444444444444,0.0026370614179095243
VRTX-US,2026Q1,20261,Andrew S. Fein,HC Wainwright,536,22.66,7.0,0.0452688627333364,22.09023906544025,0.4117647058823529,0.0016841056255417239
VRTX-US,2026Q1,20261,Brian Abrahams,RBC Capital Markets,1269,18.66,11.0,0.036878249512486416,27.11625451911472,0.5238095238095238,0.002629800987187857
VRTX-US,2026Q1,20261,Carter Gould,Cantor Fitzgerald,1190,19.02,8.0,0.03418793392948135,29.25008577770966,0.4444444444444444,0.0024069353088358413
VRTX-US,2026Q1,20261,Christopher Raymond,Raymond James,402,18.17,9.0,0.04237881565522547,23.596695295487716,0.47368421052631576,0.002069473573659511
VRTX-US,2026Q1,20261,David Risinger,Leerink Partners,1079,18.89,22.0,0.035966248245818296,27.80384523749339,0.6875,0.0035391368570886947
VRTX-US,2026Q1,20261,Evan David Seigerman,BMO Capital Markets,181,19.37,21.0,0.03878638222789798,25.782244761171036,0.6774193548387096,0.0032336880365598114
VRTX-US,2026Q1,20261,Jasper Hellweg,Argus Research,376,19.4,8.0,0.03184161579491749,31.405441433647926,0.4444444444444444,0.0025842955282486084
VRTX-US,2026Q1,20261,Jay Olson,Oppenheimer,498,18.7,6.0,0.03547973452051262,28.185103792753853,0.375,0.0019569093045504055
VRTX-US,2026Q1,20261,Joseph Stringer,Needham,477,21.1,11.0,0.044629834828668224,22.406535982912587,0.5238095238095238,0.0021730409118924108
VRTX-US,2026Q1,20261,Louise Chen,Scotiabank GBM,810,17.49,8.0,0.026360897540459016,37.93497541065088,0.4444444444444444,0.0031215987689614403
VRTX-US,2026Q1,20261,Mohit Bansal,Wells Fargo Securities,596,18.968004,21.0,0.03837666285763161,26.057502803455442,0.6774193548387096,0.003268211742565523
VRTX-US,2026Q1,20261,Myles R. Minter,William Blair,198,19.4,10.0,0.04615206094488798,21.667504755511132,0.5,0.0020058511273296975
VRTX-US,2026Q1,20261,Narumi Nakagiri,Daiwa Securities Co. Ltd.,467,19.06,18.0,0.029851056739370843,33.49965157786493,0.6428571428571429,0.003987259999098696
VRTX-US,2026Q1,20261,Naz Rahman,Maxim Group,1063,18.86,10.0,0.03980461139969584,25.12271731429694,0.5,0.0023257145395872364
VRTX-US,2026Q1,20261,Paul Matteis,Stifel Nicolaus,548,18.82,4.0,0.037933647248904606,26.361820508279138,0.2857142857142857,0.0013945277035595461
VRTX-US,2026Q1,20261,Phil Nadeau,TD Cowen,917,19.0479,11.0,0.04232469039916913,23.626870995839127,0.5238095238095238,0.002291391999777055
WFC-US,2026Q1,20261,Chris Kotowski,Oppenheimer,498,7.1,16.0,0.05854252914604339,17.081598874987883,0.6153846153846154,0.00194623350974236
WFC-US,2026Q1,20261,Christopher McGratty,Keefe Bruyette & Woods,525,7.1,9.0,0.06221305442713443,16.073796877650917,0.47368421052631576,0.0014097015471920893
WFC-US,2026Q1,20261,Gerard Cassidy,RBC Capital Markets,1269,7.0,20.0,0.07152557935206376,13.98101223448736,0.6666666666666666,0.0017257073495198728
WFC-US,2026Q1,20261,Jim Mitchell,Seaport Research Partners,1321,7.1,15.0,0.07061280143103281,14.16173809470929,0.6,0.0015732132689618762
WFC-US,2026Q1,20261,John McDonald,Truist Securities,852,6.85,5.0,0.06753987847698753,14.806067504855285,0.3333333333333333,0.0009137728757431776
WFC-US,2026Q1,20261,John Pancari,Evercore ISI,1772,7.15,12.0,0.07730257287584734,12.936180036414328,0.5454545454545454,0.0013064247768345386
WFC-US,2026Q1,20261,Kazuya Nishimura,Daiwa Securities Co. Ltd.,467,7.05,25.0,0.05819763426316166,17.182829038688038,0.7142857142857143,0.0022724086062694796
WFC-US,2026Q1,20261,Matthew O'Connor,Deutsche Bank Research,77,7.12,19.0,0.07385828757955121,13.539441987778568,0.6551724137931034,0.001642389503639537
WFC-US,2026Q1,20261,Mikhail Paramonov,Freedom Broker,3713,7.03,9.0,0.046522255851722275,21.495088354856282,0.47368421052631576,0.0018851587799397374
WFC-US,2026Q1,20261,Pei Feng Li,China International Capital,898,6.9,7.0,0.05112722306899087,19.5590517140077,0.4117647058823529,0.0014911341124123497
WFC-US,2026Q1,20261,R. Scott Siefers,Piper Sandler Companies,570,6.82,10.0,0.06881875762836225,14.530922011121433,0.5,0.0013451879496984688
WFC-US,2026Q1,20261,Steve Biggar,Argus Research,376,6.98,21.0,0.05577201053360071,17.93014077191165,0.6774193548387096,0.002248853125282739
WMB-US,2026Q1,20261,Ameet Thakkar,BMO Capital Markets,181,2.39,4.0,0.025536030006463976,39.16035498653739,0.2857142857142857,0.0020715640595763045
WMB-US,2026Q1,20261,Brandon Bingham,Scotiabank GBM,810,2.2036,10.0,0.038028073911289276,26.296362059587064,0.5,0.0024343637200991727
WMB-US,2026Q1,20261,Elvira Scotto,RBC Capital Markets,1269,2.36,7.0,0.0358197233362965,27.91758022839583,0.4117647058823529,0.002128367817789246
WMB-US,2026Q1,20261,Gabriel Moreen,Mizuho Securities USA,1802,2.31,8.0,0.0337646072330854,29.616811269171702,0.4444444444444444,0.002437112469366523
WMB-US,2026Q1,20261,James Carreker,U.S. Capital Advisors,1866,2.19,16.0,0.035617570097483064,28.0760309381876,0.6153846153846154,0.0031989108649820523
WMB-US,2026Q1,20261,Jason Gabelman,TD Cowen,917,2.46,10.0,0.03343369735979826,29.909943529082483,0.5,0.002768888001786084
WMB-US,2026Q1,20261,Julien Dumoulin-Smith,Jefferies,512,2.18,11.0,0.04961218110458738,20.156340191774703,0.5238095238095238,0.001954811395395987
WMB-US,2026Q1,20261,Praneeth Satish,Wells Fargo Securities,596,2.2537358,8.0,0.0343026527033907,29.152264364124626,0.4444444444444444,0.0023988857661402267
WMB-US,2026Q1,20261,Robert Catellier,CIBC Capital Markets,183,2.309072,5.0,0.03006392564430436,33.2624558692471,0.3333333333333333,0.002052829351477385
WMB-US,2026Q1,20261,Selman Akyol,Stifel Nicolaus,548,2.33,7.0,0.0347451636101414,28.78098405926402,0.4117647058823529,0.0021941916073993026
WMB-US,2026Q1,20261,Sunil K. Sibal,Seaport Research Partners,1321,2.21,6.0,0.029545750162340068,33.84581520203305,0.375,0.0023499360220905065
WMB-US,2026Q1,20261,William Selesky,Argus Research,376,2.46,15.0,0.021985719802599703,45.48406915846144,0.6,0.005052779584534469
AMAT-US,2026Q2,20262,Blayne Curtis,Jefferies,512,11.09,35.0,0.03737994526285807,26.752313117848047,0.7777777777777778,0.0033004474204630166
AMAT-US,2026Q2,20262,Brian Chin,Stifel Nicolaus,548,11.46,11.0,0.05099673101009099,19.609100038238232,0.5238095238095238,0.0016292472681096698
AMAT-US,2026Q2,20262,C.J. Muse,Cantor Fitzgerald,1190,11.0,41.0,0.048618821142340445,20.568166329502684,0.803921568627451,0.00262280018237877
AMAT-US,2026Q2,20262,Chandler B. Converse,Cleveland Research Company,2295,11.220669,32.0,0.05449493387268872,18.350329634974948,0.7619047619047619,0.002217688308416696
AMAT-US,2026Q2,20262,Charles Shi,Needham,477,11.07,15.0,0.03412300278434991,29.305744465684523,0.6,0.002789073489631573
AMAT-US,2026Q2,20262,Christian Schwab,Craig Hallum Capital Group,1026,10.95,4.0,0.0364132914848507,27.46249952207802,0.2857142857142857,0.0012445947563647405
AMAT-US,2026Q2,20262,Craig A. Ellis,B Riley Securities,765,11.38,7.0,0.04074871856723404,24.540649010840255,0.4117647058823529,0.0016028434676188896
AMAT-US,2026Q2,20262,James Kelleher,Argus Research,376,10.75,54.0,0.03968125439051326,25.200816238285896,0.84375,0.0033727514856677727
AMAT-US,2026Q2,20262,Jay Goldberg,Seaport Research Partners,1321,10.4,16.0,0.036801967696937575,27.17246013134275,0.6153846153846154,0.002652354345001971
AMAT-US,2026Q2,20262,Jed Dorsheimer,William Blair,198,11.51,14.0,0.01801962530729482,55.49504958880436,0.5833333333333334,0.005134840839472327
AMAT-US,2026Q2,20262,Joe Quatrochi,Wells Fargo Securities,596,11.21,21.0,0.0350379809376356,28.540457333426506,0.6774193548387096,0.0030667224875336662
AMAT-US,2026Q2,20262,Krish Sankar,TD Cowen,917,11.0,38.0,0.042962606453582596,23.276055215141895,0.7916666666666666,0.002922857799204066
AMAT-US,2026Q2,20262,Louis Miscioscia,Daiwa Securities Co. Ltd.,467,10.88,26.0,0.03891107478517952,25.699624220631414,0.7222222222222222,0.002944106860161085
AMAT-US,2026Q2,20262,Mark Lipacis,Evercore ISI,1772,11.21,34.0,0.03813925304972256,26.219705946948913,0.7727272727272727,0.0032137345828981657
AMAT-US,2026Q2,20262,Mehdi Hosseini,Susquehanna Financial Group,974,11.32,31.0,0.08175318773063711,12.231938934232515,0.7560975609756098,0.0014669965425207958
AMAT-US,2026Q2,20262,Melissa Weathers,Deutsche Bank Research,77,11.08,17.0,0.041984481229709304,23.81832455017627,0.6296296296296297,0.002378769244535735
AMAT-US,2026Q2,20262,Pierre Ferragu,New Street Research,1634,11.26,63.0,0.042089711049712875,23.75877560240038,0.863013698630137,0.003252353131287109
AMAT-US,2026Q2,20262,Srini Pajjuri,RBC Capital Markets,1269,10.99,25.0,0.04873881264370484,20.517528962190692,0.7142857142857143,0.0023246253440418804
AMAT-US,2026Q2,20262,Steve Barger,KeyBanc Capital Markets,618,11.15,16.0,0.03862789601788996,25.88802661001428,0.6153846153846154,0.0025269784013187517
AMAT-US,2026Q2,20262,Vijay Rakesh,Mizuho Securities USA,1802,10.83,65.0,0.05818312651978442,17.187113512367937,0.8666666666666667,0.0023627130901396434
BJ-US,2026Q2,20262,Christopher Graja,Argus Research,376,4.55,4.0,0.034989275651553596,28.58018582489855,0.2857142857142857,0.0012952480667319489
BJ-US,2026Q2,20262,Chuck Grom,Gordon Haskett,2467,4.4,4.0,0.0349740025953011,28.592666717945352,0.2857142857142857,0.0012958136982043613
BJ-US,2026Q2,20262,Corey Tarlowe,Jefferies,512,4.4,4.0,0.03564562380546255,28.053934627642956,0.2857142857142857,0.001271398472119906
BJ-US,2026Q2,20262,Edward Kelly,Wells Fargo Securities,596,4.5,4.0,0.033924304606279126,29.477391256972375,0.2857142857142857,0.0013359092299754227
BJ-US,2026Q2,20262,Greg Melich,Evercore ISI,1772,4.55,5.0,0.03532659557994222,28.3072847406723,0.3333333333333333,0.0014966936208646174
BJ-US,2026Q2,20262,Jacob Aiken-Phillips,Melius Research,3130,4.57,7.0,0.0297229165513822,33.64407386708816,0.4117647058823529,0.0021974228961152997
BJ-US,2026Q2,20262,Krisztina Katai,Deutsche Bank Research,77,4.499815,4.0,0.033499241500288296,29.85142215806271,0.2857142857142857,0.0013528602324812645
BJ-US,2026Q2,20262,Michael Baker,DA Davidson,556,4.54,11.0,0.04557463145607839,21.942031521719038,0.5238095238095238,0.0018230818774867574
BJ-US,2026Q2,20262,Oliver Chen,TD Cowen,917,4.54,5.0,0.0357922122280855,27.939038627383812,0.3333333333333333,0.0014772233108820013
BJ-US,2026Q2,20262,Phillip Blee,William Blair,198,4.55,4.0,0.03556035397788545,28.121204885133814,0.2857142857142857,0.0012744471461732319
BJ-US,2026Q2,20262,Rupesh Parikh,Oppenheimer,498,4.5,5.0,0.034941620568815404,28.619164873322365,0.3333333333333333,0.0015131836872658315
BJ-US,2026Q2,20262,Scott Bender,Cleveland Research Company,2295,4.4960046,11.0,0.03045364136305365,32.83679570789192,0.5238095238095238,0.00272828735618837
